MURDER,ATTEMPT_MURDER,CULPABLE_HOMICIDE,RAPE,CUSTODIAL_RAPE,KIDNAPPING_ABDUCTION,DACOITY,ROBBERY,BURGLARY,THEFT,AUTO_THEFT,RIOTS,CRIMINAL_BREACH_TRUST,CHEATING,ARSON,DOWRY_DEATHS,ASSAULT_WOMEN,INSULT_WOMEN,CRUELTY_WOMEN,IMPORTATION_GIRLS,DEATH_BY_NEGLIGENCE,OTHER_IPC,TOTAL_IPC,WOMEN_CRIME_CORE_TOTAL,VIOLENT_CRIME,PROPERTY_CRIME,ECONOMIC_OFFENCES,PUBLIC_ORDER_CRIME,WOMEN_CRIME_SHARE,YEAR,NEXT_YEAR_WOMEN_CRIME_SHARE,TARGET_YEAR,STATE_UT,DISTRICT,REPORTING_UNIT_KEY
13,0,0,3,0,2,0,4,62,65,4,13,10,8,4,0,18,1,9,0,0,310,637,31,35,139,18,13,0.0486656200941915,2001,0.0413793103448275,2002,A & N ISLANDS,ANDAMAN,A & N ISLANDS||ANDAMAN
14,3,0,1,0,2,1,7,47,46,2,11,4,11,2,0,16,3,4,0,0,316,580,24,39,104,15,11,0.0413793103448275,2002,0.0327332242225859,2003,A & N ISLANDS,ANDAMAN,A & N ISLANDS||ANDAMAN
16,4,1,2,0,2,1,7,56,58,3,19,1,13,7,0,9,2,7,0,0,299,611,20,52,131,14,19,0.0327332242225859,2003,0.0319001386962552,2004,A & N ISLANDS,ANDAMAN,A & N ISLANDS||ANDAMAN
13,1,2,10,0,3,0,3,67,100,9,9,0,11,8,0,5,3,5,0,6,373,721,23,41,187,11,9,0.0319001386962552,2004,0.03003003003003,2005,A & N ISLANDS,ANDAMAN,A & N ISLANDS||ANDAMAN
14,3,3,4,0,2,0,4,67,88,6,4,8,13,6,0,10,1,5,0,3,354,666,20,34,171,21,4,0.03003003003003,2005,0.0442748091603053,2006,A & N ISLANDS,ANDAMAN,A & N ISLANDS||ANDAMAN
8,10,2,12,0,16,0,14,72,125,11,16,12,19,15,2,24,3,25,0,4,374,859,66,78,237,31,16,0.0768335273573923,2008,0.0825190010857763,2009,A & N ISLANDS,ANDAMAN,A & N ISLANDS||ANDAMAN
0,0,0,0,0,0,0,0,2,0,0,0,0,0,0,0,1,0,0,0,0,13,21,1,0,2,0,0,0.0476190476190476,2001,0.0714285714285714,2002,A & N ISLANDS,NICOBAR,A & N ISLANDS||NICOBAR
3,0,1,1,0,0,0,0,2,3,0,0,0,0,0,0,1,0,0,0,0,12,28,2,5,5,0,0,0.0714285714285714,2002,0.0,2003,A & N ISLANDS,NICOBAR,A & N ISLANDS||NICOBAR
5,0,0,0,0,0,1,0,0,2,0,0,2,0,1,0,0,0,0,0,0,19,33,0,6,3,2,0,0.0,2003,0.037037037037037,2004,A & N ISLANDS,NICOBAR,A & N ISLANDS||NICOBAR
2,0,0,0,0,0,0,0,2,3,0,0,0,1,1,0,1,0,0,0,0,14,27,1,2,6,1,0,0.037037037037037,2004,0.0625,2005,A & N ISLANDS,NICOBAR,A & N ISLANDS||NICOBAR
0,0,0,0,0,0,0,0,1,4,0,0,0,0,0,0,1,0,0,0,0,8,16,1,0,5,0,0,0.0625,2005,0.0952380952380952,2006,A & N ISLANDS,NICOBAR,A & N ISLANDS||NICOBAR
0,1,0,0,0,1,0,0,6,3,0,0,0,0,0,0,0,0,1,0,0,9,23,1,2,9,0,0,0.0434782608695652,2008,0.05,2009,A & N ISLANDS,NICOBAR,A & N ISLANDS||NICOBAR
101,60,17,50,0,46,9,41,198,199,22,78,16,104,30,16,149,34,175,0,181,1518,4154,424,402,490,120,78,0.1020702936928261,2001,0.1142245989304812,2002,ANDHRA PRADESH,ADILABAD,ANDHRA_PRADESH_TELANGANA_FAMILY||ADILABAD
100,79,17,37,0,42,7,40,193,226,32,80,25,135,38,20,174,63,240,0,225,1753,4675,534,402,529,160,80,0.1142245989304812,2002,0.0950624871952468,2003,ANDHRA PRADESH,ADILABAD,ANDHRA_PRADESH_TELANGANA_FAMILY||ADILABAD
107,65,11,35,0,46,8,24,207,284,35,98,19,146,42,11,141,39,238,0,248,1917,4881,464,394,592,165,98,0.0950624871952468,2003,0.1129515066852923,2004,ANDHRA PRADESH,ADILABAD,ANDHRA_PRADESH_TELANGANA_FAMILY||ADILABAD
113,83,11,50,0,48,4,9,177,256,46,88,34,152,30,14,135,71,296,0,271,1898,5011,566,406,518,186,88,0.1129515066852923,2004,0.1142459765547387,2005,ANDHRA PRADESH,ADILABAD,ANDHRA_PRADESH_TELANGANA_FAMILY||ADILABAD
108,48,13,53,0,65,9,20,191,329,53,68,13,173,30,21,144,77,280,0,276,1838,5033,575,384,623,186,68,0.1142459765547387,2005,0.1308395949036262,2006,ANDHRA PRADESH,ADILABAD,ANDHRA_PRADESH_TELANGANA_FAMILY||ADILABAD
99,88,14,64,0,96,10,17,228,390,64,102,19,194,34,22,185,107,423,0,313,2265,6122,801,490,733,213,102,0.1308395949036262,2006,0.1215479331574318,2007,ANDHRA PRADESH,ADILABAD,ANDHRA_PRADESH_TELANGANA_FAMILY||ADILABAD
112,61,12,46,0,83,4,9,211,481,80,95,15,179,17,21,156,133,335,0,309,2160,5685,691,422,798,194,95,0.1215479331574318,2007,0.1296226415094339,2008,ANDHRA PRADESH,ADILABAD,ANDHRA_PRADESH_TELANGANA_FAMILY||ADILABAD
73,82,14,50,0,41,3,20,248,427,56,100,17,135,45,5,174,103,355,0,336,1782,5300,687,383,796,152,100,0.1296226415094339,2008,0.1624623493975903,2009,ANDHRA PRADESH,ADILABAD,ANDHRA_PRADESH_TELANGANA_FAMILY||ADILABAD
151,125,1,23,0,53,8,16,191,366,57,168,11,65,69,7,118,24,154,0,270,754,4125,326,545,699,76,168,0.079030303030303,2001,0.0904410118647862,2002,ANDHRA PRADESH,ANANTAPUR,ANDHRA_PRADESH_TELANGANA_FAMILY||ANANTAPUR
166,113,7,28,0,65,13,21,196,356,59,135,37,109,57,9,179,37,151,0,312,719,4467,404,548,689,146,135,0.0904410118647862,2002,0.0955914447839371,2003,ANDHRA PRADESH,ANANTAPUR,ANDHRA_PRADESH_TELANGANA_FAMILY||ANANTAPUR
173,115,9,19,0,60,4,17,190,358,90,144,33,84,40,4,224,45,146,0,306,728,4582,438,541,695,117,144,0.0955914447839371,2003,0.0986964618249534,2004,ANDHRA PRADESH,ANANTAPUR,ANDHRA_PRADESH_TELANGANA_FAMILY||ANANTAPUR
152,79,5,20,0,51,8,35,208,442,199,143,24,119,51,11,196,50,147,0,299,1112,4296,424,493,935,143,143,0.0986964618249534,2004,0.0869086908690869,2005,ANDHRA PRADESH,ANANTAPUR,ANDHRA_PRADESH_TELANGANA_FAMILY||ANANTAPUR
172,125,3,16,0,60,17,21,178,439,203,102,15,96,59,12,173,57,137,0,349,1500,4545,395,516,900,111,102,0.0869086908690869,2005,0.0823182711198428,2006,ANDHRA PRADESH,ANANTAPUR,ANDHRA_PRADESH_TELANGANA_FAMILY||ANANTAPUR
184,116,0,16,0,67,13,28,223,516,258,176,8,86,41,16,187,11,189,0,396,1667,5090,419,600,1066,94,176,0.0823182711198428,2006,0.080084909301428,2007,ANDHRA PRADESH,ANANTAPUR,ANDHRA_PRADESH_TELANGANA_FAMILY||ANANTAPUR
149,85,3,31,0,87,10,20,203,603,76,85,13,125,8,14,176,194,0,0,398,1888,5182,415,470,910,138,85,0.080084909301428,2007,0.0547610742936867,2008,ANDHRA PRADESH,ANANTAPUR,ANDHRA_PRADESH_TELANGANA_FAMILY||ANANTAPUR
154,80,4,37,0,90,10,20,222,496,187,51,24,108,0,12,133,132,0,0,334,2762,5734,314,446,925,132,51,0.0547610742936867,2008,0.0673615132213858,2009,ANDHRA PRADESH,ANANTAPUR,ANDHRA_PRADESH_TELANGANA_FAMILY||ANANTAPUR
101,57,2,27,0,59,4,14,237,723,164,156,33,209,38,14,112,83,186,0,404,1262,5818,422,420,1176,242,156,0.072533516672396,2001,0.0631144941325721,2002,ANDHRA PRADESH,CHITTOOR,ANDHRA_PRADESH_TELANGANA_FAMILY||CHITTOOR
105,66,5,28,0,67,4,14,208,832,200,71,57,172,43,16,126,40,188,0,476,2788,6306,398,360,1297,229,71,0.0631144941325721,2002,0.0623490338164251,2003,ANDHRA PRADESH,CHITTOOR,ANDHRA_PRADESH_TELANGANA_FAMILY||CHITTOOR
109,80,1,36,0,90,5,18,304,901,142,66,47,292,27,23,121,173,60,0,522,2678,6624,413,405,1392,339,66,0.0623490338164251,2003,0.0857758620689655,2004,ANDHRA PRADESH,CHITTOOR,ANDHRA_PRADESH_TELANGANA_FAMILY||CHITTOOR
105,52,1,28,0,69,8,17,337,1055,221,82,26,267,30,22,116,197,234,0,2058,1188,6960,597,362,1660,293,82,0.0857758620689655,2004,0.0830121553513193,2005,ANDHRA PRADESH,CHITTOOR,ANDHRA_PRADESH_TELANGANA_FAMILY||CHITTOOR
105,40,0,35,0,72,9,24,281,1269,87,87,32,222,30,9,91,223,202,0,541,2573,6746,560,372,1691,254,87,0.0830121553513193,2005,0.0948757763975155,2006,ANDHRA PRADESH,CHITTOOR,ANDHRA_PRADESH_TELANGANA_FAMILY||CHITTOOR
126,59,1,31,0,65,13,19,238,1037,194,95,29,181,22,18,123,190,249,0,563,2337,6440,611,409,1510,210,95,0.0948757763975155,2006,0.1079633544749823,2007,ANDHRA PRADESH,CHITTOOR,ANDHRA_PRADESH_TELANGANA_FAMILY||CHITTOOR
129,72,2,31,0,102,27,25,217,1134,302,74,26,248,48,25,118,197,395,0,620,2499,7095,766,462,1726,274,74,0.1079633544749823,2007,0.0955248391952921,2008,ANDHRA PRADESH,CHITTOOR,ANDHRA_PRADESH_TELANGANA_FAMILY||CHITTOOR
123,65,7,30,0,84,6,20,260,1321,420,64,29,295,33,26,104,250,288,0,730,2535,7307,698,399,2054,324,64,0.0955248391952921,2008,0.1063566318106769,2009,ANDHRA PRADESH,CHITTOOR,ANDHRA_PRADESH_TELANGANA_FAMILY||CHITTOOR
80,53,1,20,0,25,1,4,98,173,36,164,12,37,23,17,126,38,57,0,233,1181,3140,258,348,334,49,164,0.0821656050955414,2001,0.0709987966305655,2002,ANDHRA PRADESH,CUDDAPAH,ANDHRA_PRADESH_TELANGANA_FAMILY||CUDDAPAH
91,0,9,16,0,27,1,11,84,205,47,92,14,52,20,21,100,36,63,0,275,1416,3324,236,247,367,66,92,0.0709987966305655,2002,0.0609225413402959,2003,ANDHRA PRADESH,CUDDAPAH,ANDHRA_PRADESH_TELANGANA_FAMILY||CUDDAPAH
95,7,4,10,0,37,4,9,109,199,33,74,17,65,35,5,104,31,60,0,267,1492,3447,210,240,385,82,74,0.0609225413402959,2003,0.0749939128317506,2004,ANDHRA PRADESH,CUDDAPAH,ANDHRA_PRADESH_TELANGANA_FAMILY||CUDDAPAH
96,58,0,14,0,39,3,5,111,275,68,74,16,120,37,7,118,49,120,0,317,1494,4107,308,289,496,136,74,0.0749939128317506,2004,0.0631139489194499,2005,ANDHRA PRADESH,CUDDAPAH,ANDHRA_PRADESH_TELANGANA_FAMILY||CUDDAPAH
96,0,0,21,0,36,9,11,152,297,79,66,21,114,34,7,116,18,95,0,343,1846,4072,257,239,573,135,66,0.0631139489194499,2005,0.0845602114005285,2006,ANDHRA PRADESH,CUDDAPAH,ANDHRA_PRADESH_TELANGANA_FAMILY||CUDDAPAH
98,0,3,25,0,68,4,15,157,377,84,148,19,184,32,10,130,84,199,0,422,2332,5298,448,361,665,203,148,0.0845602114005285,2006,0.0936363636363636,2007,ANDHRA PRADESH,CUDDAPAH,ANDHRA_PRADESH_TELANGANA_FAMILY||CUDDAPAH
96,47,3,32,0,76,4,8,163,420,106,85,30,221,29,8,139,94,242,0,467,2350,5500,515,351,726,251,85,0.0936363636363636,2007,0.0838758516275548,2008,ANDHRA PRADESH,CUDDAPAH,ANDHRA_PRADESH_TELANGANA_FAMILY||CUDDAPAH
114,94,5,27,0,76,2,12,149,537,151,143,28,248,11,11,212,37,267,0,496,2984,6605,554,473,860,276,143,0.0838758516275548,2008,0.0698729582577132,2009,ANDHRA PRADESH,CUDDAPAH,ANDHRA_PRADESH_TELANGANA_FAMILY||CUDDAPAH
155,101,4,31,0,102,14,56,1041,1489,291,49,67,691,45,25,96,78,543,1,787,3719,10305,774,512,2922,758,49,0.0751091703056768,2003,0.0798103117747956,2004,ANDHRA PRADESH,CYBERABAD,ANDHRA_PRADESH_TELANGANA_FAMILY||CYBERABAD
145,74,8,40,0,69,12,43,941,1697,405,32,29,647,21,43,106,85,517,0,788,1686,9911,791,423,3107,676,32,0.0798103117747956,2004,0.0825399453597152,2005,ANDHRA PRADESH,CYBERABAD,ANDHRA_PRADESH_TELANGANA_FAMILY||CYBERABAD
150,88,10,44,0,151,26,95,1139,2287,563,44,83,950,37,34,119,96,701,3,898,2086,12079,997,608,4121,1033,44,0.0825399453597152,2005,0.0823843666526079,2006,ANDHRA PRADESH,CYBERABAD,ANDHRA_PRADESH_TELANGANA_FAMILY||CYBERABAD
193,92,11,60,0,166,13,86,1321,2339,642,49,156,1275,43,50,132,93,837,0,1064,2368,14226,1172,670,4431,1431,49,0.0823843666526079,2006,0.080078673784771,2007,ANDHRA PRADESH,CYBERABAD,ANDHRA_PRADESH_TELANGANA_FAMILY||CYBERABAD
186,84,8,45,0,147,21,90,1165,2928,1124,88,103,1192,74,41,118,55,881,0,1188,2172,14236,1140,669,5381,1295,88,0.080078673784771,2007,0.140125590912298,2008,ANDHRA PRADESH,CYBERABAD,ANDHRA_PRADESH_TELANGANA_FAMILY||CYBERABAD
197,66,3,80,0,141,7,81,1319,3081,1202,74,103,1183,42,59,130,833,884,0,1166,1397,14173,1986,649,5725,1286,74,0.140125590912298,2008,0.0975001684522606,2009,ANDHRA PRADESH,CYBERABAD,ANDHRA_PRADESH_TELANGANA_FAMILY||CYBERABAD
82,67,1,23,0,49,4,25,437,1021,150,70,50,220,41,12,109,58,247,0,431,2313,6507,449,321,1674,270,70,0.0690026125710773,2001,0.0621611398310427,2002,ANDHRA PRADESH,EAST GODAVARI,ANDHRA_PRADESH_TELANGANA_FAMILY||EAST GODAVARI
97,102,2,25,0,55,3,12,468,1206,213,100,89,262,40,11,108,73,276,0,473,1440,7931,493,396,1939,351,100,0.0621611398310427,2002,0.0848214285714285,2003,ANDHRA PRADESH,EAST GODAVARI,ANDHRA_PRADESH_TELANGANA_FAMILY||EAST GODAVARI
73,78,2,18,0,59,4,17,569,1162,178,79,83,252,71,11,150,110,357,0,424,1158,7616,646,330,1997,335,79,0.0848214285714285,2003,0.0715669810102054,2004,ANDHRA PRADESH,EAST GODAVARI,ANDHRA_PRADESH_TELANGANA_FAMILY||EAST GODAVARI
96,101,1,31,0,47,3,17,392,1106,171,105,86,251,23,13,112,105,293,0,473,1451,7741,554,401,1709,337,105,0.0715669810102054,2004,0.0763737593802953,2005,ANDHRA PRADESH,EAST GODAVARI,ANDHRA_PRADESH_TELANGANA_FAMILY||EAST GODAVARI
110,130,0,27,0,69,3,28,403,1286,210,98,119,265,35,15,102,119,368,0,545,1986,8262,631,465,1962,384,98,0.0763737593802953,2005,0.089553886925795,2006,ANDHRA PRADESH,EAST GODAVARI,ANDHRA_PRADESH_TELANGANA_FAMILY||EAST GODAVARI
85,116,2,41,0,81,5,29,520,1385,221,89,114,319,39,25,173,107,465,0,610,1375,9056,811,448,2194,433,89,0.089553886925795,2006,0.1048951048951049,2007,ANDHRA PRADESH,EAST GODAVARI,ANDHRA_PRADESH_TELANGANA_FAMILY||EAST GODAVARI
99,114,2,30,0,84,1,19,428,1361,398,26,75,320,52,19,159,131,561,0,692,1850,8580,900,375,2258,395,26,0.1048951048951049,2007,0.1136929460580912,2008,ANDHRA PRADESH,EAST GODAVARI,ANDHRA_PRADESH_TELANGANA_FAMILY||EAST GODAVARI
82,112,1,48,0,91,0,19,425,1189,256,48,109,328,47,23,194,131,563,0,642,1175,8435,959,401,1936,437,48,0.1136929460580912,2008,0.1020785219399538,2009,ANDHRA PRADESH,EAST GODAVARI,ANDHRA_PRADESH_TELANGANA_FAMILY||EAST GODAVARI
3,1,0,0,0,0,5,2,0,162,0,1,0,0,0,0,1,0,0,0,4,104,287,1,12,164,0,1,0.0034843205574912,2001,0.0129032258064516,2002,ANDHRA PRADESH,GUNTAKAL RLY.,ANDHRA_PRADESH_TELANGANA_FAMILY||GUNTAKAL RLY
0,0,0,1,0,0,0,2,0,148,0,0,0,0,0,0,3,0,0,0,4,142,310,4,3,150,0,0,0.0129032258064516,2002,0.0081521739130434,2003,ANDHRA PRADESH,GUNTAKAL RLY.,ANDHRA_PRADESH_TELANGANA_FAMILY||GUNTAKAL RLY
4,0,0,1,0,1,0,5,0,209,0,0,0,0,0,0,2,0,0,0,2,129,368,3,11,214,0,0,0.0081521739130434,2003,0.0029585798816568,2004,ANDHRA PRADESH,GUNTAKAL RLY.,ANDHRA_PRADESH_TELANGANA_FAMILY||GUNTAKAL RLY
8,1,0,0,0,0,1,1,0,177,0,0,0,2,0,0,1,0,0,0,2,133,338,1,11,178,2,0,0.0029585798816568,2004,0.0222222222222222,2005,ANDHRA PRADESH,GUNTAKAL RLY.,ANDHRA_PRADESH_TELANGANA_FAMILY||GUNTAKAL RLY
12,0,0,0,0,1,1,4,0,129,0,1,0,5,0,4,1,0,0,0,1,61,225,5,19,133,5,1,0.0222222222222222,2005,0.0271493212669683,2006,ANDHRA PRADESH,GUNTAKAL RLY.,ANDHRA_PRADESH_TELANGANA_FAMILY||GUNTAKAL RLY
7,0,0,0,0,1,4,5,0,140,0,0,0,1,0,0,2,1,3,0,3,42,221,6,17,145,1,0,0.0271493212669683,2006,0.04,2007,ANDHRA PRADESH,GUNTAKAL RLY.,ANDHRA_PRADESH_TELANGANA_FAMILY||GUNTAKAL RLY
3,0,0,0,0,2,2,2,0,119,0,0,0,1,0,0,0,4,3,0,2,25,175,7,9,121,1,0,0.04,2007,0.0350877192982456,2008,ANDHRA PRADESH,GUNTAKAL RLY.,ANDHRA_PRADESH_TELANGANA_FAMILY||GUNTAKAL RLY
7,0,0,0,0,0,0,1,0,122,0,0,1,4,0,0,3,1,2,0,2,14,171,6,8,123,5,0,0.0350877192982456,2008,0.0186915887850467,2009,ANDHRA PRADESH,GUNTAKAL RLY.,ANDHRA_PRADESH_TELANGANA_FAMILY||GUNTAKAL RLY
182,88,2,54,0,82,16,59,338,1122,171,244,67,300,43,7,139,129,378,0,369,2426,7848,707,727,1733,367,244,0.0900866462793068,2001,0.096917417226944,2002,ANDHRA PRADESH,GUNTUR,ANDHRA_PRADESH_TELANGANA_FAMILY||GUNTUR
143,77,1,46,0,87,12,53,357,1182,150,144,65,346,38,13,186,85,434,0,404,2440,7883,764,563,1780,411,144,0.096917417226944,2002,0.1029163966299416,2003,ANDHRA PRADESH,GUNTUR,ANDHRA_PRADESH_TELANGANA_FAMILY||GUNTUR
210,84,2,46,0,95,16,28,316,1173,228,124,82,368,69,22,228,99,399,0,411,2298,7715,794,605,1814,450,124,0.1029163966299416,2003,0.0895365168539325,2004,ANDHRA PRADESH,GUNTUR,ANDHRA_PRADESH_TELANGANA_FAMILY||GUNTUR
163,96,0,46,0,88,5,36,349,1479,110,133,44,405,58,32,186,104,397,0,437,2763,8544,765,567,2032,449,133,0.0895365168539325,2004,0.1041882109617373,2005,ANDHRA PRADESH,GUNTUR,ANDHRA_PRADESH_TELANGANA_FAMILY||GUNTUR
165,88,1,55,0,87,14,35,293,1266,267,110,47,412,61,16,166,203,366,0,495,2362,7736,806,555,1922,459,110,0.1041882109617373,2005,0.1107929515418502,2006,ANDHRA PRADESH,GUNTUR,ANDHRA_PRADESH_TELANGANA_FAMILY||GUNTUR
155,119,4,47,0,99,3,19,303,1349,139,139,73,507,73,15,281,236,427,0,505,2726,9080,1006,585,1883,580,139,0.1107929515418502,2006,0.1323478461716133,2007,ANDHRA PRADESH,GUNTUR,ANDHRA_PRADESH_TELANGANA_FAMILY||GUNTUR
157,190,1,43,0,93,4,19,251,1128,290,60,42,376,77,28,292,214,569,0,612,2918,8659,1146,567,1765,418,60,0.1323478461716133,2007,0.1094153293681966,2008,ANDHRA PRADESH,GUNTUR,ANDHRA_PRADESH_TELANGANA_FAMILY||GUNTUR
159,196,3,48,0,83,4,25,336,1233,392,64,40,393,74,26,306,99,496,0,621,3065,8911,975,582,2060,433,64,0.1094153293681966,2008,0.1608199061798898,2009,ANDHRA PRADESH,GUNTUR,ANDHRA_PRADESH_TELANGANA_FAMILY||GUNTUR
111,113,7,37,0,80,13,67,1155,2792,1128,65,101,1293,0,24,118,27,746,0,409,1512,11831,952,493,5142,1394,65,0.0804665708731299,2001,0.0646638451398043,2002,ANDHRA PRADESH,HYDERABAD CITY,ANDHRA_PRADESH_TELANGANA_FAMILY||HYDERABAD CITY
117,109,3,57,0,115,11,68,1348,3777,1224,128,127,1734,8,24,138,123,590,0,440,1759,14413,932,608,6425,1861,128,0.0646638451398043,2002,0.0810784120086905,2003,ANDHRA PRADESH,HYDERABAD CITY,ANDHRA_PRADESH_TELANGANA_FAMILY||HYDERABAD CITY
124,132,5,57,0,155,18,91,1875,6574,2195,231,158,2093,68,42,165,296,1082,0,489,1980,20252,1642,813,10803,2251,231,0.0810784120086905,2003,0.0836866652533389,2004,ANDHRA PRADESH,HYDERABAD CITY,ANDHRA_PRADESH_TELANGANA_FAMILY||HYDERABAD CITY
121,135,1,56,0,136,11,71,1359,5735,2078,141,110,2160,37,29,144,206,1142,2,482,1932,18868,1579,672,9280,2270,141,0.0836866652533389,2004,0.1082426487612873,2005,ANDHRA PRADESH,HYDERABAD CITY,ANDHRA_PRADESH_TELANGANA_FAMILY||HYDERABAD CITY
108,130,4,67,0,137,8,125,1161,5022,2012,96,94,1880,40,27,119,348,1309,0,514,1840,17276,1870,675,8360,1974,96,0.1082426487612873,2005,0.0912980630239953,2006,ANDHRA PRADESH,HYDERABAD CITY,ANDHRA_PRADESH_TELANGANA_FAMILY||HYDERABAD CITY
125,116,6,93,0,143,12,99,1186,4408,1691,128,84,1777,26,29,189,108,1160,0,582,2430,17295,1579,722,7410,1861,128,0.0912980630239953,2006,0.1039618193318383,2007,ANDHRA PRADESH,HYDERABAD CITY,ANDHRA_PRADESH_TELANGANA_FAMILY||HYDERABAD CITY
121,147,9,58,0,148,6,96,993,4542,1685,214,116,1669,37,41,216,128,1365,0,502,2624,17391,1808,799,7353,1785,214,0.1039618193318383,2007,0.0897290892443582,2008,ANDHRA PRADESH,HYDERABAD CITY,ANDHRA_PRADESH_TELANGANA_FAMILY||HYDERABAD CITY
122,126,5,62,0,140,10,115,1143,5200,2106,143,143,1875,44,41,231,148,1184,0,482,3067,18567,1666,723,8608,2018,143,0.0897290892443582,2008,0.1011210762331838,2009,ANDHRA PRADESH,HYDERABAD CITY,ANDHRA_PRADESH_TELANGANA_FAMILY||HYDERABAD CITY
162,85,6,56,0,67,27,50,218,392,54,220,25,243,33,62,414,81,224,0,322,1726,5811,837,673,747,268,220,0.1440371708828084,2001,0.1178379904036127,2002,ANDHRA PRADESH,KARIMNAGAR,ANDHRA_PRADESH_TELANGANA_FAMILY||KARIMNAGAR
160,88,6,99,0,62,18,60,216,404,94,191,44,357,52,45,357,125,209,0,416,1504,7086,835,684,826,401,191,0.1178379904036127,2002,0.1605915164093916,2003,ANDHRA PRADESH,KARIMNAGAR,ANDHRA_PRADESH_TELANGANA_FAMILY||KARIMNAGAR
153,105,11,88,0,89,12,43,261,460,18,180,46,376,48,53,362,132,602,1,363,1542,7709,1238,681,830,422,180,0.1605915164093916,2003,0.1724652087475149,2004,ANDHRA PRADESH,KARIMNAGAR,ANDHRA_PRADESH_TELANGANA_FAMILY||KARIMNAGAR
123,93,9,85,0,124,7,25,236,540,75,184,55,444,64,61,370,155,717,0,360,1482,8048,1388,650,940,499,184,0.1724652087475149,2004,0.1629295774647887,2005,ANDHRA PRADESH,KARIMNAGAR,ANDHRA_PRADESH_TELANGANA_FAMILY||KARIMNAGAR
164,96,1,84,0,131,10,37,310,740,16,174,61,630,65,52,328,143,839,0,357,1714,8875,1446,697,1168,691,174,0.1629295774647887,2005,0.1700036850509765,2006,ANDHRA PRADESH,KARIMNAGAR,ANDHRA_PRADESH_TELANGANA_FAMILY||KARIMNAGAR
147,103,8,73,0,151,3,22,225,699,24,117,32,481,45,47,371,195,698,0,418,2516,8141,1384,624,1015,513,117,0.1700036850509765,2006,0.1656707674282366,2007,ANDHRA PRADESH,KARIMNAGAR,ANDHRA_PRADESH_TELANGANA_FAMILY||KARIMNAGAR
123,95,5,73,0,152,3,16,301,803,8,158,52,432,55,61,315,278,687,0,483,1472,8535,1414,625,1183,484,158,0.1656707674282366,2007,0.1572508096437567,2008,ANDHRA PRADESH,KARIMNAGAR,ANDHRA_PRADESH_TELANGANA_FAMILY||KARIMNAGAR
134,114,12,84,0,159,1,15,294,697,158,153,36,525,56,48,310,273,596,0,519,1368,8337,1311,672,1220,561,153,0.1572508096437567,2008,0.1580612503163756,2009,ANDHRA PRADESH,KARIMNAGAR,ANDHRA_PRADESH_TELANGANA_FAMILY||KARIMNAGAR
93,60,1,47,0,41,1,13,172,368,34,153,35,130,73,17,180,336,172,0,209,1450,4582,752,409,660,165,153,0.1641204714098647,2001,0.1684378320935175,2002,ANDHRA PRADESH,KHAMMAM,ANDHRA_PRADESH_TELANGANA_FAMILY||KHAMMAM
106,55,1,48,0,70,5,11,164,431,79,107,76,219,52,13,191,375,324,0,276,917,5646,951,403,737,295,107,0.1684378320935175,2002,0.1255068546051361,2003,ANDHRA PRADESH,KHAMMAM,ANDHRA_PRADESH_TELANGANA_FAMILY||KHAMMAM
89,44,6,45,0,41,6,8,211,364,86,120,32,144,45,17,162,246,180,0,339,826,5179,650,359,714,176,120,0.1255068546051361,2003,0.1597503373819163,2004,ANDHRA PRADESH,KHAMMAM,ANDHRA_PRADESH_TELANGANA_FAMILY||KHAMMAM
108,52,4,43,0,70,6,23,242,482,85,122,37,166,45,18,176,310,400,0,352,2136,5928,947,428,877,203,122,0.1597503373819163,2004,0.1281917665450755,2005,ANDHRA PRADESH,KHAMMAM,ANDHRA_PRADESH_TELANGANA_FAMILY||KHAMMAM
110,69,3,21,0,66,9,25,208,567,96,151,30,166,48,14,150,240,313,0,394,2103,5757,738,454,944,196,151,0.1281917665450755,2005,0.1154168763630263,2006,ANDHRA PRADESH,KHAMMAM,ANDHRA_PRADESH_TELANGANA_FAMILY||KHAMMAM
134,59,2,44,0,91,11,19,218,581,98,183,25,157,19,17,171,129,327,0,405,2157,5961,688,543,935,182,183,0.1154168763630263,2006,0.1575221238938053,2007,ANDHRA PRADESH,KHAMMAM,ANDHRA_PRADESH_TELANGANA_FAMILY||KHAMMAM
125,58,5,81,0,104,4,27,242,562,93,159,20,162,28,28,176,272,422,0,463,2130,6215,979,563,952,182,159,0.1575221238938053,2007,0.1134727459718889,2008,ANDHRA PRADESH,KHAMMAM,ANDHRA_PRADESH_TELANGANA_FAMILY||KHAMMAM
123,47,5,70,0,103,3,9,251,560,186,97,23,150,28,26,213,24,329,0,492,2179,5834,662,457,1034,173,97,0.1134727459718889,2008,0.1592806679511881,2009,ANDHRA PRADESH,KHAMMAM,ANDHRA_PRADESH_TELANGANA_FAMILY||KHAMMAM
65,51,0,37,0,36,3,15,163,478,27,70,24,104,62,10,208,72,265,0,268,862,4779,592,277,745,128,70,0.1238752877170956,2001,0.1410304625799172,2002,ANDHRA PRADESH,KRISHNA,ANDHRA_PRADESH_TELANGANA_FAMILY||KRISHNA
92,66,3,41,0,26,1,4,242,543,32,49,19,146,42,14,211,110,374,0,278,1114,5318,750,282,863,165,49,0.1410304625799172,2002,0.1277683134582623,2003,ANDHRA PRADESH,KRISHNA,ANDHRA_PRADESH_TELANGANA_FAMILY||KRISHNA
66,65,3,45,0,55,2,12,233,601,37,50,28,170,48,20,186,107,317,0,245,1025,5283,675,298,931,198,50,0.1277683134582623,2003,0.1298121629161242,2004,ANDHRA PRADESH,KRISHNA,ANDHRA_PRADESH_TELANGANA_FAMILY||KRISHNA
60,57,1,33,0,28,4,13,197,732,31,53,16,162,31,13,182,108,362,0,243,1004,5377,698,249,1004,178,53,0.1298121629161242,2004,0.1289597000937207,2005,ANDHRA PRADESH,KRISHNA,ANDHRA_PRADESH_TELANGANA_FAMILY||KRISHNA
69,74,0,27,0,45,3,17,155,653,64,44,17,202,45,11,209,104,337,0,318,825,5335,688,279,934,219,44,0.1289597000937207,2005,0.110689196886273,2006,ANDHRA PRADESH,KRISHNA,ANDHRA_PRADESH_TELANGANA_FAMILY||KRISHNA
73,60,1,36,0,54,1,2,182,540,75,32,16,126,60,9,168,74,296,0,330,772,5267,583,259,859,142,32,0.110689196886273,2006,0.1349942062572421,2007,ANDHRA PRADESH,KRISHNA,ANDHRA_PRADESH_TELANGANA_FAMILY||KRISHNA
64,52,1,27,0,57,0,10,164,521,65,20,16,147,53,13,161,150,348,0,307,689,5178,699,231,813,163,20,0.1349942062572421,2007,0.1403762662807525,2008,ANDHRA PRADESH,KRISHNA,ANDHRA_PRADESH_TELANGANA_FAMILY||KRISHNA
53,63,4,38,0,69,0,11,166,587,121,13,9,114,38,12,254,93,379,0,403,775,5528,776,251,923,123,13,0.1403762662807525,2008,0.150347870354658,2009,ANDHRA PRADESH,KRISHNA,ANDHRA_PRADESH_TELANGANA_FAMILY||KRISHNA
133,72,4,29,0,47,6,22,155,297,6,84,6,126,5,13,141,107,92,0,292,1401,4581,382,397,485,132,84,0.0833879065706177,2001,0.107600341588386,2002,ANDHRA PRADESH,KURNOOL,ANDHRA_PRADESH_TELANGANA_FAMILY||KURNOOL
124,98,1,45,0,54,8,17,134,308,16,76,12,185,16,11,166,115,167,0,520,1161,4684,504,423,491,197,76,0.107600341588386,2002,0.126282722513089,2003,ANDHRA PRADESH,KURNOOL,ANDHRA_PRADESH_TELANGANA_FAMILY||KURNOOL
125,101,4,28,0,35,8,24,146,262,18,88,18,196,34,11,231,131,202,0,249,1752,4775,603,413,484,214,88,0.126282722513089,2003,0.1236038719285182,2004,ANDHRA PRADESH,KURNOOL,ANDHRA_PRADESH_TELANGANA_FAMILY||KURNOOL
112,96,3,29,0,46,5,15,179,328,101,125,22,221,48,6,242,157,230,0,357,1874,5372,664,431,671,243,125,0.1236038719285182,2004,0.1169768325104443,2005,ANDHRA PRADESH,KURNOOL,ANDHRA_PRADESH_TELANGANA_FAMILY||KURNOOL
140,95,6,29,0,42,16,16,179,373,87,125,13,242,28,9,221,124,233,0,369,1835,5266,616,469,683,255,125,0.1169768325104443,2005,0.1200412158681092,2006,ANDHRA PRADESH,KURNOOL,ANDHRA_PRADESH_TELANGANA_FAMILY||KURNOOL
132,101,1,35,0,85,6,6,223,358,13,158,23,143,33,9,341,157,157,0,459,2113,5823,699,524,633,166,158,0.1200412158681092,2006,0.1547329111868809,2007,ANDHRA PRADESH,KURNOOL,ANDHRA_PRADESH_TELANGANA_FAMILY||KURNOOL
124,119,2,36,0,85,12,11,247,406,121,88,37,226,41,7,327,219,364,0,465,2097,6159,953,477,826,263,88,0.1547329111868809,2007,0.1202297383535418,2008,ANDHRA PRADESH,KURNOOL,ANDHRA_PRADESH_TELANGANA_FAMILY||KURNOOL
116,143,5,47,0,89,14,28,252,530,160,158,22,282,9,17,419,232,227,0,551,1713,7835,942,600,979,304,158,0.1202297383535418,2008,0.1312171957010747,2009,ANDHRA PRADESH,KURNOOL,ANDHRA_PRADESH_TELANGANA_FAMILY||KURNOOL
157,67,26,59,0,42,8,27,249,316,33,157,22,84,0,14,176,41,69,0,280,2158,4819,359,543,625,106,157,0.0744967835650549,2001,0.1092641016062756,2002,ANDHRA PRADESH,MAHABOOBNAGAR,ANDHRA_PRADESH_TELANGANA_FAMILY||MAHABOOBNAGAR
171,84,31,85,0,57,5,39,241,439,41,140,24,91,74,31,202,42,225,0,353,2108,5354,585,612,834,115,140,0.1092641016062756,2002,0.1003710575139146,2003,ANDHRA PRADESH,MAHABOOBNAGAR,ANDHRA_PRADESH_TELANGANA_FAMILY||MAHABOOBNAGAR
191,108,22,69,0,46,5,33,270,452,39,117,32,104,69,19,179,36,238,0,247,2213,5390,541,591,863,136,117,0.1003710575139146,2003,0.1104510451045104,2004,ANDHRA PRADESH,MAHABOOBNAGAR,ANDHRA_PRADESH_TELANGANA_FAMILY||MAHABOOBNAGAR
183,87,23,56,0,63,15,36,290,479,2,171,38,109,40,21,164,10,251,0,522,1078,4545,502,634,847,147,171,0.1104510451045104,2004,0.082325746799431,2005,ANDHRA PRADESH,MAHABOOBNAGAR,ANDHRA_PRADESH_TELANGANA_FAMILY||MAHABOOBNAGAR
212,102,16,62,0,59,21,43,277,575,56,112,20,107,57,17,140,7,237,0,536,1303,5624,463,627,1008,127,112,0.082325746799431,2005,0.0944620253164557,2006,ANDHRA PRADESH,MAHABOOBNAGAR,ANDHRA_PRADESH_TELANGANA_FAMILY||MAHABOOBNAGAR
191,75,17,67,0,73,9,28,190,738,4,125,32,169,53,33,201,9,287,0,618,1314,6320,597,585,1013,201,125,0.0944620253164557,2006,0.0759117232743778,2007,ANDHRA PRADESH,MAHABOOBNAGAR,ANDHRA_PRADESH_TELANGANA_FAMILY||MAHABOOBNAGAR
173,63,31,87,0,86,10,34,261,759,6,87,19,198,77,27,132,21,218,0,666,1285,6389,485,571,1137,217,87,0.0759117232743778,2007,0.080768653355352,2008,ANDHRA PRADESH,MAHABOOBNAGAR,ANDHRA_PRADESH_TELANGANA_FAMILY||MAHABOOBNAGAR
188,66,30,72,0,104,9,36,256,923,8,65,16,173,56,35,162,38,231,0,696,1190,6661,538,570,1279,189,65,0.080768653355352,2008,0.0985370051635111,2009,ANDHRA PRADESH,MAHABOOBNAGAR,ANDHRA_PRADESH_TELANGANA_FAMILY||MAHABOOBNAGAR
101,56,12,35,0,26,27,26,219,286,36,100,17,87,37,26,100,25,192,0,335,454,3532,378,383,604,104,100,0.1070215175537938,2001,0.1128802281368821,2002,ANDHRA PRADESH,MEDAK,ANDHRA_PRADESH_TELANGANA_FAMILY||MEDAK
103,50,20,68,0,46,18,35,272,356,39,64,22,105,57,25,103,28,251,0,417,554,4208,475,404,759,127,64,0.1128802281368821,2002,0.0857202158572021,2003,ANDHRA PRADESH,MEDAK,ANDHRA_PRADESH_TELANGANA_FAMILY||MEDAK
124,36,16,30,0,52,10,50,300,502,75,84,20,100,60,44,128,37,174,0,403,794,4818,413,402,987,120,84,0.0857202158572021,2003,0.0964710795573188,2004,ANDHRA PRADESH,MEDAK,ANDHRA_PRADESH_TELANGANA_FAMILY||MEDAK
127,36,10,52,0,49,10,19,257,505,88,53,33,139,55,41,86,54,229,0,449,686,4789,462,356,924,172,53,0.0964710795573188,2004,0.0984095427435387,2005,ANDHRA PRADESH,MEDAK,ANDHRA_PRADESH_TELANGANA_FAMILY||MEDAK
133,45,10,36,0,38,15,24,213,424,77,32,22,108,35,28,88,35,209,0,462,575,4024,396,333,773,130,32,0.0984095427435387,2005,0.0949660835415922,2006,ANDHRA PRADESH,MEDAK,ANDHRA_PRADESH_TELANGANA_FAMILY||MEDAK
134,69,9,57,0,63,5,28,289,558,113,72,23,218,72,33,107,59,276,0,582,885,5602,532,437,1060,241,72,0.0949660835415922,2006,0.1082372322899505,2007,ANDHRA PRADESH,MEDAK,ANDHRA_PRADESH_TELANGANA_FAMILY||MEDAK
128,95,13,51,0,65,2,25,268,602,133,62,11,253,66,49,115,96,346,0,963,988,6070,657,441,1094,264,62,0.1082372322899505,2007,0.0988478877942895,2008,ANDHRA PRADESH,MEDAK,ANDHRA_PRADESH_TELANGANA_FAMILY||MEDAK
140,57,10,50,0,62,7,20,297,641,145,57,24,241,37,35,114,61,332,0,672,933,5989,592,403,1140,265,57,0.0988478877942895,2008,0.1048072023101749,2009,ANDHRA PRADESH,MEDAK,ANDHRA_PRADESH_TELANGANA_FAMILY||MEDAK
122,60,1,35,0,27,6,28,133,318,43,220,13,122,72,31,188,59,214,0,432,1781,5002,527,499,594,135,220,0.1053578568572571,2001,0.1109640831758034,2002,ANDHRA PRADESH,NALGONDA,ANDHRA_PRADESH_TELANGANA_FAMILY||NALGONDA
109,53,8,41,0,46,5,18,167,321,45,87,26,184,78,37,232,67,210,0,490,1966,5290,587,367,629,210,87,0.1109640831758034,2002,0.126349318704654,2003,ANDHRA PRADESH,NALGONDA,ANDHRA_PRADESH_TELANGANA_FAMILY||NALGONDA
142,68,5,62,0,49,9,24,165,354,71,177,31,154,46,33,249,51,319,0,448,2003,5651,714,536,660,185,177,0.126349318704654,2003,0.1028457314028956,2004,ANDHRA PRADESH,NALGONDA,ANDHRA_PRADESH_TELANGANA_FAMILY||NALGONDA
118,59,5,46,0,72,4,26,205,401,83,115,26,156,69,34,200,66,272,0,528,2234,6009,618,445,784,182,115,0.1028457314028956,2004,0.1127853881278538,2005,ANDHRA PRADESH,NALGONDA,ANDHRA_PRADESH_TELANGANA_FAMILY||NALGONDA
138,46,6,49,0,51,13,37,248,480,78,102,40,243,62,30,223,95,344,0,603,2480,6570,741,442,905,283,102,0.1127853881278538,2005,0.1094163620320181,2006,ANDHRA PRADESH,NALGONDA,ANDHRA_PRADESH_TELANGANA_FAMILY||NALGONDA
132,47,4,61,0,86,14,31,209,521,92,208,20,247,73,40,246,126,395,0,638,2977,7933,868,583,926,267,208,0.1094163620320181,2006,0.1104271356783919,2007,ANDHRA PRADESH,NALGONDA,ANDHRA_PRADESH_TELANGANA_FAMILY||NALGONDA
135,55,4,69,0,87,8,45,240,468,109,117,16,232,82,36,233,112,429,0,718,3052,7960,879,520,944,248,117,0.1104271356783919,2007,0.1087714926488911,2008,ANDHRA PRADESH,NALGONDA,ANDHRA_PRADESH_TELANGANA_FAMILY||NALGONDA
121,76,3,90,0,91,7,31,279,551,132,135,24,218,77,32,243,155,353,0,728,3043,8026,873,554,1070,242,135,0.1087714926488911,2008,0.1092027387721945,2009,ANDHRA PRADESH,NALGONDA,ANDHRA_PRADESH_TELANGANA_FAMILY||NALGONDA
89,69,5,46,0,90,12,16,244,608,72,97,20,177,65,10,207,228,287,0,266,1585,5245,778,424,1005,197,97,0.1483317445185891,2001,0.1482824427480916,2002,ANDHRA PRADESH,NELLORE,ANDHRA_PRADESH_TELANGANA_FAMILY||NELLORE
84,93,4,46,0,67,12,23,209,542,68,46,39,157,58,10,206,226,289,0,290,1612,5240,777,375,900,196,46,0.1482824427480916,2002,0.0955981182795698,2003,ANDHRA PRADESH,NELLORE,ANDHRA_PRADESH_TELANGANA_FAMILY||NELLORE
80,70,1,27,0,63,2,12,232,569,89,67,25,172,67,10,204,97,231,0,321,1792,5952,569,322,969,197,67,0.0955981182795698,2003,0.0739321697176103,2004,ANDHRA PRADESH,NELLORE,ANDHRA_PRADESH_TELANGANA_FAMILY||NELLORE
94,248,13,107,0,72,49,40,421,873,219,263,24,307,62,11,173,88,142,0,516,1623,7047,521,886,1615,331,263,0.0739321697176103,2004,0.0944539087639598,2005,ANDHRA PRADESH,NELLORE,ANDHRA_PRADESH_TELANGANA_FAMILY||NELLORE
86,73,3,33,0,74,6,26,205,759,152,66,31,166,39,11,205,84,166,0,310,972,5283,499,367,1181,197,66,0.0944539087639598,2005,0.1150732127476313,2006,ANDHRA PRADESH,NELLORE,ANDHRA_PRADESH_TELANGANA_FAMILY||NELLORE
78,74,5,35,0,69,8,21,192,664,153,97,25,152,68,10,192,137,294,0,365,1046,5805,668,387,1098,177,97,0.1150732127476313,2006,0.1193456851944583,2007,ANDHRA PRADESH,NELLORE,ANDHRA_PRADESH_TELANGANA_FAMILY||NELLORE
68,81,3,44,0,67,2,11,239,718,169,63,30,168,59,14,203,123,331,0,416,1047,5991,715,339,1196,198,63,0.1193456851944583,2007,0.1131088591042824,2008,ANDHRA PRADESH,NELLORE,ANDHRA_PRADESH_TELANGANA_FAMILY||NELLORE
70,73,6,39,0,83,4,23,266,735,249,43,79,121,52,6,184,130,333,0,414,1029,6118,692,341,1325,200,43,0.1131088591042824,2008,0.1286858701210158,2009,ANDHRA PRADESH,NELLORE,ANDHRA_PRADESH_TELANGANA_FAMILY||NELLORE
106,49,14,21,0,38,7,22,158,234,48,51,61,122,30,19,55,15,228,0,220,787,3621,338,308,492,183,51,0.0933443800055233,2001,0.0962191532714512,2002,ANDHRA PRADESH,NIZAMABAD,ANDHRA_PRADESH_TELANGANA_FAMILY||NIZAMABAD
93,42,12,35,0,29,13,30,179,338,66,46,33,138,39,17,71,24,278,0,274,791,4417,425,300,652,171,46,0.0962191532714512,2002,0.0994865211810012,2003,ANDHRA PRADESH,NIZAMABAD,ANDHRA_PRADESH_TELANGANA_FAMILY||NIZAMABAD
90,49,20,29,0,35,7,32,241,332,38,52,22,182,36,11,61,32,329,3,256,710,4674,465,314,679,204,52,0.0994865211810012,2003,0.1040799333888426,2004,ANDHRA PRADESH,NIZAMABAD,ANDHRA_PRADESH_TELANGANA_FAMILY||NIZAMABAD
96,54,27,24,0,56,14,29,349,360,36,81,20,174,40,17,74,46,339,0,247,898,4804,500,381,814,194,81,0.1040799333888426,2004,0.1148448309942676,2005,ANDHRA PRADESH,NIZAMABAD,ANDHRA_PRADESH_TELANGANA_FAMILY||NIZAMABAD
88,38,16,26,0,57,15,41,292,494,90,49,21,183,36,16,88,41,410,0,283,830,5059,581,330,953,204,49,0.1148448309942676,2005,0.11424638678596,2006,ANDHRA PRADESH,NIZAMABAD,ANDHRA_PRADESH_TELANGANA_FAMILY||NIZAMABAD
110,83,11,36,0,71,17,43,329,593,121,139,16,208,28,18,115,64,431,0,371,998,5812,664,510,1114,224,139,0.11424638678596,2006,0.1255310930861336,2007,ANDHRA PRADESH,NIZAMABAD,ANDHRA_PRADESH_TELANGANA_FAMILY||NIZAMABAD
151,77,9,23,0,60,22,17,287,490,83,84,20,161,40,25,88,59,455,0,418,991,5178,650,443,917,181,84,0.1255310930861336,2007,0.0888071466106148,2008,ANDHRA PRADESH,NIZAMABAD,ANDHRA_PRADESH_TELANGANA_FAMILY||NIZAMABAD
153,61,17,31,0,51,7,31,338,686,96,67,28,241,47,16,70,85,305,0,420,1080,5709,507,418,1198,269,67,0.0888071466106148,2008,0.1468302658486707,2009,ANDHRA PRADESH,NIZAMABAD,ANDHRA_PRADESH_TELANGANA_FAMILY||NIZAMABAD
102,82,3,19,0,31,15,14,147,278,33,138,16,88,43,5,140,100,119,0,263,808,3678,383,404,515,104,138,0.1041326808047852,2001,0.094059405940594,2002,ANDHRA PRADESH,PRAKASHAM,ANDHRA_PRADESH_TELANGANA_FAMILY||PRAKASHAM
67,79,2,21,0,32,12,13,132,259,45,124,27,86,48,5,156,18,142,0,248,1008,3636,342,350,497,113,124,0.094059405940594,2002,0.1158602150537634,2003,ANDHRA PRADESH,PRAKASHAM,ANDHRA_PRADESH_TELANGANA_FAMILY||PRAKASHAM
94,36,5,22,0,42,9,19,143,346,59,38,22,101,26,13,133,149,114,0,246,705,3720,431,265,593,123,38,0.1158602150537634,2003,0.0837413037876835,2004,ANDHRA PRADESH,PRAKASHAM,ANDHRA_PRADESH_TELANGANA_FAMILY||PRAKASHAM
103,93,4,19,0,44,8,22,158,298,94,45,24,116,27,6,130,24,146,0,296,842,3881,325,338,599,140,45,0.0837413037876835,2004,0.0888786553073912,2005,ANDHRA PRADESH,PRAKASHAM,ANDHRA_PRADESH_TELANGANA_FAMILY||PRAKASHAM
106,82,6,27,0,52,10,19,181,406,71,56,22,188,28,7,169,27,156,0,320,1154,4343,386,358,705,210,56,0.0888786553073912,2005,0.0948753462603878,2006,ANDHRA PRADESH,PRAKASHAM,ANDHRA_PRADESH_TELANGANA_FAMILY||PRAKASHAM
92,111,3,23,0,83,5,30,279,559,102,99,30,266,30,8,200,68,249,0,395,1437,5776,548,446,1000,296,99,0.0948753462603878,2006,0.1317418213969938,2007,ANDHRA PRADESH,PRAKASHAM,ANDHRA_PRADESH_TELANGANA_FAMILY||PRAKASHAM
78,63,1,40,0,74,4,20,207,511,126,27,27,199,122,7,171,266,261,0,352,1910,5655,745,307,986,226,27,0.1317418213969938,2007,0.0905923344947735,2008,ANDHRA PRADESH,PRAKASHAM,ANDHRA_PRADESH_TELANGANA_FAMILY||PRAKASHAM
75,59,4,30,0,66,5,12,173,413,124,28,35,216,124,5,192,38,229,0,445,2072,5453,494,279,846,251,28,0.0905923344947735,2008,0.0876734693877551,2009,ANDHRA PRADESH,PRAKASHAM,ANDHRA_PRADESH_TELANGANA_FAMILY||PRAKASHAM
214,95,16,72,0,106,24,78,1076,1296,347,65,67,527,67,37,113,55,421,7,593,2103,9867,705,670,2864,594,65,0.0714502888415931,2001,0.0796076212035465,2002,ANDHRA PRADESH,RANGA REDDY,ANDHRA_PRADESH_TELANGANA_FAMILY||RANGA REDDY
214,107,12,49,0,104,22,62,1009,1450,452,61,88,597,81,51,143,93,508,0,774,1948,10602,844,631,3054,685,61,0.0796076212035465,2002,0.1121212121212121,2003,ANDHRA PRADESH,RANGA REDDY,ANDHRA_PRADESH_TELANGANA_FAMILY||RANGA REDDY
65,30,3,14,0,23,0,10,135,134,2,32,5,47,35,12,71,12,113,0,128,274,1980,222,177,316,52,32,0.1121212121212121,2003,0.1080357142857142,2004,ANDHRA PRADESH,RANGA REDDY,ANDHRA_PRADESH_TELANGANA_FAMILY||RANGA REDDY
73,39,6,25,0,26,0,11,170,205,20,42,5,41,60,17,49,15,136,0,125,311,2240,242,222,466,46,42,0.1080357142857142,2004,0.1006111894687353,2005,ANDHRA PRADESH,RANGA REDDY,ANDHRA_PRADESH_TELANGANA_FAMILY||RANGA REDDY
62,26,4,15,0,16,7,9,138,160,63,23,13,51,42,22,45,13,119,0,126,366,2127,214,162,412,64,23,0.1006111894687353,2005,0.0739644970414201,2006,ANDHRA PRADESH,RANGA REDDY,ANDHRA_PRADESH_TELANGANA_FAMILY||RANGA REDDY
57,26,5,9,0,29,0,7,85,126,20,33,3,52,37,15,50,9,67,0,168,332,2028,150,166,275,55,33,0.0739644970414201,2006,0.0870967741935483,2007,ANDHRA PRADESH,RANGA REDDY,ANDHRA_PRADESH_TELANGANA_FAMILY||RANGA REDDY
72,21,6,21,0,27,3,2,110,150,18,19,8,67,26,25,40,10,93,0,182,416,2170,189,171,306,75,19,0.0870967741935483,2007,0.0992145514675485,2008,ANDHRA PRADESH,RANGA REDDY,ANDHRA_PRADESH_TELANGANA_FAMILY||RANGA REDDY
91,35,8,37,0,23,2,8,142,184,28,19,15,65,30,19,39,25,120,0,190,510,2419,240,223,392,80,19,0.0992145514675485,2008,0.1092066601371204,2009,ANDHRA PRADESH,RANGA REDDY,ANDHRA_PRADESH_TELANGANA_FAMILY||RANGA REDDY
6,0,0,0,0,0,0,10,2,296,0,1,2,4,0,1,0,1,0,0,6,68,439,2,17,308,6,1,0.0045558086560364,2001,0.0,2002,ANDHRA PRADESH,SECUNDERABAD RLY.,ANDHRA_PRADESH_TELANGANA_FAMILY||SECUNDERABAD RLY
12,0,1,0,0,0,0,3,3,350,0,0,2,2,0,0,0,0,0,0,0,40,444,0,16,356,4,0,0.0,2002,0.0,2003,ANDHRA PRADESH,SECUNDERABAD RLY.,ANDHRA_PRADESH_TELANGANA_FAMILY||SECUNDERABAD RLY
10,0,0,0,0,0,4,5,0,413,0,6,0,2,0,0,0,0,0,0,0,63,536,0,25,418,2,6,0.0,2003,0.010752688172043,2004,ANDHRA PRADESH,SECUNDERABAD RLY.,ANDHRA_PRADESH_TELANGANA_FAMILY||SECUNDERABAD RLY
8,4,0,0,0,0,0,0,1,367,0,2,0,2,0,2,1,0,2,0,0,38,465,5,14,368,2,2,0.010752688172043,2004,0.0078740157480314,2005,ANDHRA PRADESH,SECUNDERABAD RLY.,ANDHRA_PRADESH_TELANGANA_FAMILY||SECUNDERABAD RLY
11,1,0,0,0,4,2,2,0,407,0,0,0,6,0,2,1,1,0,0,2,43,508,4,20,409,6,0,0.0078740157480314,2005,0.0160771704180064,2006,ANDHRA PRADESH,SECUNDERABAD RLY.,ANDHRA_PRADESH_TELANGANA_FAMILY||SECUNDERABAD RLY
11,0,0,2,0,3,2,8,0,222,0,0,0,7,0,2,0,0,1,0,3,32,311,5,26,230,7,0,0.0160771704180064,2006,0.0044943820224719,2007,ANDHRA PRADESH,SECUNDERABAD RLY.,ANDHRA_PRADESH_TELANGANA_FAMILY||SECUNDERABAD RLY
12,0,0,0,0,0,0,6,0,339,0,0,0,8,0,0,2,0,0,0,4,47,445,2,18,345,8,0,0.0044943820224719,2007,0.0063025210084033,2008,ANDHRA PRADESH,SECUNDERABAD RLY.,ANDHRA_PRADESH_TELANGANA_FAMILY||SECUNDERABAD RLY
10,0,0,2,0,0,0,2,0,371,0,0,0,4,0,0,1,0,0,0,3,60,476,3,14,373,4,0,0.0063025210084033,2008,0.0051020408163265,2009,ANDHRA PRADESH,SECUNDERABAD RLY.,ANDHRA_PRADESH_TELANGANA_FAMILY||SECUNDERABAD RLY
38,10,4,8,0,12,1,4,118,231,1,70,18,53,34,6,38,47,108,0,167,926,2572,207,147,388,71,70,0.0804821150855365,2001,0.083668543845535,2002,ANDHRA PRADESH,SRIKAKULAM,ANDHRA_PRADESH_TELANGANA_FAMILY||SRIKAKULAM
27,9,2,14,0,10,2,2,100,235,13,28,24,58,28,4,60,16,114,0,171,939,2486,208,94,378,82,28,0.083668543845535,2002,0.0995118287645512,2003,ANDHRA PRADESH,SRIKAKULAM,ANDHRA_PRADESH_TELANGANA_FAMILY||SRIKAKULAM
39,32,4,9,0,8,7,4,102,167,20,43,25,71,24,7,58,44,147,0,215,1001,2663,265,146,317,96,43,0.0995118287645512,2003,0.0932293512938674,2004,ANDHRA PRADESH,SRIKAKULAM,ANDHRA_PRADESH_TELANGANA_FAMILY||SRIKAKULAM
26,30,14,15,0,15,2,3,108,196,0,26,24,79,5,14,58,11,165,0,576,754,2821,263,131,312,103,26,0.0932293512938674,2004,0.0941921072226358,2005,ANDHRA PRADESH,SRIKAKULAM,ANDHRA_PRADESH_TELANGANA_FAMILY||SRIKAKULAM
36,0,2,15,1,17,1,11,101,211,5,18,18,58,28,9,51,40,137,0,191,531,2686,253,100,356,76,18,0.0941921072226358,2005,0.1037798408488063,2006,ANDHRA PRADESH,SRIKAKULAM,ANDHRA_PRADESH_TELANGANA_FAMILY||SRIKAKULAM
46,0,6,27,0,21,0,2,119,214,0,71,14,69,26,3,70,25,188,0,208,720,3016,313,173,361,83,71,0.1037798408488063,2006,0.1393022062596203,2007,ANDHRA PRADESH,SRIKAKULAM,ANDHRA_PRADESH_TELANGANA_FAMILY||SRIKAKULAM
31,5,0,30,0,19,2,8,142,206,16,35,17,93,40,12,99,57,345,0,263,883,3898,543,130,412,110,35,0.1393022062596203,2007,0.1320368474923234,2008,ANDHRA PRADESH,SRIKAKULAM,ANDHRA_PRADESH_TELANGANA_FAMILY||SRIKAKULAM
25,0,2,32,0,18,2,4,147,219,21,8,8,59,26,6,92,72,314,0,269,961,3908,516,91,417,67,8,0.1320368474923234,2008,0.1040548598688133,2009,ANDHRA PRADESH,SRIKAKULAM,ANDHRA_PRADESH_TELANGANA_FAMILY||SRIKAKULAM
53,44,5,25,0,70,3,27,491,2057,264,19,34,614,17,2,84,122,520,0,234,724,6733,753,246,2856,648,19,0.1118372196643398,2001,0.1320048442144666,2002,ANDHRA PRADESH,VIJAYAWADA,ANDHRA_PRADESH_TELANGANA_FAMILY||VIJAYAWADA
39,49,3,31,0,78,3,56,723,2808,278,5,34,784,42,9,119,171,869,0,247,1057,9083,1199,264,3907,818,5,0.1320048442144666,2002,0.1545021816739389,2003,ANDHRA PRADESH,VIJAYAWADA,ANDHRA_PRADESH_TELANGANA_FAMILY||VIJAYAWADA
34,58,0,27,0,63,5,61,876,3417,351,17,54,816,21,7,170,146,1208,0,249,727,10084,1558,265,4726,870,17,0.1545021816739389,2003,0.1351351351351351,2004,ANDHRA PRADESH,VIJAYAWADA,ANDHRA_PRADESH_TELANGANA_FAMILY||VIJAYAWADA
46,43,1,19,0,76,4,29,555,2272,356,12,27,531,17,10,132,196,678,0,240,547,7659,1035,230,3229,558,12,0.1351351351351351,2004,0.0901398722155068,2005,ANDHRA PRADESH,VIJAYAWADA,ANDHRA_PRADESH_TELANGANA_FAMILY||VIJAYAWADA
43,50,6,21,1,86,3,34,392,1495,424,11,58,410,10,8,135,158,336,0,246,729,5862,659,254,2355,468,11,0.1124189696349368,2006,0.1594773581528548,2007,ANDHRA PRADESH,VIJAYAWADA CITY,ANDHRA_PRADESH_TELANGANA_FAMILY||VIJAYAWADA CITY
33,44,3,17,0,64,0,31,225,1377,326,2,44,339,18,10,131,202,531,0,265,577,5587,891,194,1977,383,2,0.1594773581528548,2007,0.1540862102594109,2008,ANDHRA PRADESH,VIJAYAWADA CITY,ANDHRA_PRADESH_TELANGANA_FAMILY||VIJAYAWADA CITY
34,58,1,30,0,49,1,24,189,1176,321,8,52,326,23,9,104,252,395,0,291,610,5127,790,205,1733,378,8,0.1540862102594109,2008,0.1637065637065637,2009,ANDHRA PRADESH,VIJAYAWADA CITY,ANDHRA_PRADESH_TELANGANA_FAMILY||VIJAYAWADA CITY
2,1,0,1,0,0,0,1,0,265,0,1,2,3,0,0,1,1,0,0,2,25,320,3,6,266,5,1,0.009375,2001,0.0121951219512195,2002,ANDHRA PRADESH,VIJAYAWADA RLY.,ANDHRA_PRADESH_TELANGANA_FAMILY||VIJAYAWADA RLY
3,0,0,1,0,1,0,1,0,328,2,0,0,5,0,0,2,0,2,0,3,47,410,5,6,331,5,0,0.0121951219512195,2002,0.0069767441860465,2003,ANDHRA PRADESH,VIJAYAWADA RLY.,ANDHRA_PRADESH_TELANGANA_FAMILY||VIJAYAWADA RLY
0,0,0,0,0,0,0,2,0,360,2,0,0,6,1,0,0,3,0,0,9,36,430,3,2,365,6,0,0.0069767441860465,2003,0.0194986072423398,2004,ANDHRA PRADESH,VIJAYAWADA RLY.,ANDHRA_PRADESH_TELANGANA_FAMILY||VIJAYAWADA RLY
1,1,0,0,0,0,0,1,0,288,2,7,3,3,0,0,6,0,1,0,0,35,359,7,10,291,6,7,0.0194986072423398,2004,0.0063291139240506,2005,ANDHRA PRADESH,VIJAYAWADA RLY.,ANDHRA_PRADESH_TELANGANA_FAMILY||VIJAYAWADA RLY
5,2,0,0,0,1,0,0,0,261,0,0,0,3,0,0,2,0,0,0,4,33,316,2,8,261,3,0,0.0063291139240506,2005,0.0176991150442477,2006,ANDHRA PRADESH,VIJAYAWADA RLY.,ANDHRA_PRADESH_TELANGANA_FAMILY||VIJAYAWADA RLY
2,1,0,0,0,0,1,2,0,259,0,2,1,2,0,0,5,1,0,0,3,44,339,6,8,261,3,2,0.0176991150442477,2006,0.0160857908847185,2007,ANDHRA PRADESH,VIJAYAWADA RLY.,ANDHRA_PRADESH_TELANGANA_FAMILY||VIJAYAWADA RLY
3,1,0,0,0,0,1,4,0,293,0,2,1,4,0,0,4,1,1,0,6,47,373,6,11,297,5,2,0.0160857908847185,2007,0.0047961630695443,2008,ANDHRA PRADESH,VIJAYAWADA RLY.,ANDHRA_PRADESH_TELANGANA_FAMILY||VIJAYAWADA RLY
1,1,0,0,0,1,0,3,1,306,0,1,0,3,0,0,1,1,0,0,1,57,417,2,7,310,3,1,0.0047961630695443,2008,0.0,2009,ANDHRA PRADESH,VIJAYAWADA RLY.,ANDHRA_PRADESH_TELANGANA_FAMILY||VIJAYAWADA RLY
58,29,0,12,0,12,4,3,76,165,0,138,19,39,31,3,67,48,99,0,216,685,3183,229,256,275,58,138,0.0719447062519635,2001,0.0775571375046834,2002,ANDHRA PRADESH,VISAKHA RURAL,ANDHRA_PRADESH_TELANGANA_FAMILY||VISAKHA RURAL
54,25,0,14,0,7,4,4,97,195,0,36,24,40,21,2,65,41,85,0,237,1001,2669,207,144,317,64,36,0.0775571375046834,2002,0.0681031165833012,2003,ANDHRA PRADESH,VISAKHA RURAL,ANDHRA_PRADESH_TELANGANA_FAMILY||VISAKHA RURAL
61,5,1,15,0,15,0,6,115,194,0,30,15,58,35,3,54,16,89,0,227,999,2599,177,133,350,73,30,0.0681031165833012,2003,0.0685497760936961,2004,ANDHRA PRADESH,VISAKHA RURAL,ANDHRA_PRADESH_TELANGANA_FAMILY||VISAKHA RURAL
50,18,1,18,0,12,2,6,79,184,4,62,10,64,17,3,54,30,94,0,274,800,2903,199,169,290,74,62,0.0685497760936961,2004,0.0829921845924823,2005,ANDHRA PRADESH,VISAKHA RURAL,ANDHRA_PRADESH_TELANGANA_FAMILY||VISAKHA RURAL
55,17,0,18,0,8,2,12,95,162,0,47,14,47,17,7,36,9,153,0,309,343,2687,223,159,286,61,47,0.0829921845924823,2005,0.0775888717156105,2006,ANDHRA PRADESH,VISAKHA RURAL,ANDHRA_PRADESH_TELANGANA_FAMILY||VISAKHA RURAL
65,29,1,6,0,11,5,6,96,181,0,49,13,83,27,4,45,38,158,0,418,384,3235,251,172,310,96,49,0.0775888717156105,2006,0.0814521049420378,2007,ANDHRA PRADESH,VISAKHA RURAL,ANDHRA_PRADESH_TELANGANA_FAMILY||VISAKHA RURAL
70,36,6,12,0,11,2,7,90,111,2,57,5,73,20,7,57,24,167,0,382,454,3278,267,201,230,78,57,0.0814521049420378,2007,0.0994528484068233,2008,ANDHRA PRADESH,VISAKHA RURAL,ANDHRA_PRADESH_TELANGANA_FAMILY||VISAKHA RURAL
65,40,4,12,0,12,0,3,103,153,4,159,5,61,20,10,79,40,168,0,365,294,3107,309,295,283,66,159,0.0994528484068233,2008,0.110299488677867,2009,ANDHRA PRADESH,VISAKHA RURAL,ANDHRA_PRADESH_TELANGANA_FAMILY||VISAKHA RURAL
22,10,1,13,0,13,1,5,323,630,172,9,37,192,15,0,33,462,204,0,196,928,3422,712,74,1145,229,9,0.2080654587960257,2001,0.1028893587033121,2002,ANDHRA PRADESH,VISAKHAPATNAM,ANDHRA_PRADESH_TELANGANA_FAMILY||VISAKHAPATNAM
20,15,1,8,0,15,1,7,250,573,173,13,27,240,6,3,28,18,235,0,179,819,2838,292,80,1009,267,13,0.1028893587033121,2002,0.0610242256976387,2003,ANDHRA PRADESH,VISAKHAPATNAM,ANDHRA_PRADESH_TELANGANA_FAMILY||VISAKHAPATNAM
19,21,0,9,0,30,4,5,281,532,174,1,81,290,3,3,11,30,146,0,195,1214,3261,199,89,995,371,1,0.0610242256976387,2003,0.1015084852294154,2004,ANDHRA PRADESH,VISAKHAPATNAM,ANDHRA_PRADESH_TELANGANA_FAMILY||VISAKHAPATNAM
27,27,3,12,0,27,1,12,333,733,176,3,62,280,8,1,24,43,243,0,183,784,3182,323,112,1262,342,3,0.1015084852294154,2004,0.1171717171717171,2005,ANDHRA PRADESH,VISAKHAPATNAM,ANDHRA_PRADESH_TELANGANA_FAMILY||VISAKHAPATNAM
27,48,0,28,0,37,6,19,393,987,298,31,58,279,8,2,45,86,361,0,184,1336,4455,522,196,1705,337,31,0.1171717171717171,2005,0.094925155166119,2006,ANDHRA PRADESH,VISAKHAPATNAM,ANDHRA_PRADESH_TELANGANA_FAMILY||VISAKHAPATNAM
37,30,1,21,0,49,3,27,417,1121,356,28,66,261,8,10,62,30,397,0,247,2095,5478,520,196,1929,327,28,0.094925155166119,2006,0.1273722627737226,2007,ANDHRA PRADESH,VISAKHAPATNAM,ANDHRA_PRADESH_TELANGANA_FAMILY||VISAKHAPATNAM
21,23,1,24,0,39,9,24,370,1215,417,24,65,285,9,14,100,25,535,0,255,1912,5480,698,165,2035,350,24,0.1273722627737226,2007,0.1234297108673978,2008,ANDHRA PRADESH,VISAKHAPATNAM,ANDHRA_PRADESH_TELANGANA_FAMILY||VISAKHAPATNAM
32,36,1,29,0,34,3,28,263,1045,343,14,31,267,10,13,87,2,488,0,313,1886,5015,619,177,1689,298,14,0.1234297108673978,2008,0.1259231905465288,2009,ANDHRA PRADESH,VISAKHAPATNAM,ANDHRA_PRADESH_TELANGANA_FAMILY||VISAKHAPATNAM
33,14,1,8,0,8,0,2,99,144,0,36,11,41,12,0,40,22,121,0,175,880,2178,191,102,257,52,36,0.0876951331496786,2001,0.109375,2002,ANDHRA PRADESH,VIZIANAGARAM,ANDHRA_PRADESH_TELANGANA_FAMILY||VIZIANAGARAM
28,22,1,12,0,9,3,3,105,171,0,9,13,51,6,1,38,25,190,0,147,1127,2432,266,87,285,64,9,0.109375,2002,0.0911627906976744,2003,ANDHRA PRADESH,VIZIANAGARAM,ANDHRA_PRADESH_TELANGANA_FAMILY||VIZIANAGARAM
30,16,1,6,0,3,1,8,106,134,1,13,25,33,0,4,34,25,127,0,162,981,2150,196,78,249,58,13,0.0911627906976744,2003,0.1030844155844155,2004,ANDHRA PRADESH,VIZIANAGARAM,ANDHRA_PRADESH_TELANGANA_FAMILY||VIZIANAGARAM
42,17,2,14,0,8,4,8,106,196,0,15,16,62,0,6,53,26,155,0,186,1145,2464,254,110,310,78,15,0.1030844155844155,2004,0.10703125,2005,ANDHRA PRADESH,VIZIANAGARAM,ANDHRA_PRADESH_TELANGANA_FAMILY||VIZIANAGARAM
43,9,1,12,0,9,6,6,87,217,2,12,10,58,3,7,41,28,186,0,194,1229,2560,274,98,315,68,12,0.10703125,2005,0.0957698815566835,2006,ANDHRA PRADESH,VIZIANAGARAM,ANDHRA_PRADESH_TELANGANA_FAMILY||VIZIANAGARAM
35,17,0,16,0,20,6,8,89,171,1,50,10,57,8,5,69,22,171,0,218,1429,2955,283,152,277,67,50,0.0957698815566835,2006,0.1286855036855037,2007,ANDHRA PRADESH,VIZIANAGARAM,ANDHRA_PRADESH_TELANGANA_FAMILY||VIZIANAGARAM
34,30,0,10,0,23,3,5,97,253,1,17,8,66,11,3,90,46,270,0,239,1551,3256,419,122,367,74,17,0.1286855036855037,2007,0.1304901336728198,2008,ANDHRA PRADESH,VIZIANAGARAM,ANDHRA_PRADESH_TELANGANA_FAMILY||VIZIANAGARAM
29,21,3,6,0,16,0,1,147,206,0,12,6,99,21,3,88,60,253,0,270,1411,3142,410,88,375,105,12,0.1304901336728198,2008,0.1524195885250652,2009,ANDHRA PRADESH,VIZIANAGARAM,ANDHRA_PRADESH_TELANGANA_FAMILY||VIZIANAGARAM
158,79,5,53,0,81,2,23,266,418,79,330,6,137,0,52,241,0,165,0,269,2314,6319,511,731,786,143,330,0.0808672258268713,2001,0.0728466468657183,2002,ANDHRA PRADESH,WARANGAL,ANDHRA_PRADESH_TELANGANA_FAMILY||WARANGAL
131,72,11,52,0,72,7,20,245,413,56,240,41,175,0,45,212,0,157,0,317,2370,6397,466,605,734,216,240,0.0728466468657183,2002,0.0703090669400908,2003,ANDHRA PRADESH,WARANGAL,ANDHRA_PRADESH_TELANGANA_FAMILY||WARANGAL
128,80,3,61,0,103,6,23,293,452,133,276,43,224,0,35,222,0,162,0,334,2550,6827,480,680,901,267,276,0.0703090669400908,2003,0.0629778411299727,2004,ANDHRA PRADESH,WARANGAL,ANDHRA_PRADESH_TELANGANA_FAMILY||WARANGAL
111,67,7,53,0,125,9,31,352,670,175,304,9,400,0,43,228,0,162,0,434,2804,7717,486,707,1228,409,304,0.0629778411299727,2004,0.100404010175071,2005,ANDHRA PRADESH,WARANGAL,ANDHRA_PRADESH_TELANGANA_FAMILY||WARANGAL
117,93,2,34,0,82,7,29,318,650,181,249,15,300,45,29,226,50,332,0,353,2120,6683,671,613,1223,315,249,0.100404010175071,2005,0.1086432288361467,2006,ANDHRA PRADESH,WARANGAL,ANDHRA_PRADESH_TELANGANA_FAMILY||WARANGAL
116,89,2,50,0,103,1,19,319,718,188,464,15,290,70,40,230,56,480,0,487,2577,7879,856,844,1314,305,464,0.1086432288361467,2006,0.1431883267421246,2007,ANDHRA PRADESH,WARANGAL,ANDHRA_PRADESH_TELANGANA_FAMILY||WARANGAL
106,61,5,57,0,138,1,15,277,697,202,217,8,294,63,56,279,50,608,0,469,2233,7333,1050,600,1254,302,217,0.1431883267421246,2007,0.1318437407517017,2008,ANDHRA PRADESH,WARANGAL,ANDHRA_PRADESH_TELANGANA_FAMILY||WARANGAL
121,73,5,59,0,82,1,3,263,455,140,173,15,304,44,36,223,54,519,0,512,2240,6758,891,517,905,319,173,0.1318437407517017,2008,0.1083032490974729,2009,ANDHRA PRADESH,WARANGAL,ANDHRA_PRADESH_TELANGANA_FAMILY||WARANGAL
77,58,1,61,0,41,7,15,257,1116,74,96,63,270,32,15,246,56,348,0,354,1609,5696,726,356,1494,333,96,0.1274578651685393,2001,0.1334763240389374,2002,ANDHRA PRADESH,WEST GODAVARI,ANDHRA_PRADESH_TELANGANA_FAMILY||WEST GODAVARI
69,91,2,54,0,59,7,19,286,826,120,68,61,303,47,12,223,73,447,0,445,1845,6061,809,369,1298,364,68,0.1334763240389374,2002,0.1624331550802139,2003,ANDHRA PRADESH,WEST GODAVARI,ANDHRA_PRADESH_TELANGANA_FAMILY||WEST GODAVARI
77,92,4,107,0,88,6,14,329,1014,116,72,69,344,54,21,382,121,584,0,423,1936,7480,1215,460,1527,413,72,0.1624331550802139,2003,0.1385345997286295,2004,ANDHRA PRADESH,WEST GODAVARI,ANDHRA_PRADESH_TELANGANA_FAMILY||WEST GODAVARI
72,108,3,81,0,66,0,13,345,1247,197,57,78,349,40,17,301,104,518,0,437,1728,7370,1021,400,1842,427,57,0.1385345997286295,2004,0.1175,2005,ANDHRA PRADESH,WEST GODAVARI,ANDHRA_PRADESH_TELANGANA_FAMILY||WEST GODAVARI
81,119,0,69,0,58,2,27,300,1204,236,54,96,312,33,17,232,118,410,0,454,1200,7200,846,410,1800,408,54,0.1175,2005,0.0730963120191032,2006,ANDHRA PRADESH,WEST GODAVARI,ANDHRA_PRADESH_TELANGANA_FAMILY||WEST GODAVARI
59,130,0,53,0,96,1,19,275,1251,236,52,83,441,35,23,354,117,4,0,452,1623,7538,551,410,1816,524,52,0.0730963120191032,2006,0.1494484799569545,2007,ANDHRA PRADESH,WEST GODAVARI,ANDHRA_PRADESH_TELANGANA_FAMILY||WEST GODAVARI
62,106,0,52,0,117,3,8,279,1194,227,33,45,365,24,22,309,155,573,0,523,1319,7434,1111,381,1732,410,33,0.1494484799569545,2007,0.1690003652745647,2008,ANDHRA PRADESH,WEST GODAVARI,ANDHRA_PRADESH_TELANGANA_FAMILY||WEST GODAVARI
78,98,3,117,0,112,2,18,403,1318,291,33,68,355,27,25,368,182,696,0,498,1737,8213,1388,461,2057,423,33,0.1690003652745647,2008,0.1673654786862334,2009,ANDHRA PRADESH,WEST GODAVARI,ANDHRA_PRADESH_TELANGANA_FAMILY||WEST GODAVARI
11,2,0,1,0,3,3,4,18,24,0,0,4,3,1,0,3,0,0,0,0,54,163,4,24,47,7,0,0.0245398773006134,2001,0.0277777777777777,2002,ARUNACHAL PRADESH,CHANGLANG,ARUNACHAL PRADESH||CHANGLANG
9,4,1,3,0,5,2,5,18,25,0,0,4,8,2,0,0,0,2,0,0,66,180,5,29,50,12,0,0.0277777777777777,2002,0.0413793103448275,2003,ARUNACHAL PRADESH,CHANGLANG,ARUNACHAL PRADESH||CHANGLANG
10,1,0,4,0,7,4,0,16,19,0,1,1,1,3,0,0,0,2,0,0,43,145,6,27,38,2,1,0.0413793103448275,2003,0.0679012345679012,2004,ARUNACHAL PRADESH,CHANGLANG,ARUNACHAL PRADESH||CHANGLANG
8,3,1,9,0,7,7,1,17,27,0,6,0,0,1,0,1,0,1,0,0,51,162,11,42,46,0,6,0.0679012345679012,2004,0.027027027027027,2005,ARUNACHAL PRADESH,CHANGLANG,ARUNACHAL PRADESH||CHANGLANG
9,6,4,2,0,8,0,4,17,25,0,0,0,0,2,0,1,0,1,0,3,40,148,4,33,48,0,0,0.027027027027027,2005,0.0392156862745098,2006,ARUNACHAL PRADESH,CHANGLANG,ARUNACHAL PRADESH||CHANGLANG
3,3,1,4,0,4,3,4,21,29,0,0,5,6,1,0,0,0,2,0,4,42,153,6,22,55,11,0,0.0392156862745098,2006,0.0935672514619883,2007,ARUNACHAL PRADESH,CHANGLANG,ARUNACHAL PRADESH||CHANGLANG
5,4,0,7,0,2,2,6,16,35,0,0,4,2,1,0,5,0,4,0,5,40,171,16,26,58,6,0,0.0935672514619883,2007,0.0351758793969849,2008,ARUNACHAL PRADESH,CHANGLANG,ARUNACHAL PRADESH||CHANGLANG
6,4,0,2,0,4,0,7,19,49,0,0,3,1,3,0,5,0,0,0,3,54,199,7,23,78,4,0,0.0351758793969849,2008,0.072463768115942,2009,ARUNACHAL PRADESH,CHANGLANG,ARUNACHAL PRADESH||CHANGLANG
3,5,0,2,0,4,2,5,18,19,1,0,3,0,0,0,4,0,2,0,0,45,139,8,21,43,3,0,0.0575539568345323,2001,0.0786516853932584,2002,ARUNACHAL PRADESH,DIBANG VALLEY,ARUNACHAL PRADESH||DIBANG VALLEY
6,4,0,5,0,6,2,9,16,20,0,5,0,3,0,0,4,0,5,0,0,57,178,14,37,45,3,5,0.0786516853932584,2002,0.0689655172413793,2003,ARUNACHAL PRADESH,DIBANG VALLEY,ARUNACHAL PRADESH||DIBANG VALLEY
1,1,0,2,0,1,2,6,15,13,0,1,1,2,0,0,1,0,5,0,0,27,116,8,14,34,3,1,0.0689655172413793,2003,0.0267857142857142,2004,ARUNACHAL PRADESH,DIBANG VALLEY,ARUNACHAL PRADESH||DIBANG VALLEY
1,10,0,3,0,3,1,3,9,15,0,12,3,3,1,0,0,0,0,0,0,18,112,3,33,28,6,12,0.0267857142857142,2004,0.0390625,2005,ARUNACHAL PRADESH,DIBANG VALLEY,ARUNACHAL PRADESH||DIBANG VALLEY
4,4,0,0,0,5,3,1,13,37,1,0,0,0,1,0,5,0,0,0,5,32,128,5,17,53,0,0,0.0390625,2005,0.0222222222222222,2006,ARUNACHAL PRADESH,DIBANG VALLEY,ARUNACHAL PRADESH||DIBANG VALLEY
2,5,0,2,0,2,4,6,14,18,4,1,1,2,1,0,1,0,0,0,3,42,135,3,22,43,3,1,0.0222222222222222,2006,0.0792079207920792,2007,ARUNACHAL PRADESH,DIBANG VALLEY,ARUNACHAL PRADESH||DIBANG VALLEY
7,1,0,2,0,4,1,2,7,31,3,1,0,0,0,0,5,0,1,0,3,20,101,8,18,43,0,1,0.0792079207920792,2007,0.1052631578947368,2008,ARUNACHAL PRADESH,DIBANG VALLEY,ARUNACHAL PRADESH||DIBANG VALLEY
1,2,0,3,0,6,1,1,10,36,2,0,3,2,2,0,9,0,2,0,2,25,133,14,14,51,5,0,0.1052631578947368,2008,0.0521739130434782,2009,ARUNACHAL PRADESH,DIBANG VALLEY,ARUNACHAL PRADESH||DIBANG VALLEY
4,1,0,0,0,2,1,1,0,1,0,0,0,0,0,0,0,0,0,0,0,5,25,0,9,2,0,0,0.0,2003,0.0,2004,ARUNACHAL PRADESH,K/KUMEY,ARUNACHAL PRADESH||K/KUMEY
5,0,0,0,0,1,2,0,4,2,0,1,1,1,0,0,0,0,0,0,0,11,39,0,9,6,2,1,0.0,2004,0.0188679245283018,2005,ARUNACHAL PRADESH,K/KUMEY,ARUNACHAL PRADESH||K/KUMEY
4,7,0,1,0,2,0,0,9,8,0,0,4,2,0,0,0,0,0,0,1,11,53,1,14,17,6,0,0.0188679245283018,2005,0.0555555555555555,2006,ARUNACHAL PRADESH,K/KUMEY,ARUNACHAL PRADESH||K/KUMEY
5,1,0,2,0,3,0,0,5,3,0,0,1,1,0,0,0,0,0,0,2,10,36,2,11,8,2,0,0.0555555555555555,2006,0.0289855072463768,2007,ARUNACHAL PRADESH,K/KUMEY,ARUNACHAL PRADESH||K/KUMEY
2,7,0,1,0,4,0,1,11,19,0,0,1,2,0,0,0,0,1,0,2,15,69,2,15,31,3,0,0.0289855072463768,2007,0.0515463917525773,2008,ARUNACHAL PRADESH,K/KUMEY,ARUNACHAL PRADESH||K/KUMEY
3,4,0,2,0,3,0,1,5,4,0,2,1,1,0,0,2,0,1,0,4,43,97,5,15,10,2,2,0.0515463917525773,2008,0.0694444444444444,2009,ARUNACHAL PRADESH,K/KUMEY,ARUNACHAL PRADESH||K/KUMEY
3,1,0,2,0,7,1,6,8,26,0,0,1,1,1,0,5,0,0,0,0,28,126,7,20,41,2,0,0.0555555555555555,2001,0.0555555555555555,2002,ARUNACHAL PRADESH,KAMENG EAST,ARUNACHAL PRADESH||KAMENG EAST
3,2,0,1,0,4,0,3,10,23,0,8,1,0,0,0,6,0,0,0,0,28,126,7,21,36,1,8,0.0555555555555555,2002,0.1089108910891089,2003,ARUNACHAL PRADESH,KAMENG EAST,ARUNACHAL PRADESH||KAMENG EAST
4,0,0,0,0,2,0,5,15,11,0,1,0,0,0,0,10,0,1,0,0,19,101,11,12,31,0,1,0.1089108910891089,2003,0.04,2004,ARUNACHAL PRADESH,KAMENG EAST,ARUNACHAL PRADESH||KAMENG EAST
4,1,0,0,0,2,0,0,18,11,0,4,0,2,0,0,4,0,0,0,0,20,100,4,11,29,2,4,0.04,2004,0.0865384615384615,2005,ARUNACHAL PRADESH,KAMENG EAST,ARUNACHAL PRADESH||KAMENG EAST
4,2,0,2,0,4,3,3,12,18,5,0,2,1,0,0,5,0,2,0,2,31,104,9,18,38,3,0,0.0865384615384615,2005,0.0241935483870967,2006,ARUNACHAL PRADESH,KAMENG EAST,ARUNACHAL PRADESH||KAMENG EAST
3,0,0,1,0,3,0,2,17,15,0,0,2,2,0,0,2,0,0,0,1,37,124,3,9,34,4,0,0.0241935483870967,2006,0.1,2007,ARUNACHAL PRADESH,KAMENG EAST,ARUNACHAL PRADESH||KAMENG EAST
6,0,0,1,0,4,0,2,14,29,7,1,0,1,0,0,10,0,0,0,1,17,110,11,14,52,1,1,0.1,2007,0.0347222222222222,2008,ARUNACHAL PRADESH,KAMENG EAST,ARUNACHAL PRADESH||KAMENG EAST
4,0,0,5,0,6,2,4,15,13,0,1,2,0,0,0,0,0,0,0,9,34,144,5,22,32,2,1,0.0347222222222222,2008,0.0245398773006134,2009,ARUNACHAL PRADESH,KAMENG EAST,ARUNACHAL PRADESH||KAMENG EAST
4,2,0,0,0,2,1,0,6,26,0,0,1,4,0,0,0,0,0,0,0,30,103,0,9,32,5,0,0.0,2001,0.0,2002,ARUNACHAL PRADESH,KAMENG WEST,ARUNACHAL PRADESH||KAMENG WEST
3,3,0,0,0,4,0,0,10,15,0,0,1,1,0,0,0,0,0,0,0,31,84,0,10,25,2,0,0.0,2002,0.0120481927710843,2003,ARUNACHAL PRADESH,KAMENG WEST,ARUNACHAL PRADESH||KAMENG WEST
7,1,0,1,0,0,1,2,11,11,0,0,0,0,0,0,0,0,0,0,0,25,83,1,12,24,0,0,0.0120481927710843,2003,0.0288461538461538,2004,ARUNACHAL PRADESH,KAMENG WEST,ARUNACHAL PRADESH||KAMENG WEST
3,0,0,2,0,4,1,4,5,24,0,1,1,2,0,0,1,0,0,0,0,33,104,3,15,33,3,1,0.0288461538461538,2004,0.018018018018018,2005,ARUNACHAL PRADESH,KAMENG WEST,ARUNACHAL PRADESH||KAMENG WEST
6,0,0,0,0,1,1,4,10,25,0,0,3,2,0,0,2,0,0,0,10,26,111,2,12,39,5,0,0.018018018018018,2005,0.0442477876106194,2006,ARUNACHAL PRADESH,KAMENG WEST,ARUNACHAL PRADESH||KAMENG WEST
4,1,0,2,0,2,0,6,18,14,0,2,1,3,1,0,3,0,0,0,14,23,113,5,17,39,4,2,0.0442477876106194,2006,0.0288461538461538,2007,ARUNACHAL PRADESH,KAMENG WEST,ARUNACHAL PRADESH||KAMENG WEST
2,0,0,1,0,1,1,6,4,26,5,1,1,5,0,0,2,0,0,0,10,23,104,3,12,41,6,1,0.0288461538461538,2007,0.0412371134020618,2008,ARUNACHAL PRADESH,KAMENG WEST,ARUNACHAL PRADESH||KAMENG WEST
1,0,0,0,0,3,3,0,8,20,2,2,3,1,0,0,4,0,0,0,20,13,97,4,9,30,4,2,0.0412371134020618,2008,0.0510948905109489,2009,ARUNACHAL PRADESH,KAMENG WEST,ARUNACHAL PRADESH||KAMENG WEST
16,6,1,2,0,6,2,8,20,31,0,3,5,2,2,0,8,0,0,0,0,38,190,10,44,61,7,3,0.0526315789473684,2001,0.0650887573964497,2002,ARUNACHAL PRADESH,LOHIT,ARUNACHAL PRADESH||LOHIT
14,2,0,3,0,5,6,5,12,24,0,0,1,2,1,0,8,0,0,0,0,34,169,11,35,42,3,0,0.0650887573964497,2002,0.037037037037037,2003,ARUNACHAL PRADESH,LOHIT,ARUNACHAL PRADESH||LOHIT
16,0,0,1,0,15,4,2,26,25,0,0,2,2,0,0,5,0,1,0,0,60,189,7,38,53,4,0,0.037037037037037,2003,0.0722222222222222,2004,ARUNACHAL PRADESH,LOHIT,ARUNACHAL PRADESH||LOHIT
10,2,0,5,0,7,5,4,13,23,0,1,3,3,1,0,8,0,0,0,0,58,180,13,34,41,6,1,0.0722222222222222,2004,0.0696202531645569,2005,ARUNACHAL PRADESH,LOHIT,ARUNACHAL PRADESH||LOHIT
14,5,0,3,0,7,1,5,20,22,0,0,3,2,1,0,7,0,1,0,11,35,158,11,35,48,5,0,0.0696202531645569,2005,0.0404624277456647,2006,ARUNACHAL PRADESH,LOHIT,ARUNACHAL PRADESH||LOHIT
9,0,0,3,0,10,4,12,15,38,3,0,1,0,3,0,3,0,1,0,14,34,173,7,38,71,1,0,0.0404624277456647,2006,0.0436893203883495,2007,ARUNACHAL PRADESH,LOHIT,ARUNACHAL PRADESH||LOHIT
17,1,0,5,0,12,0,5,19,42,2,1,0,2,3,0,4,0,0,0,15,52,206,9,41,71,2,1,0.0436893203883495,2007,0.0251572327044025,2008,ARUNACHAL PRADESH,LOHIT,ARUNACHAL PRADESH||LOHIT
11,1,0,3,0,1,0,6,13,43,0,1,0,0,0,0,1,0,0,0,10,50,159,4,23,62,0,1,0.0251572327044025,2008,0.0764705882352941,2009,ARUNACHAL PRADESH,LOHIT,ARUNACHAL PRADESH||LOHIT
11,8,0,9,0,15,4,29,59,109,29,9,12,8,1,0,6,0,3,0,0,129,498,18,85,227,20,9,0.036144578313253,2001,0.0365535248041775,2002,ARUNACHAL PRADESH,PAPUM PARE,ARUNACHAL PRADESH||PAPUM PARE
3,3,1,3,0,10,7,42,66,94,38,0,4,3,1,0,9,1,1,0,0,83,383,14,69,241,7,0,0.0365535248041775,2002,0.0271604938271604,2003,ARUNACHAL PRADESH,PAPUM PARE,ARUNACHAL PRADESH||PAPUM PARE
9,2,0,3,0,10,11,11,56,110,38,1,10,2,0,0,7,0,1,0,0,105,405,11,47,215,12,1,0.0271604938271604,2003,0.0272727272727272,2004,ARUNACHAL PRADESH,PAPUM PARE,ARUNACHAL PRADESH||PAPUM PARE
7,4,0,4,0,8,6,7,51,132,65,1,10,9,1,0,8,0,0,0,0,126,440,12,37,256,19,1,0.0272727272727272,2004,0.0241935483870967,2005,ARUNACHAL PRADESH,PAPUM PARE,ARUNACHAL PRADESH||PAPUM PARE
10,4,0,6,0,10,3,16,47,180,85,11,12,10,2,0,4,0,2,0,11,96,496,12,60,330,22,11,0.0241935483870967,2005,0.039568345323741,2006,ARUNACHAL PRADESH,PAPUM PARE,ARUNACHAL PRADESH||PAPUM PARE
10,11,1,5,0,20,7,18,73,138,53,1,30,7,1,0,14,1,2,0,17,113,556,22,73,283,37,1,0.039568345323741,2006,0.0538194444444444,2007,ARUNACHAL PRADESH,PAPUM PARE,ARUNACHAL PRADESH||PAPUM PARE
4,7,0,8,0,20,1,23,56,138,76,7,15,7,11,0,15,0,8,0,14,155,576,31,70,304,22,7,0.0538194444444444,2007,0.0425138632162661,2008,ARUNACHAL PRADESH,PAPUM PARE,ARUNACHAL PRADESH||PAPUM PARE
11,6,1,7,0,18,5,33,62,111,40,2,20,10,3,0,12,1,3,0,17,138,541,23,83,249,30,2,0.0425138632162661,2008,0.0614035087719298,2009,ARUNACHAL PRADESH,PAPUM PARE,ARUNACHAL PRADESH||PAPUM PARE
7,0,0,5,0,11,4,8,25,52,4,1,4,4,1,0,7,0,2,0,0,54,243,14,36,90,8,1,0.0576131687242798,2001,0.0984848484848484,2002,ARUNACHAL PRADESH,SIANG EAST,ARUNACHAL PRADESH||SIANG EAST
3,0,0,11,0,10,2,6,28,58,3,0,4,5,2,0,14,0,1,0,0,62,264,26,32,97,9,0,0.0984848484848484,2002,0.0603448275862069,2003,ARUNACHAL PRADESH,SIANG EAST,ARUNACHAL PRADESH||SIANG EAST
6,2,0,9,0,10,4,13,22,46,4,0,1,7,1,0,4,0,1,0,0,65,232,14,44,86,8,0,0.0603448275862069,2003,0.0787671232876712,2004,ARUNACHAL PRADESH,SIANG EAST,ARUNACHAL PRADESH||SIANG EAST
1,2,0,11,0,14,4,5,20,41,1,14,2,7,4,0,11,0,1,0,0,89,292,23,51,71,9,14,0.0787671232876712,2004,0.0926517571884984,2005,ARUNACHAL PRADESH,SIANG EAST,ARUNACHAL PRADESH||SIANG EAST
3,3,0,13,0,6,3,19,34,66,18,2,1,5,0,0,15,0,1,0,3,75,313,29,49,137,6,2,0.0926517571884984,2005,0.0775510204081632,2006,ARUNACHAL PRADESH,SIANG EAST,ARUNACHAL PRADESH||SIANG EAST
2,8,0,7,0,6,5,12,30,54,5,0,2,1,1,0,11,0,1,0,5,48,245,19,40,102,3,0,0.0775510204081632,2006,0.0878661087866108,2007,ARUNACHAL PRADESH,SIANG EAST,ARUNACHAL PRADESH||SIANG EAST
5,2,0,8,0,4,3,15,28,63,14,2,2,5,1,0,12,0,1,0,8,43,239,21,39,121,7,2,0.0878661087866108,2007,0.0670391061452514,2008,ARUNACHAL PRADESH,SIANG EAST,ARUNACHAL PRADESH||SIANG EAST
9,2,1,5,0,8,2,7,29,40,2,0,1,4,0,0,6,0,1,0,7,30,179,12,34,78,5,0,0.0670391061452514,2008,0.072072072072072,2009,ARUNACHAL PRADESH,SIANG EAST,ARUNACHAL PRADESH||SIANG EAST
1,1,0,2,0,5,0,0,5,9,0,1,1,0,2,0,3,0,0,0,0,11,56,5,10,16,1,1,0.0892857142857142,2001,0.0681818181818181,2002,ARUNACHAL PRADESH,SIANG UPPER,ARUNACHAL PRADESH||SIANG UPPER
0,1,0,3,0,0,0,1,9,7,0,0,0,0,0,0,0,0,0,0,0,23,44,3,5,17,0,0,0.0681818181818181,2002,0.0181818181818181,2003,ARUNACHAL PRADESH,SIANG UPPER,ARUNACHAL PRADESH||SIANG UPPER
4,2,1,1,0,1,0,0,8,16,0,0,1,0,0,0,0,0,0,0,0,9,55,1,9,24,1,0,0.0181818181818181,2003,0.0588235294117647,2004,ARUNACHAL PRADESH,SIANG UPPER,ARUNACHAL PRADESH||SIANG UPPER
1,4,0,1,0,0,0,0,9,10,1,0,1,0,1,0,2,0,0,0,0,17,51,3,6,21,1,0,0.0588235294117647,2004,0.125,2005,ARUNACHAL PRADESH,SIANG UPPER,ARUNACHAL PRADESH||SIANG UPPER
5,0,0,2,0,1,0,0,8,16,2,0,2,2,2,0,8,0,0,0,1,11,80,10,8,28,4,0,0.125,2005,0.1058823529411764,2006,ARUNACHAL PRADESH,SIANG UPPER,ARUNACHAL PRADESH||SIANG UPPER
1,0,0,2,0,2,0,0,9,18,0,0,3,3,4,0,6,0,1,0,2,16,85,9,5,31,6,0,0.1058823529411764,2006,0.0921052631578947,2007,ARUNACHAL PRADESH,SIANG UPPER,ARUNACHAL PRADESH||SIANG UPPER
2,1,0,5,0,0,0,1,8,23,0,0,3,1,0,0,2,0,0,0,2,12,76,7,9,32,4,0,0.0921052631578947,2007,0.0181818181818181,2008,ARUNACHAL PRADESH,SIANG UPPER,ARUNACHAL PRADESH||SIANG UPPER
1,3,0,0,0,1,0,2,7,12,1,0,5,1,0,0,1,0,0,0,4,8,55,1,7,22,6,0,0.0181818181818181,2008,0.0545454545454545,2009,ARUNACHAL PRADESH,SIANG UPPER,ARUNACHAL PRADESH||SIANG UPPER
5,14,0,4,0,17,1,10,34,72,1,2,5,5,3,0,25,2,2,0,0,89,361,33,53,120,10,2,0.0914127423822714,2001,0.0725075528700906,2002,ARUNACHAL PRADESH,SIANG WEST,ARUNACHAL PRADESH||SIANG WEST
4,7,3,4,0,7,1,7,39,50,4,3,3,2,6,0,18,0,2,0,0,117,331,24,36,106,5,3,0.0725075528700906,2002,0.046692607003891,2003,ARUNACHAL PRADESH,SIANG WEST,ARUNACHAL PRADESH||SIANG WEST
5,2,0,5,0,5,2,2,22,50,5,2,7,4,0,0,6,0,1,0,0,87,257,12,23,79,11,2,0.046692607003891,2003,0.0425531914893617,2004,ARUNACHAL PRADESH,SIANG WEST,ARUNACHAL PRADESH||SIANG WEST
3,8,0,6,0,10,3,6,25,44,7,21,2,5,8,0,8,0,0,0,0,123,329,14,57,90,7,21,0.0425531914893617,2004,0.0347826086956521,2005,ARUNACHAL PRADESH,SIANG WEST,ARUNACHAL PRADESH||SIANG WEST
4,1,1,3,0,5,2,6,31,51,6,4,3,2,1,0,5,0,0,0,3,75,230,8,26,95,5,4,0.0347826086956521,2005,0.072,2006,ARUNACHAL PRADESH,SIANG WEST,ARUNACHAL PRADESH||SIANG WEST
6,1,1,0,0,7,1,3,17,55,9,0,5,6,5,0,13,1,4,0,4,71,250,18,19,89,11,0,0.072,2006,0.055045871559633,2007,ARUNACHAL PRADESH,SIANG WEST,ARUNACHAL PRADESH||SIANG WEST
6,1,0,3,0,6,2,8,30,35,2,1,9,4,2,0,5,1,3,0,5,61,218,12,27,77,13,1,0.055045871559633,2007,0.0869565217391304,2008,ARUNACHAL PRADESH,SIANG WEST,ARUNACHAL PRADESH||SIANG WEST
6,5,0,13,0,10,0,1,24,51,3,1,3,2,2,0,6,0,5,0,7,75,276,24,36,81,5,1,0.0869565217391304,2008,0.0617283950617283,2009,ARUNACHAL PRADESH,SIANG WEST,ARUNACHAL PRADESH||SIANG WEST
8,10,1,2,0,6,1,7,17,25,0,5,3,2,2,0,4,0,0,0,0,44,148,6,40,51,5,5,0.0405405405405405,2001,0.0328947368421052,2002,ARUNACHAL PRADESH,SUBANSIRI LOWER,ARUNACHAL PRADESH||SUBANSIRI LOWER
8,3,0,1,0,4,2,8,16,32,4,0,0,1,4,0,4,0,0,0,0,51,152,5,26,64,1,0,0.0328947368421052,2002,0.024390243902439,2003,ARUNACHAL PRADESH,SUBANSIRI LOWER,ARUNACHAL PRADESH||SUBANSIRI LOWER
3,3,1,3,0,4,4,5,20,17,2,1,2,1,1,0,0,0,0,0,0,46,123,3,24,45,3,1,0.024390243902439,2003,0.0105263157894736,2004,ARUNACHAL PRADESH,SUBANSIRI LOWER,ARUNACHAL PRADESH||SUBANSIRI LOWER
8,2,0,0,0,1,0,5,12,7,0,1,0,2,0,0,1,0,0,0,0,43,95,1,17,24,2,1,0.0105263157894736,2004,0.0336134453781512,2005,ARUNACHAL PRADESH,SUBANSIRI LOWER,ARUNACHAL PRADESH||SUBANSIRI LOWER
5,0,0,0,0,3,0,4,19,12,2,0,1,0,1,0,4,0,0,0,6,49,119,4,12,38,1,0,0.0336134453781512,2005,0.054054054054054,2006,ARUNACHAL PRADESH,SUBANSIRI LOWER,ARUNACHAL PRADESH||SUBANSIRI LOWER
4,1,0,3,0,5,1,6,5,22,0,2,2,1,1,0,3,0,0,0,4,29,111,6,22,34,3,2,0.054054054054054,2006,0.048780487804878,2007,ARUNACHAL PRADESH,SUBANSIRI LOWER,ARUNACHAL PRADESH||SUBANSIRI LOWER
0,2,1,3,0,4,3,3,12,24,2,2,1,1,2,0,3,0,0,0,4,32,123,6,18,43,2,2,0.048780487804878,2007,0.074074074074074,2008,ARUNACHAL PRADESH,SUBANSIRI LOWER,ARUNACHAL PRADESH||SUBANSIRI LOWER
4,1,0,0,0,4,0,6,12,16,3,1,1,2,0,0,10,0,0,0,4,35,135,10,16,37,3,1,0.074074074074074,2008,0.0787401574803149,2009,ARUNACHAL PRADESH,SUBANSIRI LOWER,ARUNACHAL PRADESH||SUBANSIRI LOWER
4,0,0,2,0,1,3,5,17,20,0,2,2,0,0,0,8,0,2,0,0,40,140,12,17,42,2,2,0.0857142857142857,2001,0.0454545454545454,2002,ARUNACHAL PRADESH,SUBANSIRI UPPER,ARUNACHAL PRADESH||SUBANSIRI UPPER
5,2,0,2,0,1,0,6,13,14,0,4,3,2,4,0,4,0,0,0,0,48,132,6,20,37,5,4,0.0454545454545454,2002,0.0084745762711864,2003,ARUNACHAL PRADESH,SUBANSIRI UPPER,ARUNACHAL PRADESH||SUBANSIRI UPPER
4,1,0,1,0,2,2,7,15,11,0,0,0,0,3,0,0,0,0,0,0,36,118,1,17,36,0,0,0.0084745762711864,2003,0.0289855072463768,2004,ARUNACHAL PRADESH,SUBANSIRI UPPER,ARUNACHAL PRADESH||SUBANSIRI UPPER
10,6,0,0,0,4,0,8,10,18,1,1,1,0,2,0,3,0,1,0,0,38,138,4,29,39,1,1,0.0289855072463768,2004,0.0444444444444444,2005,ARUNACHAL PRADESH,SUBANSIRI UPPER,ARUNACHAL PRADESH||SUBANSIRI UPPER
4,3,0,2,0,3,3,10,16,28,0,5,2,2,3,0,5,0,1,0,8,30,180,8,30,57,4,5,0.0444444444444444,2005,0.0723684210526315,2006,ARUNACHAL PRADESH,SUBANSIRI UPPER,ARUNACHAL PRADESH||SUBANSIRI UPPER
4,0,0,2,0,4,0,3,12,20,0,0,5,6,2,0,6,0,3,0,4,53,152,11,13,37,11,0,0.0723684210526315,2006,0.0709219858156028,2007,ARUNACHAL PRADESH,SUBANSIRI UPPER,ARUNACHAL PRADESH||SUBANSIRI UPPER
1,2,1,3,0,4,1,0,10,22,4,0,3,3,2,0,5,0,2,0,3,47,141,10,12,38,6,0,0.0709219858156028,2007,0.0555555555555555,2008,ARUNACHAL PRADESH,SUBANSIRI UPPER,ARUNACHAL PRADESH||SUBANSIRI UPPER
4,6,0,2,0,2,0,4,5,13,2,7,0,4,0,0,6,0,1,0,5,48,162,9,25,24,4,7,0.0555555555555555,2008,0.0514705882352941,2009,ARUNACHAL PRADESH,SUBANSIRI UPPER,ARUNACHAL PRADESH||SUBANSIRI UPPER
2,0,0,1,0,0,0,0,3,13,1,0,0,1,0,0,5,1,0,0,0,19,48,7,3,17,1,0,0.1458333333333333,2001,0.0681818181818181,2002,ARUNACHAL PRADESH,TAWANG,ARUNACHAL PRADESH||TAWANG
0,0,1,1,0,0,0,0,3,13,2,1,1,1,0,0,0,1,1,0,0,17,44,3,3,18,2,1,0.0681818181818181,2002,0.0204081632653061,2003,ARUNACHAL PRADESH,TAWANG,ARUNACHAL PRADESH||TAWANG
0,0,0,0,0,0,0,1,12,14,1,0,0,0,0,0,1,0,0,0,0,13,49,1,1,28,0,0,0.0204081632653061,2003,0.1866666666666666,2004,ARUNACHAL PRADESH,TAWANG,ARUNACHAL PRADESH||TAWANG
0,2,0,0,0,0,0,0,6,11,0,2,0,0,0,0,13,0,1,0,0,24,75,14,4,17,0,2,0.1866666666666666,2004,0.0625,2005,ARUNACHAL PRADESH,TAWANG,ARUNACHAL PRADESH||TAWANG
2,0,0,1,0,0,0,1,8,18,0,0,1,0,0,0,1,0,1,0,2,7,48,3,4,27,1,0,0.0625,2005,0.0204081632653061,2006,ARUNACHAL PRADESH,TAWANG,ARUNACHAL PRADESH||TAWANG
0,0,0,0,0,0,1,0,7,13,0,0,1,0,0,0,1,0,0,0,5,14,49,1,1,20,1,0,0.0204081632653061,2006,0.0652173913043478,2007,ARUNACHAL PRADESH,TAWANG,ARUNACHAL PRADESH||TAWANG
3,0,0,1,0,0,0,1,9,10,0,0,0,0,0,0,2,0,0,0,7,9,46,3,5,20,0,0,0.0652173913043478,2007,0.119047619047619,2008,ARUNACHAL PRADESH,TAWANG,ARUNACHAL PRADESH||TAWANG
2,0,0,0,0,0,0,1,3,10,0,0,0,0,0,0,5,0,0,0,6,4,42,5,3,14,0,0,0.119047619047619,2008,0.0,2009,ARUNACHAL PRADESH,TAWANG,ARUNACHAL PRADESH||TAWANG
8,4,1,1,0,6,0,2,18,17,0,1,0,0,0,0,0,0,0,0,0,37,127,1,23,37,0,1,0.0078740157480314,2001,0.0212765957446808,2002,ARUNACHAL PRADESH,TIRAP,ARUNACHAL PRADESH||TIRAP
3,7,0,1,0,1,0,4,9,20,0,0,1,1,0,0,1,0,1,0,0,67,141,3,16,33,2,0,0.0212765957446808,2002,0.0821917808219178,2003,ARUNACHAL PRADESH,TIRAP,ARUNACHAL PRADESH||TIRAP
2,3,1,1,0,8,2,5,13,25,0,0,3,2,2,0,9,0,2,0,0,35,146,12,22,45,5,0,0.0821917808219178,2003,0.0163934426229508,2004,ARUNACHAL PRADESH,TIRAP,ARUNACHAL PRADESH||TIRAP
3,1,0,1,0,4,1,2,14,21,0,0,1,0,0,0,1,0,0,0,0,59,122,2,12,37,1,0,0.0163934426229508,2004,0.043859649122807,2005,ARUNACHAL PRADESH,TIRAP,ARUNACHAL PRADESH||TIRAP
3,2,0,0,0,2,4,3,17,17,0,1,2,0,0,0,5,0,0,0,2,43,114,5,15,37,2,1,0.043859649122807,2005,0.0505050505050505,2006,ARUNACHAL PRADESH,TIRAP,ARUNACHAL PRADESH||TIRAP
7,2,0,4,0,7,2,2,12,11,0,0,2,0,0,1,0,0,0,0,1,29,99,5,24,25,2,0,0.0505050505050505,2006,0.0198019801980198,2007,ARUNACHAL PRADESH,TIRAP,ARUNACHAL PRADESH||TIRAP
7,1,0,0,0,3,2,1,16,16,1,0,2,0,0,0,2,0,0,0,3,26,101,2,14,34,2,0,0.0198019801980198,2007,0.0354609929078014,2008,ARUNACHAL PRADESH,TIRAP,ARUNACHAL PRADESH||TIRAP
7,3,0,0,0,13,1,6,30,24,5,1,1,0,0,0,5,0,0,0,5,31,141,5,31,65,1,1,0.0354609929078014,2008,0.0421686746987951,2009,ARUNACHAL PRADESH,TIRAP,ARUNACHAL PRADESH||TIRAP
2,1,0,0,0,1,0,0,2,1,0,0,0,0,0,0,0,0,0,0,0,10,17,0,4,3,0,0,0.0,2003,0.0,2004,ARUNACHAL PRADESH,UPPER DIBANG VALLEY,ARUNACHAL PRADESH||UPPER DIBANG VALLEY
3,0,0,0,0,0,0,0,2,2,0,0,1,0,0,0,0,0,0,0,0,7,17,0,3,4,1,0,0.0,2004,0.0,2005,ARUNACHAL PRADESH,UPPER DIBANG VALLEY,ARUNACHAL PRADESH||UPPER DIBANG VALLEY
4,0,0,0,0,1,0,1,2,8,0,0,0,0,0,0,0,0,0,0,1,1,22,0,6,11,0,0,0.0,2005,0.0,2006,ARUNACHAL PRADESH,UPPER DIBANG VALLEY,ARUNACHAL PRADESH||UPPER DIBANG VALLEY
0,0,0,0,0,0,0,0,2,3,0,0,0,0,0,0,0,0,0,0,2,4,13,0,0,5,0,0,0.0,2006,0.0,2007,ARUNACHAL PRADESH,UPPER DIBANG VALLEY,ARUNACHAL PRADESH||UPPER DIBANG VALLEY
1,0,0,0,0,0,0,1,0,0,0,0,0,0,0,0,0,0,0,0,0,3,5,0,2,1,0,0,0.0,2007,0.0,2008,ARUNACHAL PRADESH,UPPER DIBANG VALLEY,ARUNACHAL PRADESH||UPPER DIBANG VALLEY
2,0,0,0,0,0,0,0,3,3,0,0,0,0,0,0,0,0,0,0,1,2,14,0,2,6,0,0,0.0,2008,0.0,2009,ARUNACHAL PRADESH,UPPER DIBANG VALLEY,ARUNACHAL PRADESH||UPPER DIBANG VALLEY
64,5,0,28,0,105,43,45,93,187,2,196,26,29,38,10,29,0,95,0,87,430,1778,162,486,365,55,196,0.0911136107986501,2001,0.1139489194499017,2002,ASSAM,BARPETA,ASSAM||BARPETA
43,20,2,55,0,69,28,23,83,256,9,275,19,28,28,4,18,0,97,0,102,285,1527,174,515,399,47,275,0.1139489194499017,2002,0.1180048661800486,2003,ASSAM,BARPETA,ASSAM||BARPETA
46,9,3,61,0,76,34,21,88,121,2,213,16,41,10,6,15,0,112,0,119,428,1644,194,463,242,57,213,0.1180048661800486,2003,0.1224886584575502,2004,ASSAM,BARPETA,ASSAM||BARPETA
48,6,1,50,0,74,21,28,84,238,2,241,13,42,12,8,25,4,102,0,40,313,1543,189,469,364,55,241,0.1224886584575502,2004,0.0979303382130237,2005,ASSAM,BARPETA,ASSAM||BARPETA
38,4,0,56,0,69,27,17,145,137,2,178,9,20,4,8,25,0,105,0,47,823,1981,194,389,305,29,178,0.0979303382130237,2005,0.1044219499200852,2006,ASSAM,BARPETA,ASSAM||BARPETA
57,3,0,58,0,75,22,19,128,177,16,153,17,43,10,4,18,0,116,0,45,822,1877,196,387,350,60,153,0.1044219499200852,2006,0.1417361451692005,2007,ASSAM,BARPETA,ASSAM||BARPETA
40,7,3,83,0,87,19,19,151,211,19,213,40,23,12,10,16,0,180,0,177,631,2039,289,471,412,63,213,0.1417361451692005,2007,0.1516345017723513,2008,ASSAM,BARPETA,ASSAM||BARPETA
54,20,0,97,0,128,14,16,127,209,25,277,20,11,3,14,34,0,240,0,215,806,2539,385,606,380,31,277,0.1516345017723513,2008,0.1955128205128205,2009,ASSAM,BARPETA,ASSAM||BARPETA
21,11,0,9,0,24,5,8,11,32,1,6,3,3,8,0,8,0,8,0,10,61,306,25,84,60,6,6,0.0816993464052287,2005,0.1472222222222222,2006,ASSAM,BASKA,ASSAM||BASKA
25,5,0,14,0,24,3,7,10,25,3,2,5,2,7,1,26,0,12,0,23,77,360,53,80,52,7,2,0.1472222222222222,2006,0.0688622754491018,2007,ASSAM,BASKA,ASSAM||BASKA
29,11,0,7,0,19,0,5,20,26,2,10,1,6,8,2,7,0,7,0,16,82,334,23,81,61,7,10,0.0688622754491018,2007,0.1204301075268817,2008,ASSAM,BASKA,ASSAM||BASKA
67,19,0,23,0,35,3,7,10,35,1,3,7,4,3,4,16,0,13,0,12,126,465,56,157,56,11,3,0.1204301075268817,2008,0.1307506053268765,2009,ASSAM,BASKA,ASSAM||BASKA
45,22,0,20,0,36,13,25,87,92,0,87,4,13,12,1,22,0,26,0,50,188,810,69,248,216,17,87,0.0851851851851851,2001,0.0709046454767726,2002,ASSAM,BONGAIGAON,ASSAM||BONGAIGAON
47,0,0,21,0,51,26,20,78,80,6,81,16,9,2,3,2,0,32,0,45,274,818,58,246,186,25,81,0.0709046454767726,2002,0.1347150259067357,2003,ASSAM,BONGAIGAON,ASSAM||BONGAIGAON
27,9,2,27,0,46,22,15,68,93,0,75,11,17,1,6,10,0,61,0,44,165,772,104,223,177,28,75,0.1347150259067357,2003,0.0691768826619965,2004,ASSAM,BONGAIGAON,ASSAM||BONGAIGAON
36,2,0,41,0,52,10,10,48,136,0,91,12,17,3,3,12,0,23,0,109,302,1142,79,242,197,29,91,0.0691768826619965,2004,0.1478787878787879,2005,ASSAM,BONGAIGAON,ASSAM||BONGAIGAON
19,3,0,38,0,31,7,6,48,80,4,32,5,9,1,3,15,0,66,0,25,334,825,122,136,139,14,32,0.1478787878787879,2005,0.0935582822085889,2006,ASSAM,BONGAIGAON,ASSAM||BONGAIGAON
15,1,0,13,0,19,8,9,39,58,0,30,3,1,9,0,20,0,28,0,17,331,652,61,95,115,4,30,0.0935582822085889,2006,0.1639639639639639,2007,ASSAM,BONGAIGAON,ASSAM||BONGAIGAON
15,2,2,40,0,45,11,5,72,107,2,53,16,25,8,5,13,0,124,0,158,333,1110,182,173,194,41,53,0.1639639639639639,2007,0.1435602953240361,2008,ASSAM,BONGAIGAON,ASSAM||BONGAIGAON
15,10,0,51,0,60,7,7,104,138,27,83,13,36,4,5,13,0,106,0,81,388,1219,175,233,280,49,83,0.1435602953240361,2008,0.1444533120510774,2009,ASSAM,BONGAIGAON,ASSAM||BONGAIGAON
52,30,1,45,0,104,29,42,189,359,0,533,29,33,64,7,80,0,216,0,235,1124,3462,348,836,654,62,533,0.1005199306759098,2001,0.1286931818181818,2002,ASSAM,CACHAR,ASSAM||CACHAR
57,44,0,71,0,93,29,18,206,448,3,446,50,33,57,7,156,0,219,0,291,1057,3520,453,758,732,83,446,0.1286931818181818,2002,0.1214926236621348,2003,ASSAM,CACHAR,ASSAM||CACHAR
68,35,0,70,0,120,26,13,273,398,0,395,41,58,82,3,118,0,229,0,295,1015,3457,420,727,766,99,395,0.1214926236621348,2003,0.1193860147811256,2004,ASSAM,CACHAR,ASSAM||CACHAR
46,30,3,46,0,112,21,15,249,411,31,388,61,66,42,4,114,0,256,0,306,1149,3518,420,661,748,127,388,0.1193860147811256,2004,0.1409669211195929,2005,ASSAM,CACHAR,ASSAM||CACHAR
51,44,2,51,0,110,19,20,193,406,4,377,38,72,57,4,165,0,334,0,373,1368,3930,554,674,680,110,377,0.1409669211195929,2005,0.1446161907257008,2006,ASSAM,CACHAR,ASSAM||CACHAR
58,18,0,60,0,129,44,19,157,487,86,252,29,25,46,5,181,0,306,0,392,1387,3817,552,580,795,54,252,0.1446161907257008,2006,0.1240141419635572,2007,ASSAM,CACHAR,ASSAM||CACHAR
61,20,0,58,0,117,28,13,173,505,37,250,43,44,40,4,30,0,364,0,374,1219,3677,456,547,768,87,250,0.1240141419635572,2007,0.0657219141507496,2008,ASSAM,CACHAR,ASSAM||CACHAR
56,6,0,72,0,128,43,23,262,640,183,245,54,64,49,13,19,0,216,0,61,2843,4869,320,573,1157,118,245,0.0657219141507496,2008,0.1308411214953271,2009,ASSAM,CACHAR,ASSAM||CACHAR
17,0,0,17,0,16,4,3,14,22,0,6,0,3,0,7,6,0,16,0,9,160,323,46,63,39,3,6,0.1424148606811145,2005,0.1993464052287581,2006,ASSAM,CHIRANG,ASSAM||CHIRANG
39,4,4,30,0,26,5,2,47,72,0,77,12,13,11,0,34,0,58,0,33,72,612,122,187,132,25,77,0.1993464052287581,2006,0.1514563106796116,2007,ASSAM,CHIRANG,ASSAM||CHIRANG
12,0,0,10,0,20,18,9,11,32,10,45,8,7,12,0,13,0,55,0,21,219,515,78,114,74,15,45,0.1514563106796116,2007,0.1670235546038544,2008,ASSAM,CHIRANG,ASSAM||CHIRANG
24,0,0,25,0,33,2,4,27,57,3,5,1,7,3,0,15,0,38,0,40,144,467,78,93,94,8,5,0.1670235546038544,2008,0.1512027491408934,2009,ASSAM,CHIRANG,ASSAM||CHIRANG
0,0,0,0,0,0,0,0,0,1,0,0,0,5,0,0,0,0,0,0,0,2,8,0,0,1,5,0,0.0,2001,0.0,2002,ASSAM,C.I.D.,ASSAM||CID
0,0,0,0,0,2,0,0,0,0,0,0,0,5,0,0,0,0,0,0,0,45,52,0,2,0,5,0,0.0,2002,0.0,2003,ASSAM,C.I.D.,ASSAM||CID
0,0,0,0,0,1,0,0,0,0,0,0,1,4,0,0,0,0,0,0,0,18,24,0,1,0,5,0,0.0,2003,0.0,2004,ASSAM,C.I.D.,ASSAM||CID
0,0,0,0,0,0,0,0,0,0,0,0,0,5,0,0,0,0,0,0,0,17,22,0,0,0,5,0,0.0,2004,0.0,2005,ASSAM,C.I.D.,ASSAM||CID
0,0,0,0,0,0,0,0,0,0,0,0,0,7,0,0,0,0,0,0,0,8,15,0,0,0,7,0,0.0,2005,0.0,2006,ASSAM,C.I.D.,ASSAM||CID
0,0,0,0,0,1,0,0,0,1,0,0,0,6,0,0,0,0,0,0,0,10,18,0,1,1,6,0,0.0,2006,0.0,2007,ASSAM,C.I.D.,ASSAM||CID
0,0,0,0,0,0,0,0,0,0,0,0,0,3,0,0,0,0,0,0,0,23,26,0,0,0,3,0,0.0,2007,0.0,2008,ASSAM,C.I.D.,ASSAM||CID
0,0,0,0,0,0,0,0,0,1,0,0,0,10,0,0,0,0,0,0,0,13,24,0,0,1,10,0,0.0,2008,0.0,2009,ASSAM,C.I.D.,ASSAM||CID
61,13,0,48,0,64,21,29,111,185,2,100,21,25,16,9,56,0,37,0,66,273,1454,150,336,343,46,100,0.1031636863823934,2001,0.164924506387921,2002,ASSAM,DARRANG,ASSAM||DARRANG
31,7,2,33,0,54,12,11,50,119,6,61,6,8,15,4,68,0,37,0,43,180,861,142,211,201,14,61,0.164924506387921,2002,0.1435714285714285,2003,ASSAM,DARRANG,ASSAM||DARRANG
73,21,0,53,0,83,26,22,138,202,12,97,17,22,23,7,93,0,48,0,76,188,1400,201,375,397,39,97,0.1435714285714285,2003,0.0937689050211736,2004,ASSAM,DARRANG,ASSAM||DARRANG
69,16,1,55,0,59,33,31,126,262,21,93,19,21,29,7,55,0,38,0,66,305,1653,155,357,469,40,93,0.0937689050211736,2004,0.139273356401384,2005,ASSAM,DARRANG,ASSAM||DARRANG
25,17,0,47,0,33,20,8,79,105,2,20,6,14,11,4,65,0,45,0,75,331,1156,161,170,205,20,20,0.139273356401384,2005,0.1840402588066139,2006,ASSAM,DARRANG,ASSAM||DARRANG
25,14,0,70,0,53,11,12,79,171,12,48,8,28,10,2,109,0,75,0,115,349,1391,256,233,284,36,48,0.1840402588066139,2006,0.1944024205748865,2007,ASSAM,DARRANG,ASSAM||DARRANG
23,8,1,61,0,45,5,15,69,135,17,72,20,38,15,3,111,1,81,0,105,298,1322,257,230,251,58,72,0.1944024205748865,2007,0.2290689886135298,2008,ASSAM,DARRANG,ASSAM||DARRANG
38,5,0,57,0,59,6,16,91,136,23,61,17,31,27,2,162,2,119,0,107,205,1493,342,242,293,48,61,0.2290689886135298,2008,0.1990521327014218,2009,ASSAM,DARRANG,ASSAM||DARRANG
15,16,0,42,0,31,2,12,26,79,0,13,7,15,16,0,26,0,0,0,20,126,652,68,131,133,22,13,0.1042944785276073,2001,0.1872278664731494,2002,ASSAM,DHEMAJI,ASSAM||DHEMAJI
30,15,0,48,0,31,7,11,27,83,0,14,16,14,13,1,23,0,57,0,20,84,689,129,156,134,30,14,0.1872278664731494,2002,0.1325459317585302,2003,ASSAM,DHEMAJI,ASSAM||DHEMAJI
20,18,0,43,0,25,3,13,31,94,0,24,10,14,38,0,14,0,44,0,28,147,762,101,146,176,24,24,0.1325459317585302,2003,0.1909307875894988,2004,ASSAM,DHEMAJI,ASSAM||DHEMAJI
17,17,0,53,0,53,2,5,29,125,0,24,6,24,8,0,33,0,74,0,31,123,838,160,171,167,30,24,0.1909307875894988,2004,0.1633085896076352,2005,ASSAM,DHEMAJI,ASSAM||DHEMAJI
20,16,1,52,0,45,3,9,22,121,3,22,0,18,10,4,31,0,67,0,30,262,943,154,168,165,18,22,0.1633085896076352,2005,0.1765853658536585,2006,ASSAM,DHEMAJI,ASSAM||DHEMAJI
23,33,1,58,0,45,1,11,26,150,0,43,26,24,8,1,28,0,94,0,50,203,1025,181,215,195,50,43,0.1765853658536585,2006,0.2001733102253033,2007,ASSAM,DHEMAJI,ASSAM||DHEMAJI
20,19,7,70,0,42,5,6,28,150,2,24,7,23,10,0,40,0,121,0,38,309,1154,231,193,196,30,24,0.2001733102253033,2007,0.2209653092006033,2008,ASSAM,DHEMAJI,ASSAM||DHEMAJI
21,30,5,88,0,66,1,23,30,152,23,22,3,35,14,0,40,0,165,0,59,226,1326,293,256,242,38,22,0.2209653092006033,2008,0.2116141732283464,2009,ASSAM,DHEMAJI,ASSAM||DHEMAJI
65,23,0,43,0,69,53,19,79,83,2,402,11,24,23,5,49,0,111,0,47,204,1505,208,674,206,35,402,0.1382059800664452,2001,0.1661824520627542,2002,ASSAM,DHUBRI,ASSAM||DHUBRI
60,16,1,46,0,62,44,20,78,88,1,418,55,23,21,4,67,2,167,0,155,128,1721,286,667,208,78,418,0.1661824520627542,2002,0.1625,2003,ASSAM,DHUBRI,ASSAM||DHUBRI
64,20,1,68,0,62,32,12,77,109,7,468,64,35,16,6,87,0,151,0,178,150,1920,312,727,221,99,468,0.1625,2003,0.1768518518518518,2004,ASSAM,DHUBRI,ASSAM||DHUBRI
53,15,1,79,0,75,21,11,68,136,5,546,73,43,23,9,110,1,183,0,206,179,2160,382,801,243,116,546,0.1768518518518518,2004,0.1610503282275711,2005,ASSAM,DHUBRI,ASSAM||DHUBRI
40,22,1,101,0,84,14,10,60,145,6,571,29,65,22,10,56,0,201,0,241,248,2285,368,843,243,94,571,0.1610503282275711,2005,0.1791555724610118,2006,ASSAM,DHUBRI,ASSAM||DHUBRI
40,37,0,115,0,118,20,20,98,174,13,564,52,95,24,7,132,0,217,0,282,253,2629,471,914,329,147,564,0.1791555724610118,2006,0.2087810868897758,2007,ASSAM,DHUBRI,ASSAM||DHUBRI
44,42,1,148,0,138,7,17,102,198,11,664,76,103,32,12,128,0,392,0,359,465,3257,680,1061,360,179,664,0.2087810868897758,2007,0.1853793954349167,2008,ASSAM,DHUBRI,ASSAM||DHUBRI
44,20,3,116,0,139,16,15,125,240,27,304,53,79,20,4,88,0,393,0,90,881,3242,601,657,427,132,304,0.1853793954349167,2008,0.2130051656031601,2009,ASSAM,DHUBRI,ASSAM||DHUBRI
110,22,6,35,0,57,14,29,114,325,18,21,13,12,20,3,41,0,19,0,108,264,1565,98,294,506,25,21,0.0626198083067092,2001,0.0706455542021924,2002,ASSAM,DIBRUGARH,ASSAM||DIBRUGARH
97,35,2,45,0,75,19,23,96,309,35,36,4,21,23,1,27,0,43,0,155,258,1642,116,332,486,25,36,0.0706455542021924,2002,0.0494476591267753,2003,ASSAM,DIBRUGARH,ASSAM||DIBRUGARH
107,33,11,38,0,54,44,36,122,298,32,81,14,28,136,0,28,0,28,0,148,322,1901,94,404,624,42,81,0.0494476591267753,2003,0.0843780135004821,2004,ASSAM,DIBRUGARH,ASSAM||DIBRUGARH
125,19,3,58,0,88,7,14,107,350,19,62,22,24,22,4,50,0,63,0,191,380,2074,175,376,512,46,62,0.0843780135004821,2004,0.0739856801909307,2005,ASSAM,DIBRUGARH,ASSAM||DIBRUGARH
113,24,7,57,0,75,6,23,93,402,28,38,25,44,21,4,41,0,53,0,219,427,2095,155,343,567,69,38,0.0739856801909307,2005,0.0720154664088931,2006,ASSAM,DIBRUGARH,ASSAM||DIBRUGARH
104,25,4,53,0,65,4,41,106,419,24,59,16,46,33,4,48,0,44,0,200,405,2069,149,355,623,62,59,0.0720154664088931,2006,0.0598111227701993,2007,ASSAM,DIBRUGARH,ASSAM||DIBRUGARH
112,17,2,55,0,93,9,23,87,436,28,23,35,6,15,0,29,0,30,0,103,464,1906,114,334,589,41,23,0.0598111227701993,2007,0.0896286811779769,2008,ASSAM,DIBRUGARH,ASSAM||DIBRUGARH
99,21,0,46,0,89,4,31,85,587,52,21,34,34,0,4,60,0,100,0,101,583,2343,210,311,755,68,21,0.0896286811779769,2008,0.0858468677494199,2009,ASSAM,DIBRUGARH,ASSAM||DIBRUGARH
28,12,0,35,0,43,37,13,61,116,1,129,8,16,4,1,54,0,64,0,99,100,873,154,297,195,24,129,0.1764032073310424,2001,0.2106360792492179,2002,ASSAM,GOALPARA,ASSAM||GOALPARA
24,18,1,40,0,48,25,10,63,107,2,128,8,17,12,2,67,0,93,0,93,133,959,202,294,194,25,128,0.2106360792492179,2002,0.2276867030965391,2003,ASSAM,GOALPARA,ASSAM||GOALPARA
30,23,3,60,0,51,31,11,5,159,0,118,8,28,11,2,36,0,152,0,33,269,1098,250,327,186,36,118,0.2276867030965391,2003,0.1709401709401709,2004,ASSAM,GOALPARA,ASSAM||GOALPARA
35,0,0,50,0,53,16,9,67,100,2,21,4,30,12,3,8,0,119,0,65,326,1053,180,184,190,34,21,0.1709401709401709,2004,0.1626506024096385,2005,ASSAM,GOALPARA,ASSAM||GOALPARA
31,5,0,40,0,73,14,12,50,127,2,93,13,10,7,3,2,0,142,2,46,248,1162,189,268,198,23,93,0.1626506024096385,2005,0.2398871119473189,2006,ASSAM,GOALPARA,ASSAM||GOALPARA
23,9,4,55,0,40,17,9,64,87,15,31,6,19,19,4,45,0,151,0,135,213,1063,255,188,194,25,31,0.2398871119473189,2006,0.1812555260831123,2007,ASSAM,GOALPARA,ASSAM||GOALPARA
31,5,0,51,0,51,8,13,65,174,26,30,6,36,17,4,45,0,105,0,135,235,1131,205,189,295,42,30,0.1812555260831123,2007,0.1660348749052312,2008,ASSAM,GOALPARA,ASSAM||GOALPARA
36,5,0,66,0,76,14,9,74,131,20,147,0,30,19,4,32,0,117,0,104,339,1319,219,353,253,30,147,0.1660348749052312,2008,0.1948198198198198,2009,ASSAM,GOALPARA,ASSAM||GOALPARA
53,2,0,30,0,44,13,27,95,211,27,26,3,20,21,0,23,0,26,0,73,363,1166,79,195,381,23,26,0.0677530017152658,2001,0.0846325167037861,2002,ASSAM,GOLAGHAT,ASSAM||GOLAGHAT
57,9,4,42,0,68,10,37,56,260,31,13,28,31,28,0,36,0,36,0,90,194,1347,114,240,412,59,13,0.0846325167037861,2002,0.1034955448937628,2003,ASSAM,GOLAGHAT,ASSAM||GOLAGHAT
55,16,7,67,0,73,7,24,94,296,16,8,19,38,35,0,26,0,58,0,106,177,1459,151,257,465,57,8,0.1034955448937628,2003,0.1136063408190224,2004,ASSAM,GOLAGHAT,ASSAM||GOLAGHAT
71,11,9,62,0,91,14,34,91,310,29,4,30,27,23,0,31,0,79,0,72,231,1514,172,296,487,57,4,0.1136063408190224,2004,0.1210415200562983,2005,ASSAM,GOLAGHAT,ASSAM||GOLAGHAT
61,18,3,54,0,87,10,28,69,261,25,0,15,55,19,0,27,0,91,0,96,183,1421,172,261,402,70,0,0.1210415200562983,2005,0.1226666666666666,2006,ASSAM,GOLAGHAT,ASSAM||GOLAGHAT
72,24,4,63,0,91,3,25,72,277,28,8,21,32,18,1,44,0,76,0,75,236,1500,184,290,420,53,8,0.1226666666666666,2006,0.1450953678474114,2007,ASSAM,GOLAGHAT,ASSAM||GOLAGHAT
80,23,6,64,0,78,2,29,95,281,25,0,23,33,18,0,50,0,99,0,87,216,1468,213,282,448,56,0,0.1450953678474114,2007,0.1178861788617886,2008,ASSAM,GOLAGHAT,ASSAM||GOLAGHAT
65,15,1,42,0,61,15,25,89,247,49,54,13,32,29,0,46,0,86,0,156,240,1476,174,278,439,45,54,0.1178861788617886,2008,0.1191677175283732,2009,ASSAM,GOLAGHAT,ASSAM||GOLAGHAT
13,1,0,1,0,3,8,16,11,135,0,9,1,0,0,0,0,0,0,0,0,110,343,1,51,162,1,9,0.0029154518950437,2001,0.0,2002,ASSAM,G.R.P.,ASSAM||GRP
6,0,0,0,0,0,2,6,2,62,0,0,2,0,0,0,0,0,0,0,0,34,116,0,14,70,2,0,0.0,2002,0.0054945054945054,2003,ASSAM,G.R.P.,ASSAM||GRP
4,0,0,0,0,1,6,3,0,55,0,7,0,1,0,0,1,0,0,0,0,94,182,1,21,58,1,7,0.0054945054945054,2003,0.0333333333333333,2004,ASSAM,G.R.P.,ASSAM||GRP
17,0,0,2,0,3,10,10,8,166,0,7,4,4,0,0,2,0,7,0,0,87,330,11,49,184,8,7,0.0333333333333333,2004,0.0206896551724137,2005,ASSAM,G.R.P.,ASSAM||GRP
4,1,0,2,0,5,4,5,4,105,0,9,2,3,0,0,4,0,0,0,4,121,290,6,30,114,5,9,0.0206896551724137,2005,0.0028169014084507,2006,ASSAM,G.R.P.,ASSAM||GRP
6,0,0,1,0,1,3,10,7,181,0,19,1,1,0,0,0,0,0,0,0,125,355,1,40,198,2,19,0.0028169014084507,2006,0.0551470588235294,2007,ASSAM,G.R.P.,ASSAM||GRP
2,0,0,3,0,3,1,6,0,73,40,2,0,2,2,0,0,0,12,0,0,161,272,15,17,121,2,2,0.0551470588235294,2007,0.0278884462151394,2008,ASSAM,G.R.P.,ASSAM||GRP
6,0,0,5,0,8,4,6,7,155,0,1,1,2,0,0,2,0,0,0,4,43,251,7,30,168,3,1,0.0278884462151394,2008,0.0,2009,ASSAM,G.R.P.,ASSAM||GRP
71,44,12,37,0,129,38,73,227,736,124,151,52,72,18,5,67,0,98,0,311,1308,4373,207,555,1178,124,151,0.0473359249942831,2001,0.0401459854014598,2002,ASSAM,GUWAHATI CITY,ASSAM||GUWAHATI CITY
60,18,20,60,0,184,44,83,530,1136,201,313,113,146,5,6,41,0,69,0,62,1101,4384,176,782,1955,259,313,0.0401459854014598,2002,0.0409660107334525,2003,ASSAM,GUWAHATI CITY,ASSAM||GUWAHATI CITY
50,29,3,38,0,216,26,100,606,1157,248,415,168,213,7,4,52,0,135,0,171,1664,5590,229,877,2118,381,415,0.0409660107334525,2003,0.0376428852975955,2004,ASSAM,GUWAHATI CITY,ASSAM||GUWAHATI CITY
21,39,15,88,0,295,20,78,534,867,300,504,99,158,13,3,45,0,55,0,113,1545,5074,191,1060,1792,257,504,0.0376428852975955,2004,0.0345071668731198,2005,ASSAM,GUWAHATI CITY,ASSAM||GUWAHATI CITY
39,129,71,38,0,147,6,96,462,1389,491,60,90,172,15,6,37,0,114,0,370,1418,5651,195,586,2453,262,60,0.0345071668731198,2005,0.0739182692307692,2006,ASSAM,GUWAHATI CITY,ASSAM||GUWAHATI CITY
60,43,4,33,0,151,10,130,461,1822,786,169,75,200,37,6,180,0,150,0,214,860,4992,369,600,3236,275,169,0.0739182692307692,2006,0.0526851616187325,2007,ASSAM,GUWAHATI CITY,ASSAM||GUWAHATI CITY
68,11,19,71,0,284,14,81,458,1941,1380,73,90,109,12,6,24,0,106,0,164,178,3929,207,621,3872,199,73,0.0526851616187325,2007,0.0626832332821443,2008,ASSAM,GUWAHATI CITY,ASSAM||GUWAHATI CITY
50,18,16,59,0,167,20,77,564,1129,987,74,125,147,15,5,169,0,216,0,135,3768,7163,449,481,2772,272,74,0.0626832332821443,2008,0.075,2009,ASSAM,GUWAHATI CITY,ASSAM||GUWAHATI CITY
18,4,0,24,0,36,6,8,93,92,1,160,6,14,19,2,27,0,28,0,26,197,820,81,256,213,20,160,0.098780487804878,2001,0.1093366093366093,2002,ASSAM,HAILAKANDI,ASSAM||HAILAKANDI
26,5,1,24,0,42,13,5,63,110,0,114,9,8,25,1,30,0,34,0,20,204,814,89,230,203,17,114,0.1093366093366093,2002,0.11378002528445,2003,ASSAM,HAILAKANDI,ASSAM||HAILAKANDI
25,18,0,27,0,43,5,6,73,80,3,114,6,13,24,2,29,2,30,0,11,142,791,90,238,186,19,114,0.11378002528445,2003,0.0601503759398496,2004,ASSAM,HAILAKANDI,ASSAM||HAILAKANDI
25,18,1,18,0,32,5,2,62,47,1,108,5,9,23,2,4,1,23,0,20,306,798,48,209,135,14,108,0.0601503759398496,2004,0.0653153153153153,2005,ASSAM,HAILAKANDI,ASSAM||HAILAKANDI
18,4,5,18,0,35,12,6,54,66,1,134,5,20,14,1,6,1,32,0,24,395,888,58,232,141,25,134,0.0653153153153153,2005,0.0864978902953586,2006,ASSAM,HAILAKANDI,ASSAM||HAILAKANDI
18,1,1,23,0,56,6,2,52,99,4,145,1,19,19,1,9,0,49,0,19,394,948,82,252,176,20,145,0.0864978902953586,2006,0.1194029850746268,2007,ASSAM,HAILAKANDI,ASSAM||HAILAKANDI
27,2,0,26,0,42,8,1,48,71,8,126,6,19,20,3,15,0,60,0,20,345,871,104,232,148,25,126,0.1194029850746268,2007,0.0956447480785653,2008,ASSAM,HAILAKANDI,ASSAM||HAILAKANDI
27,0,0,39,0,61,16,5,72,122,13,343,14,22,14,3,8,0,62,0,21,305,1171,112,491,226,36,343,0.0956447480785653,2008,0.1214642262895174,2009,ASSAM,HAILAKANDI,ASSAM||HAILAKANDI
40,22,2,42,0,37,6,27,43,230,27,30,21,23,13,2,44,0,48,0,58,363,1190,136,206,340,44,30,0.1142857142857142,2001,0.1035398230088495,2002,ASSAM,JORHAT,ASSAM||JORHAT
37,13,4,36,0,36,4,14,67,204,8,68,18,21,17,0,39,0,42,0,42,342,1130,117,212,310,39,68,0.1035398230088495,2002,0.0786914235190097,2003,ASSAM,JORHAT,ASSAM||JORHAT
46,7,0,40,0,28,6,14,59,189,3,74,26,21,20,0,26,0,23,0,44,345,1131,89,215,285,47,74,0.0786914235190097,2003,0.1038824763903462,2004,ASSAM,JORHAT,ASSAM||JORHAT
38,8,0,32,0,34,2,12,62,150,52,53,16,13,12,0,32,0,35,0,51,283,953,99,179,288,29,53,0.1038824763903462,2004,0.1131498470948012,2005,ASSAM,JORHAT,ASSAM||JORHAT
51,10,3,29,0,44,0,10,54,195,44,17,19,19,12,0,40,0,42,0,66,242,981,111,164,315,38,17,0.1131498470948012,2005,0.0861244019138756,2006,ASSAM,JORHAT,ASSAM||JORHAT
37,6,0,30,0,54,3,23,81,253,43,27,6,28,18,0,40,0,56,0,121,347,1463,126,180,418,34,27,0.0861244019138756,2006,0.0758873929008567,2007,ASSAM,JORHAT,ASSAM||JORHAT
46,14,6,45,0,70,2,16,92,299,48,90,20,24,13,3,21,0,55,0,60,580,1634,124,289,468,44,90,0.0758873929008567,2007,0.1179960448253131,2008,ASSAM,JORHAT,ASSAM||JORHAT
51,24,17,44,0,54,5,15,106,269,85,16,17,41,10,0,59,0,76,0,88,326,1517,179,226,485,58,16,0.1179960448253131,2008,0.1512481644640235,2009,ASSAM,JORHAT,ASSAM||JORHAT
37,30,8,21,0,95,30,41,196,275,40,55,26,50,6,2,42,0,27,0,52,612,2011,92,317,558,76,55,0.0457483838886126,2001,0.0514046622833233,2002,ASSAM,KAMRUP,ASSAM||KAMRUP
34,31,8,41,0,118,21,30,68,138,57,50,24,47,13,2,23,0,20,0,16,924,1673,86,333,306,71,50,0.0514046622833233,2002,0.0509960159362549,2003,ASSAM,KAMRUP,ASSAM||KAMRUP
24,18,0,48,0,51,20,14,71,190,0,71,17,42,8,0,6,0,10,0,67,521,1255,64,246,283,59,71,0.0509960159362549,2003,0.0605705353653771,2004,ASSAM,KAMRUP,ASSAM||KAMRUP
15,13,6,59,0,193,20,54,170,298,69,417,55,72,8,3,26,0,67,0,54,703,2559,155,777,599,127,417,0.0605705353653771,2004,0.1111111111111111,2005,ASSAM,KAMRUP,ASSAM||KAMRUP
31,18,16,73,0,86,20,13,96,210,103,70,40,27,15,0,26,0,0,0,66,41,891,99,327,437,67,70,0.1111111111111111,2005,0.1825726141078838,2006,ASSAM,KAMRUP,ASSAM||KAMRUP
43,3,0,37,0,80,24,25,107,137,30,64,18,34,8,10,58,0,115,0,59,361,1205,220,276,307,52,64,0.1825726141078838,2006,0.0993816254416961,2007,ASSAM,KAMRUP,ASSAM||KAMRUP
47,24,40,74,0,63,25,26,96,393,124,85,22,87,12,0,7,0,144,0,109,671,2264,225,384,651,109,85,0.0993816254416961,2007,0.0885137916838205,2008,ASSAM,KAMRUP,ASSAM||KAMRUP
46,23,19,36,0,113,11,55,265,704,211,34,45,47,35,3,75,0,101,0,111,483,2429,215,337,1270,92,34,0.0885137916838205,2008,0.0869379014989293,2009,ASSAM,KAMRUP,ASSAM||KAMRUP
65,26,3,5,0,38,12,33,13,79,3,90,3,11,24,4,5,0,8,0,35,200,721,22,272,152,14,90,0.0305131761442441,2001,0.0360531309297912,2002,ASSAM,KARBI ANGLONG,ASSAM||KARBI ANGLONG
41,3,1,5,0,37,13,20,15,118,20,16,4,7,7,2,6,0,6,0,18,161,527,19,136,180,11,16,0.0360531309297912,2002,0.0549273021001615,2003,ASSAM,KARBI ANGLONG,ASSAM||KARBI ANGLONG
67,12,0,16,0,37,8,14,23,113,18,34,6,2,19,0,14,0,4,0,22,181,619,34,188,187,8,34,0.0549273021001615,2003,0.0505902192242833,2004,ASSAM,KARBI ANGLONG,ASSAM||KARBI ANGLONG
57,5,0,14,0,20,15,20,19,102,7,40,5,1,8,0,8,0,8,0,29,204,593,30,171,156,6,40,0.0505902192242833,2004,0.0364963503649635,2005,ASSAM,KARBI ANGLONG,ASSAM||KARBI ANGLONG
76,15,0,8,0,39,12,11,26,92,8,37,5,6,48,2,4,1,10,0,52,190,685,25,198,185,11,37,0.0364963503649635,2005,0.0519480519480519,2006,ASSAM,KARBI ANGLONG,ASSAM||KARBI ANGLONG
42,14,1,14,0,40,5,16,21,152,28,37,9,6,9,2,9,0,11,0,67,188,693,36,169,226,15,37,0.0519480519480519,2006,0.0606451612903225,2007,ASSAM,KARBI ANGLONG,ASSAM||KARBI ANGLONG
73,39,1,16,0,43,9,10,12,161,32,44,17,6,6,3,10,0,18,0,42,213,775,47,235,221,23,44,0.0606451612903225,2007,0.0584795321637426,2008,ASSAM,KARBI ANGLONG,ASSAM||KARBI ANGLONG
55,16,0,16,0,25,11,9,32,141,34,35,10,12,8,1,7,0,16,0,67,188,684,40,167,224,22,35,0.0584795321637426,2008,0.078525641025641,2009,ASSAM,KARBI ANGLONG,ASSAM||KARBI ANGLONG
32,20,0,33,0,42,8,5,57,114,9,271,9,8,17,1,9,0,30,0,20,97,843,73,411,202,17,271,0.0865954922894424,2001,0.1219239373601789,2002,ASSAM,KARIMGANJ,ASSAM||KARIMGANJ
43,12,0,23,0,38,6,4,71,142,8,179,6,15,16,6,11,0,69,0,28,165,894,109,305,241,21,179,0.1219239373601789,2002,0.132752992383025,2003,ASSAM,KARIMGANJ,ASSAM||KARIMGANJ
31,19,0,29,0,47,9,5,71,104,8,215,20,18,28,5,4,0,84,0,29,138,919,122,355,216,38,215,0.132752992383025,2003,0.1011850501367365,2004,ASSAM,KARIMGANJ,ASSAM||KARIMGANJ
40,29,0,32,0,36,5,3,57,101,6,201,8,19,12,8,4,0,67,0,34,394,1097,111,346,179,27,201,0.1011850501367365,2004,0.1071098799630655,2005,ASSAM,KARIMGANJ,ASSAM||KARIMGANJ
30,25,0,28,0,31,4,5,70,156,11,209,14,14,19,9,8,0,71,0,42,216,1083,116,332,261,28,209,0.1071098799630655,2005,0.1084128360797918,2006,ASSAM,KARIMGANJ,ASSAM||KARIMGANJ
38,22,2,44,0,46,13,5,81,198,7,215,11,10,16,4,3,0,74,0,46,210,1153,125,385,307,21,215,0.1084128360797918,2006,0.1276778063410454,2007,ASSAM,KARIMGANJ,ASSAM||KARIMGANJ
29,19,1,49,0,40,11,13,71,182,0,185,12,18,22,13,5,0,82,0,34,253,1167,149,347,288,30,185,0.1276778063410454,2007,0.127151051625239,2008,ASSAM,KARIMGANJ,ASSAM||KARIMGANJ
27,13,0,19,0,49,6,8,54,105,6,228,7,15,8,5,10,0,99,0,32,240,1046,133,350,181,22,228,0.127151051625239,2008,0.1350877192982456,2009,ASSAM,KARIMGANJ,ASSAM||KARIMGANJ
87,27,1,14,0,41,14,10,42,89,0,50,3,10,6,0,37,0,20,0,50,117,776,71,244,147,13,50,0.0914948453608247,2001,0.1194196428571428,2002,ASSAM,KOKRAJHAR,ASSAM||KOKRAJHAR
62,20,0,15,0,48,16,13,45,77,0,61,7,13,6,3,51,0,38,0,62,186,896,107,235,141,20,61,0.1194196428571428,2002,0.1230982019363762,2003,ASSAM,KOKRAJHAR,ASSAM||KOKRAJHAR
46,23,1,22,0,40,4,8,50,75,0,49,14,17,5,2,28,0,37,0,72,115,723,89,193,138,31,49,0.1230982019363762,2003,0.1408614668218859,2004,ASSAM,KOKRAJHAR,ASSAM||KOKRAJHAR
63,21,3,33,0,31,7,13,56,104,4,52,4,21,15,2,41,0,45,0,91,129,859,121,223,192,25,52,0.1408614668218859,2004,0.1163793103448275,2005,ASSAM,KOKRAJHAR,ASSAM||KOKRAJHAR
46,2,0,36,0,44,8,14,32,83,6,87,6,25,4,2,17,0,53,0,89,183,928,108,237,139,31,87,0.1163793103448275,2005,0.1436004162330905,2006,ASSAM,KOKRAJHAR,ASSAM||KOKRAJHAR
38,14,0,29,0,47,4,11,47,105,9,48,5,16,8,14,26,0,69,0,56,144,961,138,191,180,21,48,0.1436004162330905,2006,0.152963671128107,2007,ASSAM,KOKRAJHAR,ASSAM||KOKRAJHAR
41,8,0,42,0,47,4,13,58,176,2,58,9,13,0,1,35,0,82,0,35,137,1046,160,213,249,22,58,0.152963671128107,2007,0.147450110864745,2008,ASSAM,KOKRAJHAR,ASSAM||KOKRAJHAR
53,32,0,55,0,51,5,8,39,173,19,38,9,25,12,4,16,0,58,0,74,164,902,133,242,251,34,38,0.147450110864745,2008,0.1183879093198992,2009,ASSAM,KOKRAJHAR,ASSAM||KOKRAJHAR
26,21,1,64,0,72,15,47,124,195,0,106,25,71,0,0,22,0,93,0,89,422,1779,179,352,366,96,106,0.1006183249016301,2001,0.1594805194805194,2002,ASSAM,LAKHIMPUR,ASSAM||LAKHIMPUR
26,34,1,69,0,84,2,44,95,283,0,59,19,86,45,0,63,0,175,0,72,290,1925,307,319,467,105,59,0.1594805194805194,2002,0.1380981223500908,2003,ASSAM,LAKHIMPUR,ASSAM||LAKHIMPUR
31,19,4,76,0,80,11,26,18,271,3,82,13,62,27,0,44,0,108,0,92,319,1651,228,329,345,75,82,0.1380981223500908,2003,0.145466847090663,2004,ASSAM,LAKHIMPUR,ASSAM||LAKHIMPUR
31,20,2,56,0,97,10,13,2,291,3,81,13,40,17,1,46,0,112,0,81,207,1478,215,310,326,53,81,0.145466847090663,2004,0.1436532507739938,2005,ASSAM,LAKHIMPUR,ASSAM||LAKHIMPUR
36,8,1,69,0,112,4,6,1,280,61,61,14,52,21,4,34,0,125,0,116,243,1615,232,297,369,66,61,0.1436532507739938,2005,0.1419001218026796,2006,ASSAM,LAKHIMPUR,ASSAM||LAKHIMPUR
43,4,0,79,0,96,1,3,70,196,4,125,18,67,15,6,38,0,110,0,116,319,1642,233,351,288,85,125,0.1419001218026796,2006,0.1456200227531285,2007,ASSAM,LAKHIMPUR,ASSAM||LAKHIMPUR
41,18,5,62,0,84,6,8,102,166,1,87,30,28,16,0,47,0,147,0,40,482,1758,256,311,293,58,87,0.1456200227531285,2007,0.1244094488188976,2008,ASSAM,LAKHIMPUR,ASSAM||LAKHIMPUR
41,6,3,52,0,91,4,9,90,177,11,17,11,28,16,1,24,0,160,0,114,509,1905,237,223,303,39,17,0.1244094488188976,2008,0.15368081676518,2009,ASSAM,LAKHIMPUR,ASSAM||LAKHIMPUR
20,9,0,23,0,39,15,10,84,66,3,79,4,7,5,0,6,0,28,0,45,259,731,57,195,168,11,79,0.0779753761969904,2001,0.1381074168797953,2002,ASSAM,MORIGAON,ASSAM||MORIGAON
23,8,1,40,0,39,2,2,35,108,2,88,6,12,10,1,39,0,28,0,36,216,782,108,203,157,18,88,0.1381074168797953,2002,0.1114982578397212,2003,ASSAM,MORIGAON,ASSAM||MORIGAON
14,7,3,35,0,49,10,7,65,80,1,75,7,21,5,1,34,0,26,0,44,294,861,96,200,158,28,75,0.1114982578397212,2003,0.0921717171717171,2004,ASSAM,MORIGAON,ASSAM||MORIGAON
19,0,0,36,0,43,1,6,28,81,4,74,4,22,4,2,12,0,23,0,44,297,792,73,179,123,26,74,0.0921717171717171,2004,0.199796126401631,2005,ASSAM,MORIGAON,ASSAM||MORIGAON
22,6,1,52,0,47,1,6,16,139,2,72,4,25,5,3,67,9,65,0,43,271,981,196,207,168,29,72,0.199796126401631,2005,0.1675041876046901,2006,ASSAM,MORIGAON,ASSAM||MORIGAON
27,3,1,58,0,56,3,10,44,112,4,81,8,19,11,10,72,0,60,0,51,364,1194,200,239,181,27,81,0.1675041876046901,2006,0.1839694656488549,2007,ASSAM,MORIGAON,ASSAM||MORIGAON
21,10,6,65,0,57,6,3,73,123,5,53,22,47,3,3,63,0,110,0,31,232,1310,241,221,207,69,53,0.1839694656488549,2007,0.1749475157452764,2008,ASSAM,MORIGAON,ASSAM||MORIGAON
20,9,3,75,0,68,9,12,61,169,10,64,5,50,6,4,57,0,114,0,46,146,1429,250,260,258,55,64,0.1749475157452764,2008,0.1883509833585476,2009,ASSAM,MORIGAON,ASSAM||MORIGAON
95,22,3,51,0,119,59,33,288,491,36,267,32,35,41,1,113,4,132,0,194,701,3202,301,649,889,67,267,0.0940037476577139,2001,0.1063306699446834,2002,ASSAM,NAGAON,ASSAM||NAGAON
78,40,3,61,0,132,53,77,355,298,45,305,41,61,45,7,115,5,158,0,249,672,3254,346,749,820,102,305,0.1063306699446834,2002,0.1141565413958745,2003,ASSAM,NAGAON,ASSAM||NAGAON
75,51,5,105,0,169,54,50,256,440,22,287,58,59,53,7,107,4,181,0,252,826,3539,404,796,821,117,287,0.1141565413958745,2003,0.1075639919470808,2004,ASSAM,NAGAON,ASSAM||NAGAON
79,44,1,91,0,139,61,32,237,433,68,346,49,54,31,6,69,5,203,0,238,756,3477,374,793,801,103,346,0.1075639919470808,2004,0.1345557122708039,2005,ASSAM,NAGAON,ASSAM||NAGAON
88,59,5,149,0,185,56,42,203,405,83,286,59,68,41,2,27,8,291,0,309,645,3545,477,870,774,127,286,0.1345557122708039,2005,0.1238014664410603,2006,ASSAM,NAGAON,ASSAM||NAGAON
83,33,2,133,0,179,56,56,278,366,116,260,54,51,62,8,10,10,278,0,324,781,3546,439,802,878,105,260,0.1238014664410603,2006,0.1028248587570621,2007,ASSAM,NAGAON,ASSAM||NAGAON
92,49,5,114,0,208,51,58,236,394,89,229,53,74,48,11,5,9,225,0,299,796,3540,364,806,825,127,229,0.1028248587570621,2007,0.1611551001397298,2008,ASSAM,NAGAON,ASSAM||NAGAON
83,41,2,112,0,215,44,74,233,354,80,271,96,49,51,9,200,0,371,0,187,1441,4294,692,842,792,145,271,0.1611551001397298,2008,0.1864309052469729,2009,ASSAM,NAGAON,ASSAM||NAGAON
79,36,0,30,0,53,15,39,96,119,3,4,14,18,21,3,16,0,15,0,27,433,1194,64,256,278,32,4,0.0536013400335008,2001,0.0613254203758654,2002,ASSAM,NALBARI,ASSAM||NALBARI
47,56,0,27,0,50,25,31,81,87,1,3,10,15,7,0,11,0,24,0,24,398,1011,62,239,207,25,3,0.0613254203758654,2002,0.0609053497942386,2003,ASSAM,NALBARI,ASSAM||NALBARI
35,32,1,33,0,64,23,28,69,130,2,14,11,21,15,0,18,0,23,0,38,364,1215,74,230,244,32,14,0.0609053497942386,2003,0.0909090909090909,2004,ASSAM,NALBARI,ASSAM||NALBARI
37,24,2,29,0,61,8,19,81,129,3,10,10,20,15,3,48,0,23,0,43,280,1133,103,190,247,30,10,0.0909090909090909,2004,0.116,2005,ASSAM,NALBARI,ASSAM||NALBARI
17,9,0,27,0,38,7,6,44,97,4,10,4,10,12,2,39,0,19,0,38,186,750,87,114,163,14,10,0.116,2005,0.0876777251184834,2006,ASSAM,NALBARI,ASSAM||NALBARI
24,21,0,17,0,33,9,9,63,74,7,14,4,5,16,1,32,0,24,0,42,226,844,74,127,169,9,14,0.0876777251184834,2006,0.0932568149210903,2007,ASSAM,NALBARI,ASSAM||NALBARI
21,15,0,12,0,32,5,11,61,90,4,10,10,8,9,3,18,0,32,0,36,179,697,65,106,175,18,10,0.0932568149210903,2007,0.1115807269653423,2008,ASSAM,NALBARI,ASSAM||NALBARI
31,29,1,30,0,55,6,33,81,144,35,10,4,16,9,6,42,0,54,0,37,271,1183,132,195,302,20,10,0.1115807269653423,2008,0.1379821958456973,2009,ASSAM,NALBARI,ASSAM||NALBARI
17,8,1,2,0,8,4,5,17,30,3,4,8,3,3,0,2,0,7,0,16,30,187,11,49,58,11,4,0.0588235294117647,2001,0.0751173708920187,2002,ASSAM,N.C.HILLS,ASSAM||NCHILLS
25,16,0,2,0,9,2,8,4,45,0,2,6,2,2,0,5,0,9,0,12,41,213,16,64,59,8,2,0.0751173708920187,2002,0.0849056603773584,2003,ASSAM,N.C.HILLS,ASSAM||NCHILLS
19,10,0,0,0,13,3,12,0,40,0,4,1,2,25,0,2,0,16,0,3,41,212,18,61,77,3,4,0.0849056603773584,2003,0.1091703056768559,2004,ASSAM,N.C.HILLS,ASSAM||NCHILLS
7,9,1,1,0,9,2,6,23,42,0,3,1,5,2,0,3,0,21,0,15,37,229,25,38,73,6,3,0.1091703056768559,2004,0.0181818181818181,2005,ASSAM,N.C.HILLS,ASSAM||NCHILLS
11,7,0,1,0,10,1,11,16,50,1,5,5,3,1,0,2,0,1,0,17,56,220,4,46,79,8,5,0.0181818181818181,2005,0.1402714932126696,2006,ASSAM,N.C.HILLS,ASSAM||NCHILLS
18,11,0,4,0,14,5,2,10,27,1,11,0,2,2,0,3,0,24,0,15,49,221,31,65,42,2,11,0.1402714932126696,2006,0.0445205479452054,2007,ASSAM,N.C.HILLS,ASSAM||NCHILLS
34,19,0,5,0,12,2,10,11,44,0,14,2,4,2,2,4,0,2,0,16,91,292,13,96,67,6,14,0.0445205479452054,2007,0.0343347639484978,2008,ASSAM,N.C.HILLS,ASSAM||NCHILLS
42,14,0,4,0,14,0,2,15,43,1,2,1,2,2,0,1,0,3,0,15,66,233,8,78,63,3,2,0.0343347639484978,2008,0.0393700787401574,2009,ASSAM,N.C.HILLS,ASSAM||NCHILLS
11,0,0,3,0,2,13,2,1,29,0,13,0,1,0,0,0,0,0,0,0,26,101,3,44,32,1,13,0.0297029702970297,2001,0.0769230769230769,2002,ASSAM,R.P.O.,ASSAM||RPO
0,0,0,1,0,1,2,0,1,4,0,3,0,0,0,0,0,0,0,0,0,1,13,1,7,5,0,3,0.0769230769230769,2002,0.3666666666666666,2003,ASSAM,R.P.O.,ASSAM||RPO
2,0,0,5,0,0,3,1,0,2,0,5,0,0,0,0,1,0,5,0,0,3,30,11,16,3,0,5,0.3666666666666666,2003,0.1272727272727272,2004,ASSAM,R.P.O.,ASSAM||RPO
6,0,0,5,0,0,7,1,2,21,0,20,0,0,0,0,2,0,7,0,0,35,110,14,39,24,0,20,0.1272727272727272,2004,0.0559440559440559,2005,ASSAM,R.P.O.,ASSAM||RPO
10,4,0,8,0,5,4,3,0,13,0,18,0,1,0,0,0,0,0,0,0,74,143,8,52,16,1,18,0.0559440559440559,2005,0.0348837209302325,2006,ASSAM,R.P.O.,ASSAM||RPO
5,0,0,3,0,5,4,1,0,9,0,10,0,0,0,0,0,0,0,0,0,49,86,3,28,10,0,10,0.0348837209302325,2006,0.0166666666666666,2007,ASSAM,R.P.O.,ASSAM||RPO
5,0,0,1,0,0,5,0,0,7,0,1,0,0,0,0,0,0,0,0,0,41,60,1,12,7,0,1,0.0166666666666666,2007,0.0681818181818181,2008,ASSAM,R.P.O.,ASSAM||RPO
3,0,0,5,0,3,5,0,1,13,0,3,1,0,2,0,1,0,0,0,0,46,88,6,19,16,1,3,0.0681818181818181,2008,0.0777777777777777,2009,ASSAM,R.P.O.,ASSAM||RPO
59,24,0,47,0,64,3,41,1,343,35,50,14,29,21,0,28,0,0,0,82,546,1643,75,288,441,43,50,0.0456482045039561,2001,0.0861244019138756,2002,ASSAM,SIBSAGAR,ASSAM||SIBSAGAR
75,20,1,57,0,57,8,22,50,328,47,50,26,27,22,6,28,0,71,0,42,431,1881,162,290,469,53,50,0.0861244019138756,2002,0.0804668304668304,2003,ASSAM,SIBSAGAR,ASSAM||SIBSAGAR
55,26,2,38,0,76,5,26,93,268,9,60,17,46,42,4,15,0,74,0,52,496,1628,131,288,438,63,60,0.0804668304668304,2003,0.1010568031704095,2004,ASSAM,SIBSAGAR,ASSAM||SIBSAGAR
55,12,1,49,0,81,2,9,67,238,25,62,26,44,18,0,12,0,92,0,55,536,1514,153,271,357,70,62,0.1010568031704095,2004,0.1155963302752293,2005,ASSAM,SIBSAGAR,ASSAM||SIBSAGAR
61,21,0,38,0,73,12,9,78,277,22,59,22,39,17,2,68,0,81,0,69,588,1635,189,273,403,61,59,0.1155963302752293,2005,0.1289180990899898,2006,ASSAM,SIBSAGAR,ASSAM||SIBSAGAR
77,30,3,54,0,79,2,24,94,378,37,67,12,42,26,3,65,0,133,0,80,573,1978,255,336,559,54,67,0.1289180990899898,2006,0.0832183908045977,2007,ASSAM,SIBSAGAR,ASSAM||SIBSAGAR
78,43,1,53,0,54,8,28,119,295,31,39,20,34,6,0,24,0,104,0,154,969,2175,181,304,479,54,39,0.0832183908045977,2007,0.0949033391915641,2008,ASSAM,SIBSAGAR,ASSAM||SIBSAGAR
108,7,0,46,0,111,3,22,156,500,65,44,28,73,24,4,27,0,139,0,35,712,2276,216,341,767,101,44,0.0949033391915641,2008,0.1276005547850208,2009,ASSAM,SIBSAGAR,ASSAM||SIBSAGAR
86,25,1,53,0,87,27,21,175,356,6,85,22,21,32,1,43,0,99,0,145,575,2309,196,385,590,43,85,0.0848852317020355,2001,0.1211987659762009,2002,ASSAM,SONITPUR,ASSAM||SONITPUR
109,22,1,67,0,114,23,35,166,332,8,157,47,45,19,9,53,0,146,0,179,465,2269,275,528,560,92,157,0.1211987659762009,2002,0.1160984031074665,2003,ASSAM,SONITPUR,ASSAM||SONITPUR
98,27,2,64,0,90,25,23,168,362,3,172,30,58,29,3,56,0,146,0,159,540,2317,269,501,585,88,172,0.1160984031074665,2003,0.1208791208791208,2004,ASSAM,SONITPUR,ASSAM||SONITPUR
87,30,2,87,0,108,23,33,181,392,5,156,33,54,8,5,60,0,167,0,175,576,2639,319,526,619,87,156,0.1208791208791208,2004,0.081283422459893,2005,ASSAM,SONITPUR,ASSAM||SONITPUR
87,7,0,77,0,108,26,27,177,494,17,258,32,54,8,3,2,0,145,1,160,906,2805,228,590,723,86,258,0.081283422459893,2005,0.1043599257884972,2006,ASSAM,SONITPUR,ASSAM||SONITPUR
88,16,1,56,0,108,8,25,148,390,40,96,18,43,15,7,7,0,155,0,180,612,2156,225,398,618,61,96,0.1043599257884972,2006,0.0928099779897285,2007,ASSAM,SONITPUR,ASSAM||SONITPUR
102,16,2,70,0,80,9,23,128,460,23,97,29,40,10,8,20,0,155,0,247,1079,2726,253,399,644,69,97,0.0928099779897285,2007,0.1403382511694854,2008,ASSAM,SONITPUR,ASSAM||SONITPUR
94,31,1,56,0,136,7,20,167,451,64,87,28,45,2,6,34,0,294,0,206,1029,2779,390,432,704,73,87,0.1403382511694854,2008,0.132094943240454,2009,ASSAM,SONITPUR,ASSAM||SONITPUR
107,17,1,41,0,62,34,35,100,350,8,22,12,10,1,2,9,0,21,0,75,245,1381,73,319,494,22,22,0.0528602461984069,2001,0.049719887955182,2002,ASSAM,TINSUKIA,ASSAM||TINSUKIA
115,17,2,41,0,53,37,40,119,333,6,74,18,25,0,1,5,0,24,0,101,306,1428,71,379,498,43,74,0.049719887955182,2002,0.0648401826484018,2003,ASSAM,TINSUKIA,ASSAM||TINSUKIA
79,3,0,32,0,33,28,19,88,199,17,183,16,13,18,2,14,0,23,0,3,265,1095,71,377,341,29,183,0.0648401826484018,2003,0.0853578463558765,2004,ASSAM,TINSUKIA,ASSAM||TINSUKIA
117,22,11,45,0,67,17,37,86,336,29,11,14,30,19,1,31,0,53,0,110,340,1523,130,327,507,44,11,0.0853578463558765,2004,0.0500284252416145,2005,ASSAM,TINSUKIA,ASSAM||TINSUKIA
92,9,1,42,0,75,17,25,89,374,20,9,20,11,15,10,20,0,16,0,38,858,1759,88,270,523,31,9,0.0500284252416145,2005,0.0349624060150375,2006,ASSAM,TINSUKIA,ASSAM||TINSUKIA
48,13,0,23,0,57,11,13,486,1144,34,13,24,19,17,3,20,0,47,0,216,362,2660,93,178,1694,43,13,0.0349624060150375,2006,0.0712032447048219,2007,ASSAM,TINSUKIA,ASSAM||TINSUKIA
143,6,0,57,0,91,8,21,102,533,9,13,36,22,7,0,9,0,92,0,0,1056,2219,158,339,672,58,13,0.0712032447048219,2007,0.0660094299185597,2008,ASSAM,TINSUKIA,ASSAM||TINSUKIA
114,0,0,60,0,87,17,21,115,682,41,16,59,31,12,2,8,0,84,0,57,807,2333,154,315,871,90,16,0.0660094299185597,2008,0.054759898904802,2009,ASSAM,TINSUKIA,ASSAM||TINSUKIA
39,5,0,21,0,20,11,12,49,106,4,16,3,4,16,6,57,0,13,0,21,213,714,97,124,187,7,16,0.1358543417366946,2005,0.1190053285968028,2006,ASSAM,UDALGURI,ASSAM||UDALGURI
31,7,0,17,0,37,14,5,35,79,15,16,2,9,14,1,33,0,16,0,49,122,563,67,127,148,11,16,0.1190053285968028,2006,0.0740131578947368,2007,ASSAM,UDALGURI,ASSAM||UDALGURI
37,4,1,25,0,26,13,14,63,91,7,11,0,13,5,4,0,0,16,0,15,226,608,45,131,180,13,11,0.0740131578947368,2007,0.1002304147465437,2008,ASSAM,UDALGURI,ASSAM||UDALGURI
56,3,0,42,0,57,14,16,65,108,6,95,4,18,46,0,7,0,38,0,4,260,868,87,283,241,22,95,0.1002304147465437,2008,0.1168057210965435,2009,ASSAM,UDALGURI,ASSAM||UDALGURI
47,27,4,93,0,79,39,43,80,161,19,375,26,47,3,11,3,0,50,0,26,944,2069,157,707,306,73,375,0.0758820686321894,2001,0.0661870503597122,2002,BIHAR,ARARIA,BIHAR||ARARIA
61,15,2,101,0,91,34,36,63,109,10,365,25,5,14,5,2,0,30,0,30,1004,2085,138,705,232,30,365,0.0661870503597122,2002,0.0376629647513278,2003,BIHAR,ARARIA,BIHAR||ARARIA
49,26,2,38,0,56,40,49,49,181,27,369,33,26,31,13,3,0,24,0,25,1051,2071,78,629,337,59,369,0.0376629647513278,2003,0.0417690417690417,2004,BIHAR,ARARIA,BIHAR||ARARIA
66,59,12,34,0,84,34,60,42,186,35,325,59,66,28,11,13,0,27,0,23,742,2035,85,674,351,125,325,0.0417690417690417,2004,0.0367183017785427,2005,BIHAR,ARARIA,BIHAR||ARARIA
68,12,3,29,0,43,37,42,25,138,23,300,19,51,4,9,6,0,19,1,24,795,1743,64,534,232,70,300,0.0367183017785427,2005,0.0471083875909613,2006,BIHAR,ARARIA,BIHAR||ARARIA
63,37,5,42,0,104,43,51,34,167,38,400,73,93,14,19,10,0,52,0,33,1315,2611,123,745,304,166,400,0.0471083875909613,2006,0.0671487603305785,2007,BIHAR,ARARIA,BIHAR||ARARIA
48,185,5,47,0,27,41,51,67,228,22,95,24,51,58,11,51,0,86,0,36,1542,2904,195,499,426,75,95,0.0671487603305785,2007,0.0581355349157206,2008,BIHAR,ARARIA,BIHAR||ARARIA
50,37,10,37,0,40,49,51,57,234,21,214,30,42,61,3,35,0,92,2,31,1461,2907,169,488,424,72,214,0.0581355349157206,2008,0.0333489901362141,2009,BIHAR,ARARIA,BIHAR||ARARIA
37,64,1,0,0,13,5,8,20,24,0,76,9,7,14,7,11,0,14,0,21,51,591,32,204,66,16,76,0.05414551607445,2001,0.0363036303630363,2002,BIHAR,ARWAL,BIHAR||ARWAL
44,58,8,0,0,11,5,11,15,37,0,61,5,2,14,8,12,0,2,0,6,103,606,22,198,77,7,61,0.0363036303630363,2002,0.0586264656616415,2003,BIHAR,ARWAL,BIHAR||ARWAL
30,25,6,3,0,9,11,5,10,36,0,59,2,1,15,19,0,0,13,0,7,287,597,35,148,66,3,59,0.0586264656616415,2003,0.0574948665297741,2004,BIHAR,ARWAL,BIHAR||ARWAL
36,8,0,2,0,9,9,23,6,54,0,31,0,6,0,16,0,0,10,0,28,209,487,28,118,83,6,31,0.0574948665297741,2004,0.025390625,2005,BIHAR,ARWAL,BIHAR||ARWAL
28,0,0,1,0,9,10,14,9,47,0,30,3,7,0,11,0,0,1,0,30,257,512,13,92,70,10,30,0.025390625,2005,0.0604982206405693,2006,BIHAR,ARWAL,BIHAR||ARWAL
22,53,0,0,0,9,2,7,14,56,0,45,0,9,9,9,20,0,5,0,1,137,562,34,138,86,9,45,0.0604982206405693,2006,0.0461254612546125,2007,BIHAR,ARWAL,BIHAR||ARWAL
19,12,2,8,0,4,5,4,18,53,3,30,15,10,6,12,0,0,5,0,41,298,542,25,84,84,25,30,0.0461254612546125,2007,0.0331412103746397,2008,BIHAR,ARWAL,BIHAR||ARWAL
28,0,0,2,0,12,1,4,11,57,2,26,11,21,0,13,0,0,8,0,67,433,694,23,73,74,32,26,0.0331412103746397,2008,0.0412213740458015,2009,BIHAR,ARWAL,BIHAR||ARWAL
74,46,0,16,0,24,19,28,137,103,8,155,13,28,3,33,13,2,19,0,82,867,1690,83,362,279,41,155,0.0491124260355029,2001,0.0237889273356401,2002,BIHAR,AURANGABAD,BIHAR||AURANGABAD
96,38,0,12,0,19,20,26,66,132,2,195,10,28,0,33,4,0,6,0,42,1544,2312,55,406,226,38,195,0.0237889273356401,2002,0.0291970802919708,2003,BIHAR,AURANGABAD,BIHAR||AURANGABAD
84,52,0,18,0,26,18,39,70,127,5,145,9,6,13,25,6,0,19,0,70,1551,2329,68,382,254,15,145,0.0291970802919708,2003,0.0376344086021505,2004,BIHAR,AURANGABAD,BIHAR||AURANGABAD
77,0,0,18,0,31,41,46,80,214,17,235,0,23,0,40,0,0,33,0,0,1580,2418,91,448,357,23,235,0.0376344086021505,2004,0.0240911081909767,2005,BIHAR,AURANGABAD,BIHAR||AURANGABAD
60,164,4,17,0,33,19,27,104,243,5,193,0,9,8,29,0,0,9,0,18,255,2283,55,517,387,9,193,0.0240911081909767,2005,0.0363228699551569,2006,BIHAR,AURANGABAD,BIHAR||AURANGABAD
82,175,0,18,0,42,23,34,104,256,16,208,10,12,16,23,5,0,35,0,26,460,2230,81,582,426,22,208,0.0363228699551569,2006,0.048692152917505,2007,BIHAR,AURANGABAD,BIHAR||AURANGABAD
68,12,2,30,0,35,29,27,82,289,21,216,33,77,33,36,25,0,30,0,193,261,2485,121,419,452,110,216,0.048692152917505,2007,0.041407867494824,2008,BIHAR,AURANGABAD,BIHAR||AURANGABAD
92,27,8,30,0,56,28,24,115,307,18,445,19,165,25,32,13,0,65,0,151,290,3381,140,710,489,184,445,0.041407867494824,2008,0.0379055573401863,2009,BIHAR,AURANGABAD,BIHAR||AURANGABAD
34,67,12,25,0,56,1,9,7,115,0,67,1,15,6,0,4,0,2,0,2,146,912,31,271,137,16,67,0.0339912280701754,2001,0.0328205128205128,2002,BIHAR,BAGAHA,BIHAR||BAGAHA
27,71,11,23,0,49,1,11,17,127,0,89,2,17,6,0,6,0,3,0,3,151,975,32,282,161,19,89,0.0328205128205128,2002,0.0364806866952789,2003,BIHAR,BAGAHA,BIHAR||BAGAHA
30,23,9,21,0,40,4,13,28,90,0,97,6,36,11,4,3,0,6,0,6,454,932,34,237,142,42,97,0.0364806866952789,2003,0.0481064483111566,2004,BIHAR,BAGAHA,BIHAR||BAGAHA
49,92,3,23,0,88,7,15,24,66,1,153,12,32,10,5,12,0,7,0,13,65,977,47,430,116,44,153,0.0481064483111566,2004,0.0296296296296296,2005,BIHAR,BAGAHA,BIHAR||BAGAHA
40,91,12,8,0,85,1,4,20,99,1,141,13,30,9,3,11,0,6,0,11,63,945,28,382,133,43,141,0.0296296296296296,2005,0.0449826989619377,2006,BIHAR,BAGAHA,BIHAR||BAGAHA
45,12,4,27,0,44,9,8,13,156,6,73,5,35,10,5,7,0,13,0,13,373,1156,52,222,193,40,73,0.0449826989619377,2006,0.0321769733534439,2007,BIHAR,BAGAHA,BIHAR||BAGAHA
37,8,2,38,0,58,4,9,20,170,3,98,20,40,6,6,10,0,10,0,18,1227,1989,64,254,208,60,98,0.0321769733534439,2007,0.031160311603116,2008,BIHAR,BAGAHA,BIHAR||BAGAHA
26,8,2,15,0,49,6,17,66,217,5,133,14,44,7,11,14,0,36,0,32,1261,2439,76,256,312,58,133,0.031160311603116,2008,0.0526666666666666,2009,BIHAR,BAGAHA,BIHAR||BAGAHA
93,16,4,34,0,27,49,39,51,73,0,196,4,3,4,9,0,0,16,0,0,758,1386,59,458,167,7,196,0.0425685425685425,2001,0.0367647058823529,2002,BIHAR,BANKA,BIHAR||BANKA
100,18,3,27,0,32,38,35,55,92,5,255,6,4,2,10,4,0,14,0,0,797,1496,55,508,189,10,255,0.0367647058823529,2002,0.0424,2003,BIHAR,BANKA,BIHAR||BANKA
89,18,5,19,0,25,40,28,49,89,1,174,14,7,15,19,5,1,9,0,27,615,1250,53,398,182,21,174,0.0424,2003,0.0645863570391872,2004,BIHAR,BANKA,BIHAR||BANKA
71,12,4,44,0,40,44,26,65,99,4,175,14,19,11,25,5,0,15,0,39,659,1378,89,416,205,33,175,0.0645863570391872,2004,0.0495195861049519,2005,BIHAR,BANKA,BIHAR||BANKA
58,34,3,43,0,44,32,15,54,114,10,196,19,13,8,13,1,0,10,0,28,651,1353,67,425,201,32,196,0.0495195861049519,2005,0.0727391874180865,2006,BIHAR,BANKA,BIHAR||BANKA
77,12,6,70,0,41,21,19,67,108,9,256,16,27,15,21,2,0,18,0,38,707,1526,111,502,218,43,256,0.0727391874180865,2006,0.0728511530398322,2007,BIHAR,BANKA,BIHAR||BANKA
56,12,6,74,0,34,24,28,84,111,12,264,26,49,13,24,4,0,37,0,36,1023,1908,139,498,248,75,264,0.0728511530398322,2007,0.0606060606060606,2008,BIHAR,BANKA,BIHAR||BANKA
70,56,6,49,0,46,14,24,85,143,7,168,12,26,24,23,16,0,24,0,0,576,1848,112,433,283,38,168,0.0606060606060606,2008,0.0434065934065934,2009,BIHAR,BANKA,BIHAR||BANKA
124,77,5,13,0,53,18,67,76,265,16,147,26,26,6,21,32,0,21,0,71,1515,2628,87,504,430,52,147,0.0331050228310502,2001,0.0347085789129011,2002,BIHAR,BEGUSARAI,BIHAR||BEGUSARAI
138,139,5,20,0,75,15,89,67,253,29,157,31,33,13,23,23,0,40,0,129,1654,3054,106,638,451,64,157,0.0347085789129011,2002,0.0282466414054426,2003,BIHAR,BEGUSARAI,BIHAR||BEGUSARAI
145,53,3,19,0,96,16,73,63,291,50,216,16,26,0,29,0,0,34,0,104,1694,2903,82,621,477,42,216,0.0282466414054426,2003,0.0315112540192926,2004,BIHAR,BEGUSARAI,BIHAR||BEGUSARAI
107,103,6,23,0,123,19,83,71,323,15,204,93,56,12,15,5,0,55,0,83,1554,3110,98,668,504,149,204,0.0315112540192926,2004,0.04050736497545,2005,BIHAR,BEGUSARAI,BIHAR||BEGUSARAI
128,53,3,20,0,65,11,56,53,253,9,160,53,53,9,25,13,2,39,0,120,1062,2444,99,496,380,106,160,0.04050736497545,2005,0.0450762829403606,2006,BIHAR,BEGUSARAI,BIHAR||BEGUSARAI
111,225,5,23,0,69,13,62,78,315,21,245,25,133,20,36,16,0,55,0,121,863,2884,130,753,496,158,245,0.0450762829403606,2006,0.0365968095089146,2007,BIHAR,BEGUSARAI,BIHAR||BEGUSARAI
100,145,2,25,0,85,8,73,55,329,50,272,41,56,21,43,15,0,34,0,189,1201,3197,117,710,528,97,272,0.0365968095089146,2007,0.0383906633906633,2008,BIHAR,BEGUSARAI,BIHAR||BEGUSARAI
101,170,9,25,0,110,18,67,69,275,39,225,70,78,19,41,3,0,56,0,160,1362,3256,125,725,469,148,225,0.0383906633906633,2008,0.0345438441098317,2009,BIHAR,BEGUSARAI,BIHAR||BEGUSARAI
66,9,20,20,0,84,8,32,93,265,14,340,35,33,21,17,23,0,54,8,41,782,2796,122,579,425,68,340,0.0436337625178826,2001,0.0638686131386861,2002,BIHAR,BETTIAH,BIHAR||BETTIAH
100,229,10,55,0,67,29,58,111,274,7,436,107,16,18,31,66,0,58,0,0,231,3288,210,984,468,123,436,0.0638686131386861,2002,0.0537848605577689,2003,BIHAR,BETTIAH,BIHAR||BETTIAH
72,94,0,27,0,89,12,36,70,191,4,455,12,17,2,21,56,0,58,0,58,539,3012,162,785,303,29,455,0.0537848605577689,2003,0.0624641833810888,2004,BIHAR,BETTIAH,BIHAR||BETTIAH
108,62,9,128,0,226,23,52,55,301,2,682,178,287,18,29,9,0,161,0,30,229,5235,327,1290,428,465,682,0.0624641833810888,2004,0.0380487804878048,2005,BIHAR,BETTIAH,BIHAR||BETTIAH
76,107,6,51,0,114,33,33,80,306,13,304,33,93,20,19,6,0,41,0,40,322,3075,117,724,452,126,304,0.0380487804878048,2005,0.0539568345323741,2006,BIHAR,BETTIAH,BIHAR||BETTIAH
74,105,5,49,0,110,15,42,86,314,45,238,38,122,39,23,24,29,40,0,45,225,3058,165,638,526,160,238,0.0539568345323741,2006,0.0320178704393149,2007,BIHAR,BETTIAH,BIHAR||BETTIAH
61,8,5,23,0,17,12,15,40,208,12,202,29,18,9,21,12,0,30,0,103,752,2686,86,343,284,47,202,0.0320178704393149,2007,0.0486111111111111,2008,BIHAR,BETTIAH,BIHAR||BETTIAH
64,33,8,28,0,51,7,18,57,243,16,261,66,35,26,33,0,4,96,0,133,2077,3312,161,470,360,101,261,0.0486111111111111,2008,0.0312304809494066,2009,BIHAR,BETTIAH,BIHAR||BETTIAH
41,25,3,10,0,43,34,26,96,184,1,186,8,23,21,8,7,0,22,0,52,486,1368,47,368,328,31,186,0.0343567251461988,2001,0.0344599072233267,2002,BIHAR,BHABHUA,BIHAR||BHABHUA
48,10,6,17,0,41,30,24,78,140,8,196,6,35,19,17,0,0,18,0,41,778,1509,52,372,269,41,196,0.0344599072233267,2002,0.0412621359223301,2003,BIHAR,BHABHUA,BIHAR||BHABHUA
76,77,1,11,0,40,24,34,58,166,14,156,24,38,20,21,6,0,13,0,44,282,1236,51,419,292,62,156,0.0412621359223301,2003,0.0565642458100558,2004,BIHAR,BHABHUA,BIHAR||BHABHUA
59,14,3,20,1,47,15,26,85,146,12,165,32,55,35,28,8,0,24,0,52,415,1432,81,349,304,87,165,0.0565642458100558,2004,0.0286852589641434,2005,BIHAR,BHABHUA,BIHAR||BHABHUA
58,64,5,14,0,41,21,21,39,151,9,82,33,36,33,16,1,0,5,0,65,439,1255,36,306,253,69,82,0.0286852589641434,2005,0.0450070323488045,2006,BIHAR,BHABHUA,BIHAR||BHABHUA
53,16,2,22,0,35,33,17,64,198,1,133,15,22,28,19,5,0,17,1,64,609,1422,64,311,308,37,133,0.0450070323488045,2006,0.0406178489702517,2007,BIHAR,BHABHUA,BIHAR||BHABHUA
50,28,11,12,0,25,7,19,61,192,8,191,37,28,18,24,5,0,30,0,72,566,1748,71,343,298,65,191,0.0406178489702517,2007,0.0363017583664208,2008,BIHAR,BHABHUA,BIHAR||BHABHUA
40,38,0,8,0,37,6,14,68,193,14,148,33,45,6,19,10,0,26,1,82,847,1763,64,291,295,78,148,0.0363017583664208,2008,0.0219101123595505,2009,BIHAR,BHABHUA,BIHAR||BHABHUA
128,73,6,35,0,66,22,55,127,370,25,171,22,47,13,20,15,0,52,0,53,1343,2634,122,556,590,69,171,0.0463173880030372,2001,0.0340379792189179,2002,BIHAR,BHAGALPUR,BIHAR||BHAGALPUR
107,46,4,40,0,89,16,64,134,409,46,207,35,52,13,19,10,0,26,0,58,1445,2791,95,573,666,87,207,0.0340379792189179,2002,0.0650887573964497,2003,BIHAR,BHAGALPUR,BIHAR||BHAGALPUR
97,189,5,45,0,98,14,73,165,336,21,168,42,79,26,13,33,0,107,0,68,1443,3042,198,689,621,121,168,0.0650887573964497,2003,0.0933967876264128,2004,BIHAR,BHAGALPUR,BIHAR||BHAGALPUR
133,88,6,63,0,95,32,54,140,393,65,239,71,106,20,12,13,0,226,0,69,1545,3362,314,710,672,177,239,0.0933967876264128,2004,0.0525128865979381,2005,BIHAR,BHAGALPUR,BIHAR||BHAGALPUR
93,52,8,75,0,101,14,58,119,394,83,254,66,67,25,18,15,0,55,0,87,1570,3104,163,655,679,133,254,0.0525128865979381,2005,0.0292792792792792,2006,BIHAR,BHAGALPUR,BIHAR||BHAGALPUR
119,94,7,43,0,83,14,50,157,426,90,273,43,90,12,19,19,1,22,0,68,1655,3552,104,683,735,133,273,0.0292792792792792,2006,0.0321192052980132,2007,BIHAR,BHAGALPUR,BIHAR||BHAGALPUR
92,85,11,25,0,76,15,31,114,425,115,210,20,75,13,21,33,2,16,0,73,1072,3020,97,545,698,95,210,0.0321192052980132,2007,0.0514722930674704,2008,BIHAR,BHAGALPUR,BIHAR||BHAGALPUR
90,81,13,35,0,133,10,34,130,699,139,259,35,105,21,27,35,5,120,0,80,1777,4313,222,655,1023,140,259,0.0514722930674704,2008,0.028395061728395,2009,BIHAR,BHAGALPUR,BIHAR||BHAGALPUR
135,33,0,22,0,46,32,49,114,214,18,240,0,31,0,23,0,4,29,0,102,1217,2806,78,557,395,31,240,0.0277975766215253,2001,0.050314465408805,2002,BIHAR,BHOJPUR,BIHAR||BHOJPUR
147,41,1,17,0,43,35,49,99,247,9,124,22,71,39,51,4,0,79,1,8,1913,3021,152,457,443,93,124,0.050314465408805,2002,0.044738725841088,2003,BIHAR,BHOJPUR,BIHAR||BHOJPUR
125,46,4,12,0,48,34,38,86,240,18,164,44,71,38,24,14,0,75,0,79,1567,2794,125,471,420,115,164,0.044738725841088,2003,0.0403162055335968,2004,BIHAR,BHOJPUR,BIHAR||BHOJPUR
108,211,3,9,0,30,43,57,100,285,19,232,38,20,48,34,42,0,68,0,81,2296,3795,153,693,509,58,232,0.0403162055335968,2004,0.0455660708026638,2005,BIHAR,BHOJPUR,BIHAR||BHOJPUR
158,188,0,14,0,38,32,46,118,293,49,194,52,14,46,38,34,0,44,0,69,962,2853,130,670,552,66,194,0.0455660708026638,2005,0.0451797645561565,2006,BIHAR,BHOJPUR,BIHAR||BHOJPUR
127,235,0,17,0,57,32,57,85,314,71,254,14,37,57,26,18,0,81,0,96,1112,3143,142,779,584,51,254,0.0451797645561565,2006,0.0725987793125602,2007,BIHAR,BHOJPUR,BIHAR||BHOJPUR
112,133,5,41,0,57,11,47,112,333,65,222,58,100,45,42,60,0,83,0,123,145,3113,226,628,602,158,222,0.0725987793125602,2007,0.0592343507501293,2008,BIHAR,BHOJPUR,BIHAR||BHOJPUR
138,167,2,18,0,72,16,49,94,314,64,191,106,164,48,57,31,1,122,0,140,501,3866,229,653,569,270,191,0.0592343507501293,2008,0.0915417558886509,2009,BIHAR,BHOJPUR,BIHAR||BHOJPUR
56,38,0,8,0,34,49,34,76,179,5,189,0,57,18,15,0,0,0,0,82,800,1674,23,408,312,57,189,0.0137395459976105,2001,0.0266304347826086,2002,BIHAR,BUXAR,BIHAR||BUXAR
60,80,16,17,0,40,38,44,61,182,0,236,0,43,4,16,0,0,16,0,125,817,1840,49,531,291,43,236,0.0266304347826086,2002,0.0514138817480719,2003,BIHAR,BUXAR,BIHAR||BUXAR
61,173,9,12,0,26,25,27,66,199,2,108,15,17,16,14,6,0,27,1,48,128,1167,60,441,310,32,108,0.0514138817480719,2003,0.0368923611111111,2004,BIHAR,BUXAR,BIHAR||BUXAR
70,65,2,13,0,51,41,36,88,235,4,223,63,60,20,21,13,0,37,1,161,700,2304,85,501,383,123,223,0.0368923611111111,2004,0.0699513381995133,2005,BIHAR,BUXAR,BIHAR||BUXAR
68,108,2,6,0,30,35,35,53,312,14,153,26,78,23,30,14,0,58,7,38,206,1644,115,437,437,104,153,0.0699513381995133,2005,0.0697534576067348,2006,BIHAR,BUXAR,BIHAR||BUXAR
46,67,0,10,0,48,32,34,59,270,37,255,40,47,27,25,12,0,67,2,48,168,1663,116,492,427,87,255,0.0697534576067348,2006,0.0729379686434901,2007,BIHAR,BUXAR,BIHAR||BUXAR
36,75,6,13,0,32,11,29,51,166,32,154,35,43,38,23,37,0,34,0,55,435,1467,107,356,316,78,154,0.0729379686434901,2007,0.052807486631016,2008,BIHAR,BUXAR,BIHAR||BUXAR
52,61,6,11,0,26,9,24,52,284,44,143,26,24,23,29,20,0,19,0,46,520,1496,79,332,427,50,143,0.052807486631016,2008,0.0575268817204301,2009,BIHAR,BUXAR,BIHAR||BUXAR
53,64,4,19,0,39,29,37,65,103,8,142,39,31,17,37,40,0,34,0,66,1715,2572,130,387,230,70,142,0.0505443234836702,2001,0.0612244897959183,2002,BIHAR,DARBHANGA,BIHAR||DARBHANGA
72,79,17,52,0,93,42,29,91,225,12,244,64,89,28,26,38,0,73,0,64,1669,3087,189,628,385,153,244,0.0612244897959183,2002,0.0715811965811965,2003,BIHAR,DARBHANGA,BIHAR||DARBHANGA
68,58,4,77,0,61,24,32,52,198,10,240,17,177,39,19,10,0,95,0,60,1546,2808,201,564,331,194,240,0.0715811965811965,2003,0.0544923775543301,2004,BIHAR,DARBHANGA,BIHAR||DARBHANGA
55,20,11,59,0,60,28,53,33,138,4,420,91,75,16,33,0,0,70,6,64,1848,3083,168,706,244,166,420,0.0544923775543301,2004,0.0847133757961783,2005,BIHAR,DARBHANGA,BIHAR||DARBHANGA
44,78,6,65,0,54,27,20,66,285,14,211,63,96,27,33,31,0,137,0,66,1741,3140,266,505,412,159,211,0.0847133757961783,2005,0.0754250386398763,2006,BIHAR,DARBHANGA,BIHAR||DARBHANGA
70,74,6,74,0,68,25,26,73,270,8,191,88,93,37,33,54,3,76,4,70,1804,3235,244,534,414,181,191,0.0754250386398763,2006,0.0548996458087367,2007,BIHAR,DARBHANGA,BIHAR||DARBHANGA
72,109,5,47,0,91,10,19,63,318,29,55,76,149,40,39,41,0,59,0,84,2012,3388,186,408,469,225,55,0.0548996458087367,2007,0.0560526315789473,2008,BIHAR,DARBHANGA,BIHAR||DARBHANGA
76,154,6,67,0,123,19,15,68,320,10,50,129,150,34,48,53,0,45,0,102,2178,3800,213,510,447,279,50,0.0560526315789473,2008,0.0743956817648439,2009,BIHAR,DARBHANGA,BIHAR||DARBHANGA
200,170,7,25,0,66,100,114,149,416,50,417,57,79,23,26,27,0,24,0,127,862,3182,102,1099,752,136,417,0.0320553111250785,2001,0.0409731113956466,2002,BIHAR,GAYA,BIHAR||GAYA
218,149,8,31,0,38,98,132,162,348,19,319,37,63,38,26,27,0,44,0,120,973,3124,128,993,699,100,319,0.0409731113956466,2002,0.0448430493273542,2003,BIHAR,GAYA,BIHAR||GAYA
230,56,11,27,0,69,107,157,173,374,8,311,44,33,45,37,40,0,46,0,139,1064,3345,150,968,757,77,311,0.0448430493273542,2003,0.0438348416289592,2004,BIHAR,GAYA,BIHAR||GAYA
163,178,15,19,0,70,104,168,127,461,161,391,18,27,36,36,42,0,58,0,108,966,3536,155,1108,953,45,391,0.0438348416289592,2004,0.0201872440023405,2005,BIHAR,GAYA,BIHAR||GAYA
158,175,6,22,0,77,112,129,145,410,39,405,20,23,32,8,28,0,11,0,40,1069,3418,69,1084,755,43,405,0.0201872440023405,2005,0.0589953271028037,2006,BIHAR,GAYA,BIHAR||GAYA
158,178,28,25,0,68,72,100,128,443,72,326,59,39,92,168,0,0,9,0,215,774,3424,202,955,835,98,326,0.0589953271028037,2006,0.0387551379917792,2007,BIHAR,GAYA,BIHAR||GAYA
157,170,11,28,0,59,48,90,118,439,128,316,6,62,61,74,15,0,15,0,93,205,3406,132,879,836,68,316,0.0387551379917792,2007,0.0349365877004067,2008,BIHAR,GAYA,BIHAR||GAYA
136,60,12,52,0,90,35,63,124,494,169,544,32,151,26,43,8,0,40,3,212,1598,4179,146,992,876,183,544,0.0349365877004067,2008,0.0408560311284046,2009,BIHAR,GAYA,BIHAR||GAYA
107,92,4,13,0,59,32,73,81,153,25,227,45,75,6,22,0,2,155,0,96,807,2098,192,607,338,120,227,0.0915157292659675,2001,0.0442260442260442,2002,BIHAR,GOPALGANJ,BIHAR||GOPALGANJ
69,89,5,16,0,42,13,34,72,120,22,181,2,64,3,23,0,0,51,0,35,1206,2035,90,449,251,66,181,0.0442260442260442,2002,0.0329177057356608,2003,BIHAR,GOPALGANJ,BIHAR||GOPALGANJ
65,78,6,12,0,34,9,27,46,89,15,164,5,55,4,14,0,6,34,0,79,1273,2005,66,395,181,60,164,0.0329177057356608,2003,0.0818649045521292,2004,BIHAR,GOPALGANJ,BIHAR||GOPALGANJ
77,132,8,39,0,78,23,67,69,163,24,185,70,75,8,38,5,9,132,0,6,1533,2724,223,609,331,145,185,0.0818649045521292,2004,0.0416830515139598,2005,BIHAR,GOPALGANJ,BIHAR||GOPALGANJ
74,209,6,24,0,65,10,53,64,205,16,188,77,81,9,25,2,6,49,0,52,1337,2543,106,629,347,158,188,0.0416830515139598,2005,0.0700042426813746,2006,BIHAR,GOPALGANJ,BIHAR||GOPALGANJ
72,46,10,23,0,55,25,40,77,206,31,188,22,42,3,32,16,0,94,0,74,1275,2357,165,459,357,64,188,0.0700042426813746,2006,0.0378600823045267,2007,BIHAR,GOPALGANJ,BIHAR||GOPALGANJ
48,79,6,9,0,21,11,32,59,203,39,193,3,49,12,22,15,0,46,0,86,1476,2430,92,399,345,52,193,0.0378600823045267,2007,0.0752399232245681,2008,BIHAR,GOPALGANJ,BIHAR||GOPALGANJ
74,93,6,23,0,80,16,41,50,144,55,201,4,65,17,36,27,0,110,0,194,1356,2605,196,534,307,69,201,0.0752399232245681,2008,0.0927678909503975,2009,BIHAR,GOPALGANJ,BIHAR||GOPALGANJ
7,0,0,1,0,4,9,13,1,117,4,0,0,3,0,0,1,0,1,0,4,62,225,3,34,135,3,0,0.0133333333333333,2001,0.0125523012552301,2002,BIHAR,JAMALPUR RLY.,BIHAR||JAMALPUR RLY
6,5,2,0,0,5,10,7,3,121,3,3,0,3,0,1,2,0,0,0,0,70,239,3,38,134,3,3,0.0125523012552301,2002,0.0042194092827004,2003,BIHAR,JAMALPUR RLY.,BIHAR||JAMALPUR RLY
9,1,0,1,0,4,9,7,0,137,2,13,1,6,1,0,0,0,0,0,0,21,237,1,44,147,7,13,0.0042194092827004,2003,0.0121951219512195,2004,BIHAR,JAMALPUR RLY.,BIHAR||JAMALPUR RLY
10,6,0,0,0,1,25,4,3,171,2,5,5,4,0,3,1,0,0,0,0,85,328,4,51,180,9,5,0.0121951219512195,2004,0.0051282051282051,2005,BIHAR,JAMALPUR RLY.,BIHAR||JAMALPUR RLY
7,1,0,0,0,3,13,7,0,108,6,3,0,7,0,0,1,0,0,0,0,44,195,1,34,121,7,3,0.0051282051282051,2005,0.0,2006,BIHAR,JAMALPUR RLY.,BIHAR||JAMALPUR RLY
4,0,0,0,0,0,7,5,0,100,11,4,0,1,0,0,0,0,0,0,1,45,168,0,20,116,1,4,0.0,2006,0.015625,2007,BIHAR,JAMALPUR RLY.,BIHAR||JAMALPUR RLY
6,3,0,1,0,2,11,10,0,59,7,4,0,1,0,0,2,0,0,0,0,92,192,3,37,76,1,4,0.015625,2007,0.0089686098654708,2008,BIHAR,JAMALPUR RLY.,BIHAR||JAMALPUR RLY
10,0,0,1,0,4,8,3,0,123,8,7,0,1,0,1,0,0,0,0,0,64,223,2,33,134,1,7,0.0089686098654708,2008,0.0129310344827586,2009,BIHAR,JAMALPUR RLY.,BIHAR||JAMALPUR RLY
67,74,3,10,0,14,22,14,40,81,1,134,10,7,1,16,8,0,15,0,14,289,1046,49,338,137,17,134,0.0468451242829827,2001,0.0524809160305343,2002,BIHAR,JAMUI,BIHAR||JAMUI
56,203,3,15,0,38,8,34,39,106,8,142,0,18,12,21,0,0,19,0,27,213,1048,55,499,199,18,142,0.0524809160305343,2002,0.0767772511848341,2003,BIHAR,JAMUI,BIHAR||JAMUI
64,25,0,24,0,34,32,25,50,81,2,115,0,9,10,11,12,0,34,0,35,367,1055,81,319,168,9,115,0.0767772511848341,2003,0.0835734870317002,2004,BIHAR,JAMUI,BIHAR||JAMUI
79,74,0,31,0,71,31,26,39,77,6,152,6,47,13,11,29,0,45,0,24,320,1388,116,464,161,53,152,0.0835734870317002,2004,0.0872959545777146,2005,BIHAR,JAMUI,BIHAR||JAMUI
93,52,2,33,0,46,39,44,49,102,4,109,6,29,59,22,20,0,48,0,21,427,1409,123,418,258,35,109,0.0872959545777146,2005,0.0462724935732647,2006,BIHAR,JAMUI,BIHAR||JAMUI
69,82,12,29,0,28,25,61,42,112,5,166,13,18,19,15,7,2,19,0,4,650,1556,72,472,239,31,166,0.0462724935732647,2006,0.0539861895794099,2007,BIHAR,JAMUI,BIHAR||JAMUI
51,30,1,46,0,31,20,26,44,104,6,166,17,42,16,8,12,0,20,0,48,568,1593,86,371,196,59,166,0.0539861895794099,2007,0.064317673378076,2008,BIHAR,JAMUI,BIHAR||JAMUI
56,127,3,17,0,38,16,21,38,138,13,163,5,47,21,32,25,0,41,0,32,206,1788,115,441,231,52,163,0.064317673378076,2008,0.0420912715994683,2009,BIHAR,JAMUI,BIHAR||JAMUI
73,80,2,6,0,35,15,22,53,121,10,170,0,51,0,25,0,0,4,0,0,694,1353,35,403,206,51,170,0.0258684405025868,2001,0.0250379362670713,2002,BIHAR,JEHANABAD,BIHAR||JEHANABAD
73,55,1,7,0,32,28,20,34,123,8,169,0,35,0,21,0,0,5,0,12,702,1318,33,385,185,35,169,0.0250379362670713,2002,0.0351190476190476,2003,BIHAR,JEHANABAD,BIHAR||JEHANABAD
64,101,1,9,0,40,33,35,40,146,7,79,13,40,18,16,0,0,34,0,20,967,1680,59,362,246,53,79,0.0351190476190476,2003,0.0391608391608391,2004,BIHAR,JEHANABAD,BIHAR||JEHANABAD
68,50,2,6,0,38,32,34,50,130,13,98,15,35,12,6,19,0,25,0,30,487,1430,56,328,239,50,98,0.0391608391608391,2004,0.0453400503778337,2005,BIHAR,JEHANABAD,BIHAR||JEHANABAD
52,52,2,16,0,19,35,35,60,150,18,95,3,14,13,7,14,0,17,0,31,495,1191,54,306,276,17,95,0.0453400503778337,2005,0.0321987120515179,2006,BIHAR,JEHANABAD,BIHAR||JEHANABAD
39,14,1,10,0,20,16,15,22,96,13,71,11,12,6,15,5,0,5,0,13,694,1087,35,186,152,23,71,0.0321987120515179,2006,0.0432145564821834,2007,BIHAR,JEHANABAD,BIHAR||JEHANABAD
40,16,3,7,0,27,11,16,26,85,1,87,10,18,8,19,7,0,24,0,47,802,1319,57,207,136,28,87,0.0432145564821834,2007,0.0301837270341207,2008,BIHAR,JEHANABAD,BIHAR||JEHANABAD
35,10,5,6,0,38,15,18,25,132,9,127,3,10,0,23,0,0,17,0,52,988,1524,46,254,184,13,127,0.0301837270341207,2008,0.0653266331658291,2009,BIHAR,JEHANABAD,BIHAR||JEHANABAD
60,47,2,51,0,49,49,30,49,146,13,193,26,23,1,6,6,0,29,0,71,904,1811,92,481,239,49,193,0.0508006626173384,2001,0.0547630004601932,2002,BIHAR,KATIHAR,BIHAR||KATIHAR
67,25,5,77,0,87,29,30,65,157,19,235,7,50,3,5,5,0,32,0,43,1173,2173,119,555,274,57,235,0.0547630004601932,2002,0.0780891134588883,2003,BIHAR,KATIHAR,BIHAR||KATIHAR
78,35,5,92,0,68,34,42,50,229,22,215,31,47,20,9,9,0,60,0,60,851,2177,170,569,363,78,215,0.0780891134588883,2003,0.0742496050552922,2004,BIHAR,KATIHAR,BIHAR||KATIHAR
71,22,7,79,0,71,26,27,55,159,26,171,44,38,19,19,9,0,34,0,66,804,1899,141,474,286,82,171,0.0742496050552922,2004,0.1002801120448179,2005,BIHAR,KATIHAR,BIHAR||KATIHAR
78,41,1,88,0,61,19,34,36,146,19,124,15,34,16,26,10,0,55,0,50,816,1785,179,446,251,49,124,0.1002801120448179,2005,0.1052931132612407,2006,BIHAR,KATIHAR,BIHAR||KATIHAR
59,46,3,82,0,57,8,10,50,150,20,114,27,37,14,35,33,6,29,0,34,715,1757,185,379,244,64,114,0.1052931132612407,2006,0.0821237585943468,2007,BIHAR,KATIHAR,BIHAR||KATIHAR
71,50,1,149,0,135,8,26,55,165,23,200,107,119,13,14,25,0,27,0,45,988,2618,215,640,282,226,200,0.0821237585943468,2007,0.0612316305108467,2008,BIHAR,KATIHAR,BIHAR||KATIHAR
63,13,2,120,0,103,16,23,61,152,28,146,19,85,17,15,12,0,28,0,85,1128,2858,175,486,281,104,146,0.0612316305108467,2008,0.0776507686243594,2009,BIHAR,KATIHAR,BIHAR||KATIHAR
7,0,0,0,0,3,18,19,12,221,10,9,0,9,0,0,2,0,0,0,0,116,417,2,56,262,9,9,0.0047961630695443,2001,0.0115207373271889,2002,BIHAR,KATIHAR RLY.,BIHAR||KATIHAR RLY
14,0,0,2,0,3,9,17,17,218,7,9,0,12,0,1,2,0,0,0,0,130,434,5,54,259,12,9,0.0115207373271889,2002,0.0171755725190839,2003,BIHAR,KATIHAR RLY.,BIHAR||KATIHAR RLY
7,0,2,0,0,10,11,16,6,257,3,16,3,9,1,3,2,0,4,0,1,173,524,9,62,283,12,16,0.0171755725190839,2003,0.0089887640449438,2004,BIHAR,KATIHAR RLY.,BIHAR||KATIHAR RLY
10,0,0,2,0,5,10,20,5,224,14,7,3,14,0,0,1,0,1,0,2,139,445,4,54,263,17,7,0.0089887640449438,2004,0.0231481481481481,2005,BIHAR,KATIHAR RLY.,BIHAR||KATIHAR RLY
11,0,0,2,0,7,2,13,4,214,5,8,0,20,0,1,7,0,0,0,0,141,432,10,43,236,20,8,0.0231481481481481,2005,0.0099403578528827,2006,BIHAR,KATIHAR RLY.,BIHAR||KATIHAR RLY
10,0,0,3,0,6,9,8,7,278,5,10,2,16,0,1,1,0,0,0,0,151,503,5,46,298,18,10,0.0099403578528827,2006,0.0043103448275862,2007,BIHAR,KATIHAR RLY.,BIHAR||KATIHAR RLY
6,0,0,2,0,7,9,10,10,238,8,13,2,14,0,0,0,0,0,0,1,150,464,2,47,266,16,13,0.0043103448275862,2007,0.0171306209850107,2008,BIHAR,KATIHAR RLY.,BIHAR||KATIHAR RLY
6,11,2,2,0,9,4,9,8,232,2,21,3,8,0,0,5,0,1,0,2,110,467,8,64,251,11,21,0.0171306209850107,2008,0.0082417582417582,2009,BIHAR,KATIHAR RLY.,BIHAR||KATIHAR RLY
72,27,2,5,0,34,6,29,17,86,7,167,4,6,1,11,6,0,2,0,59,353,895,24,342,140,10,167,0.0268156424581005,2001,0.0445049954586739,2002,BIHAR,KHAGARIA,BIHAR||KHAGARIA
66,23,6,15,0,31,9,17,20,75,9,173,7,18,4,9,8,0,17,0,32,541,1101,49,340,125,25,173,0.0445049954586739,2002,0.0379384395132426,2003,BIHAR,KHAGARIA,BIHAR||KHAGARIA
62,70,2,16,0,77,9,20,26,80,3,137,9,12,6,6,9,0,22,0,51,668,1397,53,393,135,21,137,0.0379384395132426,2003,0.0411840411840411,2004,BIHAR,KHAGARIA,BIHAR||KHAGARIA
50,88,5,18,0,43,23,36,16,117,13,199,11,10,17,9,10,0,27,0,70,630,1554,64,462,199,21,199,0.0411840411840411,2004,0.0298818624044475,2005,BIHAR,KHAGARIA,BIHAR||KHAGARIA
48,41,0,14,0,35,12,39,20,14,5,140,5,4,10,12,5,0,12,0,100,808,1439,43,329,88,9,140,0.0298818624044475,2005,0.032126168224299,2006,BIHAR,KHAGARIA,BIHAR||KHAGARIA
53,148,1,22,0,47,15,31,10,130,6,224,8,6,5,15,6,0,12,0,133,656,1712,55,541,182,14,224,0.032126168224299,2006,0.0359628770301624,2007,BIHAR,KHAGARIA,BIHAR||KHAGARIA
48,70,0,21,0,44,8,26,16,86,7,241,16,16,16,14,15,0,12,0,57,804,1724,62,458,151,32,241,0.0359628770301624,2007,0.0219058050383351,2008,BIHAR,KHAGARIA,BIHAR||KHAGARIA
55,63,0,16,0,48,7,17,16,99,29,201,13,17,11,9,2,0,13,0,63,955,1826,40,407,172,30,201,0.0219058050383351,2008,0.0454817474566128,2009,BIHAR,KHAGARIA,BIHAR||KHAGARIA
25,15,1,22,0,23,19,10,34,57,10,116,15,5,8,4,2,1,39,0,16,481,897,68,231,119,20,116,0.0758082497212932,2001,0.0683229813664596,2002,BIHAR,KISHANGANJ,BIHAR||KISHANGANJ
30,2,1,20,0,35,15,10,38,82,10,137,10,4,8,5,4,0,37,0,10,510,966,66,250,148,14,137,0.0683229813664596,2002,0.0458811261730969,2003,BIHAR,KISHANGANJ,BIHAR||KISHANGANJ
27,4,6,17,0,39,12,11,43,96,3,127,8,11,1,5,2,0,20,0,10,365,959,44,243,154,19,127,0.0458811261730969,2003,0.0922053231939163,2004,BIHAR,KISHANGANJ,BIHAR||KISHANGANJ
26,12,8,32,0,80,11,12,32,122,14,110,16,36,2,4,25,0,36,0,27,416,1052,97,291,182,52,110,0.0922053231939163,2004,0.0943952802359882,2005,BIHAR,KISHANGANJ,BIHAR||KISHANGANJ
17,23,2,61,0,84,10,10,36,122,17,95,27,24,7,3,2,0,30,0,15,338,1017,96,302,192,51,95,0.0943952802359882,2005,0.1353591160220994,2006,BIHAR,KISHANGANJ,BIHAR||KISHANGANJ
20,3,1,81,0,84,8,9,39,79,19,110,0,44,0,9,0,0,57,0,26,425,1086,147,316,146,44,110,0.1353591160220994,2006,0.1,2007,BIHAR,KISHANGANJ,BIHAR||KISHANGANJ
23,12,0,53,0,65,7,11,38,108,22,80,15,19,11,8,25,0,18,0,30,398,1040,104,251,190,34,80,0.1,2007,0.0463525835866261,2008,BIHAR,KISHANGANJ,BIHAR||KISHANGANJ
32,42,0,30,0,33,7,17,46,169,16,125,5,4,4,8,0,0,23,0,35,308,1316,61,286,252,9,125,0.0463525835866261,2008,0.0569366479550922,2009,BIHAR,KISHANGANJ,BIHAR||KISHANGANJ
61,44,5,10,0,30,9,13,25,79,3,93,5,6,4,6,12,0,5,0,33,305,754,33,265,124,11,93,0.0437665782493368,2001,0.0279187817258883,2002,BIHAR,LAKHISARAI,BIHAR||LAKHISARAI
67,36,2,2,0,34,6,15,22,84,9,67,3,10,4,4,10,0,6,0,34,337,788,22,229,134,13,67,0.0279187817258883,2002,0.0294117647058823,2003,BIHAR,LAKHISARAI,BIHAR||LAKHISARAI
56,26,2,7,0,39,7,26,13,56,5,48,2,0,4,10,0,0,6,0,24,454,782,23,211,104,2,48,0.0294117647058823,2003,0.0393873085339168,2004,BIHAR,LAKHISARAI,BIHAR||LAKHISARAI
63,87,4,13,0,50,9,38,35,62,8,90,10,15,3,10,4,0,9,0,44,334,914,36,354,146,25,90,0.0393873085339168,2004,0.0273809523809523,2005,BIHAR,LAKHISARAI,BIHAR||LAKHISARAI
57,26,1,3,0,38,8,33,22,81,5,56,8,13,10,8,6,0,6,0,43,382,840,23,222,151,21,56,0.0273809523809523,2005,0.0422245108135942,2006,BIHAR,LAKHISARAI,BIHAR||LAKHISARAI
48,111,6,12,0,30,6,14,22,65,6,67,8,18,8,14,10,0,5,0,50,407,971,41,294,115,26,67,0.0422245108135942,2006,0.0560975609756097,2007,BIHAR,LAKHISARAI,BIHAR||LAKHISARAI
32,21,0,31,0,36,5,22,31,104,6,83,10,32,12,10,14,0,14,0,35,550,1230,69,230,175,42,83,0.0560975609756097,2007,0.0699241786015164,2008,BIHAR,LAKHISARAI,BIHAR||LAKHISARAI
41,67,0,35,0,34,7,23,36,133,2,72,16,33,4,11,23,2,12,0,52,349,1187,83,279,198,49,72,0.0699241786015164,2008,0.0641421947449768,2009,BIHAR,LAKHISARAI,BIHAR||LAKHISARAI
56,23,7,11,0,49,17,31,13,69,16,157,11,17,8,6,3,0,10,0,18,550,1062,30,351,137,28,157,0.0282485875706214,2001,0.029440628066732,2002,BIHAR,MADHEPURA,BIHAR||MADHEPURA
50,23,3,10,0,32,29,41,22,75,11,162,5,9,11,4,7,0,9,0,23,386,1019,30,350,160,14,162,0.029440628066732,2002,0.0239760239760239,2003,BIHAR,MADHEPURA,BIHAR||MADHEPURA
62,14,6,8,0,24,20,29,19,58,7,105,11,12,7,6,2,0,8,0,19,588,1001,24,268,120,23,105,0.0239760239760239,2003,0.025531914893617,2004,BIHAR,MADHEPURA,BIHAR||MADHEPURA
58,23,4,11,0,23,18,41,35,58,11,143,0,18,4,7,4,0,8,0,10,705,1175,30,321,149,18,143,0.025531914893617,2004,0.0369393139841688,2005,BIHAR,MADHEPURA,BIHAR||MADHEPURA
52,24,2,15,0,13,17,38,24,50,6,100,6,16,5,10,6,0,11,0,38,589,1137,42,261,123,22,100,0.0369393139841688,2005,0.0281569965870307,2006,BIHAR,MADHEPURA,BIHAR||MADHEPURA
60,24,2,10,0,16,15,41,18,111,11,123,7,11,15,12,4,0,7,0,25,568,1172,33,291,196,18,123,0.0281569965870307,2006,0.0439560439560439,2007,BIHAR,MADHEPURA,BIHAR||MADHEPURA
65,18,1,32,0,36,12,34,29,120,14,139,4,21,12,7,3,0,18,4,30,848,1456,64,337,209,25,139,0.0439560439560439,2007,0.0317647058823529,2008,BIHAR,MADHEPURA,BIHAR||MADHEPURA
34,7,6,16,0,45,7,33,42,140,29,159,25,11,7,16,10,0,12,0,23,1050,1700,54,307,251,36,159,0.0317647058823529,2008,0.0254237288135593,2009,BIHAR,MADHEPURA,BIHAR||MADHEPURA
35,65,5,13,0,36,24,17,86,98,0,195,11,9,4,12,41,0,18,0,110,1503,2897,84,390,205,20,195,0.0289955125992405,2001,0.1389417586600685,2002,BIHAR,MADHUBANI,BIHAR||MADHUBANI
66,86,92,31,0,50,35,20,98,177,2,282,22,65,69,58,165,0,111,0,81,440,2627,365,662,366,87,282,0.1389417586600685,2002,0.1607740975065128,2003,BIHAR,MADHUBANI,BIHAR||MADHUBANI
78,172,68,38,0,62,39,22,104,184,11,320,21,56,2,20,112,0,262,0,120,561,2687,432,799,323,77,320,0.1607740975065128,2003,0.1201764057331863,2004,BIHAR,MADHUBANI,BIHAR||MADHUBANI
60,91,0,61,0,69,57,43,67,224,4,338,0,27,2,34,121,0,111,0,14,788,2721,327,719,340,27,338,0.1201764057331863,2004,0.0423280423280423,2005,BIHAR,MADHUBANI,BIHAR||MADHUBANI
69,108,7,42,0,66,45,31,99,196,0,313,54,19,23,17,35,0,26,0,27,789,2835,120,681,349,73,313,0.0423280423280423,2005,0.0802675585284281,2006,BIHAR,MADHUBANI,BIHAR||MADHUBANI
62,89,10,58,0,76,50,31,122,94,0,358,4,12,0,10,14,0,14,0,0,169,1196,96,734,247,16,358,0.0802675585284281,2006,0.0383448275862068,2007,BIHAR,MADHUBANI,BIHAR||MADHUBANI
76,176,11,47,0,71,17,16,71,228,16,318,31,40,24,27,36,0,29,0,65,1427,3625,139,732,355,71,318,0.0383448275862068,2007,0.0515218188485515,2008,BIHAR,MADHUBANI,BIHAR||MADHUBANI
62,72,6,24,0,51,24,26,85,345,5,285,21,30,16,24,182,0,51,0,162,3770,5454,281,550,477,51,285,0.0515218188485515,2008,0.0337724550898203,2009,BIHAR,MADHUBANI,BIHAR||MADHUBANI
114,98,11,44,0,100,30,79,105,271,3,365,46,103,23,37,3,1,47,0,36,2243,3881,132,841,481,149,365,0.0340118526153053,2001,0.0424281984334203,2002,BIHAR,MOTIHARI,BIHAR||MOTIHARI
97,47,19,41,0,139,47,102,133,306,5,418,75,117,27,48,12,0,94,0,111,2712,4596,195,910,573,192,418,0.0424281984334203,2002,0.0545963602426504,2003,BIHAR,MOTIHARI,BIHAR||MOTIHARI
113,61,16,39,0,114,24,65,128,295,8,386,64,124,31,36,49,0,110,0,112,2187,4286,234,818,527,188,386,0.0545963602426504,2003,0.0420226275686908,2004,BIHAR,MOTIHARI,BIHAR||MOTIHARI
120,69,8,29,0,129,22,79,127,378,11,365,80,135,26,45,15,0,93,0,81,1992,4331,182,821,621,215,365,0.0420226275686908,2004,0.0304557405784399,2005,BIHAR,MOTIHARI,BIHAR||MOTIHARI
111,159,15,24,0,134,52,67,108,437,21,366,87,71,30,51,13,0,43,8,76,1661,4564,139,928,663,158,366,0.0304557405784399,2005,0.029674988224211,2006,BIHAR,MOTIHARI,BIHAR||MOTIHARI
119,142,13,22,0,100,42,56,162,436,45,368,77,64,25,51,11,0,37,5,195,1330,4246,126,862,724,141,368,0.029674988224211,2006,0.0330025386568197,2007,BIHAR,MOTIHARI,BIHAR||MOTIHARI
111,88,9,25,0,104,25,41,128,444,84,348,44,29,34,61,20,0,37,0,84,970,4333,143,751,731,73,348,0.0330025386568197,2007,0.0228260869565217,2008,BIHAR,MOTIHARI,BIHAR||MOTIHARI
120,306,79,34,0,121,27,50,113,474,110,323,13,9,21,45,14,0,12,0,126,833,4600,105,1060,768,22,323,0.0228260869565217,2008,0.0242644249140236,2009,BIHAR,MOTIHARI,BIHAR||MOTIHARI
51,108,0,11,0,45,6,29,57,157,17,218,0,29,12,8,0,0,39,0,28,787,1758,58,468,272,29,218,0.0329920364050056,2001,0.0094339622641509,2002,BIHAR,MUNGER,BIHAR||MUNGER
63,124,0,11,0,53,4,22,36,161,14,51,32,68,9,8,0,0,0,0,21,788,2014,19,328,242,100,51,0.0094339622641509,2002,0.0490143846563665,2003,BIHAR,MUNGER,BIHAR||MUNGER
80,28,1,7,0,47,4,24,35,148,11,231,15,38,8,6,16,0,63,0,35,962,1877,92,422,226,53,231,0.0490143846563665,2003,0.0496411483253588,2004,BIHAR,MUNGER,BIHAR||MUNGER
64,30,1,11,0,43,8,29,44,163,10,230,16,30,9,20,12,0,40,0,30,771,1672,83,416,255,46,230,0.0496411483253588,2004,0.0314465408805031,2005,BIHAR,MUNGER,BIHAR||MUNGER
95,29,1,18,0,54,19,64,38,219,37,154,9,32,8,11,10,0,16,0,41,860,1749,55,434,366,41,154,0.0314465408805031,2005,0.037919826652221,2006,BIHAR,MUNGER,BIHAR||MUNGER
73,35,1,13,0,53,19,47,44,197,29,208,16,56,10,7,10,0,40,0,26,704,1846,70,449,327,72,208,0.037919826652221,2006,0.0427098674521354,2007,BIHAR,MUNGER,BIHAR||MUNGER
76,63,0,25,0,52,5,37,40,237,56,246,8,33,6,10,0,0,52,0,42,1092,2037,87,504,376,41,246,0.0427098674521354,2007,0.0400210637177461,2008,BIHAR,MUNGER,BIHAR||MUNGER
85,92,0,20,0,61,6,43,36,312,85,189,20,22,3,14,2,0,40,0,53,815,1899,76,496,479,42,189,0.0400210637177461,2008,0.0389610389610389,2009,BIHAR,MUNGER,BIHAR||MUNGER
153,162,21,73,0,113,32,135,118,538,104,241,67,94,42,69,81,0,141,6,141,1867,4212,370,930,937,161,241,0.0878442545109211,2001,0.0631297552950853,2002,BIHAR,MUZAFFARPUR,BIHAR||MUZAFFARPUR
130,92,23,60,0,167,57,122,178,723,101,393,152,113,36,42,26,0,178,1,177,2068,4863,307,1044,1160,265,393,0.0631297552950853,2002,0.051022516009089,2003,BIHAR,MUZAFFARPUR,BIHAR||MUZAFFARPUR
120,30,16,59,0,160,41,107,187,659,59,460,119,91,27,63,27,0,98,0,174,297,4841,247,993,1039,210,460,0.051022516009089,2003,0.066813509544787,2004,BIHAR,MUZAFFARPUR,BIHAR||MUZAFFARPUR
180,17,18,166,0,300,52,146,202,779,65,819,138,286,46,72,11,0,206,0,164,2886,6810,455,1698,1238,424,819,0.066813509544787,2004,0.0499720305798993,2005,BIHAR,MUZAFFARPUR,BIHAR||MUZAFFARPUR
131,22,11,80,0,225,48,95,248,763,170,407,126,107,47,67,17,0,104,0,153,2019,5363,268,1019,1323,233,407,0.0499720305798993,2005,0.0355579868708971,2006,BIHAR,MUZAFFARPUR,BIHAR||MUZAFFARPUR
134,24,6,48,0,148,48,104,283,930,12,413,9,203,33,65,7,0,75,0,60,2212,5484,195,925,1362,212,413,0.0355579868708971,2006,0.0467988865692414,2007,BIHAR,MUZAFFARPUR,BIHAR||MUZAFFARPUR
143,26,19,77,0,169,31,74,197,875,173,402,89,119,36,93,12,0,87,0,250,3031,5748,269,941,1355,208,402,0.0467988865692414,2007,0.0366326171187037,2008,BIHAR,MUZAFFARPUR,BIHAR||MUZAFFARPUR
138,11,18,28,0,136,35,50,209,875,226,316,66,126,33,75,15,0,90,0,56,3383,5678,208,732,1393,192,316,0.0366326171187037,2008,0.0455278723785624,2009,BIHAR,MUZAFFARPUR,BIHAR||MUZAFFARPUR
13,3,0,2,0,5,4,15,8,313,24,13,2,20,1,0,4,0,1,0,0,81,538,7,55,361,22,13,0.0130111524163568,2001,0.0131362889983579,2002,BIHAR,MUZAFFARPUR RLY.,BIHAR||MUZAFFARPUR RLY
18,1,1,2,0,5,11,18,11,319,19,8,0,15,0,0,5,0,1,0,4,132,609,8,64,367,15,8,0.0131362889983579,2002,0.0134680134680134,2003,BIHAR,MUZAFFARPUR RLY.,BIHAR||MUZAFFARPUR RLY
19,9,0,3,0,6,15,11,5,324,10,11,0,20,0,1,4,0,0,0,4,122,594,8,74,350,20,11,0.0134680134680134,2003,0.0058394160583941,2004,BIHAR,MUZAFFARPUR RLY.,BIHAR||MUZAFFARPUR RLY
20,3,1,2,0,10,8,18,6,395,23,18,1,34,0,0,1,0,1,0,1,93,685,4,80,442,35,18,0.0058394160583941,2004,0.0017152658662092,2005,BIHAR,MUZAFFARPUR RLY.,BIHAR||MUZAFFARPUR RLY
26,0,0,1,0,11,10,15,9,275,18,19,0,14,0,0,0,0,0,0,8,182,583,1,82,317,14,19,0.0017152658662092,2005,0.0098730606488011,2006,BIHAR,MUZAFFARPUR RLY.,BIHAR||MUZAFFARPUR RLY
20,3,1,3,0,14,16,23,13,352,22,12,1,22,0,0,1,0,3,0,1,200,709,7,92,410,23,12,0.0098730606488011,2006,0.0051282051282051,2007,BIHAR,MUZAFFARPUR RLY.,BIHAR||MUZAFFARPUR RLY
12,0,0,2,0,4,4,15,10,331,16,2,0,13,0,1,0,0,0,0,11,171,585,3,39,372,13,2,0.0051282051282051,2007,0.0049261083743842,2008,BIHAR,MUZAFFARPUR RLY.,BIHAR||MUZAFFARPUR RLY
16,0,0,2,0,4,4,12,16,300,19,9,0,13,0,0,0,0,1,0,15,215,609,3,47,347,13,9,0.0049261083743842,2008,0.015,2009,BIHAR,MUZAFFARPUR RLY.,BIHAR||MUZAFFARPUR RLY
208,249,18,40,0,126,51,97,92,412,14,318,19,34,13,47,14,2,54,0,60,1006,3479,157,1107,628,53,318,0.0451279103190572,2001,0.0446566060979365,2002,BIHAR,NALANDA,BIHAR||NALANDA
175,191,17,32,0,93,49,63,93,233,10,221,41,22,10,45,23,0,44,1,34,967,3247,145,841,409,63,221,0.0446566060979365,2002,0.0590030518819938,2003,BIHAR,NALANDA,BIHAR||NALANDA
171,139,17,21,0,58,27,56,83,181,13,162,19,56,25,49,39,0,64,1,150,1020,2949,174,651,358,75,162,0.0590030518819938,2003,0.0784601821921833,2004,BIHAR,NALANDA,BIHAR||NALANDA
220,139,15,43,0,144,30,65,72,388,13,191,23,78,32,68,43,0,110,3,129,1001,3403,267,847,570,101,191,0.0784601821921833,2004,0.0656666666666666,2005,BIHAR,NALANDA,BIHAR||NALANDA
150,100,19,25,0,94,39,89,68,312,22,169,47,67,21,65,10,1,92,4,142,812,3000,197,685,512,114,169,0.0656666666666666,2005,0.0770265724857046,2006,BIHAR,NALANDA,BIHAR||NALANDA
143,91,7,31,0,76,30,57,79,348,14,184,52,58,14,63,45,0,90,0,86,697,2973,229,619,512,110,184,0.0770265724857046,2006,0.0553338653897313,2007,BIHAR,NALANDA,BIHAR||NALANDA
102,62,15,14,0,105,18,41,72,406,34,160,71,105,17,57,33,0,104,0,260,1142,3759,208,517,570,176,160,0.0553338653897313,2007,0.0488730723606168,2008,BIHAR,NALANDA,BIHAR||NALANDA
120,53,17,23,0,100,10,23,82,397,65,190,73,76,25,70,36,0,77,0,283,1472,4215,206,536,592,149,190,0.0488730723606168,2008,0.0484384958572339,2009,BIHAR,NALANDA,BIHAR||NALANDA
36,65,0,7,0,29,15,18,7,32,0,56,5,11,1,4,0,0,5,0,31,193,570,16,226,58,16,56,0.0280701754385964,2001,0.050632911392405,2002,BIHAR,NAUGACHIA,BIHAR||NAUGACHIA
35,4,9,11,0,24,9,18,6,50,1,103,4,13,6,7,3,0,15,0,27,327,711,36,213,81,17,103,0.050632911392405,2002,0.0418470418470418,2003,BIHAR,NAUGACHIA,BIHAR||NAUGACHIA
47,23,0,12,0,29,4,10,16,48,33,83,2,3,4,8,1,0,8,0,47,341,693,29,208,111,5,83,0.0418470418470418,2003,0.0254957507082152,2004,BIHAR,NAUGACHIA,BIHAR||NAUGACHIA
50,37,1,7,0,27,13,36,15,66,3,118,2,6,2,8,1,0,11,0,50,602,1059,27,289,122,8,118,0.0254957507082152,2004,0.021021021021021,2005,BIHAR,NAUGACHIA,BIHAR||NAUGACHIA
43,29,1,6,0,36,12,40,18,65,2,109,2,18,0,9,0,0,6,0,0,601,999,21,276,125,20,109,0.021021021021021,2005,0.0284463894967177,2006,BIHAR,NAUGACHIA,BIHAR||NAUGACHIA
36,13,0,8,0,12,4,15,17,43,5,118,0,11,0,1,0,0,17,0,88,521,914,26,206,80,11,118,0.0284463894967177,2006,0.0404858299595141,2007,BIHAR,NAUGACHIA,BIHAR||NAUGACHIA
30,10,0,7,0,14,2,11,23,58,15,119,14,35,5,9,6,0,18,0,95,519,988,40,193,112,49,119,0.0404858299595141,2007,0.0741956664478003,2008,BIHAR,NAUGACHIA,BIHAR||NAUGACHIA
33,15,2,8,0,29,2,4,3,65,2,106,59,62,5,5,35,0,65,0,51,873,1523,113,199,79,121,106,0.0741956664478003,2008,0.0534011443102352,2009,BIHAR,NAUGACHIA,BIHAR||NAUGACHIA
77,54,5,15,0,42,16,31,37,66,2,183,9,30,12,17,7,0,13,1,61,555,1515,53,423,148,39,183,0.0349834983498349,2001,0.0566666666666666,2002,BIHAR,NAWADAH,BIHAR||NAWADAH
69,87,23,34,0,50,8,24,33,78,6,188,19,25,5,12,3,2,30,4,83,187,1500,85,483,146,44,188,0.0566666666666666,2002,0.0400890868596882,2003,BIHAR,NAWADAH,BIHAR||NAWADAH
88,60,10,13,0,53,21,24,37,79,5,158,7,15,9,19,10,1,11,0,63,570,1347,54,427,154,22,158,0.0400890868596882,2003,0.0457110609480812,2004,BIHAR,NAWADAH,BIHAR||NAWADAH
78,101,7,37,0,67,28,40,38,79,7,245,23,33,13,16,5,0,23,0,121,671,1772,81,603,177,56,245,0.0457110609480812,2004,0.0519630484988452,2005,BIHAR,NAWADAH,BIHAR||NAWADAH
83,87,5,23,0,41,16,30,54,117,20,266,17,40,10,22,13,0,32,0,77,639,1732,90,551,231,57,266,0.0519630484988452,2005,0.0478927203065134,2006,BIHAR,NAWADAH,BIHAR||NAWADAH
80,131,3,20,0,36,11,24,68,112,5,170,16,35,15,24,9,2,18,2,76,474,1566,75,475,224,51,170,0.0478927203065134,2006,0.045479755962285,2007,BIHAR,NAWADAH,BIHAR||NAWADAH
75,103,2,38,0,29,7,18,51,113,10,199,25,61,11,15,6,1,22,0,193,510,1803,82,471,203,86,199,0.045479755962285,2007,0.0572409845449341,2008,BIHAR,NAWADAH,BIHAR||NAWADAH
76,8,0,28,0,48,10,24,28,151,19,128,40,35,3,24,10,1,36,1,80,613,1747,100,322,225,75,128,0.0572409845449341,2008,0.0471349353049907,2009,BIHAR,NAWADAH,BIHAR||NAWADAH
434,581,30,27,0,197,91,414,426,1568,399,506,196,331,54,90,47,0,152,39,178,2825,8583,355,2280,2861,527,506,0.0413608295467785,2001,0.0328740371053488,2002,BIHAR,PATNA,BIHAR||PATNA
472,682,30,37,0,203,93,491,494,1763,494,489,206,342,35,76,42,0,148,0,376,2760,9217,303,2497,3277,548,489,0.0328740371053488,2002,0.0301944728761514,2003,BIHAR,PATNA,BIHAR||PATNA
484,680,9,34,0,220,124,694,469,1654,661,494,198,370,59,85,49,0,127,0,312,3267,9770,295,2739,3537,568,494,0.0301944728761514,2003,0.0252069224981188,2004,BIHAR,PATNA,BIHAR||PATNA
542,188,46,46,0,270,123,751,584,1568,1066,562,168,319,52,44,28,3,147,0,280,4483,10632,268,2528,4021,487,562,0.0252069224981188,2004,0.0285472972972972,2005,BIHAR,PATNA,BIHAR||PATNA
436,87,25,57,0,275,127,633,521,1356,1127,484,47,199,46,85,5,2,189,0,452,6380,11840,338,2124,3683,246,484,0.0285472972972972,2005,0.0284233668341708,2006,BIHAR,PATNA,BIHAR||PATNA
338,88,83,54,0,309,87,535,665,1558,978,440,4,265,8,54,13,2,239,0,275,7646,12736,362,1934,3744,269,440,0.0284233668341708,2006,0.0333475540386803,2007,BIHAR,PATNA,BIHAR||PATNA
317,115,12,74,0,313,57,380,644,1606,946,497,53,216,2,80,19,0,296,0,285,9030,14064,469,1765,3578,269,497,0.0333475540386803,2007,0.0260161479539024,2008,BIHAR,PATNA,BIHAR||PATNA
341,189,28,57,0,341,63,312,647,1455,880,428,46,318,6,99,31,1,189,0,781,9061,14491,377,1759,3300,364,428,0.0260161479539024,2008,0.0348193271493839,2009,BIHAR,PATNA,BIHAR||PATNA
24,21,0,1,0,3,18,21,4,811,19,11,1,11,0,0,9,0,0,0,3,174,1127,10,99,855,12,11,0.0088731144631765,2001,0.0147347740667976,2002,BIHAR,PATNA RLY.,BIHAR||PATNA RLY
29,24,0,2,0,5,28,15,2,707,16,11,4,13,0,1,9,0,3,0,1,164,1018,15,114,740,17,11,0.0147347740667976,2002,0.0107238605898123,2003,BIHAR,PATNA RLY.,BIHAR||PATNA RLY
24,17,0,2,0,5,44,31,5,763,19,7,2,10,0,0,7,0,3,0,7,189,1119,12,130,818,12,7,0.0107238605898123,2003,0.0149779735682819,2004,BIHAR,PATNA RLY.,BIHAR||PATNA RLY
21,14,4,2,0,5,29,30,1,744,70,13,6,23,0,1,13,0,1,0,0,212,1135,17,118,845,29,13,0.0149779735682819,2004,0.0084210526315789,2005,BIHAR,PATNA RLY.,BIHAR||PATNA RLY
15,6,2,0,0,2,15,27,3,601,62,6,1,21,0,2,6,0,0,0,0,236,950,8,73,693,22,6,0.0084210526315789,2005,0.0123456790123456,2006,BIHAR,PATNA RLY.,BIHAR||PATNA RLY
16,15,3,1,0,7,17,30,1,621,26,7,2,21,0,3,7,0,1,0,0,215,972,12,96,678,23,7,0.0123456790123456,2006,0.0215568862275449,2007,BIHAR,PATNA RLY.,BIHAR||PATNA RLY
15,10,3,2,0,8,11,10,0,536,27,6,9,27,0,2,12,0,2,0,2,177,835,18,65,573,36,6,0.0215568862275449,2007,0.0106496272630457,2008,BIHAR,PATNA RLY.,BIHAR||PATNA RLY
24,13,3,0,0,11,9,12,3,601,36,18,3,19,0,2,7,0,1,0,0,212,939,10,90,652,22,18,0.0106496272630457,2008,0.0174520069808027,2009,BIHAR,PATNA RLY.,BIHAR||PATNA RLY
104,89,10,39,0,64,75,97,100,227,27,269,5,28,7,8,5,0,22,0,77,785,2054,74,747,458,33,269,0.0360272638753651,2001,0.0351947442515251,2002,BIHAR,PURNEA,BIHAR||PURNEA
96,75,4,46,0,48,98,114,86,174,38,316,5,23,6,6,6,0,17,0,96,869,2131,75,797,418,28,316,0.0351947442515251,2002,0.0526315789473684,2003,BIHAR,PURNEA,BIHAR||PURNEA
99,74,12,50,0,52,80,131,72,231,78,189,9,4,6,13,11,0,27,0,79,766,1919,101,687,518,13,189,0.0526315789473684,2003,0.0426373626373626,2004,BIHAR,PURNEA,BIHAR||PURNEA
128,41,6,62,0,76,72,144,82,242,64,202,6,8,13,11,3,0,19,2,61,1082,2275,97,731,545,14,202,0.0426373626373626,2004,0.0308898109727985,2005,BIHAR,PURNEA,BIHAR||PURNEA
113,35,6,39,0,60,38,95,72,218,34,152,8,20,9,6,6,0,16,0,55,1193,2169,67,538,428,28,152,0.0308898109727985,2005,0.0303786933000416,2006,BIHAR,PURNEA,BIHAR||PURNEA
57,23,5,41,0,44,21,70,60,229,31,136,6,18,7,14,5,0,13,0,72,1572,2403,73,397,397,24,136,0.0303786933000416,2006,0.1409759876065066,2007,BIHAR,PURNEA,BIHAR||PURNEA
101,79,11,219,0,143,31,54,101,220,50,175,45,68,22,17,61,0,63,4,104,916,2582,364,813,447,113,175,0.1409759876065066,2007,0.1220556745182012,2008,BIHAR,PURNEA,BIHAR||PURNEA
81,20,39,185,0,139,29,30,163,242,48,187,36,151,38,3,73,0,81,0,137,684,2802,342,710,521,187,187,0.1220556745182012,2008,0.0648936170212765,2009,BIHAR,PURNEA,BIHAR||PURNEA
127,112,4,25,0,72,78,68,144,317,51,391,37,52,27,36,21,0,59,0,376,535,2961,141,877,607,89,391,0.0476190476190476,2001,0.0447499268792044,2002,BIHAR,ROHTAS,BIHAR||ROHTAS
132,35,5,15,0,92,85,90,166,375,15,401,12,22,10,52,4,0,82,0,349,1468,3419,153,855,656,34,401,0.0447499268792044,2002,0.0437828371278458,2003,BIHAR,ROHTAS,BIHAR||ROHTAS
157,218,14,15,0,87,46,75,121,302,22,254,56,19,37,28,30,0,52,0,98,1213,2855,125,866,557,75,254,0.0437828371278458,2003,0.0423966362999299,2004,BIHAR,ROHTAS,BIHAR||ROHTAS
130,215,10,12,0,44,17,53,107,265,37,204,50,28,0,35,38,0,36,0,96,1431,2854,121,685,462,78,204,0.0423966362999299,2004,0.0218676122931442,2005,BIHAR,ROHTAS,BIHAR||ROHTAS
107,218,13,18,0,29,23,26,111,315,21,137,2,14,23,37,12,0,7,0,205,1992,3384,74,571,496,16,137,0.0218676122931442,2005,0.0286372613561553,2006,BIHAR,ROHTAS,BIHAR||ROHTAS
102,88,5,17,0,45,16,37,137,282,18,136,18,19,30,36,9,0,25,0,254,1029,3038,87,446,504,37,136,0.0286372613561553,2006,0.0481415929203539,2007,BIHAR,ROHTAS,BIHAR||ROHTAS
89,207,0,23,0,29,11,36,106,287,35,124,45,12,25,58,21,0,34,0,250,1288,2825,136,519,489,57,124,0.0481415929203539,2007,0.028911995942176,2008,BIHAR,ROHTAS,BIHAR||ROHTAS
112,19,0,21,0,63,22,49,120,439,24,154,38,97,29,36,15,0,42,0,255,2267,3943,114,440,661,135,154,0.028911995942176,2008,0.0434782608695652,2009,BIHAR,ROHTAS,BIHAR||ROHTAS
36,151,3,12,0,27,3,15,24,56,6,156,22,25,6,7,9,0,12,0,29,244,1066,40,403,107,47,156,0.0375234521575985,2001,0.0486039296794208,2002,BIHAR,SAHARSA,BIHAR||SAHARSA
39,106,4,11,0,20,4,20,18,65,4,110,19,20,10,10,16,2,8,0,24,309,967,47,314,117,39,110,0.0486039296794208,2002,0.0408366533864541,2003,BIHAR,SAHARSA,BIHAR||SAHARSA
47,69,2,11,0,25,9,29,29,86,13,144,14,23,8,13,14,0,3,0,29,304,1004,41,336,165,37,144,0.0408366533864541,2003,0.054054054054054,2004,BIHAR,SAHARSA,BIHAR||SAHARSA
48,100,3,21,0,47,13,45,35,122,6,221,28,29,6,11,39,0,13,0,25,332,1554,84,498,214,57,221,0.054054054054054,2004,0.0367800138792505,2005,BIHAR,SAHARSA,BIHAR||SAHARSA
17,88,3,11,0,40,6,28,46,112,4,185,26,34,10,5,19,0,12,6,33,654,1441,53,378,200,60,185,0.0367800138792505,2005,0.0503637381085618,2006,BIHAR,SAHARSA,BIHAR||SAHARSA
44,97,2,33,0,41,1,35,50,106,9,240,61,71,15,12,21,0,24,0,13,781,1787,90,493,215,132,240,0.0503637381085618,2006,0.0416047548291233,2007,BIHAR,SAHARSA,BIHAR||SAHARSA
50,123,4,17,0,35,9,57,39,128,8,218,66,61,8,14,31,0,22,0,33,954,2019,84,513,240,127,218,0.0416047548291233,2007,0.062645011600928,2008,BIHAR,SAHARSA,BIHAR||SAHARSA
30,139,4,22,0,41,13,70,38,131,10,267,49,59,15,17,75,0,21,0,50,809,2155,135,586,264,108,267,0.062645011600928,2008,0.043124101581217,2009,BIHAR,SAHARSA,BIHAR||SAHARSA
107,115,20,19,0,75,33,61,94,247,26,312,39,33,45,11,17,9,35,29,21,1261,2853,120,742,473,72,312,0.0420609884332281,2001,0.0252849002849002,2002,BIHAR,SAMASTIPUR,BIHAR||SAMASTIPUR
119,120,19,22,0,56,36,69,93,197,31,243,41,30,41,12,4,2,10,21,19,1391,2808,71,684,431,71,243,0.0252849002849002,2002,0.037037037037037,2003,BIHAR,SAMASTIPUR,BIHAR||SAMASTIPUR
136,121,17,20,0,80,34,64,87,371,33,286,37,33,45,18,11,2,34,25,21,1250,2970,110,758,600,70,286,0.037037037037037,2003,0.0449509338398227,2004,BIHAR,SAMASTIPUR,BIHAR||SAMASTIPUR
118,145,21,28,0,123,17,58,102,292,45,274,41,47,57,44,9,0,40,21,43,1380,3159,142,784,554,88,274,0.0449509338398227,2004,0.0576477404403244,2005,BIHAR,SAMASTIPUR,BIHAR||SAMASTIPUR
121,184,30,28,0,97,19,61,88,291,46,302,46,57,59,40,10,0,73,48,54,1521,3452,199,842,545,103,302,0.0576477404403244,2005,0.0528052805280528,2006,BIHAR,SAMASTIPUR,BIHAR||SAMASTIPUR
102,195,37,53,0,109,22,50,83,371,45,293,39,39,41,47,11,5,33,27,166,1296,3333,176,861,590,78,293,0.0528052805280528,2006,0.0615091946734305,2007,BIHAR,SAMASTIPUR,BIHAR||SAMASTIPUR
78,205,33,54,0,98,14,42,86,320,55,312,29,37,47,55,11,7,42,25,201,1130,3154,194,836,550,66,312,0.0615091946734305,2007,0.0524004683840749,2008,BIHAR,SAMASTIPUR,BIHAR||SAMASTIPUR
81,292,31,32,0,74,8,28,75,381,49,253,25,34,41,60,15,5,52,15,303,1285,3416,179,799,574,59,253,0.0524004683840749,2008,0.0439048319843021,2009,BIHAR,SAMASTIPUR,BIHAR||SAMASTIPUR
137,70,0,20,0,65,69,93,96,246,32,309,12,14,43,67,22,0,101,0,106,1087,3442,210,763,510,26,309,0.0610110400929692,2001,0.0506560878852609,2002,BIHAR,SARAN,BIHAR||SARAN
100,63,0,12,0,73,39,46,88,271,38,265,30,15,16,69,0,0,85,0,91,806,3277,166,598,459,45,265,0.0506560878852609,2002,0.0531140469129145,2003,BIHAR,SARAN,BIHAR||SARAN
115,154,6,32,0,95,33,55,78,256,35,240,29,73,29,65,17,1,82,0,59,1395,3709,197,730,453,102,240,0.0531140469129145,2003,0.0674087816944959,2004,BIHAR,SARAN,BIHAR||SARAN
160,44,6,17,0,159,47,112,133,258,56,330,58,126,31,38,12,0,258,2,48,2152,4851,327,875,590,184,330,0.0674087816944959,2004,0.052892050726879,2005,BIHAR,SARAN,BIHAR||SARAN
125,345,21,32,0,85,52,24,165,321,51,170,12,70,26,76,4,1,58,0,107,340,3233,171,854,587,82,170,0.052892050726879,2005,0.077424844015882,2006,BIHAR,SARAN,BIHAR||SARAN
134,290,18,48,0,104,41,80,135,318,50,228,27,126,32,74,49,0,102,0,98,295,3526,273,943,615,153,228,0.077424844015882,2006,0.0413385826771653,2007,BIHAR,SARAN,BIHAR||SARAN
112,345,13,57,0,41,39,93,110,410,57,331,44,165,53,47,4,0,39,0,109,273,3556,147,1031,723,209,331,0.0413385826771653,2007,0.040281690140845,2008,BIHAR,SARAN,BIHAR||SARAN
119,137,14,34,0,98,29,60,101,455,55,266,55,95,39,58,10,0,41,0,121,802,3550,143,757,710,150,266,0.040281690140845,2008,0.0575013068478829,2009,BIHAR,SARAN,BIHAR||SARAN
28,1,1,3,0,16,16,12,15,89,0,136,4,10,3,9,0,0,32,0,15,408,804,44,213,119,14,136,0.0547263681592039,2001,0.040586245772266,2002,BIHAR,SHEIKHPURA,BIHAR||SHEIKHPURA
33,18,2,6,0,24,8,6,11,60,2,80,59,21,3,5,8,0,16,1,9,508,887,36,177,82,80,80,0.040586245772266,2002,0.0153417015341701,2003,BIHAR,SHEIKHPURA,BIHAR||SHEIKHPURA
36,12,1,5,0,21,6,8,10,40,0,71,19,30,0,6,0,0,0,0,0,452,717,11,160,58,49,71,0.0153417015341701,2003,0.0491183879093199,2004,BIHAR,SHEIKHPURA,BIHAR||SHEIKHPURA
44,40,0,3,0,20,7,8,11,53,4,92,8,31,9,6,14,0,16,0,0,432,794,39,214,85,39,92,0.0491183879093199,2004,0.0439238653001464,2005,BIHAR,SHEIKHPURA,BIHAR||SHEIKHPURA
33,0,0,1,0,23,4,14,9,51,2,58,0,11,0,12,0,0,17,0,0,450,683,30,133,76,11,58,0.0439238653001464,2005,0.0644067796610169,2006,BIHAR,SHEIKHPURA,BIHAR||SHEIKHPURA
24,8,4,5,0,9,7,16,12,68,1,75,2,22,3,11,4,0,18,0,13,281,590,38,148,100,24,75,0.0644067796610169,2006,0.0209150326797385,2007,BIHAR,SHEIKHPURA,BIHAR||SHEIKHPURA
25,13,1,4,0,11,6,9,11,69,3,70,5,16,6,3,5,0,4,0,19,312,765,16,139,98,21,70,0.0209150326797385,2007,0.0264705882352941,2008,BIHAR,SHEIKHPURA,BIHAR||SHEIKHPURA
22,27,5,9,0,25,2,7,7,85,8,101,1,33,6,7,1,0,10,0,26,600,1020,27,198,113,34,101,0.0264705882352941,2008,0.0290456431535269,2009,BIHAR,SHEIKHPURA,BIHAR||SHEIKHPURA
18,0,1,11,0,13,7,8,5,16,0,38,0,1,0,3,0,0,2,0,0,305,428,16,96,29,1,38,0.0373831775700934,2001,0.0492170022371364,2002,BIHAR,SHEOHAR,BIHAR||SHEOHAR
10,0,0,14,0,19,10,3,12,16,2,48,0,18,5,7,1,0,0,0,0,283,447,22,104,38,18,48,0.0492170022371364,2002,0.0707317073170731,2003,BIHAR,SHEOHAR,BIHAR||SHEOHAR
12,19,3,8,0,11,6,4,6,16,1,31,3,16,1,7,3,0,11,0,0,251,410,29,94,28,19,31,0.0707317073170731,2003,0.0848329048843187,2004,BIHAR,SHEOHAR,BIHAR||SHEOHAR
9,31,1,13,0,8,7,13,11,19,0,44,12,8,6,5,9,0,6,0,7,129,389,33,126,49,20,44,0.0848329048843187,2004,0.0446247464503042,2005,BIHAR,SHEOHAR,BIHAR||SHEOHAR
11,7,1,9,0,26,15,6,12,28,1,78,5,6,3,1,2,0,10,0,7,243,493,22,153,50,11,78,0.0446247464503042,2005,0.0512295081967213,2006,BIHAR,SHEOHAR,BIHAR||SHEOHAR
16,28,1,2,0,19,3,3,8,36,1,78,10,13,4,3,2,0,18,0,9,203,488,25,150,52,23,78,0.0512295081967213,2006,0.0829493087557603,2007,BIHAR,SHEOHAR,BIHAR||SHEOHAR
25,24,6,13,0,8,1,2,8,35,9,97,4,12,2,1,13,0,8,1,4,123,434,36,176,56,16,97,0.0829493087557603,2007,0.0567765567765567,2008,BIHAR,SHEOHAR,BIHAR||SHEOHAR
9,17,0,7,0,19,5,9,12,44,7,70,7,16,1,7,4,0,13,0,5,130,546,31,136,73,23,70,0.0567765567765567,2008,0.0522522522522522,2009,BIHAR,SHEOHAR,BIHAR||SHEOHAR
51,5,3,23,0,34,24,15,47,132,2,218,10,41,7,13,1,0,21,0,5,1111,1797,58,373,203,51,218,0.0322760155815247,2001,0.0460405156537753,2002,BIHAR,SITAMARHI,BIHAR||SITAMARHI
54,19,1,31,0,50,24,27,46,176,10,270,27,36,9,14,26,0,28,1,30,1055,2172,100,476,268,63,270,0.0460405156537753,2002,0.0469464063149148,2003,BIHAR,SITAMARHI,BIHAR||SITAMARHI
51,16,3,37,0,82,25,31,61,183,18,271,52,20,4,27,6,0,39,4,25,1462,2407,113,516,297,72,271,0.0469464063149148,2003,0.0731528895391367,2004,BIHAR,SITAMARHI,BIHAR||SITAMARHI
80,26,2,70,0,112,16,34,82,230,14,206,75,47,19,21,9,0,100,0,37,1436,2734,200,546,379,122,206,0.0731528895391367,2004,0.052102716784518,2005,BIHAR,SITAMARHI,BIHAR||SITAMARHI
63,25,4,32,0,74,21,18,64,206,26,245,51,29,12,32,12,0,64,0,39,1601,2687,140,482,326,80,245,0.052102716784518,2005,0.054160125588697,2006,BIHAR,SITAMARHI,BIHAR||SITAMARHI
45,30,4,27,0,61,34,33,85,241,28,190,53,25,23,13,19,2,76,1,28,1266,2548,138,424,410,78,190,0.054160125588697,2006,0.0401500938086304,2007,BIHAR,SITAMARHI,BIHAR||SITAMARHI
55,14,3,12,0,52,27,36,90,235,50,180,39,50,23,30,13,0,30,22,41,1410,2665,107,379,434,89,180,0.0401500938086304,2007,0.0204018547140649,2008,BIHAR,SITAMARHI,BIHAR||SITAMARHI
72,37,6,12,0,70,26,36,76,311,95,59,11,20,27,24,18,0,12,0,53,2049,3235,66,318,545,31,59,0.0204018547140649,2008,0.0183364336965187,2009,BIHAR,SITAMARHI,BIHAR||SITAMARHI
116,150,9,4,0,51,45,100,77,112,29,239,13,26,16,32,6,0,10,0,44,753,1853,52,714,334,39,239,0.0280626011872638,2001,0.0446428571428571,2002,BIHAR,SIWAN,BIHAR||SIWAN
117,163,9,8,0,57,37,108,83,138,30,217,15,21,18,24,8,0,50,0,43,735,2016,90,716,377,36,217,0.0446428571428571,2002,0.0653753026634382,2003,BIHAR,SIWAN,BIHAR||SIWAN
86,160,4,13,0,62,49,114,88,155,28,186,14,18,15,32,36,0,54,0,98,757,2065,135,674,400,32,186,0.0653753026634382,2003,0.05231037489102,2004,BIHAR,SIWAN,BIHAR||SIWAN
125,57,9,7,0,104,54,146,77,165,32,223,30,42,21,33,6,0,74,0,85,546,2294,120,725,441,72,223,0.05231037489102,2004,0.0579908675799086,2005,BIHAR,SIWAN,BIHAR||SIWAN
93,43,3,27,0,59,50,119,71,212,37,182,15,70,23,31,8,1,60,0,66,803,2190,127,576,462,85,182,0.0579908675799086,2005,0.0602953240360951,2006,BIHAR,SIWAN,BIHAR||SIWAN
93,72,8,18,0,103,36,99,89,224,49,173,35,61,20,41,12,1,75,0,63,954,2438,147,602,481,96,173,0.0602953240360951,2006,0.0435323383084577,2007,BIHAR,SIWAN,BIHAR||SIWAN
80,61,15,17,0,75,24,70,75,202,73,121,15,85,34,32,9,2,45,0,84,577,2412,105,463,454,100,121,0.0435323383084577,2007,0.0489396411092985,2008,BIHAR,SIWAN,BIHAR||SIWAN
74,65,10,24,0,67,22,72,79,231,85,125,19,90,32,31,9,2,54,0,85,590,2452,120,459,499,109,125,0.0489396411092985,2008,0.0388046387154326,2009,BIHAR,SIWAN,BIHAR||SIWAN
41,61,4,30,0,26,31,40,49,129,9,170,9,8,0,7,8,0,18,0,0,1040,1672,63,403,227,17,170,0.0376794258373205,2001,0.0306818181818181,2002,BIHAR,SUPAUL,BIHAR||SUPAUL
43,46,0,22,0,34,40,35,34,114,0,192,4,16,9,7,5,0,12,8,3,1045,1760,54,412,192,20,192,0.0306818181818181,2002,0.0433386837881219,2003,BIHAR,SUPAUL,BIHAR||SUPAUL
40,27,3,22,0,21,36,35,25,64,8,182,15,32,6,6,6,0,19,1,9,569,1246,54,366,138,47,182,0.0433386837881219,2003,0.0379815518176885,2004,BIHAR,SUPAUL,BIHAR||SUPAUL
38,49,1,25,0,25,42,60,40,114,12,249,12,31,6,7,20,0,18,0,8,952,1843,70,489,232,43,249,0.0379815518176885,2004,0.0482026143790849,2005,BIHAR,SUPAUL,BIHAR||SUPAUL
34,32,8,40,0,24,38,36,19,103,10,223,7,9,5,7,0,0,12,0,15,607,1224,59,435,173,16,223,0.0482026143790849,2005,0.032258064516129,2006,BIHAR,SUPAUL,BIHAR||SUPAUL
31,45,2,24,0,31,7,24,26,90,13,175,28,14,4,8,0,0,10,0,16,736,1302,42,339,157,42,175,0.032258064516129,2006,0.0887096774193548,2007,BIHAR,SUPAUL,BIHAR||SUPAUL
44,73,3,43,0,34,11,39,47,168,16,239,24,34,13,14,69,0,17,0,26,573,1612,143,486,283,58,239,0.0887096774193548,2007,0.1046511627906976,2008,BIHAR,SUPAUL,BIHAR||SUPAUL
49,88,2,53,0,54,6,31,74,181,16,315,34,85,11,15,71,0,68,0,29,688,1978,207,598,313,119,315,0.1046511627906976,2008,0.0531343283582089,2009,BIHAR,SUPAUL,BIHAR||SUPAUL
110,148,13,20,0,90,22,43,226,262,23,295,83,120,8,59,52,0,179,0,49,1857,4076,310,741,562,203,295,0.0760549558390579,2001,0.0470246734397677,2002,BIHAR,VAISHALI,BIHAR||VAISHALI
99,109,19,16,0,72,10,42,116,306,40,207,64,115,23,65,21,0,60,0,76,1784,3445,162,574,527,179,207,0.0470246734397677,2002,0.0543633762517882,2003,BIHAR,VAISHALI,BIHAR||VAISHALI
118,207,7,29,0,85,9,31,108,338,62,182,49,161,10,69,22,0,65,5,98,1620,3495,190,668,549,210,182,0.0543633762517882,2003,0.0824721780604133,2004,BIHAR,VAISHALI,BIHAR||VAISHALI
99,152,8,42,0,217,9,72,84,385,71,214,75,272,25,98,26,1,248,0,95,2546,5032,415,813,637,347,214,0.0824721780604133,2004,0.055366269165247,2005,BIHAR,VAISHALI,BIHAR||VAISHALI
69,108,10,13,0,133,14,50,94,377,53,105,72,109,32,72,36,0,74,0,137,1705,3522,195,502,606,181,105,0.055366269165247,2005,0.0377510040160642,2006,BIHAR,VAISHALI,BIHAR||VAISHALI
99,39,9,14,0,101,21,59,143,476,101,283,70,52,55,77,7,0,43,0,123,1572,3735,141,625,834,122,283,0.0377510040160642,2006,0.0467567567567567,2007,BIHAR,VAISHALI,BIHAR||VAISHALI
120,35,12,23,0,131,9,51,157,354,26,267,62,51,36,68,46,0,36,0,136,1891,3700,173,648,624,113,267,0.0467567567567567,2007,0.0446988280185336,2008,BIHAR,VAISHALI,BIHAR||VAISHALI
106,29,16,36,0,218,13,35,129,489,92,281,60,20,20,64,34,0,30,0,147,1824,3669,164,734,765,80,281,0.0446988280185336,2008,0.0531199257712827,2009,BIHAR,VAISHALI,BIHAR||VAISHALI
15,10,6,18,0,56,5,22,364,1529,494,91,26,155,5,3,24,15,36,0,6,914,3397,96,223,2414,181,91,0.0282602296143656,2001,0.036521282186022,2002,CHANDIGARH,CHANDIGARH,CHANDIGARH||CHANDIGARH
31,35,7,18,0,54,1,26,336,1647,617,78,35,181,5,1,36,28,56,0,7,1111,3806,139,250,2631,216,78,0.036521282186022,2002,0.0452601568068424,2003,CHANDIGARH,CHANDIGARH,CHANDIGARH||CHANDIGARH
21,15,2,18,0,32,3,12,204,1238,552,46,32,209,4,1,11,4,93,0,8,779,2806,127,149,2010,241,46,0.0452601568068424,2003,0.0470751124956732,2004,CHANDIGARH,CHANDIGARH,CHANDIGARH||CHANDIGARH
22,19,10,19,0,54,0,6,186,1459,653,43,23,135,0,6,20,18,73,0,5,720,2889,136,173,2304,158,43,0.0470751124956732,2004,0.0481966166613469,2005,CHANDIGARH,CHANDIGARH,CHANDIGARH||CHANDIGARH
18,15,4,33,0,54,0,12,223,1373,579,43,41,161,1,3,31,9,75,0,9,969,3133,151,179,2188,202,43,0.0481966166613469,2005,0.0524632117722328,2006,CHANDIGARH,CHANDIGARH,CHANDIGARH||CHANDIGARH
12,21,8,19,0,65,1,34,189,1234,529,44,59,232,5,10,20,13,102,0,14,983,3126,164,204,1991,291,44,0.0524632117722328,2006,0.0488608289870985,2007,CHANDIGARH,CHANDIGARH,CHANDIGARH||CHANDIGARH
19,26,8,22,0,52,2,37,191,1740,853,79,38,170,9,1,32,11,112,0,15,999,3643,178,245,2830,208,79,0.0488608289870985,2007,0.0236581022640549,2008,CHANDIGARH,CHANDIGARH,CHANDIGARH||CHANDIGARH
17,28,6,20,0,50,1,23,257,1991,1094,85,37,213,2,3,19,2,49,0,11,1040,3931,93,230,3367,250,85,0.0236581022640549,2008,0.030942334739803,2009,CHANDIGARH,CHANDIGARH,CHANDIGARH||CHANDIGARH
13,2,0,17,0,1,17,11,26,21,0,15,0,6,2,1,18,0,7,0,7,40,235,43,76,60,6,15,0.1829787234042553,2001,0.1407766990291262,2002,CHHATTISGARH,BALRAMPUR,CHHATTISGARH||BALRAMPUR
30,21,0,30,0,3,35,18,61,46,5,23,4,0,8,2,33,3,19,0,12,216,618,87,160,138,4,23,0.1407766990291262,2002,0.151639344262295,2003,CHHATTISGARH,BALRAMPUR,CHHATTISGARH||BALRAMPUR
22,19,0,24,0,4,13,11,51,34,3,16,0,1,7,3,29,3,15,0,12,194,488,74,109,106,1,16,0.151639344262295,2003,0.1963190184049079,2004,CHHATTISGARH,BALRAMPUR,CHHATTISGARH||BALRAMPUR
33,20,8,27,0,6,15,17,27,28,0,20,0,8,7,0,32,23,14,0,23,156,489,96,146,79,8,20,0.1963190184049079,2004,0.1420345489443378,2005,CHHATTISGARH,BALRAMPUR,CHHATTISGARH||BALRAMPUR
29,16,5,36,0,5,16,14,44,19,4,24,2,0,6,0,20,5,13,0,19,206,521,74,145,87,2,24,0.1420345489443378,2005,0.1558872305140962,2006,CHHATTISGARH,BALRAMPUR,CHHATTISGARH||BALRAMPUR
38,23,0,45,0,1,10,16,41,21,2,19,1,6,3,0,40,0,9,0,20,139,603,94,152,83,7,19,0.1558872305140962,2006,0.1732522796352583,2007,CHHATTISGARH,BALRAMPUR,CHHATTISGARH||BALRAMPUR
34,14,3,46,0,2,3,6,33,25,5,25,0,4,5,1,45,0,22,0,27,159,658,114,133,74,4,25,0.1732522796352583,2007,0.1434108527131783,2008,CHHATTISGARH,BALRAMPUR,CHHATTISGARH||BALRAMPUR
49,12,1,41,0,7,4,20,46,33,1,32,0,4,6,3,43,0,24,0,58,165,774,111,166,106,4,32,0.1434108527131783,2008,0.1458607095926412,2009,CHHATTISGARH,BALRAMPUR,CHHATTISGARH||BALRAMPUR
99,42,11,69,0,20,4,37,551,690,72,166,5,23,17,7,180,10,94,0,93,1617,4353,360,448,1367,28,166,0.0827015851137146,2001,0.0724145253769377,2002,CHHATTISGARH,BILASPUR,CHHATTISGARH||BILASPUR
56,43,9,72,0,15,1,48,504,595,101,140,5,42,10,13,160,10,86,0,106,2311,4709,341,384,1258,47,140,0.0724145253769377,2002,0.0657679738562091,2003,CHHATTISGARH,BILASPUR,CHHATTISGARH||BILASPUR
95,55,27,49,0,12,3,32,549,679,153,123,9,22,10,18,165,3,87,0,193,2281,4896,322,396,1423,31,123,0.0657679738562091,2003,0.0673925286277454,2004,CHHATTISGARH,BILASPUR,CHHATTISGARH||BILASPUR
83,53,3,61,0,21,2,36,585,704,220,164,9,47,34,9,179,8,102,0,166,2769,5327,359,423,1579,56,164,0.0673925286277454,2004,0.0702939565455541,2005,CHHATTISGARH,BILASPUR,CHHATTISGARH||BILASPUR
94,54,11,77,0,36,4,50,530,779,235,152,8,56,19,18,154,19,117,0,197,2718,5477,385,478,1613,64,152,0.0702939565455541,2005,0.0784757592906998,2006,CHHATTISGARH,BILASPUR,CHHATTISGARH||BILASPUR
95,62,1,68,0,27,5,55,492,701,265,147,11,52,25,23,192,13,120,0,227,1682,5301,416,460,1538,63,147,0.0784757592906998,2006,0.0722092814907722,2007,CHHATTISGARH,BILASPUR,CHHATTISGARH||BILASPUR
93,43,5,61,0,22,3,62,527,784,294,158,10,34,19,26,179,8,129,0,209,1780,5581,403,447,1686,44,158,0.0722092814907722,2007,0.0632791541738993,2008,CHHATTISGARH,BILASPUR,CHHATTISGARH||BILASPUR
112,48,0,71,0,33,6,55,610,869,307,211,11,74,31,19,171,4,136,0,275,1851,6337,401,536,1872,85,211,0.0632791541738993,2008,0.0639950295122708,2009,CHHATTISGARH,BILASPUR,CHHATTISGARH||BILASPUR
9,13,0,4,0,0,2,6,9,3,3,1,0,0,6,0,1,0,0,0,2,19,86,5,35,27,0,1,0.0581395348837209,2001,0.0334728033472803,2002,CHHATTISGARH,BIZAPUR,CHHATTISGARH||BIZAPUR
19,18,0,7,0,2,14,2,14,13,5,18,0,2,10,0,1,0,0,0,4,95,239,8,80,44,2,18,0.0334728033472803,2002,0.0528301886792452,2003,CHHATTISGARH,BIZAPUR,CHHATTISGARH||BIZAPUR
23,38,0,8,0,2,32,3,8,12,11,13,0,0,8,0,5,0,1,0,6,77,265,14,119,42,0,13,0.0528301886792452,2003,0.0576923076923076,2004,CHHATTISGARH,BIZAPUR,CHHATTISGARH||BIZAPUR
24,59,0,3,0,1,11,3,10,9,8,9,0,2,14,1,10,0,1,0,9,71,260,15,110,44,2,9,0.0576923076923076,2004,0.0199501246882793,2005,CHHATTISGARH,BIZAPUR,CHHATTISGARH||BIZAPUR
76,122,0,5,0,1,61,4,10,6,0,13,1,3,10,0,3,0,0,0,7,57,401,8,282,30,4,13,0.0199501246882793,2005,0.0191570881226053,2006,CHHATTISGARH,BIZAPUR,CHHATTISGARH||BIZAPUR
139,181,1,6,0,7,43,2,3,7,0,19,1,7,11,0,3,0,1,0,9,63,522,10,398,23,8,19,0.0191570881226053,2006,0.0210526315789473,2007,CHHATTISGARH,BIZAPUR,CHHATTISGARH||BIZAPUR
113,148,0,4,0,9,29,1,9,9,2,11,0,3,14,0,4,0,2,0,12,96,475,10,315,35,3,11,0.0210526315789473,2007,0.029891304347826,2008,CHHATTISGARH,BIZAPUR,CHHATTISGARH||BIZAPUR
95,82,1,5,0,8,11,6,8,4,0,18,0,1,12,0,5,0,1,0,14,88,368,11,226,30,1,18,0.029891304347826,2008,0.0457516339869281,2009,CHHATTISGARH,BIZAPUR,CHHATTISGARH||BIZAPUR
83,37,0,19,0,11,7,5,59,64,5,14,1,5,5,1,18,1,3,0,31,259,739,42,176,138,6,14,0.0568335588633288,2001,0.0551948051948051,2002,CHHATTISGARH,DANTEWARA,CHHATTISGARH||DANTEWARA
59,29,0,9,0,4,2,6,62,66,9,19,1,2,8,1,19,0,5,0,21,237,616,34,128,151,3,19,0.0551948051948051,2002,0.0495867768595041,2003,CHHATTISGARH,DANTEWARA,CHHATTISGARH||DANTEWARA
44,35,0,12,0,6,8,5,56,29,7,15,0,7,3,0,14,0,4,0,33,259,605,30,125,100,7,15,0.0495867768595041,2003,0.0341880341880341,2004,CHHATTISGARH,DANTEWARA,CHHATTISGARH||DANTEWARA
70,51,0,11,0,8,4,0,45,70,9,13,0,5,5,1,8,3,1,0,39,296,702,24,157,129,5,13,0.0341880341880341,2004,0.0415472779369627,2005,CHHATTISGARH,DANTEWARA,CHHATTISGARH||DANTEWARA
73,36,0,15,0,6,13,3,57,58,10,12,1,4,4,0,12,0,2,0,41,304,698,29,158,132,5,12,0.0415472779369627,2005,0.0395408163265306,2006,CHHATTISGARH,DANTEWARA,CHHATTISGARH||DANTEWARA
88,85,0,14,0,16,17,1,65,55,5,28,6,5,18,1,11,1,4,0,32,290,784,31,249,144,11,28,0.0395408163265306,2006,0.0288713910761154,2007,CHHATTISGARH,DANTEWARA,CHHATTISGARH||DANTEWARA
87,99,0,8,0,6,13,1,52,66,9,9,1,3,8,0,8,2,4,0,33,315,762,22,223,136,4,9,0.0288713910761154,2007,0.0442600276625172,2008,CHHATTISGARH,DANTEWARA,CHHATTISGARH||DANTEWARA
69,84,0,10,0,8,25,1,44,47,13,28,0,8,20,1,17,1,3,0,33,278,723,32,225,125,8,28,0.0442600276625172,2008,0.044776119402985,2009,CHHATTISGARH,DANTEWARA,CHHATTISGARH||DANTEWARA
14,6,0,22,0,4,2,0,125,110,11,22,3,12,1,1,41,5,6,0,45,450,996,75,70,247,15,22,0.0753012048192771,2001,0.0680544435548438,2002,CHHATTISGARH,DHAMTARI,CHHATTISGARH||DHAMTARI
16,12,0,26,0,4,0,6,105,113,19,26,2,10,2,1,40,9,9,0,56,680,1249,85,90,245,12,26,0.0680544435548438,2002,0.0864022662889518,2003,CHHATTISGARH,DHAMTARI,CHHATTISGARH||DHAMTARI
14,7,0,32,0,8,0,4,104,118,37,21,2,18,7,3,71,8,8,0,58,840,1412,122,86,270,20,21,0.0864022662889518,2003,0.0984251968503937,2004,CHHATTISGARH,DHAMTARI,CHHATTISGARH||DHAMTARI
18,8,0,37,0,5,0,3,113,76,17,13,4,9,4,0,64,8,16,0,66,723,1270,125,84,213,13,13,0.0984251968503937,2004,0.1023682200152788,2005,CHHATTISGARH,DHAMTARI,CHHATTISGARH||DHAMTARI
11,7,0,26,0,9,0,3,136,128,25,20,3,5,6,2,80,11,15,0,81,674,1309,134,76,298,8,20,0.1023682200152788,2005,0.0786056049213944,2006,CHHATTISGARH,DHAMTARI,CHHATTISGARH||DHAMTARI
21,11,0,27,0,4,0,5,116,129,20,32,1,18,6,0,62,10,16,0,85,814,1463,115,100,276,19,32,0.0786056049213944,2006,0.0687960687960688,2007,CHHATTISGARH,DHAMTARI,CHHATTISGARH||DHAMTARI
14,10,0,26,0,8,1,6,138,157,39,23,2,24,9,1,63,7,15,0,95,936,1628,112,88,349,26,23,0.0687960687960688,2007,0.0637886597938144,2008,CHHATTISGARH,DHAMTARI,CHHATTISGARH||DHAMTARI
23,16,0,26,0,4,5,11,152,151,52,34,0,20,8,3,47,4,19,0,114,841,1552,99,119,374,20,34,0.0637886597938144,2008,0.0742024965325936,2009,CHHATTISGARH,DHAMTARI,CHHATTISGARH||DHAMTARI
76,66,0,144,0,57,9,50,593,893,208,48,15,91,35,12,287,38,231,0,0,3302,6544,712,450,1779,106,48,0.10880195599022,2001,0.0852801829766378,2002,CHHATTISGARH,DURG,CHHATTISGARH||DURG
72,65,0,132,0,29,2,51,569,787,206,59,9,74,27,11,230,33,116,0,0,3334,6121,522,410,1640,83,59,0.0852801829766378,2002,0.0829117023012893,2003,CHHATTISGARH,DURG,CHHATTISGARH||DURG
58,50,0,117,0,21,1,45,559,731,38,40,16,82,15,13,229,31,118,0,0,3547,6127,508,332,1388,98,40,0.0829117023012893,2003,0.0803927585148818,2004,CHHATTISGARH,DURG,CHHATTISGARH||DURG
55,58,0,124,0,41,2,50,576,813,227,53,19,73,31,10,253,23,114,0,241,3412,6518,524,383,1697,92,53,0.0803927585148818,2004,0.0734165789077779,2005,CHHATTISGARH,DURG,CHHATTISGARH||DURG
90,65,0,128,0,28,1,71,508,950,285,54,12,76,32,14,216,23,107,0,276,3495,6647,488,437,1846,88,54,0.0734165789077779,2005,0.0716344767944652,2006,CHHATTISGARH,DURG,CHHATTISGARH||DURG
71,54,6,108,0,33,5,63,484,880,290,51,21,116,29,19,241,27,102,0,321,3550,6938,497,391,1746,137,51,0.0716344767944652,2006,0.0734714003944773,2007,CHHATTISGARH,DURG,CHHATTISGARH||DURG
76,47,2,119,0,35,7,51,456,808,274,55,10,74,20,14,200,13,101,0,348,3195,6084,447,392,1609,84,55,0.0734714003944773,2007,0.0717210007581501,2008,CHHATTISGARH,DURG,CHHATTISGARH||DURG
83,39,4,109,0,18,5,61,593,822,323,54,15,69,25,11,218,17,118,0,360,3580,6595,473,373,1824,84,54,0.0717210007581501,2008,0.0659310720610271,2009,CHHATTISGARH,DURG,CHHATTISGARH||DURG
2,1,0,0,0,0,2,9,8,197,5,4,0,2,0,0,4,0,1,0,0,77,315,5,18,219,2,4,0.0158730158730158,2001,0.01875,2002,CHHATTISGARH,GRP RAIPUR,CHHATTISGARH||GRP RAIPUR
2,1,0,5,0,0,0,0,8,207,8,0,1,1,0,0,1,0,0,0,0,88,320,6,8,223,2,0,0.01875,2002,0.0152905198776758,2003,CHHATTISGARH,GRP RAIPUR,CHHATTISGARH||GRP RAIPUR
1,3,0,1,0,2,0,2,5,198,5,1,0,1,0,0,1,2,1,0,0,96,327,5,10,210,1,1,0.0152905198776758,2003,0.0142450142450142,2004,CHHATTISGARH,GRP RAIPUR,CHHATTISGARH||GRP RAIPUR
2,5,2,2,0,2,0,5,8,223,7,3,0,4,0,0,2,0,1,0,1,77,351,5,21,243,4,3,0.0142450142450142,2004,0.0311688311688311,2005,CHHATTISGARH,GRP RAIPUR,CHHATTISGARH||GRP RAIPUR
5,5,0,2,0,1,0,6,11,238,17,5,0,1,1,2,6,0,2,0,2,79,385,12,24,273,1,5,0.0311688311688311,2005,0.0233160621761658,2006,CHHATTISGARH,GRP RAIPUR,CHHATTISGARH||GRP RAIPUR
4,1,0,1,0,0,1,6,9,230,11,1,1,0,0,0,3,2,3,0,1,104,386,9,14,256,1,1,0.0233160621761658,2006,0.0206185567010309,2007,CHHATTISGARH,GRP RAIPUR,CHHATTISGARH||GRP RAIPUR
1,1,0,1,0,1,0,3,5,186,11,3,2,0,1,1,4,0,0,0,1,66,291,6,10,206,2,3,0.0206185567010309,2007,0.0265780730897009,2008,CHHATTISGARH,GRP RAIPUR,CHHATTISGARH||GRP RAIPUR
5,1,0,2,0,0,0,4,7,195,20,1,0,2,0,0,4,2,0,0,1,63,301,8,13,226,2,1,0.0265780730897009,2008,0.0055865921787709,2009,CHHATTISGARH,GRP RAIPUR,CHHATTISGARH||GRP RAIPUR
80,35,4,59,0,6,2,23,146,172,18,35,9,11,12,3,49,2,14,0,0,932,1812,127,244,371,20,35,0.0700883002207505,2001,0.0586387434554973,2002,CHHATTISGARH,JAGDALPUR,CHHATTISGARH||JAGDALPUR
70,34,0,46,0,19,35,19,169,116,20,29,10,18,17,0,46,4,16,0,0,1080,1910,112,252,341,28,29,0.0586387434554973,2002,0.0806032241289651,2003,CHHATTISGARH,JAGDALPUR,CHHATTISGARH||JAGDALPUR
51,34,3,71,0,12,5,18,172,108,32,40,1,17,8,0,72,4,8,0,0,1118,1923,155,234,338,18,40,0.0806032241289651,2003,0.0764679107874374,2004,CHHATTISGARH,JAGDALPUR,CHHATTISGARH||JAGDALPUR
63,33,0,82,0,20,10,16,196,178,38,44,0,18,7,0,69,1,16,0,96,1206,2197,168,268,435,18,44,0.0764679107874374,2004,0.0733109726880689,2005,CHHATTISGARH,JAGDALPUR,CHHATTISGARH||JAGDALPUR
63,44,0,74,0,9,8,12,177,173,29,54,1,31,7,3,50,2,24,0,127,1051,2087,153,264,398,32,54,0.0733109726880689,2005,0.0673645880746472,2006,CHHATTISGARH,JAGDALPUR,CHHATTISGARH||JAGDALPUR
62,38,0,71,0,14,5,19,191,156,33,61,1,12,8,4,55,0,18,0,112,1145,2197,148,270,407,13,61,0.0673645880746472,2006,0.0691268191268191,2007,CHHATTISGARH,JAGDALPUR,CHHATTISGARH||JAGDALPUR
70,31,1,60,0,14,2,13,85,122,44,60,6,24,0,2,45,2,24,0,145,1022,1924,133,251,264,30,60,0.0691268191268191,2007,0.0623646600259852,2008,CHHATTISGARH,JAGDALPUR,CHHATTISGARH||JAGDALPUR
73,46,1,68,0,13,11,13,112,128,55,55,3,18,9,2,49,2,23,0,149,1315,2309,144,280,317,21,55,0.0623646600259852,2008,0.0515603799185888,2009,CHHATTISGARH,JAGDALPUR,CHHATTISGARH||JAGDALPUR
48,29,0,29,0,9,2,25,193,237,25,105,4,23,23,9,110,13,116,0,56,471,2059,277,247,503,27,105,0.1345313258863526,2001,0.112214498510427,2002,CHHATTISGARH,JANJGIR,CHHATTISGARH||JANJGIR
43,24,0,42,0,6,1,18,163,191,27,78,10,16,24,13,99,8,64,0,74,674,2014,226,212,423,26,78,0.112214498510427,2002,0.1061742642815926,2003,CHHATTISGARH,JANJGIR,CHHATTISGARH||JANJGIR
30,23,0,47,0,8,1,19,171,175,27,55,3,28,10,3,84,8,42,0,58,586,1733,184,183,402,31,55,0.1061742642815926,2003,0.0963302752293578,2004,CHHATTISGARH,JANJGIR,CHHATTISGARH||JANJGIR
55,39,1,30,0,8,3,26,213,268,42,74,6,27,14,7,104,15,75,0,100,1045,2398,231,236,563,33,74,0.0963302752293578,2004,0.0902033271719038,2005,CHHATTISGARH,JANJGIR,CHHATTISGARH||JANJGIR
50,20,2,43,0,10,3,8,223,301,77,102,8,25,6,12,77,8,104,0,106,1317,2705,244,238,615,33,102,0.0902033271719038,2005,0.0908453174324798,2006,CHHATTISGARH,JANJGIR,CHHATTISGARH||JANJGIR
47,43,0,40,0,12,1,22,232,255,44,104,7,29,8,10,109,10,90,0,115,1470,2851,259,269,561,36,104,0.0908453174324798,2006,0.095985401459854,2007,CHHATTISGARH,JANJGIR,CHHATTISGARH||JANJGIR
56,35,0,54,0,7,2,28,251,256,80,69,5,26,22,13,97,10,89,0,137,1373,2740,263,251,637,31,69,0.095985401459854,2007,0.1099302557289936,2008,CHHATTISGARH,JANJGIR,CHHATTISGARH||JANJGIR
36,31,1,47,0,8,3,34,270,319,86,100,5,23,17,14,135,12,123,0,137,1507,3011,331,260,726,28,100,0.1099302557289936,2008,0.0809716599190283,2009,CHHATTISGARH,JANJGIR,CHHATTISGARH||JANJGIR
37,16,6,36,0,2,5,17,88,54,8,13,17,7,8,2,41,1,4,0,24,240,719,84,132,175,24,13,0.1168289290681502,2001,0.0770234986945169,2002,CHHATTISGARH,JASHPUR,CHHATTISGARH||JASHPUR
54,14,2,35,0,0,9,18,59,82,9,15,2,3,6,2,16,2,4,0,33,342,766,59,147,174,5,15,0.0770234986945169,2002,0.1079545454545454,2003,CHHATTISGARH,JASHPUR,CHHATTISGARH||JASHPUR
40,11,5,33,0,3,3,20,49,49,14,12,3,4,1,0,39,1,3,0,49,271,704,76,127,133,7,12,0.1079545454545454,2003,0.1568862275449102,2004,CHHATTISGARH,JASHPUR,CHHATTISGARH||JASHPUR
46,14,0,56,0,4,4,19,72,70,21,17,4,14,5,1,60,4,10,0,47,289,835,131,160,187,18,17,0.1568862275449102,2004,0.1376433785192909,2005,CHHATTISGARH,JASHPUR,CHHATTISGARH||JASHPUR
63,20,4,68,0,19,7,34,78,72,26,16,3,22,5,3,45,10,6,0,46,290,959,132,231,215,25,16,0.1376433785192909,2005,0.1262833675564681,2006,CHHATTISGARH,JASHPUR,CHHATTISGARH||JASHPUR
47,10,1,62,0,8,6,32,60,66,24,20,3,12,12,1,46,3,11,0,63,359,974,123,186,194,15,20,0.1262833675564681,2006,0.1139601139601139,2007,CHHATTISGARH,JASHPUR,CHHATTISGARH||JASHPUR
57,16,0,61,0,22,13,32,82,82,32,27,4,24,10,1,43,4,11,0,56,390,1053,120,228,238,28,27,0.1139601139601139,2007,0.1173228346456693,2008,CHHATTISGARH,JASHPUR,CHHATTISGARH||JASHPUR
65,16,0,71,0,46,6,24,87,126,26,27,0,16,6,0,56,3,19,0,84,516,1270,149,255,269,16,27,0.1173228346456693,2008,0.1200317965023847,2009,CHHATTISGARH,JASHPUR,CHHATTISGARH||JASHPUR
18,6,1,20,0,2,1,3,73,57,7,26,3,3,8,0,42,3,25,0,26,251,817,90,77,148,6,26,0.1101591187270501,2002,0.1127733026467203,2003,CHHATTISGARH,KABIRDHAM,CHHATTISGARH||KABIRDHAM
12,11,0,24,0,3,0,3,69,59,3,28,0,7,3,1,59,4,10,0,24,279,869,98,81,137,7,28,0.1127733026467203,2003,0.1059245960502693,2004,CHHATTISGARH,KABIRDHAM,CHHATTISGARH||KABIRDHAM
13,13,1,22,0,7,0,1,74,115,11,18,3,7,6,5,70,2,19,0,37,350,1114,118,75,207,10,18,0.1059245960502693,2004,0.1018766756032171,2005,CHHATTISGARH,KABIRDHAM,CHHATTISGARH||KABIRDHAM
16,8,2,24,0,4,0,1,92,119,15,23,0,8,6,1,55,3,31,0,22,371,1119,114,78,233,8,23,0.1018766756032171,2005,0.125533731853117,2006,CHHATTISGARH,KABIRDHAM,CHHATTISGARH||KABIRDHAM
14,10,0,36,0,1,0,3,75,88,21,15,0,4,6,1,67,8,35,0,41,359,1171,147,79,193,4,15,0.125533731853117,2006,0.1070539419087136,2007,CHHATTISGARH,KABIRDHAM,CHHATTISGARH||KABIRDHAM
17,8,3,29,0,3,0,3,81,97,18,19,3,16,5,3,57,8,32,0,47,366,1205,129,82,204,19,19,0.1070539419087136,2007,0.0825581395348837,2008,CHHATTISGARH,KABIRDHAM,CHHATTISGARH||KABIRDHAM
11,18,0,29,0,5,3,13,120,141,20,50,6,21,11,5,79,6,23,0,58,479,1720,142,129,305,27,50,0.0825581395348837,2008,0.0708359923420548,2009,CHHATTISGARH,KABIRDHAM,CHHATTISGARH||KABIRDHAM
31,17,1,42,0,4,3,5,67,53,11,23,2,9,3,1,36,3,10,0,26,347,760,92,126,139,11,23,0.1210526315789473,2001,0.0927342256214149,2002,CHHATTISGARH,KANKER,CHHATTISGARH||KANKER
35,6,0,37,0,6,21,4,76,54,6,22,1,2,28,1,33,4,22,0,39,603,1046,97,131,168,3,22,0.0927342256214149,2002,0.0755148741418764,2003,CHHATTISGARH,KANKER,CHHATTISGARH||KANKER
34,35,0,29,0,5,21,9,51,38,4,16,1,4,9,0,30,0,7,0,38,499,874,66,149,111,5,16,0.0755148741418764,2003,0.0797101449275362,2004,CHHATTISGARH,KANKER,CHHATTISGARH||KANKER
48,45,0,22,0,12,23,14,57,69,15,32,2,5,7,0,43,2,10,0,43,476,966,77,196,162,7,32,0.0797101449275362,2004,0.0655577299412915,2005,CHHATTISGARH,KANKER,CHHATTISGARH||KANKER
40,28,0,32,0,11,28,14,58,64,9,37,2,4,17,0,26,0,9,0,47,535,1022,67,190,162,6,37,0.0655577299412915,2005,0.0619469026548672,2006,CHHATTISGARH,KANKER,CHHATTISGARH||KANKER
36,40,1,23,0,9,9,13,65,84,15,33,0,5,11,2,20,5,13,0,63,520,1017,63,164,188,5,33,0.0619469026548672,2006,0.0559930008748906,2007,CHHATTISGARH,KANKER,CHHATTISGARH||KANKER
38,27,0,22,0,6,9,16,81,85,12,29,3,12,16,1,24,1,16,0,69,653,1143,64,147,210,15,29,0.0559930008748906,2007,0.0574387947269303,2008,CHHATTISGARH,KANKER,CHHATTISGARH||KANKER
54,53,1,15,0,10,14,13,76,77,13,26,3,6,19,4,26,3,13,0,74,543,1062,61,186,198,9,26,0.0574387947269303,2008,0.0704934541792547,2009,CHHATTISGARH,KANKER,CHHATTISGARH||KANKER
33,13,1,46,0,13,0,8,221,305,72,67,6,47,7,1,90,7,31,0,67,634,2112,175,181,613,53,67,0.0828598484848484,2001,0.0749455337690631,2002,CHHATTISGARH,KORBA,CHHATTISGARH||KORBA
40,10,0,38,0,4,2,18,236,312,86,45,6,19,16,9,82,10,33,0,93,1013,2295,172,157,668,25,45,0.0749455337690631,2002,0.0721533258173618,2003,CHHATTISGARH,KORBA,CHHATTISGARH||KORBA
32,17,0,37,0,7,1,8,239,305,76,71,5,28,8,4,97,14,40,0,105,1509,2661,192,173,636,33,71,0.0721533258173618,2003,0.0574660633484162,2004,CHHATTISGARH,KORBA,CHHATTISGARH||KORBA
46,15,4,34,0,6,0,13,194,308,77,35,2,15,7,5,49,7,32,0,123,969,2210,127,153,599,17,35,0.0574660633484162,2004,0.0552088334133461,2005,CHHATTISGARH,KORBA,CHHATTISGARH||KORBA
35,12,3,27,0,3,2,15,136,322,97,33,1,20,10,7,48,4,29,0,132,822,2083,115,130,580,21,33,0.0552088334133461,2005,0.0709649502379922,2006,CHHATTISGARH,KORBA,CHHATTISGARH||KORBA
43,17,0,40,0,5,8,25,145,297,110,44,1,29,5,5,86,6,27,0,147,895,2311,164,182,582,30,44,0.0709649502379922,2006,0.0664272890484739,2007,CHHATTISGARH,KORBA,CHHATTISGARH||KORBA
47,11,1,31,0,5,3,15,152,290,118,31,1,19,11,1,69,4,43,0,154,872,2228,148,144,586,20,31,0.0664272890484739,2007,0.062027833001988,2008,CHHATTISGARH,KORBA,CHHATTISGARH||KORBA
38,12,0,31,0,12,4,36,147,293,133,39,4,26,5,5,68,10,42,0,196,918,2515,156,172,614,30,39,0.062027833001988,2008,0.0766062602965403,2009,CHHATTISGARH,KORBA,CHHATTISGARH||KORBA
35,25,4,34,0,7,3,6,228,153,7,21,3,9,7,3,102,2,31,0,42,764,1644,172,135,401,12,21,0.1046228710462287,2001,0.0992815153494448,2002,CHHATTISGARH,KORIYA,CHHATTISGARH||KORIYA
21,15,1,58,0,7,0,5,203,134,17,20,2,10,6,1,72,0,21,0,54,723,1531,152,127,365,12,20,0.0992815153494448,2002,0.0997715156130997,2003,CHHATTISGARH,KORIYA,CHHATTISGARH||KORIYA
41,12,1,40,0,4,5,6,175,99,15,26,1,9,5,0,66,1,24,0,37,617,1313,131,135,300,10,26,0.0997715156130997,2003,0.1332436069986541,2004,CHHATTISGARH,KORIYA,CHHATTISGARH||KORIYA
33,18,0,50,0,4,2,16,159,137,26,20,2,20,11,2,109,1,36,0,66,607,1486,198,143,349,22,20,0.1332436069986541,2004,0.1206254653760238,2005,CHHATTISGARH,KORIYA,CHHATTISGARH||KORIYA
34,20,1,51,0,5,4,15,142,128,18,27,1,15,4,3,64,1,43,0,66,568,1343,162,157,307,16,27,0.1206254653760238,2005,0.1052631578947368,2006,CHHATTISGARH,KORIYA,CHHATTISGARH||KORIYA
35,27,0,51,0,7,11,12,126,103,17,14,2,12,15,0,64,2,27,0,62,366,1368,144,157,273,14,14,0.1052631578947368,2006,0.1082441787287602,2007,CHHATTISGARH,KORIYA,CHHATTISGARH||KORIYA
42,30,1,66,0,8,2,16,191,172,33,23,2,11,8,0,77,0,29,0,80,373,1589,172,188,420,13,23,0.1082441787287602,2007,0.1051167964404894,2008,CHHATTISGARH,KORIYA,CHHATTISGARH||KORIYA
48,22,0,54,0,5,4,13,209,159,27,28,7,14,15,2,93,6,34,0,59,469,1798,189,174,423,21,28,0.1051167964404894,2008,0.1435832274459974,2009,CHHATTISGARH,KORIYA,CHHATTISGARH||KORIYA
18,20,5,43,0,7,2,6,108,146,21,30,8,27,10,6,69,6,21,0,63,416,1185,145,131,291,35,30,0.1223628691983122,2001,0.080060422960725,2002,CHHATTISGARH,MAHASAMUND,CHHATTISGARH||MAHASAMUND
15,16,4,33,0,5,3,9,141,150,29,27,2,13,4,0,56,3,14,0,81,537,1324,106,112,333,15,27,0.080060422960725,2002,0.0686968838526912,2003,CHHATTISGARH,MAHASAMUND,CHHATTISGARH||MAHASAMUND
21,11,5,30,0,3,1,6,130,123,21,24,1,8,0,2,39,2,24,0,109,667,1412,97,101,280,9,24,0.0686968838526912,2003,0.0819341840161182,2004,CHHATTISGARH,MAHASAMUND,CHHATTISGARH||MAHASAMUND
22,11,1,35,0,3,1,10,121,164,35,21,3,20,8,6,54,1,26,0,83,661,1489,122,104,338,23,21,0.0819341840161182,2004,0.0889748549323017,2005,CHHATTISGARH,MAHASAMUND,CHHATTISGARH||MAHASAMUND
19,9,2,25,0,7,2,10,120,219,43,13,6,21,9,3,81,6,23,0,92,666,1551,138,87,401,27,13,0.0889748549323017,2005,0.079762689518787,2006,CHHATTISGARH,MAHASAMUND,CHHATTISGARH||MAHASAMUND
21,16,0,32,0,3,3,12,131,198,51,21,1,16,7,2,64,3,20,0,113,650,1517,121,108,399,17,21,0.079762689518787,2006,0.0698630136986301,2007,CHHATTISGARH,MAHASAMUND,CHHATTISGARH||MAHASAMUND
16,9,0,25,0,4,2,10,122,212,57,17,7,11,6,2,56,3,16,0,128,600,1460,102,83,407,18,17,0.0698630136986301,2007,0.0790354989953114,2008,CHHATTISGARH,MAHASAMUND,CHHATTISGARH||MAHASAMUND
19,13,1,24,0,8,1,5,120,155,37,20,11,19,9,6,57,4,27,0,160,631,1493,118,91,326,30,20,0.0790354989953114,2008,0.0704819277108433,2009,CHHATTISGARH,MAHASAMUND,CHHATTISGARH||MAHASAMUND
11,13,0,3,0,1,7,1,9,10,3,0,2,0,5,0,0,0,1,0,7,35,114,4,36,28,2,0,0.0350877192982456,2003,0.0181818181818181,2004,CHHATTISGARH,NARAYANPUR,CHHATTISGARH||NARAYANPUR
21,26,0,1,0,1,12,0,9,18,5,2,1,3,6,0,2,0,0,0,6,35,165,3,63,38,4,2,0.0181818181818181,2004,0.0490797546012269,2005,CHHATTISGARH,NARAYANPUR,CHHATTISGARH||NARAYANPUR
13,41,0,1,0,0,24,7,8,6,0,1,3,0,6,0,6,0,1,0,5,22,163,8,87,27,3,1,0.0490797546012269,2005,0.032051282051282,2006,CHHATTISGARH,NARAYANPUR,CHHATTISGARH||NARAYANPUR
23,43,0,2,0,5,1,1,3,5,0,0,0,0,6,0,3,0,0,0,3,40,156,5,75,15,0,0,0.032051282051282,2006,0.0507246376811594,2007,CHHATTISGARH,NARAYANPUR,CHHATTISGARH||NARAYANPUR
25,31,0,3,0,3,4,2,9,4,2,0,0,2,9,0,2,0,2,0,2,30,138,7,68,26,2,0,0.0507246376811594,2007,0.0066225165562913,2008,CHHATTISGARH,NARAYANPUR,CHHATTISGARH||NARAYANPUR
18,49,0,1,0,1,7,0,3,8,4,1,1,0,7,0,0,0,0,0,8,33,151,1,77,22,1,1,0.0066225165562913,2008,0.0350877192982456,2009,CHHATTISGARH,NARAYANPUR,CHHATTISGARH||NARAYANPUR
50,24,0,53,0,6,2,13,212,173,27,34,39,17,4,2,104,5,22,0,39,571,1650,186,182,429,56,34,0.1127272727272727,2001,0.123464770523594,2002,CHHATTISGARH,RAIGARH,CHHATTISGARH||RAIGARH
56,24,0,39,0,5,1,23,226,222,0,58,10,31,14,4,103,15,30,0,90,378,1547,191,206,485,41,58,0.123464770523594,2002,0.0875837197320968,2003,CHHATTISGARH,RAIGARH,CHHATTISGARH||RAIGARH
46,27,0,36,0,15,1,34,224,239,30,56,12,19,11,2,94,6,32,0,93,834,1941,170,215,538,31,56,0.0875837197320968,2003,0.081081081081081,2004,CHHATTISGARH,RAIGARH,CHHATTISGARH||RAIGARH
55,25,0,45,0,17,1,36,203,321,89,49,13,25,9,7,78,5,30,0,90,785,2035,165,228,658,38,49,0.081081081081081,2004,0.063563115487914,2005,CHHATTISGARH,RAIGARH,CHHATTISGARH||RAIGARH
62,29,2,35,0,11,8,30,175,430,133,61,10,22,14,9,64,2,32,0,144,933,2234,142,238,782,32,61,0.063563115487914,2005,0.069649641198818,2006,CHHATTISGARH,RAIGARH,CHHATTISGARH||RAIGARH
54,21,0,38,0,7,14,23,213,358,83,67,15,17,18,4,92,9,22,0,152,893,2369,165,224,695,32,67,0.069649641198818,2006,0.0698263386396526,2007,CHHATTISGARH,RAIGARH,CHHATTISGARH||RAIGARH
62,30,0,55,0,7,1,23,222,329,120,80,21,21,20,7,86,12,33,0,171,1079,2764,193,258,714,42,80,0.0698263386396526,2007,0.0556876061120543,2008,CHHATTISGARH,RAIGARH,CHHATTISGARH||RAIGARH
89,24,0,30,0,10,2,28,237,448,162,109,23,25,18,7,74,8,45,0,158,964,2945,164,292,893,48,109,0.0556876061120543,2008,0.0570934256055363,2009,CHHATTISGARH,RAIGARH,CHHATTISGARH||RAIGARH
92,102,10,104,0,38,10,58,793,953,347,110,24,64,28,16,253,42,121,0,182,2518,6786,536,524,2179,88,110,0.0789861479516652,2001,0.0899016979445933,2002,CHHATTISGARH,RAIPUR,CHHATTISGARH||RAIPUR
86,63,3,159,0,40,5,36,467,699,242,59,22,102,22,20,184,34,106,0,274,2302,5595,503,451,1466,124,59,0.0899016979445933,2002,0.0737334624072281,2003,CHHATTISGARH,RAIPUR,CHHATTISGARH||RAIPUR
77,53,4,126,0,41,1,41,510,798,365,46,12,117,10,15,185,15,116,0,336,3203,6198,457,389,1724,129,46,0.0737334624072281,2003,0.0802008608321377,2004,CHHATTISGARH,RAIPUR,CHHATTISGARH||RAIPUR
84,59,4,143,0,31,6,42,559,927,349,77,24,71,24,10,253,19,134,0,384,3614,6970,559,446,1901,95,77,0.0802008608321377,2004,0.0669439227260531,2005,CHHATTISGARH,RAIPUR,CHHATTISGARH||RAIPUR
92,59,2,125,0,46,4,42,619,1027,474,101,38,80,19,16,235,29,94,0,352,4072,7454,499,471,2181,118,101,0.0669439227260531,2005,0.0649268784669692,2006,CHHATTISGARH,RAIPUR,CHHATTISGARH||RAIPUR
106,66,2,130,0,54,6,48,662,1155,502,126,44,97,39,25,228,34,98,0,443,3186,7932,515,538,2406,141,126,0.0649268784669692,2006,0.0655560882070949,2007,CHHATTISGARH,RAIPUR,CHHATTISGARH||RAIPUR
110,77,3,120,0,53,8,61,714,1172,517,139,56,105,36,15,253,28,131,0,491,3225,8344,547,571,2500,161,139,0.0655560882070949,2007,0.0545035567578399,2008,CHHATTISGARH,RAIPUR,CHHATTISGARH||RAIPUR
112,91,1,128,0,46,5,85,823,1525,672,183,60,138,51,11,247,34,124,0,533,3430,9981,544,651,3156,198,183,0.0545035567578399,2008,0.0587997982854261,2009,CHHATTISGARH,RAIPUR,CHHATTISGARH||RAIPUR
36,27,0,58,0,4,3,15,289,231,38,50,10,14,11,3,92,12,51,0,0,1601,2650,216,193,584,24,50,0.0815094339622641,2001,0.0809943865276664,2002,CHHATTISGARH,RAJNANDGAON,CHHATTISGARH||RAJNANDGAON
51,17,0,62,0,8,5,12,216,163,63,57,3,23,6,6,86,7,41,0,0,1603,2494,202,212,460,26,57,0.0809943865276664,2002,0.0756564307966177,2003,CHHATTISGARH,RAJNANDGAON,CHHATTISGARH||RAJNANDGAON
36,26,6,60,0,8,7,16,214,150,49,32,5,25,13,13,67,2,28,0,0,1423,2247,170,191,442,30,32,0.0756564307966177,2003,0.0789915966386554,2004,CHHATTISGARH,RAJNANDGAON,CHHATTISGARH||RAJNANDGAON
45,20,0,61,0,4,2,12,192,210,56,15,4,24,14,5,74,8,40,0,97,1437,2380,188,159,484,28,15,0.0789915966386554,2004,0.0768912773873501,2005,CHHATTISGARH,RAJNANDGAON,CHHATTISGARH||RAJNANDGAON
40,26,0,81,0,8,7,16,157,234,59,29,2,16,17,5,69,6,25,0,124,1432,2419,186,207,483,18,29,0.0768912773873501,2005,0.0797975866095757,2006,CHHATTISGARH,RAJNANDGAON,CHHATTISGARH||RAJNANDGAON
50,31,1,69,0,10,2,19,168,231,71,24,11,24,13,5,83,7,40,1,104,1579,2569,205,206,502,35,24,0.0797975866095757,2006,0.0706896551724138,2007,CHHATTISGARH,RAJNANDGAON,CHHATTISGARH||RAJNANDGAON
44,25,0,54,0,16,3,18,219,247,67,28,11,24,16,8,78,6,59,0,122,1839,2900,205,188,567,35,28,0.0706896551724138,2007,0.0618081180811808,2008,CHHATTISGARH,RAJNANDGAON,CHHATTISGARH||RAJNANDGAON
47,33,4,60,0,12,2,23,251,288,81,42,7,36,14,7,72,5,57,0,153,2035,3252,201,223,657,43,42,0.0618081180811808,2008,0.0641484858352328,2009,CHHATTISGARH,RAJNANDGAON,CHHATTISGARH||RAJNANDGAON
105,42,1,145,0,17,11,42,359,314,38,103,6,31,32,1,223,10,62,0,0,1296,3130,441,466,785,37,103,0.1408945686900958,2001,0.1339905074844833,2002,CHHATTISGARH,SARGUJA,CHHATTISGARH||SARGUJA
101,35,4,142,0,19,7,30,379,295,30,96,3,22,19,1,180,2,42,0,0,1109,2739,367,434,753,25,96,0.1339905074844833,2002,0.1235042735042735,2003,CHHATTISGARH,SARGUJA,CHHATTISGARH||SARGUJA
88,33,0,119,0,12,30,48,276,216,29,68,3,15,18,2,135,1,32,0,0,980,2340,289,398,587,18,68,0.1235042735042735,2003,0.1222423146473779,2004,CHHATTISGARH,SARGUJA,CHHATTISGARH||SARGUJA
111,47,1,123,0,13,8,44,307,306,64,111,5,27,29,2,148,1,64,0,0,1165,2765,338,458,750,32,111,0.1222423146473779,2004,0.0998372219207813,2005,CHHATTISGARH,SARGUJA,CHHATTISGARH||SARGUJA
52,22,5,74,0,19,10,28,210,198,48,70,4,18,12,1,77,1,31,0,53,859,1843,184,280,496,22,70,0.0998372219207813,2005,0.1130268199233716,2006,CHHATTISGARH,SARGUJA,CHHATTISGARH||SARGUJA
56,26,2,75,0,11,5,38,114,148,49,37,6,27,7,0,72,1,29,0,62,747,1566,177,250,356,33,37,0.1130268199233716,2006,0.1160714285714285,2007,CHHATTISGARH,SARGUJA,CHHATTISGARH||SARGUJA
54,31,6,72,0,9,5,33,96,170,60,30,4,14,10,1,78,1,30,0,72,760,1568,182,240,369,18,30,0.1160714285714285,2007,0.1108033240997229,2008,CHHATTISGARH,SARGUJA,CHHATTISGARH||SARGUJA
65,27,1,78,0,9,2,30,87,162,65,44,2,30,13,3,89,3,27,0,89,966,1805,200,256,357,32,44,0.1108033240997229,2008,0.1160762942779291,2009,CHHATTISGARH,SARGUJA,CHHATTISGARH||SARGUJA
56,17,2,41,0,8,2,18,130,129,15,46,4,4,4,1,62,2,24,0,65,488,1213,130,190,296,8,46,0.1071723000824402,2005,0.1260575296108291,2006,CHHATTISGARH,SURAJPUR,CHHATTISGARH||SURAJPUR
48,20,0,57,0,5,8,24,112,95,10,42,4,19,15,1,57,2,32,0,64,395,1182,149,204,256,23,42,0.1260575296108291,2006,0.1427480916030534,2007,CHHATTISGARH,SURAJPUR,CHHATTISGARH||SURAJPUR
41,24,1,65,0,4,5,27,107,108,20,45,2,16,8,3,81,2,36,0,77,376,1310,187,212,270,18,45,0.1427480916030534,2007,0.1297297297297297,2008,CHHATTISGARH,SURAJPUR,CHHATTISGARH||SURAJPUR
58,19,2,78,0,10,4,25,110,129,25,42,11,12,6,3,71,1,39,0,87,402,1480,192,238,295,23,42,0.1297297297297297,2008,0.1413793103448276,2009,CHHATTISGARH,SURAJPUR,CHHATTISGARH||SURAJPUR
3,2,0,6,0,4,0,2,34,45,15,4,13,12,1,0,7,0,4,0,0,183,350,17,21,97,25,4,0.0485714285714285,2001,0.0286532951289398,2002,D & N HAVELI,D and N HAVELI,D & N HAVELI||D AND N HAVELI
11,2,0,4,0,9,3,1,38,75,38,5,12,10,2,0,3,0,3,0,0,142,349,10,35,154,22,5,0.0286532951289398,2002,0.0207100591715976,2003,D & N HAVELI,D and N HAVELI,D & N HAVELI||D AND N HAVELI
11,5,0,1,0,7,4,6,41,61,15,17,8,13,4,0,4,0,2,0,1,129,338,7,51,127,21,17,0.0207100591715976,2003,0.0366748166259168,2004,D & N HAVELI,D and N HAVELI,D & N HAVELI||D AND N HAVELI
11,4,0,7,0,12,3,2,20,53,20,17,12,22,2,0,5,0,3,0,8,193,409,15,56,97,34,17,0.0366748166259168,2004,0.0345622119815668,2005,D & N HAVELI,D and N HAVELI,D & N HAVELI||D AND N HAVELI
7,5,0,5,0,13,3,2,25,74,17,18,12,10,1,0,5,0,5,0,17,195,434,15,53,119,22,18,0.0345622119815668,2005,0.0413793103448275,2006,D & N HAVELI,D and N HAVELI,D & N HAVELI||D AND N HAVELI
9,0,1,6,0,18,5,5,41,61,13,8,30,10,5,1,5,1,5,0,16,172,435,18,52,125,40,8,0.0413793103448275,2006,0.0235294117647058,2007,D & N HAVELI,D and N HAVELI,D & N HAVELI||D AND N HAVELI
10,2,0,7,0,9,1,3,28,87,19,39,17,10,10,0,0,0,3,0,12,161,425,10,71,147,27,39,0.0235294117647058,2007,0.0349127182044887,2008,D & N HAVELI,D and N HAVELI,D & N HAVELI||D AND N HAVELI
9,2,0,6,0,17,1,0,49,54,18,24,10,24,6,0,4,0,4,0,10,154,401,14,59,127,34,24,0.0349127182044887,2008,0.0226244343891402,2009,D & N HAVELI,D and N HAVELI,D & N HAVELI||D AND N HAVELI
6,5,0,0,0,5,0,0,39,34,20,14,4,7,3,0,0,0,4,0,0,54,194,4,30,96,11,14,0.0206185567010309,2001,0.0142180094786729,2002,DAMAN & DIU,DAMAN,DAMAN & DIU||DAMAN
7,1,0,0,0,2,1,0,51,46,31,14,5,10,2,0,0,0,3,0,0,53,211,3,25,130,15,14,0.0142180094786729,2002,0.0291666666666666,2003,DAMAN & DIU,DAMAN,DAMAN & DIU||DAMAN
6,3,0,4,0,1,4,1,37,44,23,29,7,8,1,0,3,0,0,0,6,69,240,7,48,106,15,29,0.0291666666666666,2003,0.0350877192982456,2004,DAMAN & DIU,DAMAN,DAMAN & DIU||DAMAN
2,1,0,1,0,2,0,1,35,27,12,19,3,4,2,0,1,0,4,0,20,37,171,6,26,77,7,19,0.0350877192982456,2004,0.0259067357512953,2005,DAMAN & DIU,DAMAN,DAMAN & DIU||DAMAN
4,2,0,2,0,4,3,0,29,42,24,16,5,2,1,1,1,0,1,0,21,44,193,5,31,96,7,16,0.0259067357512953,2005,0.0123456790123456,2006,DAMAN & DIU,DAMAN,DAMAN & DIU||DAMAN
6,2,0,1,0,3,8,1,54,54,30,19,9,3,4,0,2,0,0,0,22,36,243,3,40,143,12,19,0.0123456790123456,2006,0.0142857142857142,2007,DAMAN & DIU,DAMAN,DAMAN & DIU||DAMAN
12,6,0,1,0,0,3,1,41,37,26,26,5,6,2,1,0,0,1,0,29,24,210,3,49,107,11,26,0.0142857142857142,2007,0.0104166666666666,2008,DAMAN & DIU,DAMAN,DAMAN & DIU||DAMAN
2,1,0,0,0,2,2,3,36,41,24,29,3,2,2,0,2,0,0,0,33,23,192,2,39,106,5,29,0.0104166666666666,2008,0.0336538461538461,2009,DAMAN & DIU,DAMAN,DAMAN & DIU||DAMAN
1,0,0,0,0,0,0,0,4,6,0,9,1,2,0,0,0,0,0,0,0,19,45,0,10,10,3,9,0.0,2001,0.0,2002,DAMAN & DIU,DIU,DAMAN & DIU||DIU
1,2,0,0,0,1,1,1,5,10,4,2,0,0,0,0,0,0,0,0,0,25,50,0,8,20,0,2,0.0,2002,0.0689655172413793,2003,DAMAN & DIU,DIU,DAMAN & DIU||DIU
0,0,0,1,0,0,0,0,4,2,2,2,1,0,0,1,0,0,0,0,0,15,29,2,3,8,1,2,0.0689655172413793,2003,0.0,2004,DAMAN & DIU,DIU,DAMAN & DIU||DIU
1,0,0,0,0,0,0,0,0,0,0,0,1,1,0,0,0,0,0,0,5,14,27,0,1,0,2,0,0.0,2004,0.04,2005,DAMAN & DIU,DIU,DAMAN & DIU||DIU
1,0,0,0,0,0,1,0,8,8,3,3,1,1,0,0,0,0,2,0,3,14,50,2,5,19,2,3,0.04,2005,0.0888888888888888,2006,DAMAN & DIU,DIU,DAMAN & DIU||DIU
0,1,0,2,0,0,0,0,6,9,3,5,0,0,1,0,0,0,2,0,4,12,45,4,8,19,0,5,0.0888888888888888,2006,0.04,2007,DAMAN & DIU,DIU,DAMAN & DIU||DIU
0,1,0,0,0,1,0,1,5,6,2,5,0,0,1,0,0,0,2,0,3,13,50,2,8,15,0,5,0.04,2007,0.1071428571428571,2008,DAMAN & DIU,DIU,DAMAN & DIU||DIU
0,1,0,0,0,2,0,1,9,8,7,6,1,0,1,0,0,1,5,0,6,13,56,6,10,26,1,6,0.1071428571428571,2008,0.0294117647058823,2009,DAMAN & DIU,DIU,DAMAN & DIU||DIU
0,0,0,0,0,0,0,0,0,0,0,0,0,0,0,0,1,0,104,0,0,1,107,105,0,0,0,0,0.9813084112149532,2008,0.9948453608247424,2009,DELHI UT,CAW,DELHI UT||CAW
29,42,4,28,0,62,3,42,149,1595,560,9,57,134,1,4,30,7,2,0,13,1422,3750,71,219,2347,191,9,0.0189333333333333,2001,0.0245947456679709,2002,DELHI UT,CENTRAL,DELHI UT||CENTRAL
23,38,7,22,0,71,1,39,143,1356,453,8,46,143,1,2,41,17,6,0,20,1481,3578,88,209,1992,189,8,0.0245947456679709,2002,0.0373582388258839,2003,DELHI UT,CENTRAL,DELHI UT||CENTRAL
29,20,6,20,0,63,2,14,102,1187,490,0,48,141,4,4,29,10,49,0,10,1117,2998,112,154,1797,189,0,0.0373582388258839,2003,0.0383808095952023,2004,DELHI UT,CENTRAL,DELHI UT||CENTRAL
16,17,6,27,0,57,1,18,84,1324,513,8,49,140,3,1,44,12,44,0,9,1347,3335,128,150,1942,189,8,0.0383808095952023,2004,0.039387928591669,2005,DELHI UT,CENTRAL,DELHI UT||CENTRAL
23,28,3,20,0,52,1,20,57,1192,492,1,39,164,5,4,40,26,48,1,9,1600,3529,139,148,1766,203,1,0.039387928591669,2005,0.0350782514840798,2006,DELHI UT,CENTRAL,DELHI UT||CENTRAL
22,32,6,17,0,73,0,22,63,1036,452,5,37,144,0,3,21,14,75,0,14,1952,3706,130,177,1573,181,5,0.0350782514840798,2006,0.0511083743842364,2007,DELHI UT,CENTRAL,DELHI UT||CENTRAL
27,29,6,22,0,70,1,28,63,1069,538,4,41,149,1,6,38,9,91,0,8,1442,3248,166,187,1699,190,4,0.0511083743842364,2007,0.0538709677419354,2008,DELHI UT,CENTRAL,DELHI UT||CENTRAL
34,33,4,30,0,84,0,33,92,1392,792,2,32,144,0,6,38,12,81,0,12,855,3100,167,220,2309,176,2,0.0538709677419354,2008,0.047652665019414,2009,DELHI UT,CENTRAL,DELHI UT||CENTRAL
1,1,0,0,0,0,0,0,0,1,0,0,0,14,0,0,0,0,0,0,0,12,30,0,2,1,14,0,0.0,2008,0.0219780219780219,2009,DELHI UT,CRIME BRANCH,DELHI UT||CRIME BRANCH
56,51,15,24,0,163,4,47,270,1651,835,20,41,143,4,11,56,11,27,0,23,1552,4447,129,380,2807,184,20,0.0290083202158758,2001,0.0273125483122906,2002,DELHI UT,EAST,DELHI UT||EAST
50,35,9,10,0,141,7,37,210,1440,779,14,32,105,6,19,55,6,16,0,15,1407,3881,106,303,2472,137,14,0.0273125483122906,2002,0.0745786192565227,2003,DELHI UT,EAST,DELHI UT||EAST
44,38,6,37,0,158,4,39,179,1757,927,9,41,121,3,15,73,8,190,0,72,1289,4331,323,335,2905,162,9,0.0745786192565227,2003,0.0678364688856729,2004,DELHI UT,EAST,DELHI UT||EAST
52,39,13,62,0,172,6,52,137,2275,1194,6,42,141,5,13,82,6,212,0,17,1932,5528,375,402,3663,183,6,0.0678364688856729,2004,0.0678525582248303,2005,DELHI UT,EAST,DELHI UT||EAST
31,38,2,59,0,153,1,58,187,2030,1146,8,32,140,1,12,105,16,178,0,59,2058,5453,370,350,3422,172,8,0.0678525582248303,2005,0.068185896285663,2006,DELHI UT,EAST,DELHI UT||EAST
39,42,8,61,0,118,3,66,168,2096,1268,14,39,138,8,9,86,19,205,0,8,2214,5573,380,351,3606,177,14,0.068185896285663,2006,0.0709773936170212,2007,DELHI UT,EAST,DELHI UT||EAST
34,61,8,73,0,145,7,102,196,2239,1183,17,35,201,3,16,112,24,202,0,18,2274,6016,427,447,3723,236,17,0.0709773936170212,2007,0.0694945848375451,2008,DELHI UT,EAST,DELHI UT||EAST
49,51,1,73,0,191,5,74,180,2471,1490,13,34,137,5,21,93,14,184,0,168,1542,5540,385,457,4220,171,13,0.0694945848375451,2008,0.0429534409782097,2009,DELHI UT,EAST,DELHI UT||EAST
0,0,0,0,0,0,0,0,0,0,0,0,8,137,0,0,0,2,0,0,0,23,170,2,0,0,145,0,0.0117647058823529,2008,0.0105263157894736,2009,DELHI UT,EOW,DELHI UT||EOW
11,4,0,1,0,7,1,11,2,1430,13,0,2,19,0,0,4,0,0,0,0,129,1630,5,35,1456,21,0,0.0030674846625766,2001,0.0021321961620469,2002,DELHI UT,G.R.P.(RLY),DELHI UT||GRP(RLY)
2,4,0,0,0,3,1,12,0,1280,21,0,4,22,0,0,3,0,0,0,0,66,1407,3,22,1313,26,0,0.0021321961620469,2002,0.0059931506849315,2003,DELHI UT,G.R.P.(RLY),DELHI UT||GRP(RLY)
8,4,2,0,0,6,0,14,0,1015,16,2,6,20,4,3,4,0,0,0,3,65,1168,7,36,1049,26,2,0.0059931506849315,2003,0.0080971659919028,2004,DELHI UT,G.R.P.(RLY),DELHI UT||GRP(RLY)
6,6,1,5,0,5,1,6,4,1071,15,0,13,17,3,2,2,1,0,0,1,75,1235,10,30,1099,30,0,0.0080971659919028,2004,0.0074937552039966,2005,DELHI UT,G.R.P.(RLY),DELHI UT||GRP(RLY)
16,4,1,2,0,4,0,6,2,1053,15,1,3,15,2,1,5,1,0,0,0,75,1201,9,34,1078,18,1,0.0074937552039966,2005,0.0018587360594795,2006,DELHI UT,G.R.P.(RLY),DELHI UT||GRP(RLY)
5,2,0,1,0,11,0,3,1,945,33,0,6,13,1,1,0,0,0,0,1,75,1076,2,22,983,19,0,0.0018587360594795,2006,0.009719222462203,2007,DELHI UT,GRP(RLY),DELHI UT||GRP(RLY)
3,0,0,4,0,12,0,2,1,795,40,0,1,13,0,0,4,1,0,0,2,68,926,9,21,838,14,0,0.009719222462203,2007,0.0031545741324921,2008,DELHI UT,GRP(RLY),DELHI UT||GRP(RLY)
6,0,0,0,0,6,1,2,1,821,27,0,2,11,1,1,1,0,1,0,0,80,951,3,15,852,13,0,0.0031545741324921,2008,0.0069444444444444,2009,DELHI UT,GRP(RLY),DELHI UT||GRP(RLY)
2,2,1,0,0,4,0,2,0,52,7,1,6,483,1,0,0,2,0,0,2,61,625,2,12,62,489,1,0.0032,2001,0.005524861878453,2002,DELHI UT,I.G.I. AIRPORT,DELHI UT||IGI AIRPORT
4,0,1,0,0,1,0,2,1,52,8,1,4,576,0,0,2,2,0,0,1,77,724,4,9,63,580,1,0.005524861878453,2002,0.0089820359281437,2003,DELHI UT,I.G.I. AIRPORT,DELHI UT||IGI AIRPORT
2,2,0,0,0,2,0,4,0,74,11,3,1,491,0,0,5,1,0,0,1,74,668,6,13,89,492,3,0.0089820359281437,2003,0.0131771595900439,2004,DELHI UT,I.G.I. AIRPORT,DELHI UT||IGI AIRPORT
1,3,0,1,0,5,0,6,1,88,17,2,1,466,0,0,7,0,1,0,0,98,683,9,18,112,467,2,0.0131771595900439,2004,0.0024509803921568,2005,DELHI UT,I.G.I. AIRPORT,DELHI UT||IGI AIRPORT
1,0,0,1,0,4,0,2,0,80,19,0,0,612,0,0,1,0,0,0,0,112,816,2,8,101,612,0,0.0024509803921568,2005,0.0043290043290043,2006,DELHI UT,IGI AIRPORT,DELHI UT||IGI AIRPORT
2,1,1,0,0,8,0,8,2,160,25,0,4,617,0,0,2,1,1,0,0,116,924,4,20,195,621,0,0.0043290043290043,2006,0.0181268882175226,2007,DELHI UT,IGI AIRPORT,DELHI UT||IGI AIRPORT
1,0,0,0,0,3,0,6,1,144,26,1,4,411,0,0,8,3,1,0,0,78,662,12,11,177,415,1,0.0181268882175226,2007,0.0037735849056603,2008,DELHI UT,IGI AIRPORT,DELHI UT||IGI AIRPORT
1,1,0,0,0,1,0,3,0,80,37,1,3,11,0,0,2,0,0,0,3,423,530,2,7,120,14,1,0.0037735849056603,2008,0.0035149384885764,2009,DELHI UT,IGI AIRPORT,DELHI UT||IGI AIRPORT
11,14,0,9,0,27,1,22,75,1237,341,14,36,296,3,0,20,6,2,0,109,731,2660,37,98,1678,332,14,0.0139097744360902,2001,0.0149625935162094,2002,DELHI UT,NEW DELHI,DELHI UT||NEW DELHI
6,8,1,8,0,20,0,20,54,1149,347,10,24,266,2,0,11,15,2,0,101,652,2406,36,73,1572,290,10,0.0149625935162094,2002,0.0229673863114377,2003,DELHI UT,NEW DELHI,DELHI UT||NEW DELHI
7,5,1,8,0,24,1,16,58,863,312,4,31,232,3,1,20,8,13,0,79,748,2177,50,66,1252,263,4,0.0229673863114377,2003,0.0260279139947189,2004,DELHI UT,NEW DELHI,DELHI UT||NEW DELHI
6,15,5,8,0,20,0,9,79,1166,366,2,38,319,1,1,34,15,11,0,84,791,2651,69,65,1621,357,2,0.0260279139947189,2004,0.029193899782135,2005,DELHI UT,NEW DELHI,DELHI UT||NEW DELHI
10,11,3,6,0,19,0,13,42,803,236,9,32,236,1,2,26,24,9,0,91,908,2295,67,71,1095,268,9,0.029193899782135,2005,0.0288461538461538,2006,DELHI UT,NEW DELHI,DELHI UT||NEW DELHI
7,8,0,6,0,26,0,20,42,754,262,15,28,239,1,0,31,13,16,0,1,1039,2288,66,82,1079,267,15,0.0288461538461538,2006,0.0246013667425968,2007,DELHI UT,NEW DELHI,DELHI UT||NEW DELHI
4,7,1,7,0,12,1,23,53,698,215,7,29,284,3,0,23,10,14,0,1,983,2195,54,62,992,313,7,0.0246013667425968,2007,0.0182894029047875,2008,DELHI UT,NEW DELHI,DELHI UT||NEW DELHI
9,3,1,3,0,19,0,14,46,696,244,11,12,146,2,1,18,3,9,0,1,817,1859,34,60,1002,158,11,0.0182894029047875,2008,0.0254691689008042,2009,DELHI UT,NEW DELHI,DELHI UT||NEW DELHI
28,33,5,28,0,99,2,52,177,1364,455,11,86,159,3,4,26,6,9,0,0,1729,3998,73,258,2051,245,11,0.0182591295647823,2001,0.0244498777506112,2002,DELHI UT,NORTH,DELHI UT||NORTH
40,22,12,27,0,84,7,43,131,1183,412,14,66,136,8,5,31,23,4,0,0,1666,3681,90,249,1777,202,14,0.0244498777506112,2002,0.034503096431731,2003,DELHI UT,NORTH,DELHI UT||NORTH
32,23,12,34,0,63,1,35,81,923,337,7,45,147,9,4,16,8,55,0,0,1725,3391,117,207,1385,192,7,0.034503096431731,2003,0.032182562902282,2004,DELHI UT,NORTH,DELHI UT||NORTH
25,23,8,23,0,85,5,30,99,1155,429,6,56,115,9,6,21,5,55,0,0,1550,3418,110,205,1722,171,6,0.032182562902282,2004,0.0520266182698124,2005,DELHI UT,NORTH,DELHI UT||NORTH
24,23,1,22,0,78,3,34,86,900,310,5,50,140,3,2,45,7,96,0,0,1645,3306,172,190,1333,190,5,0.0520266182698124,2005,0.0629973474801061,2006,DELHI UT,NORTH,DELHI UT||NORTH
28,21,5,22,0,41,0,29,78,701,269,4,39,124,3,8,27,5,128,0,10,1590,3016,190,150,1080,163,4,0.0629973474801061,2006,0.0599642004773269,2007,DELHI UT,NORTH,DELHI UT||NORTH
22,41,9,33,0,64,5,33,84,747,300,7,51,182,3,6,43,30,89,0,6,1750,3352,201,214,1167,233,7,0.0599642004773269,2007,0.0472213299068422,2008,DELHI UT,NORTH,DELHI UT||NORTH
25,18,7,20,0,80,2,56,75,932,422,4,39,138,2,4,35,9,79,0,13,1458,3113,147,212,1487,177,4,0.0472213299068422,2008,0.0443603851444291,2009,DELHI UT,NORTH,DELHI UT||NORTH
62,79,5,36,0,157,3,74,157,961,500,7,27,57,3,20,34,1,8,0,12,1477,3449,99,423,1695,84,7,0.0287039721658451,2001,0.0375380453161988,2002,DELHI UT,NORTH EAST,DELHI UT||NORTH EAST
66,65,2,39,0,156,2,65,139,878,473,12,24,71,3,13,27,3,29,0,20,1108,2957,111,407,1558,95,12,0.0375380453161988,2002,0.07904,2003,DELHI UT,NORTH EAST,DELHI UT||NORTH EAST
54,64,5,53,0,182,4,56,130,796,459,4,30,92,0,20,41,5,128,0,39,1173,3125,247,422,1441,122,4,0.07904,2003,0.0721252566735112,2004,DELHI UT,NORTH EAST,DELHI UT||NORTH EAST
54,69,3,67,0,157,4,65,153,1033,595,4,19,105,1,18,46,6,144,0,111,1570,3896,281,423,1847,124,4,0.0721252566735112,2004,0.0777479892761394,2005,DELHI UT,NORTH EAST,DELHI UT||NORTH EAST
51,63,8,106,0,212,4,60,186,1266,718,6,28,124,4,29,79,23,140,0,176,2000,4849,377,510,2234,152,6,0.0777479892761394,2005,0.0753386528112822,2006,DELHI UT,NORTH-EAST,DELHI UT||NORTH EAST
61,66,9,93,0,197,3,82,173,1246,685,11,34,93,2,28,92,17,176,0,180,2509,5389,406,522,2188,127,11,0.0753386528112822,2006,0.095293887912517,2007,DELHI UT,NORTH-EAST,DELHI UT||NORTH EAST
66,74,9,89,0,241,2,55,206,1287,732,2,32,91,0,17,120,13,249,0,48,2257,5121,488,538,2280,123,2,0.095293887912517,2007,0.0711120957022596,2008,DELHI UT,NORTH-EAST,DELHI UT||NORTH EAST
92,50,12,32,0,210,0,47,182,1518,995,7,31,71,6,17,77,23,172,0,170,1489,4514,321,450,2748,102,7,0.0711120957022596,2008,0.0584745762711864,2009,DELHI UT,NORTH-EAST,DELHI UT||NORTH EAST
134,107,13,103,0,518,14,122,619,2850,1429,20,55,139,14,25,102,18,22,0,22,4663,10001,270,1031,5034,194,20,0.026997300269973,2001,0.0307909911870307,2002,DELHI UT,NORTH WEST,DELHI UT||NORTH WEST
135,90,9,120,0,430,20,112,487,2290,1210,14,75,136,12,26,101,16,20,0,50,4674,9191,283,930,4111,211,14,0.0307909911870307,2002,0.0638806649965839,2003,DELHI UT,NORTH WEST,DELHI UT||NORTH WEST
106,101,12,128,0,301,6,93,390,2191,1232,7,52,162,10,27,102,14,290,0,45,4419,8782,561,754,3916,214,7,0.0638806649965839,2003,0.058130081300813,2004,DELHI UT,NORTH WEST,DELHI UT||NORTH WEST
129,137,19,124,0,285,4,120,443,2594,1522,11,67,182,4,29,129,23,267,0,43,4866,9840,572,829,4683,249,11,0.058130081300813,2004,0.066067701243307,2005,DELHI UT,NORTH WEST,DELHI UT||NORTH WEST
128,121,18,190,0,572,9,124,543,2605,1546,13,62,184,6,23,138,53,324,0,21,5531,11019,728,1175,4824,246,13,0.066067701243307,2005,0.0679167414319038,2006,DELHI UT,NORTH-WEST,DELHI UT||NORTH WEST
128,151,12,169,0,437,4,105,456,2690,1769,12,48,186,4,28,137,11,412,0,48,5704,11146,757,1018,5024,234,12,0.0679167414319038,2006,0.0531894391983041,2007,DELHI UT,NORTH-WEST,DELHI UT||NORTH WEST
57,52,11,51,0,208,4,63,272,1841,1206,6,31,199,1,7,64,3,151,0,10,1993,5189,276,452,3383,230,6,0.0531894391983041,2007,0.0497145575642245,2008,DELHI UT,NORTH-WEST,DELHI UT||NORTH WEST
54,48,2,59,0,137,3,85,250,1760,1143,2,18,76,5,12,48,8,82,0,17,1354,4204,209,390,3243,94,2,0.0497145575642245,2008,0.0483319076133447,2009,DELHI UT,NORTH-WEST,DELHI UT||NORTH WEST
102,96,17,121,0,360,4,85,231,1216,700,12,20,98,4,29,100,12,208,0,46,2690,5690,470,797,2236,118,12,0.0826010544815465,2007,0.0563299599007065,2008,DELHI UT,OUTER,DELHI UT||OUTER
77,53,14,59,0,355,7,43,249,1871,1277,3,39,111,2,21,48,5,162,0,25,1873,5237,295,611,3442,150,3,0.0563299599007065,2008,0.060776816260817,2009,DELHI UT,OUTER,DELHI UT||OUTER
83,75,7,65,0,265,9,120,803,4220,1986,46,100,373,10,15,96,24,22,0,103,3991,10745,222,670,7139,473,46,0.0206607724523033,2001,0.0222437137330754,2002,DELHI UT,SOUTH,DELHI UT||SOUTH
80,60,6,65,0,163,4,74,518,3541,1897,37,102,293,10,22,76,22,22,0,100,3853,9306,207,489,6040,395,37,0.0222437137330754,2002,0.0492890995260663,2003,DELHI UT,SOUTH,DELHI UT||SOUTH
86,52,10,83,0,134,4,57,375,3307,1790,19,95,334,8,24,89,21,199,0,79,3231,8440,416,445,5537,429,19,0.0492890995260663,2003,0.0481803143093465,2004,DELHI UT,SOUTH,DELHI UT||SOUTH
80,74,13,96,0,216,5,54,274,4000,2053,10,88,417,2,21,130,40,179,0,79,3630,9672,466,548,6383,505,10,0.0481803143093465,2004,0.0456833507455598,2005,DELHI UT,SOUTH,DELHI UT||SOUTH
67,63,6,87,0,231,4,93,287,4104,2274,8,80,362,4,19,151,36,188,0,34,4454,10529,481,559,6762,442,8,0.0456833507455598,2005,0.0456974387322646,2006,DELHI UT,SOUTH,DELHI UT||SOUTH
66,69,13,87,0,215,2,117,350,3820,2302,12,92,379,5,19,141,34,215,0,49,4907,10854,496,581,6594,471,12,0.0456974387322646,2006,0.0561743806414442,2007,DELHI UT,SOUTH,DELHI UT||SOUTH
68,84,11,83,0,256,2,75,412,3179,1742,19,102,348,5,22,169,36,275,0,67,4892,10414,585,598,5413,450,19,0.0561743806414442,2007,0.0392034847542003,2008,DELHI UT,SOUTH,DELHI UT||SOUTH
37,18,5,37,0,70,1,42,262,1958,1228,8,36,159,3,8,52,16,76,0,21,1885,4821,189,218,3493,195,8,0.0392034847542003,2008,0.0338128152437885,2009,DELHI UT,SOUTH,DELHI UT||SOUTH
66,37,6,61,0,182,1,66,222,2162,1342,9,41,148,5,15,82,25,156,0,253,2142,5904,339,428,3797,189,9,0.0574186991869918,2008,0.0395723631721716,2009,DELHI UT,SOUTH-EAST,DELHI UT||SOUTH EAST
61,52,1,42,0,174,9,74,359,1816,772,32,31,182,8,16,69,13,24,0,144,2094,5389,164,445,3029,213,32,0.0304323622193356,2001,0.0382218529289572,2002,DELHI UT,SOUTH WEST,DELHI UT||SOUTH WEST
52,45,5,68,0,126,4,48,364,1531,774,24,34,168,8,21,62,13,20,0,50,1995,4814,184,372,2725,202,24,0.0382218529289572,2002,0.053292141340027,2003,DELHI UT,SOUTH WEST,DELHI UT||SOUTH WEST
45,45,5,57,0,118,3,60,368,1396,716,21,47,157,12,22,52,26,119,0,21,2453,5179,276,354,2552,204,21,0.053292141340027,2003,0.0485502360080917,2004,DELHI UT,SOUTH WEST,DELHI UT||SOUTH WEST
44,49,6,79,0,97,3,51,366,1774,749,13,38,227,5,11,59,13,126,0,33,2778,5932,288,342,2945,265,13,0.0485502360080917,2004,0.0525859076709475,2005,DELHI UT,SOUTH WEST,DELHI UT||SOUTH WEST
47,51,10,71,0,114,2,51,378,1551,737,9,29,177,11,12,86,20,114,0,193,2709,5762,303,355,2728,206,9,0.0525859076709475,2005,0.0686512758201701,2006,DELHI UT,SOUTH-WEST,DELHI UT||SOUTH WEST
52,45,11,79,0,161,0,48,345,1739,915,9,49,199,7,24,84,25,240,0,19,3310,6584,452,405,3054,248,9,0.0686512758201701,2006,0.0573229731710892,2007,DELHI UT,SOUTH-WEST,DELHI UT||SOUTH WEST
51,43,8,51,0,148,7,47,304,1802,960,9,41,154,8,19,85,14,222,0,18,3633,6821,391,364,3121,195,9,0.0573229731710892,2007,0.0512040557667934,2008,DELHI UT,SOUTH-WEST,DELHI UT||SOUTH WEST
57,36,6,38,0,87,2,37,136,1113,725,7,19,62,4,9,39,7,109,0,24,1998,3945,202,270,2015,81,7,0.0512040557667934,2008,0.0565096952908587,2009,DELHI UT,SOUTH-WEST,DELHI UT||SOUTH WEST
0,2,0,0,0,0,0,0,0,0,0,0,0,43,0,0,0,0,0,0,0,15,68,0,2,0,43,0,0.0,2003,0.0222222222222222,2004,DELHI UT,S.T.F.,DELHI UT||STF
0,10,0,0,0,0,0,2,0,1,0,0,0,8,0,0,0,0,0,0,0,18,39,0,12,3,8,0,0.0,2006,0.0,2007,DELHI UT,STF,DELHI UT||STF
0,6,0,0,0,0,1,0,0,0,0,0,0,7,1,0,0,0,0,0,0,19,40,0,7,1,7,0,0.0,2007,0.0,2008,DELHI UT,STF,DELHI UT||STF
0,10,0,0,0,0,0,0,0,0,0,0,0,10,0,0,0,0,0,0,0,13,39,0,10,0,10,0,0.0,2008,0.0,2009,DELHI UT,STF,DELHI UT||STF
70,51,12,45,0,151,2,58,418,2100,996,5,38,198,3,18,65,2,22,0,4,4151,7690,152,394,3575,236,5,0.0197659297789336,2001,0.0188864017907106,2002,DELHI UT,WEST,DELHI UT||WEST
73,72,16,44,0,128,1,50,313,1925,1060,5,33,154,7,27,37,11,16,0,59,3882,7148,135,389,3355,187,5,0.0188864017907106,2002,0.0438038716970467,2003,DELHI UT,WEST,DELHI UT||WEST
72,51,6,70,0,105,3,53,215,2035,1155,4,35,139,7,10,58,4,168,0,53,3736,7077,310,364,3465,174,4,0.0438038716970467,2003,0.0479368105678877,2004,DELHI UT,WEST,DELHI UT||WEST
67,72,6,58,0,110,1,50,235,2512,1420,5,33,156,5,24,46,9,215,0,56,3386,7343,352,369,4222,189,5,0.0479368105678877,2004,0.0604129139531661,2005,DELHI UT,WEST,DELHI UT||WEST
57,55,12,94,0,151,3,49,325,2370,1369,1,37,179,10,10,86,19,227,0,51,3183,7217,436,422,4123,216,1,0.0604129139531661,2005,0.0633821932681867,2006,DELHI UT,WEST,DELHI UT||WEST
66,63,10,88,0,155,2,39,272,2310,1386,5,66,173,2,17,97,5,260,0,37,3371,7368,467,428,4009,239,5,0.0633821932681867,2006,0.0749491472383038,2007,DELHI UT,WEST,DELHI UT||WEST
60,37,14,64,0,169,0,38,232,2020,1232,3,64,199,2,16,102,12,285,0,28,2775,6391,479,385,3524,263,3,0.0749491472383038,2007,0.0611048051456678,2008,DELHI UT,WEST,DELHI UT||WEST
46,30,8,54,0,145,2,39,231,2092,1298,4,41,118,6,14,77,6,172,0,19,1931,5286,323,328,3666,159,4,0.0611048051456678,2008,0.0675014674232048,2009,DELHI UT,WEST,DELHI UT||WEST
22,16,4,4,0,4,5,10,189,291,80,33,25,29,10,2,12,2,6,0,110,404,1271,26,98,580,54,33,0.020456333595594,2001,0.0210144927536231,2002,GOA,NORTH GOA,GOA||NORTH GOA
18,11,3,9,0,4,0,17,217,285,82,43,15,49,17,1,9,4,6,0,112,428,1380,29,105,618,64,43,0.0210144927536231,2002,0.0353383458646616,2003,GOA,NORTH GOA,GOA||NORTH GOA
22,8,3,22,0,8,5,12,180,273,79,34,32,70,14,1,11,4,9,0,87,432,1330,47,114,558,102,34,0.0353383458646616,2003,0.0366748166259168,2004,GOA,NORTH GOA,GOA||NORTH GOA
23,3,3,13,0,3,4,11,147,298,79,18,22,36,5,2,16,8,6,0,121,390,1227,45,78,540,58,18,0.0366748166259168,2004,0.0298850574712643,2005,GOA,NORTH GOA,GOA||NORTH GOA
22,10,4,11,0,7,1,15,172,290,101,32,30,30,7,0,15,6,7,0,123,431,1305,39,102,585,60,32,0.0298850574712643,2005,0.0225187656380316,2006,GOA,NORTH GOA,GOA||NORTH GOA
24,8,1,8,0,9,3,10,151,288,133,27,22,28,9,0,8,3,8,0,124,362,1199,27,90,591,50,27,0.0225187656380316,2006,0.0170542635658914,2007,GOA,NORTH GOA,GOA||NORTH GOA
15,13,6,5,0,3,0,9,180,275,119,47,19,22,16,2,8,4,3,0,128,437,1290,22,98,599,41,47,0.0170542635658914,2007,0.0248488918737407,2008,GOA,NORTH GOA,GOA||NORTH GOA
26,14,8,15,0,19,2,8,150,360,128,43,30,57,6,0,15,2,5,0,134,488,1489,37,135,652,87,43,0.0248488918737407,2008,0.0394500896592946,2009,GOA,NORTH GOA,GOA||NORTH GOA
14,14,1,8,0,5,2,15,170,285,88,31,14,33,6,0,5,5,5,0,81,293,1070,23,90,564,47,31,0.0214953271028037,2001,0.0160377358490566,2002,GOA,SOUTH GOA,GOA||SOUTH GOA
12,9,1,3,0,5,5,7,159,211,64,36,12,29,8,1,9,2,2,0,90,352,1060,17,78,449,41,36,0.0160377358490566,2002,0.0393873085339168,2003,GOA,SOUTH GOA,GOA||SOUTH GOA
12,17,3,9,0,6,0,9,77,191,53,13,28,36,4,1,8,3,15,0,77,307,914,36,69,334,64,13,0.0393873085339168,2003,0.0544444444444444,2004,GOA,SOUTH GOA,GOA||SOUTH GOA
17,3,2,24,0,10,1,7,114,205,41,15,27,25,2,0,7,7,11,0,95,256,900,49,79,369,52,15,0.0544444444444444,2004,0.0393120393120393,2005,GOA,SOUTH GOA,GOA||SOUTH GOA
23,5,1,9,0,10,1,13,93,205,84,13,20,28,5,2,15,2,4,0,86,210,814,32,75,400,48,13,0.0393120393120393,2005,0.0328358208955223,2006,GOA,SOUTH GOA,GOA||SOUTH GOA
15,9,0,13,0,7,4,7,101,206,90,36,13,27,29,0,10,4,6,0,109,336,1005,33,91,433,40,36,0.0328358208955223,2006,0.0344827586206896,2007,GOA,SOUTH GOA,GOA||SOUTH GOA
18,10,1,15,0,9,7,13,112,219,88,23,17,33,8,0,12,3,11,0,119,497,1189,41,96,440,50,23,0.0344827586206896,2007,0.0407023144453312,2008,GOA,SOUTH GOA,GOA||SOUTH GOA
23,11,3,15,0,17,1,15,152,241,110,59,17,48,21,2,17,10,7,0,96,398,1253,51,144,539,65,59,0.0407023144453312,2008,0.039039039039039,2009,GOA,SOUTH GOA,GOA||SOUTH GOA
90,58,60,39,0,143,18,192,695,3588,1740,191,140,205,2,7,54,27,530,0,0,6129,13496,657,791,6217,345,191,0.0486810906935388,2001,0.0348780993162511,2002,GUJARAT,AHMEDABAD COMMR.,GUJARAT||AHMEDABAD COMMR
222,143,0,12,0,153,219,206,643,4007,1950,626,128,245,13,6,36,18,433,0,0,5953,14479,505,1581,6819,373,626,0.0348780993162511,2002,0.0429656151614297,2003,GUJARAT,AHMEDABAD COMMR.,GUJARAT||AHMEDABAD COMMR
90,68,3,18,0,157,31,365,959,5377,2287,212,294,394,10,3,50,30,595,0,173,5987,16199,696,944,8998,688,212,0.0429656151614297,2003,0.0513302569361362,2004,GUJARAT,AHMEDABAD COMMR.,GUJARAT||AHMEDABAD COMMR
92,62,5,40,0,215,33,271,931,5711,2153,162,275,333,10,10,63,20,768,0,165,6782,17553,901,880,9076,608,162,0.0513302569361362,2004,0.0492901305243874,2005,GUJARAT,AHMEDABAD COMMR.,GUJARAT||AHMEDABAD COMMR
76,49,4,35,0,219,23,159,825,5359,2264,150,267,344,6,1,54,26,745,0,188,7565,17468,861,715,8613,611,150,0.0492901305243874,2005,0.0571785008836677,2006,GUJARAT,AHMEDABAD COMMR.,GUJARAT||AHMEDABAD COMMR
99,60,7,46,0,182,23,172,802,5388,2317,128,266,297,5,4,72,22,956,0,227,9098,19238,1100,717,8684,563,128,0.0571785008836677,2006,0.0796649335644136,2007,GUJARAT,AHMEDABAD COMMR.,GUJARAT||AHMEDABAD COMMR
100,44,2,37,0,213,13,417,677,4302,2316,133,188,204,0,4,104,13,1221,0,252,7953,17310,1379,959,7712,392,133,0.0796649335644136,2007,0.0715595340811044,2008,GUJARAT,AHMEDABAD COMMR.,GUJARAT||AHMEDABAD COMMR
85,60,0,44,0,172,14,538,778,5485,3239,168,223,200,1,1,78,19,1185,0,242,7900,18544,1327,1081,10041,423,168,0.0715595340811044,2008,0.0641223583904274,2009,GUJARAT,AHMEDABAD COMMR.,GUJARAT||AHMEDABAD COMMR
26,17,1,5,0,27,15,25,122,225,30,50,20,9,24,0,26,0,84,0,190,797,2146,115,166,426,29,50,0.0535880708294501,2001,0.0353535353535353,2002,GUJARAT,AHMEDABAD RURAL,GUJARAT||AHMEDABAD RURAL
63,24,0,7,0,13,8,16,98,235,55,66,38,15,72,7,17,1,66,0,183,1411,2772,98,197,476,53,66,0.0353535353535353,2002,0.0314632297194844,2003,GUJARAT,AHMEDABAD RURAL,GUJARAT||AHMEDABAD RURAL
38,11,1,3,0,18,15,21,97,249,70,54,50,22,8,1,18,0,61,0,216,1392,2638,83,161,445,72,54,0.0314632297194844,2003,0.0355492356914326,2004,GUJARAT,AHMEDABAD RURAL,GUJARAT||AHMEDABAD RURAL
26,7,0,12,0,32,9,28,96,252,44,36,37,13,11,1,22,0,65,0,220,1603,2813,100,150,431,50,36,0.0355492356914326,2004,0.0321367521367521,2005,GUJARAT,AHMEDABAD RURAL,GUJARAT||AHMEDABAD RURAL
28,7,2,7,0,29,9,29,94,242,59,48,38,9,5,0,15,0,72,0,279,1693,2925,94,159,429,47,48,0.0321367521367521,2005,0.0440397350993377,2006,GUJARAT,AHMEDABAD RURAL,GUJARAT||AHMEDABAD RURAL
47,4,1,10,0,28,9,28,82,273,55,39,40,14,15,0,31,0,92,0,292,1727,3020,133,166,453,54,39,0.0440397350993377,2006,0.0499251123315027,2007,GUJARAT,AHMEDABAD RURAL,GUJARAT||AHMEDABAD RURAL
30,16,1,6,0,48,7,38,133,434,98,61,45,9,17,0,22,0,172,0,339,2308,4006,200,207,720,54,61,0.0499251123315027,2007,0.0255581668625146,2008,GUJARAT,AHMEDABAD RURAL,GUJARAT||AHMEDABAD RURAL
36,20,0,3,0,36,14,37,114,354,124,61,45,9,9,1,16,0,67,0,321,2021,3404,87,207,638,54,61,0.0255581668625146,2008,0.048750385683431,2009,GUJARAT,AHMEDABAD RURAL,GUJARAT||AHMEDABAD RURAL
6,0,0,1,0,2,0,1,6,8,1,10,3,4,2,0,2,0,2,0,14,54,147,5,20,18,7,10,0.0340136054421768,2001,0.0647058823529411,2002,GUJARAT,AHWA-DANG,GUJARAT||AHWA DANG
6,1,0,4,0,1,1,1,4,12,1,6,3,0,4,0,0,0,7,0,19,67,170,11,20,22,3,6,0.0647058823529411,2002,0.048076923076923,2003,GUJARAT,AHWA-DANG,GUJARAT||AHWA DANG
6,1,0,0,0,0,1,2,2,5,0,4,2,0,1,0,2,0,3,0,10,43,104,5,14,10,2,4,0.048076923076923,2003,0.064516129032258,2004,GUJARAT,AHWA-DANG,GUJARAT||AHWA DANG
4,0,0,2,0,0,0,1,3,5,0,4,3,2,1,0,3,0,3,0,17,48,124,8,11,10,5,4,0.064516129032258,2004,0.1027397260273972,2005,GUJARAT,AHWA-DANG,GUJARAT||AHWA DANG
5,1,0,5,0,0,0,1,2,3,1,3,4,2,0,0,5,0,5,0,17,62,146,15,15,7,6,3,0.1027397260273972,2005,0.0714285714285714,2006,GUJARAT,AHWA-DANG,GUJARAT||AHWA DANG
7,1,0,3,0,0,2,1,2,16,0,11,0,1,2,0,6,0,11,0,16,179,280,20,25,21,1,11,0.0714285714285714,2006,0.0582191780821917,2007,GUJARAT,AHWA-DANG,GUJARAT||AHWA DANG
8,2,0,5,0,0,0,2,6,11,3,5,2,1,1,0,5,0,7,0,31,188,292,17,22,23,3,5,0.0582191780821917,2007,0.0692640692640692,2008,GUJARAT,AHWA-DANG,GUJARAT||AHWA DANG
7,2,0,3,0,2,0,0,2,13,4,2,2,2,0,0,2,0,11,0,13,143,231,16,16,19,4,2,0.0692640692640692,2008,0.0588235294117647,2009,GUJARAT,AHWA-DANG,GUJARAT||AHWA DANG
41,11,0,2,0,39,4,25,127,199,33,52,15,21,17,2,21,0,94,0,73,1080,2191,119,174,401,36,52,0.0543130990415335,2001,0.0637493246893571,2002,GUJARAT,AMRELI,GUJARAT||AMRELI
21,17,1,4,0,27,0,20,66,158,35,37,18,6,14,0,18,1,95,0,77,1030,1851,118,127,293,24,37,0.0637493246893571,2002,0.0664948453608247,2003,GUJARAT,AMRELI,GUJARAT||AMRELI
19,11,0,6,0,28,0,26,88,164,50,27,30,16,8,0,24,1,98,0,80,967,1940,129,117,336,46,27,0.0664948453608247,2003,0.0674107142857142,2004,GUJARAT,AMRELI,GUJARAT||AMRELI
28,14,1,5,0,26,4,11,118,158,43,38,15,29,18,1,26,3,116,0,81,1174,2240,151,127,348,44,38,0.0674107142857142,2004,0.0444382336500838,2005,GUJARAT,AMRELI,GUJARAT||AMRELI
24,14,1,11,0,49,3,18,127,186,49,28,31,10,15,2,18,1,127,0,97,2514,3578,159,148,395,41,28,0.0444382336500838,2005,0.0616776315789473,2006,GUJARAT,AMRELI,GUJARAT||AMRELI
20,11,3,15,0,31,2,14,109,169,39,30,17,17,7,3,20,0,112,0,96,1434,2432,150,126,338,34,30,0.0616776315789473,2006,0.0818890814558059,2007,GUJARAT,AMRELI,GUJARAT||AMRELI
30,13,0,7,0,49,3,11,98,172,61,62,34,6,6,0,20,0,162,0,104,1225,2308,189,175,348,40,62,0.0818890814558059,2007,0.0710999581764951,2008,GUJARAT,AMRELI,GUJARAT||AMRELI
22,6,1,8,0,60,0,6,127,218,69,34,50,8,10,0,31,3,128,0,133,1234,2391,170,137,430,58,34,0.0710999581764951,2008,0.0741239892183288,2009,GUJARAT,AMRELI,GUJARAT||AMRELI
28,16,0,3,0,30,10,14,195,427,87,63,113,76,22,0,27,3,210,0,150,1896,3879,243,164,745,189,63,0.062645011600928,2001,0.055713915522156,2002,GUJARAT,ANAND,GUJARAT||ANAND
48,31,1,8,0,38,10,14,151,359,109,184,105,49,57,0,22,2,183,0,200,1829,3859,215,334,690,154,184,0.055713915522156,2002,0.046127562642369,2003,GUJARAT,ANAND,GUJARAT||ANAND
28,21,2,5,0,36,10,19,170,432,129,40,60,65,13,0,24,3,130,0,194,1732,3512,162,161,763,125,40,0.046127562642369,2003,0.0481965174129353,2004,GUJARAT,ANAND,GUJARAT||ANAND
21,12,2,12,0,41,13,16,148,361,134,23,71,20,16,0,24,3,116,0,184,1710,3216,155,140,675,91,23,0.0481965174129353,2004,0.0438739031524211,2005,GUJARAT,ANAND,GUJARAT||ANAND
20,7,1,7,0,24,8,17,119,320,146,20,68,19,9,1,28,2,97,0,182,1787,3077,135,104,611,87,20,0.0438739031524211,2005,0.0622338683262364,2006,GUJARAT,ANAND,GUJARAT||ANAND
26,6,1,14,0,33,7,11,114,367,148,13,62,12,14,0,30,5,141,0,203,1693,3053,190,111,654,74,13,0.0622338683262364,2006,0.0520540954325082,2007,GUJARAT,ANAND,GUJARAT||ANAND
26,7,3,10,0,59,9,21,161,589,241,33,77,12,15,0,22,2,170,0,244,2061,3919,204,168,1027,89,33,0.0520540954325082,2007,0.0548234053769109,2008,GUJARAT,ANAND,GUJARAT||ANAND
40,10,2,11,0,51,12,16,121,508,172,39,64,10,14,0,25,2,170,0,224,2126,3794,208,181,831,74,39,0.0548234053769109,2008,0.0798842257597684,2009,GUJARAT,ANAND,GUJARAT||ANAND
37,14,0,4,0,39,13,17,150,388,93,44,70,71,22,0,19,0,56,0,180,1542,3052,79,168,670,141,44,0.0258846657929226,2001,0.0275437459494491,2002,GUJARAT,BHARUCH,GUJARAT||BHARUCH
47,25,0,7,0,24,33,23,144,298,78,110,56,30,65,0,26,0,52,0,211,1513,3086,85,269,608,86,110,0.0275437459494491,2002,0.0336555674901539,2003,GUJARAT,BHARUCH,GUJARAT||BHARUCH
43,9,0,5,0,28,11,31,120,470,178,27,101,37,26,0,19,1,69,0,184,1246,2793,94,154,825,138,27,0.0336555674901539,2003,0.0400436840189297,2004,GUJARAT,BHARUCH,GUJARAT||BHARUCH
38,7,1,14,0,21,4,14,144,370,144,42,90,17,29,0,27,4,65,0,165,1306,2747,110,141,701,107,42,0.0400436840189297,2004,0.0279017857142857,2005,GUJARAT,BHARUCH,GUJARAT||BHARUCH
35,10,1,8,0,23,8,14,139,323,123,29,56,9,12,0,16,5,46,0,211,1398,2688,75,128,611,65,29,0.0279017857142857,2005,0.0309396485867074,2006,GUJARAT,BHARUCH,GUJARAT||BHARUCH
37,9,1,7,0,7,10,8,121,312,107,18,49,13,15,0,8,0,66,0,210,1452,2618,81,97,563,62,18,0.0309396485867074,2006,0.0386130811662726,2007,GUJARAT,BHARUCH,GUJARAT||BHARUCH
38,10,0,8,0,15,6,11,112,277,118,29,43,7,8,0,18,4,68,0,284,1373,2538,98,117,526,50,29,0.0386130811662726,2007,0.0461788617886178,2008,GUJARAT,BHARUCH,GUJARAT||BHARUCH
36,15,1,13,0,34,13,22,157,371,121,51,76,14,41,0,13,2,114,0,280,1600,3075,142,185,712,90,51,0.0461788617886178,2008,0.0490103675777568,2009,GUJARAT,BHARUCH,GUJARAT||BHARUCH
64,28,0,9,0,60,5,48,203,561,190,113,154,103,25,2,36,7,129,0,0,3438,5088,183,327,1027,257,113,0.0359669811320754,2001,0.0392537893509521,2002,GUJARAT,BHAVNAGAR,GUJARAT||BHAVNAGAR
59,43,1,9,0,51,9,46,277,500,200,402,135,70,76,4,57,7,125,0,10,3123,5146,202,620,1099,205,402,0.0392537893509521,2002,0.0382139148494288,2003,GUJARAT,BHAVNAGAR,GUJARAT||BHAVNAGAR
57,36,0,5,0,70,15,39,304,611,245,116,118,95,35,6,36,11,126,0,10,2991,4815,184,338,1234,213,116,0.0382139148494288,2003,0.0513012544467328,2004,GUJARAT,BHAVNAGAR,GUJARAT||BHAVNAGAR
53,21,0,22,0,71,20,87,319,718,219,141,99,112,32,0,41,74,137,0,6,3261,5341,274,415,1375,211,141,0.0513012544467328,2004,0.0454785130503559,2005,GUJARAT,BHAVNAGAR,GUJARAT||BHAVNAGAR
66,31,0,14,0,85,30,164,398,1116,345,190,91,155,41,3,79,33,216,0,3,4732,7586,345,580,2064,246,190,0.0454785130503559,2005,0.056757715501951,2006,GUJARAT,BHAVNAGAR,GUJARAT||BHAVNAGAR
59,40,1,26,0,128,47,170,457,1347,331,155,101,188,30,7,101,61,285,0,7,5125,8457,480,626,2335,289,155,0.056757715501951,2006,0.0707788986274185,2007,GUJARAT,BHAVNAGAR,GUJARAT||BHAVNAGAR
43,37,0,18,0,104,12,76,338,879,258,156,61,61,30,1,94,35,280,0,6,3671,6047,428,446,1581,122,156,0.0707788986274185,2007,0.0556503926254694,2008,GUJARAT,BHAVNAGAR,GUJARAT||BHAVNAGAR
35,33,3,9,0,90,11,52,224,857,328,134,40,73,13,0,69,51,197,0,0,3824,5858,326,367,1474,113,134,0.0556503926254694,2008,0.0540013012361743,2009,GUJARAT,BHAVNAGAR,GUJARAT||BHAVNAGAR
36,8,0,5,0,15,22,44,76,120,41,49,26,0,31,0,17,0,11,0,0,863,1717,33,179,312,26,49,0.0192195690157251,2001,0.0292598967297762,2002,GUJARAT,DAHOD,GUJARAT||DAHOD
64,14,2,14,0,9,76,64,61,120,36,67,17,6,52,0,19,0,18,0,0,743,1743,51,310,333,23,67,0.0292598967297762,2002,0.0240728692257644,2003,GUJARAT,DAHOD,GUJARAT||DAHOD
43,7,0,0,0,19,26,69,88,122,49,37,18,2,39,0,22,0,15,0,0,746,1537,37,201,367,20,37,0.0240728692257644,2003,0.031267765776009,2004,GUJARAT,DAHOD,GUJARAT||DAHOD
44,10,1,9,0,28,38,56,115,144,64,45,14,1,21,0,26,0,20,0,0,828,1759,55,231,400,15,45,0.031267765776009,2004,0.0426789231779382,2005,GUJARAT,DAHOD,GUJARAT||DAHOD
48,13,1,9,0,29,20,26,77,128,72,54,10,3,14,0,28,0,28,0,0,750,1523,65,200,317,13,54,0.0426789231779382,2005,0.0289855072463768,2006,GUJARAT,DAHOD,GUJARAT||DAHOD
30,18,0,0,0,21,15,23,50,82,37,27,6,8,14,0,11,0,39,0,0,1191,1725,50,134,206,14,27,0.0289855072463768,2006,0.0522648083623693,2007,GUJARAT,DAHOD,GUJARAT||DAHOD
40,14,1,8,0,35,26,56,53,176,77,66,2,4,18,0,25,1,56,0,0,836,1722,90,246,380,6,66,0.0522648083623693,2007,0.060287610619469,2008,GUJARAT,DAHOD,GUJARAT||DAHOD
44,21,3,13,0,43,33,55,98,167,89,61,8,4,31,0,33,0,63,0,0,782,1808,109,273,440,12,61,0.060287610619469,2008,0.0562028786840301,2009,GUJARAT,DAHOD,GUJARAT||DAHOD
25,11,0,4,0,15,14,22,182,585,167,64,37,38,5,3,37,7,116,0,3,1879,3478,167,155,961,75,64,0.0480161012075905,2001,0.046680812367384,2002,GUJARAT,GANDHINAGAR,GUJARAT||GANDHINAGAR
31,7,0,7,0,21,5,37,114,522,189,108,18,28,22,1,15,5,126,0,169,1669,3299,154,216,884,46,108,0.046680812367384,2002,0.0420118343195266,2003,GUJARAT,GANDHINAGAR,GUJARAT||GANDHINAGAR
23,12,0,0,0,34,5,64,157,617,231,66,27,32,13,2,25,2,113,0,184,1665,3380,142,204,1082,59,66,0.0420118343195266,2003,0.0431785195936139,2004,GUJARAT,GANDHINAGAR,GUJARAT||GANDHINAGAR
25,14,0,8,0,15,2,31,134,416,186,32,11,50,7,2,16,3,90,0,176,1438,2756,119,127,774,61,32,0.0431785195936139,2004,0.0476190476190476,2005,GUJARAT,GANDHINAGAR,GUJARAT||GANDHINAGAR
20,6,0,9,0,29,5,23,124,395,152,19,12,37,16,4,8,4,101,0,151,1437,2646,126,111,710,49,19,0.0476190476190476,2005,0.054910242872228,2006,GUJARAT,GANDHINAGAR,GUJARAT||GANDHINAGAR
23,13,0,14,0,24,6,17,102,403,129,39,5,36,6,0,17,6,119,0,187,1580,2841,156,136,657,41,39,0.054910242872228,2006,0.068013468013468,2007,GUJARAT,GANDHINAGAR,GUJARAT||GANDHINAGAR
19,12,0,12,0,24,5,21,129,434,191,39,6,46,3,1,17,2,170,0,195,1606,2970,202,132,778,52,39,0.068013468013468,2007,0.048044925124792,2008,GUJARAT,GANDHINAGAR,GUJARAT||GANDHINAGAR
32,12,0,8,0,44,6,34,150,606,250,42,19,40,6,3,18,2,200,0,211,3095,4808,231,178,1046,59,42,0.048044925124792,2008,0.0396728016359918,2009,GUJARAT,GANDHINAGAR,GUJARAT||GANDHINAGAR
55,9,3,17,0,31,23,29,204,191,50,65,58,52,25,4,51,0,165,0,203,2470,4013,237,232,499,110,65,0.0590580613007724,2001,0.0467396260829913,2002,GUJARAT,HIMATNAGAR,GUJARAT||HIMATNAGAR
71,23,0,11,0,40,81,28,259,238,77,85,48,46,309,1,55,0,138,0,168,2385,4386,205,339,911,94,85,0.0467396260829913,2002,0.0516499282639885,2003,GUJARAT,HIMATNAGAR,GUJARAT||HIMATNAGAR
42,12,1,6,0,44,14,30,200,331,79,58,64,70,23,2,47,1,160,0,191,2531,4182,216,207,663,134,58,0.0516499282639885,2003,0.0678509745867258,2004,GUJARAT,HIMATNAGAR,GUJARAT||HIMATNAGAR
35,20,0,10,0,47,15,25,200,194,40,56,111,57,19,0,61,0,204,0,217,2395,4053,275,208,478,168,56,0.0678509745867258,2004,0.0458904109589041,2005,GUJARAT,HIMATNAGAR,GUJARAT||HIMATNAGAR
26,12,2,12,0,32,15,20,145,222,70,60,47,25,16,0,42,0,147,0,237,2943,4380,201,179,473,72,60,0.0458904109589041,2005,0.0286590038314176,2006,GUJARAT,HIMATNAGAR,GUJARAT||HIMATNAGAR
35,4,2,11,0,32,6,13,115,211,53,41,29,26,12,0,25,0,151,0,236,5336,6525,187,144,404,55,41,0.0286590038314176,2006,0.0389008442310875,2007,GUJARAT,HIMATNAGAR,GUJARAT||HIMATNAGAR
46,12,1,5,0,35,6,9,132,234,71,46,51,20,7,0,33,0,197,0,271,4667,6041,235,160,453,71,46,0.0389008442310875,2007,0.0521792510742787,2008,GUJARAT,HIMATNAGAR,GUJARAT||HIMATNAGAR
38,13,1,16,0,37,11,19,83,206,71,64,31,33,17,0,22,0,217,0,266,3592,4887,255,199,396,64,64,0.0521792510742787,2008,0.0731054977711738,2009,GUJARAT,HIMATNAGAR,GUJARAT||HIMATNAGAR
48,27,2,20,0,27,2,20,204,530,172,34,46,25,13,2,18,2,163,0,0,2254,3857,205,180,939,71,34,0.0531501166709878,2001,0.0641276953234388,2002,GUJARAT,JAMNAGAR,GUJARAT||JAMNAGAR
39,24,0,25,0,36,1,24,217,500,200,41,28,22,13,5,19,4,176,0,0,1961,3571,229,190,954,50,41,0.0641276953234388,2002,0.055813953488372,2003,GUJARAT,JAMNAGAR,GUJARAT||JAMNAGAR
34,19,1,10,0,27,2,19,232,388,129,40,33,34,29,0,20,0,150,0,0,1830,3225,180,152,797,67,40,0.055813953488372,2003,0.0550869794412229,2004,GUJARAT,JAMNAGAR,GUJARAT||JAMNAGAR
42,13,3,8,0,32,4,24,176,372,144,41,35,30,14,0,26,4,171,0,3,2343,3794,209,167,730,65,41,0.0550869794412229,2004,0.0566718186501803,2005,GUJARAT,JAMNAGAR,GUJARAT||JAMNAGAR
41,19,1,14,0,20,1,14,152,402,140,45,48,26,11,0,15,3,188,0,4,2496,3882,220,155,719,74,45,0.0566718186501803,2005,0.0625160133230848,2006,GUJARAT,JAMNAGAR,GUJARAT||JAMNAGAR
29,11,0,13,0,21,5,22,180,361,152,37,22,23,11,0,14,11,206,0,4,2542,3903,244,138,726,45,37,0.0625160133230848,2006,0.0394095729435368,2007,GUJARAT,JAMNAGAR,GUJARAT||JAMNAGAR
41,34,2,11,0,22,5,23,182,404,167,64,37,23,27,0,15,4,245,0,3,5457,6978,275,202,803,60,64,0.0394095729435368,2007,0.0508252063015753,2008,GUJARAT,JAMNAGAR,GUJARAT||JAMNAGAR
34,12,3,17,0,30,14,22,150,410,162,79,22,27,15,0,14,1,239,0,7,3810,5332,271,211,759,49,79,0.0508252063015753,2008,0.0596506178099701,2009,GUJARAT,JAMNAGAR,GUJARAT||JAMNAGAR
56,37,0,14,0,46,4,52,252,547,131,88,97,122,14,11,44,8,384,0,162,2706,5186,461,297,996,219,88,0.088893173929811,2001,0.0865461847389558,2002,GUJARAT,JUNAGADH,GUJARAT||JUNAGADH
55,22,0,10,0,50,9,43,228,531,145,112,85,109,58,2,38,13,368,0,168,2542,4980,431,301,1005,194,112,0.0865461847389558,2002,0.0784354304635761,2003,GUJARAT,JUNAGADH,GUJARAT||JUNAGADH
52,20,0,13,0,47,14,37,243,628,174,95,64,104,39,6,40,8,312,0,158,2489,4832,379,278,1121,168,95,0.0784354304635761,2003,0.0940386230058774,2004,GUJARAT,JUNAGADH,GUJARAT||JUNAGADH
40,31,0,9,0,57,12,44,259,476,179,88,71,63,26,13,49,9,368,0,203,2420,4764,448,281,984,134,88,0.0940386230058774,2004,0.0867611475976495,2005,GUJARAT,JUNAGADH,GUJARAT||JUNAGADH
33,27,0,13,0,38,6,43,225,469,182,67,68,37,17,5,54,9,421,0,210,3522,5786,502,227,936,105,67,0.0867611475976495,2005,0.0995088618407004,2006,GUJARAT,JUNAGADH,GUJARAT||JUNAGADH
54,19,0,6,0,52,15,34,185,470,143,80,60,33,12,3,38,4,415,0,199,2496,4683,466,260,844,93,80,0.0995088618407004,2006,0.0999177631578947,2007,GUJARAT,JUNAGADH,GUJARAT||JUNAGADH
46,15,0,13,0,56,5,43,175,545,186,64,52,24,21,1,42,11,419,0,206,2587,4864,486,242,970,76,64,0.0999177631578947,2007,0.1007942511346444,2008,GUJARAT,JUNAGADH,GUJARAT||JUNAGADH
33,20,0,5,0,48,13,49,221,719,268,79,84,46,25,3,66,3,456,0,186,2762,5288,533,247,1282,130,79,0.1007942511346444,2008,0.0988951276942582,2009,GUJARAT,JUNAGADH,GUJARAT||JUNAGADH
42,5,0,11,0,30,9,19,159,358,72,63,54,63,21,0,43,0,122,0,184,2195,3851,176,179,629,117,63,0.0457024149571539,2001,0.0398138572905894,2002,GUJARAT,KHEDA NORTH,GUJARAT||KHEDA NORTH
56,18,1,9,0,29,23,20,131,352,91,172,41,54,66,0,41,0,104,0,171,2101,3868,154,328,660,95,172,0.0398138572905894,2002,0.0449407223600772,2003,GUJARAT,KHEDA NORTH,GUJARAT||KHEDA NORTH
46,13,2,11,0,49,11,18,149,366,80,42,85,72,16,0,27,0,125,0,203,1943,3627,163,192,629,157,42,0.0449407223600772,2003,0.047762832830085,2004,GUJARAT,KHEDA NORTH,GUJARAT||KHEDA NORTH
53,9,3,8,0,24,9,23,124,394,123,45,50,58,10,0,27,0,139,0,196,2092,3643,174,174,674,108,45,0.047762832830085,2004,0.0520390292719539,2005,GUJARAT,KHEDA NORTH,GUJARAT||KHEDA NORTH
30,8,1,14,0,30,7,18,114,336,96,42,33,19,8,0,39,0,155,0,216,2596,3997,208,150,572,52,42,0.0520390292719539,2005,0.0534065934065934,2006,GUJARAT,KHEDA NORTH,GUJARAT||KHEDA NORTH
37,9,0,17,0,36,12,9,148,333,86,47,34,45,12,0,22,0,204,0,226,3039,4550,243,167,588,79,47,0.0534065934065934,2006,0.0384691260603669,2007,GUJARAT,KHEDA NORTH,GUJARAT||KHEDA NORTH
43,7,1,10,0,35,6,8,138,393,88,49,39,33,17,0,31,0,154,0,260,3449,5069,195,159,644,72,49,0.0384691260603669,2007,0.0507122507122507,2008,GUJARAT,KHEDA NORTH,GUJARAT||KHEDA NORTH
36,11,0,8,0,41,5,13,114,393,81,39,25,35,23,0,40,0,219,0,247,3624,5265,267,153,624,60,39,0.0507122507122507,2008,0.0345489443378119,2009,GUJARAT,KHEDA NORTH,GUJARAT||KHEDA NORTH
34,29,18,2,0,24,8,11,133,307,107,55,19,40,11,2,25,1,176,0,229,1763,3355,206,181,569,59,55,0.0614008941877794,2001,0.0578787039601218,2002,GUJARAT,KUTCH,GUJARAT||KUTCH
35,22,4,3,0,40,10,26,217,263,86,71,16,54,20,2,29,1,174,0,237,1945,3611,209,211,612,70,71,0.0578787039601218,2002,0.0617359413202934,2003,GUJARAT,KUTCH,GUJARAT||KUTCH
30,22,2,7,0,25,12,29,240,285,100,57,18,47,16,0,26,4,165,0,196,1661,3272,202,184,670,65,57,0.0617359413202934,2003,0.0706432105552501,2004,GUJARAT,KUTCH,GUJARAT||KUTCH
28,20,0,13,0,37,11,31,294,360,138,48,37,64,11,1,26,0,217,0,234,1798,3638,257,188,834,101,48,0.0706432105552501,2004,0.0658222121691924,2005,GUJARAT,KUTCH,GUJARAT||KUTCH
35,23,0,9,0,45,9,33,233,411,176,61,34,72,9,4,42,2,234,0,260,2466,4421,291,215,862,106,61,0.0658222121691924,2005,0.0669219244215082,2006,GUJARAT,KUTCH,GUJARAT||KUTCH
39,23,0,19,0,52,18,55,315,532,193,63,56,48,18,3,37,0,343,0,271,3707,6007,402,269,1113,104,63,0.0669219244215082,2006,0.0556618209640397,2007,GUJARAT,KUTCH,GUJARAT||KUTCH
49,22,1,10,0,36,13,34,316,578,210,60,28,44,8,2,20,4,255,0,310,3029,5228,291,225,1146,72,60,0.0556618209640397,2007,0.0775146731430884,2008,GUJARAT,KUTCH,GUJARAT||KUTCH
40,8,1,16,0,44,4,34,297,656,254,73,35,52,14,1,26,6,334,0,295,2579,4941,383,220,1255,87,73,0.0775146731430884,2008,0.0707986898463089,2009,GUJARAT,KUTCH,GUJARAT||KUTCH
28,17,0,4,0,58,23,45,195,557,87,98,47,90,15,5,47,1,188,0,152,2394,5175,245,273,899,137,98,0.0473429951690821,2001,0.0443359375,2002,GUJARAT,MEHSANA,GUJARAT||MEHSANA
49,43,0,13,0,41,49,52,246,611,121,194,37,61,88,0,40,4,170,0,156,2120,5120,227,441,1118,98,194,0.0443359375,2002,0.0519941532679056,2003,GUJARAT,MEHSANA,GUJARAT||MEHSANA
37,31,0,7,0,57,13,53,251,699,147,93,53,91,16,0,34,1,207,0,122,1848,4789,249,291,1166,144,93,0.0519941532679056,2003,0.0474829632886348,2004,GUJARAT,MEHSANA,GUJARAT||MEHSANA
40,26,1,4,0,54,16,47,231,621,127,99,33,103,9,2,25,0,185,0,154,1841,4549,216,287,1035,136,99,0.0474829632886348,2004,0.05279632721202,2005,GUJARAT,MEHSANA,GUJARAT||MEHSANA
30,21,1,6,0,55,19,55,258,599,104,71,48,70,10,1,25,0,221,0,151,2648,4792,253,258,1026,118,71,0.05279632721202,2005,0.0550656055065605,2006,GUJARAT,MEHSANA,GUJARAT||MEHSANA
24,22,0,6,0,41,14,52,274,617,115,76,36,70,12,3,28,0,219,0,149,2511,4649,256,235,1070,106,76,0.0550656055065605,2006,0.0623476848090982,2007,GUJARAT,MEHSANA,GUJARAT||MEHSANA
31,24,1,6,0,50,10,27,245,699,189,93,28,39,13,2,23,0,276,0,165,2582,4924,307,242,1173,67,93,0.0623476848090982,2007,0.0721112076455256,2008,GUJARAT,MEHSANA,GUJARAT||MEHSANA
29,18,1,9,0,54,10,33,211,652,215,84,49,34,9,0,33,1,289,0,185,2059,4604,332,238,1120,83,84,0.0721112076455256,2008,0.0402397260273972,2009,GUJARAT,MEHSANA,GUJARAT||MEHSANA
16,3,0,8,0,9,1,0,14,46,9,9,3,15,11,0,7,1,9,0,42,246,536,25,46,80,18,9,0.0466417910447761,2001,0.0373563218390804,2002,GUJARAT,NARMADA,GUJARAT||NARMADA
16,4,0,7,0,5,12,1,27,36,5,34,4,18,25,0,6,4,9,0,41,302,696,26,79,94,22,34,0.0373563218390804,2002,0.0314465408805031,2003,GUJARAT,NARMADA,GUJARAT||NARMADA
13,1,0,4,0,3,4,0,21,32,3,9,15,3,4,0,4,0,7,0,35,239,477,15,34,60,18,9,0.0314465408805031,2003,0.0305084745762711,2004,GUJARAT,NARMADA,GUJARAT||NARMADA
15,3,0,6,0,8,0,6,20,29,6,10,8,6,6,0,2,0,10,0,48,305,590,18,48,67,14,10,0.0305084745762711,2004,0.0114394661582459,2005,GUJARAT,NARMADA,GUJARAT||NARMADA
15,2,0,6,0,1,4,2,26,30,4,19,5,1,3,0,2,0,4,0,36,801,1049,12,49,65,6,19,0.0114394661582459,2005,0.0279937791601866,2006,GUJARAT,NARMADA,GUJARAT||NARMADA
11,8,0,2,0,6,2,1,25,30,10,10,4,3,4,0,6,0,10,0,47,373,643,18,40,70,7,10,0.0279937791601866,2006,0.0328467153284671,2007,GUJARAT,NARMADA,GUJARAT||NARMADA
15,2,0,6,0,4,0,1,11,31,7,5,6,3,7,0,8,0,13,0,42,553,822,27,33,57,9,5,0.0328467153284671,2007,0.0345679012345679,2008,GUJARAT,NARMADA,GUJARAT||NARMADA
11,3,5,7,0,7,0,1,18,38,13,7,2,3,4,0,8,1,12,0,63,500,810,28,41,74,5,7,0.0345679012345679,2008,0.0291390728476821,2009,GUJARAT,NARMADA,GUJARAT||NARMADA
26,6,0,2,0,6,7,13,98,120,37,22,43,19,6,0,6,0,17,0,0,867,1404,25,82,274,62,22,0.0178062678062678,2001,0.0221565731166912,2002,GUJARAT,NAVSARI,GUJARAT||NAVSARI
26,4,0,5,0,11,3,14,108,134,74,19,22,10,14,0,2,0,23,0,0,825,1354,30,82,344,32,19,0.0221565731166912,2002,0.0164051355206847,2003,GUJARAT,NAVSARI,GUJARAT||NAVSARI
26,7,0,2,0,10,4,7,86,138,57,16,50,24,1,0,6,0,15,0,0,899,1402,23,72,289,74,16,0.0164051355206847,2003,0.0250208507089241,2004,GUJARAT,NAVSARI,GUJARAT||NAVSARI
26,2,0,5,0,7,3,8,77,147,64,9,31,14,3,1,5,0,19,0,0,725,1199,30,60,299,45,9,0.0250208507089241,2004,0.0337078651685393,2005,GUJARAT,NAVSARI,GUJARAT||NAVSARI
14,3,0,6,0,6,4,7,52,95,52,5,19,12,1,2,3,0,31,0,0,892,1246,42,45,207,31,5,0.0337078651685393,2005,0.0373831775700934,2006,GUJARAT,NAVSARI,GUJARAT||NAVSARI
16,6,0,2,0,8,2,5,76,106,50,17,32,12,2,0,4,0,38,0,0,780,1177,44,56,239,44,17,0.0373831775700934,2006,0.028169014084507,2007,GUJARAT,NAVSARI,GUJARAT||NAVSARI
26,5,0,2,0,14,9,6,45,100,51,10,13,4,1,0,3,0,23,0,0,682,994,28,72,203,17,10,0.028169014084507,2007,0.0090452261306532,2008,GUJARAT,NAVSARI,GUJARAT||NAVSARI
25,3,1,2,0,9,0,5,26,84,46,10,14,5,3,0,1,1,5,0,0,762,995,9,55,164,19,10,0.0090452261306532,2008,0.0413793103448275,2009,GUJARAT,NAVSARI,GUJARAT||NAVSARI
52,45,0,18,0,41,13,47,212,420,64,94,54,55,21,2,50,2,152,0,133,1102,3887,224,310,764,109,94,0.0576279907383586,2001,0.05260347129506,2002,GUJARAT,PALANPUR,GUJARAT||PALANPUR
38,31,0,16,0,47,6,53,220,293,61,89,36,26,71,0,58,1,122,0,123,1136,3745,197,280,698,62,89,0.05260347129506,2002,0.0535902851108764,2003,GUJARAT,PALANPUR,GUJARAT||PALANPUR
38,20,1,20,0,42,6,44,234,331,59,77,39,98,18,0,47,1,135,0,125,1229,3788,203,248,686,137,77,0.0535902851108764,2003,0.0530474040632054,2004,GUJARAT,PALANPUR,GUJARAT||PALANPUR
38,21,0,21,0,37,12,26,199,328,84,78,27,46,16,0,33,1,133,0,180,1262,3544,188,233,653,73,78,0.0530474040632054,2004,0.0304291287386215,2005,GUJARAT,PALANPUR,GUJARAT||PALANPUR
40,24,1,11,0,23,11,20,192,306,65,34,12,39,14,1,26,0,79,0,184,1834,3845,117,164,597,51,34,0.0304291287386215,2005,0.050617776006377,2006,GUJARAT,PALANPUR,GUJARAT||PALANPUR
42,18,0,22,0,37,7,21,150,419,39,54,28,15,11,1,43,0,188,0,180,2486,5018,254,201,640,43,54,0.050617776006377,2006,0.0713540580012518,2007,GUJARAT,PALANPUR,GUJARAT||PALANPUR
45,30,0,19,0,55,4,31,186,456,101,81,30,23,22,2,65,0,256,0,156,2140,4793,342,265,796,53,81,0.0713540580012518,2007,0.0664718772826881,2008,GUJARAT,PALANPUR,GUJARAT||PALANPUR
42,16,1,37,0,43,9,31,206,413,137,67,18,35,23,1,34,0,201,0,174,1641,4107,273,246,810,53,67,0.0664718772826881,2008,0.0691329479768786,2009,GUJARAT,PALANPUR,GUJARAT||PALANPUR
56,13,0,5,0,46,21,19,147,313,65,50,53,34,57,0,1,23,43,0,0,1122,2535,72,210,601,87,50,0.0284023668639053,2001,0.015728476821192,2002,GUJARAT,PANCHMAHAL,GUJARAT||PANCHMAHAL
83,18,0,4,0,22,76,14,190,290,70,118,39,21,62,0,11,1,22,0,0,961,2416,38,335,626,60,118,0.015728476821192,2002,0.0552007299270073,2003,GUJARAT,PANCHMAHAL,GUJARAT||PANCHMAHAL
45,8,1,11,0,31,35,25,109,337,76,51,38,24,37,0,34,2,74,0,0,984,2192,121,207,584,62,51,0.0552007299270073,2003,0.0490026019080659,2004,GUJARAT,PANCHMAHAL,GUJARAT||PANCHMAHAL
51,13,0,7,0,28,32,22,156,368,117,34,63,10,33,0,33,3,70,0,0,1053,2306,113,187,696,73,34,0.0490026019080659,2004,0.0543111383860079,2005,GUJARAT,PANCHMAHAL,GUJARAT||PANCHMAHAL
50,6,0,12,0,32,5,23,135,251,92,28,39,14,16,1,75,3,86,0,0,2272,3259,177,156,517,53,28,0.0543111383860079,2005,0.0382928968137971,2006,GUJARAT,PANCHMAHAL,GUJARAT||PANCHMAHAL
62,13,0,6,0,44,5,19,115,205,81,37,27,24,20,0,24,0,101,0,0,2417,3421,131,186,440,51,37,0.0382928968137971,2006,0.047100462836918,2007,GUJARAT,PANCHMAHAL,GUJARAT||PANCHMAHAL
55,15,0,16,0,44,22,20,98,216,77,29,37,25,15,0,33,0,124,0,0,2661,3673,173,201,426,62,29,0.047100462836918,2007,0.0562744507974721,2008,GUJARAT,PANCHMAHAL,GUJARAT||PANCHMAHAL
40,13,1,8,0,55,3,13,99,208,84,29,34,25,27,0,29,2,148,0,0,2286,3323,187,162,431,59,29,0.0562744507974721,2008,0.0554913294797687,2009,GUJARAT,PANCHMAHAL,GUJARAT||PANCHMAHAL
24,18,0,3,0,21,8,19,76,220,26,78,52,29,12,0,23,0,78,0,81,1283,2447,104,171,353,81,78,0.0425010216591745,2001,0.0485558811218082,2002,GUJARAT,PATAN,GUJARAT||PATAN
24,13,0,3,0,29,9,23,88,215,38,95,26,44,22,0,25,0,88,0,90,1185,2389,116,196,386,70,95,0.0485558811218082,2002,0.0572761985574883,2003,GUJARAT,PATAN,GUJARAT||PATAN
17,11,1,2,0,15,3,9,99,232,37,64,50,38,9,0,21,0,112,0,70,1237,2357,135,122,386,88,64,0.0572761985574883,2003,0.0585544373284538,2004,GUJARAT,PATAN,GUJARAT||PATAN
19,16,0,6,0,29,0,9,79,233,29,44,25,43,3,0,19,0,103,0,76,1128,2186,128,123,353,68,44,0.0585544373284538,2004,0.0532879818594104,2005,GUJARAT,PATAN,GUJARAT||PATAN
24,13,1,6,0,22,6,13,84,303,50,38,27,5,23,0,24,0,111,0,95,1536,2646,141,123,473,32,38,0.0532879818594104,2005,0.0679357969391564,2006,GUJARAT,PATAN,GUJARAT||PATAN
14,9,1,10,0,13,9,6,103,394,52,54,23,16,6,0,25,0,147,0,84,1453,2679,182,116,561,39,54,0.0679357969391564,2006,0.0729657027572293,2007,GUJARAT,PATAN,GUJARAT||PATAN
18,14,1,6,0,43,4,16,107,434,82,59,24,23,14,0,33,0,178,0,126,1456,2974,217,161,653,47,59,0.0729657027572293,2007,0.0695386702849389,2008,GUJARAT,PATAN,GUJARAT||PATAN
14,15,0,19,0,29,4,18,102,371,71,54,17,20,5,0,29,0,157,0,118,1620,2948,205,153,567,37,54,0.0695386702849389,2008,0.0772230889235569,2009,GUJARAT,PATAN,GUJARAT||PATAN
15,9,0,6,0,5,0,3,44,116,37,8,38,15,5,0,10,0,64,0,37,704,1215,80,46,205,53,8,0.0658436213991769,2001,0.0626545754328112,2002,GUJARAT,PORBANDAR,GUJARAT||PORBANDAR
7,7,2,4,0,9,0,5,39,75,29,9,48,21,6,3,16,0,53,0,35,752,1213,76,43,154,69,9,0.0626545754328112,2002,0.0553235908141962,2003,GUJARAT,PORBANDAR,GUJARAT||PORBANDAR
8,6,1,1,0,7,0,2,35,78,31,14,67,15,2,0,7,1,44,0,33,533,958,53,39,148,82,14,0.0553235908141962,2003,0.0466269841269841,2004,GUJARAT,PORBANDAR,GUJARAT||PORBANDAR
11,9,0,1,0,7,0,7,45,74,37,13,46,25,6,0,5,0,41,0,37,542,1008,47,48,169,71,13,0.0466269841269841,2004,0.0395948434622467,2005,GUJARAT,PORBANDAR,GUJARAT||PORBANDAR
10,8,0,1,0,9,0,13,48,61,26,7,11,7,6,1,5,0,36,0,58,670,1086,43,48,154,18,7,0.0395948434622467,2005,0.0513626834381551,2006,GUJARAT,PORBANDAR,GUJARAT||PORBANDAR
9,5,0,2,0,7,0,6,42,74,20,5,8,6,3,1,1,0,45,0,45,581,954,49,34,145,14,5,0.0513626834381551,2006,0.0692640692640692,2007,GUJARAT,PORBANDAR,GUJARAT||PORBANDAR
6,2,3,1,0,8,0,4,32,64,18,11,10,13,4,0,4,0,59,0,46,565,924,64,35,122,23,11,0.0692640692640692,2007,0.0552268244575936,2008,GUJARAT,PORBANDAR,GUJARAT||PORBANDAR
7,6,0,3,0,12,0,6,38,89,22,10,4,11,6,0,5,0,48,0,69,616,1014,56,44,161,15,10,0.0552268244575936,2008,0.0616649537512846,2009,GUJARAT,PORBANDAR,GUJARAT||PORBANDAR
29,33,1,5,0,46,5,31,306,1245,530,110,56,71,9,3,19,12,199,0,82,1883,4774,238,260,2121,127,110,0.0498533724340175,2001,0.0482342807924203,2002,GUJARAT,RAJKOT COMMR.,GUJARAT||RAJKOT COMMR
35,33,0,6,0,40,17,25,294,1191,542,121,53,47,195,5,28,12,173,0,69,1765,4644,224,277,2247,100,121,0.0482342807924203,2002,0.0393586005830903,2003,GUJARAT,RAJKOT COMMR.,GUJARAT||RAJKOT COMMR
37,12,1,5,0,34,7,51,350,1525,655,98,38,77,16,5,8,13,158,0,87,1913,4802,189,245,2597,115,98,0.0393586005830903,2003,0.0500115233924867,2004,GUJARAT,RAJKOT COMMR.,GUJARAT||RAJKOT COMMR
37,16,0,9,0,39,6,24,332,1216,613,72,29,69,8,4,10,10,184,0,93,1832,4339,217,203,2193,98,72,0.0500115233924867,2004,0.0442297915607524,2005,GUJARAT,RAJKOT COMMR.,GUJARAT||RAJKOT COMMR
24,12,0,7,0,37,7,31,265,989,529,64,39,47,5,0,7,7,153,0,93,1771,3934,174,182,1819,86,64,0.0442297915607524,2005,0.05359701920321,2006,GUJARAT,RAJKOT COMMR.,GUJARAT||RAJKOT COMMR
29,15,0,4,0,26,1,26,260,718,424,46,12,39,3,1,5,12,165,0,94,1646,3489,187,147,1431,51,46,0.05359701920321,2006,0.0731083844580777,2007,GUJARAT,RAJKOT COMMR.,GUJARAT||RAJKOT COMMR
37,16,0,4,0,46,2,32,203,846,436,57,22,45,19,3,17,22,240,0,112,1819,3912,286,194,1536,67,57,0.0731083844580777,2007,0.0676923076923076,2008,GUJARAT,RAJKOT COMMR.,GUJARAT||RAJKOT COMMR
37,33,1,12,0,54,9,68,320,1394,784,140,71,85,12,1,30,19,312,0,128,2368,5525,374,354,2578,156,140,0.0676923076923076,2008,0.0686033519553072,2009,GUJARAT,RAJKOT COMMR.,GUJARAT||RAJKOT COMMR
30,36,3,20,0,40,9,23,198,378,65,58,172,44,21,2,45,3,206,0,197,2298,4402,276,219,685,216,58,0.0626987732848705,2001,0.0568233683249657,2002,GUJARAT,RAJKOT RURAL,GUJARAT||RAJKOT RURAL
41,30,1,15,0,50,8,33,206,365,90,116,42,17,33,2,44,8,180,0,224,2387,4382,249,294,727,59,116,0.0568233683249657,2002,0.0534846029173419,2003,GUJARAT,RAJKOT RURAL,GUJARAT||RAJKOT RURAL
38,23,1,14,0,48,9,34,210,457,111,78,61,11,47,4,35,4,174,0,206,2425,4319,231,245,859,72,78,0.0534846029173419,2003,0.0804212541886069,2004,GUJARAT,RAJKOT RURAL,GUJARAT||RAJKOT RURAL
36,22,0,17,0,41,10,24,256,326,91,66,64,15,15,3,47,4,265,0,255,2184,4178,336,216,712,79,66,0.0804212541886069,2004,0.0707007693907257,2005,GUJARAT,RAJKOT RURAL,GUJARAT||RAJKOT RURAL
35,32,4,18,0,56,6,27,185,369,99,76,135,29,20,4,39,1,278,0,220,2817,4809,340,254,700,164,76,0.0707007693907257,2005,0.0866330693544516,2006,GUJARAT,RAJKOT RURAL,GUJARAT||RAJKOT RURAL
42,20,3,21,0,37,10,31,259,387,129,41,106,17,16,1,34,5,300,0,298,2102,4167,361,205,822,123,41,0.0866330693544516,2006,0.072608913370055,2007,GUJARAT,RAJKOT RURAL,GUJARAT||RAJKOT RURAL
32,21,1,25,0,58,14,32,164,376,122,65,70,10,7,4,26,1,234,0,293,2129,3994,290,248,701,80,65,0.072608913370055,2007,0.0950904392764857,2008,GUJARAT,RAJKOT RURAL,GUJARAT||RAJKOT RURAL
45,16,2,24,0,47,13,26,156,425,190,62,42,12,12,4,45,2,293,0,293,2013,3870,368,235,809,54,62,0.0950904392764857,2008,0.0812836729913328,2009,GUJARAT,RAJKOT RURAL,GUJARAT||RAJKOT RURAL
98,19,2,11,0,57,26,59,353,1422,958,127,66,228,10,20,10,1,132,0,167,823,3995,174,399,2802,294,127,0.0435544430538172,2001,0.0431447746883988,2002,GUJARAT,SURAT COMMR.,GUJARAT||SURAT COMMR
81,28,0,18,0,63,37,64,360,1503,1039,116,67,254,24,20,18,12,112,0,276,745,4172,180,407,2990,321,116,0.0431447746883988,2002,0.0429447852760736,2003,GUJARAT,SURAT COMMR.,GUJARAT||SURAT COMMR
75,16,5,25,0,62,16,57,388,1749,1192,64,54,239,7,19,17,2,126,0,234,794,4401,189,320,3393,293,64,0.0429447852760736,2003,0.0411522633744856,2004,GUJARAT,SURAT COMMR.,GUJARAT||SURAT COMMR
74,8,5,24,0,72,31,61,317,1543,1063,62,46,140,9,17,21,6,102,0,383,732,4131,170,337,2993,186,62,0.0411522633744856,2004,0.0529110563246728,2005,GUJARAT,SURAT COMMR.,GUJARAT||SURAT COMMR
86,23,3,23,0,114,22,56,429,1797,1140,118,65,202,8,12,50,4,190,0,404,995,5273,279,445,3430,267,118,0.0529110563246728,2005,0.0408823189744774,2006,GUJARAT,SURAT COMMR.,GUJARAT||SURAT COMMR
103,30,1,31,0,130,15,72,500,2206,1457,145,55,258,10,22,46,6,249,0,336,3659,8659,354,527,4245,313,145,0.0408823189744774,2006,0.0390496996176952,2007,GUJARAT,SURAT COMMR.,GUJARAT||SURAT COMMR
108,31,3,24,0,117,15,42,447,2423,1587,111,57,182,6,21,44,8,332,0,357,5784,10986,429,451,4505,239,111,0.0390496996176952,2007,0.0527883809701145,2008,GUJARAT,SURAT COMMR.,GUJARAT||SURAT COMMR
97,42,3,28,0,131,24,146,544,3049,1939,165,39,178,10,11,54,2,472,0,382,4475,10741,567,636,5688,217,165,0.0527883809701145,2008,0.0560549973558963,2009,GUJARAT,SURAT COMMR.,GUJARAT||SURAT COMMR
62,8,0,26,0,23,12,28,100,219,66,30,36,33,9,0,11,0,34,0,316,501,1766,71,189,422,69,30,0.0402038505096262,2001,0.0349514563106796,2002,GUJARAT,SURAT RURAL,GUJARAT||SURAT RURAL
78,7,0,10,0,19,7,18,88,208,71,24,32,27,12,0,18,1,43,0,310,833,2060,72,163,397,59,24,0.0349514563106796,2002,0.1094619666048237,2003,GUJARAT,SURAT RURAL,GUJARAT||SURAT RURAL
52,11,0,11,0,16,6,14,99,203,71,32,45,39,16,0,21,0,204,0,305,795,2156,236,142,403,84,32,0.1094619666048237,2003,0.0241009946442234,2004,GUJARAT,SURAT RURAL,GUJARAT||SURAT RURAL
47,12,0,14,0,13,23,24,78,154,98,18,20,26,3,3,11,2,33,0,398,1486,2614,63,151,357,46,18,0.0241009946442234,2004,0.0182546749777382,2005,GUJARAT,SURAT RURAL,GUJARAT||SURAT RURAL
46,9,2,9,0,14,12,17,92,181,64,27,14,26,8,5,4,0,23,0,334,1212,2246,41,136,362,40,27,0.0182546749777382,2005,0.0262045646661031,2006,GUJARAT,SURAT RURAL,GUJARAT||SURAT RURAL
71,7,0,11,0,11,9,15,75,170,78,21,19,21,6,0,11,0,40,0,385,1217,2366,62,145,344,40,21,0.0262045646661031,2006,0.029247044181705,2007,GUJARAT,SURAT RURAL,GUJARAT||SURAT RURAL
57,13,0,4,0,18,10,11,68,182,87,36,19,14,10,1,5,0,37,0,408,543,1607,47,149,358,33,36,0.029247044181705,2007,0.0251730648206419,2008,GUJARAT,SURAT RURAL,GUJARAT||SURAT RURAL
43,4,1,3,0,11,5,9,39,122,56,10,17,19,4,0,7,0,30,0,300,882,1589,40,86,230,36,10,0.0251730648206419,2008,0.0242047026279391,2009,GUJARAT,SURAT RURAL,GUJARAT||SURAT RURAL
38,17,0,11,0,29,7,13,103,204,36,73,45,32,9,2,45,3,75,0,0,1883,3113,136,188,365,77,73,0.0436877610022486,2001,0.0452661778769525,2002,GUJARAT,SURENDRANAGAR,GUJARAT||SURENDRANAGAR
40,30,0,13,0,37,13,24,128,224,44,95,61,13,25,4,40,2,83,0,1,1816,3137,142,252,445,74,95,0.0452661778769525,2002,0.0390036053752867,2003,GUJARAT,SURENDRANAGAR,GUJARAT||SURENDRANAGAR
25,14,0,16,0,32,9,19,130,288,56,57,113,22,16,6,42,2,53,0,166,1044,3051,119,172,509,135,57,0.0390036053752867,2003,0.0389473684210526,2004,GUJARAT,SURENDRANAGAR,GUJARAT||SURENDRANAGAR
28,22,0,13,0,27,8,13,143,266,74,46,89,16,11,0,35,0,63,0,148,1472,2850,111,157,507,105,46,0.0389473684210526,2004,0.0397050482132728,2005,GUJARAT,SURENDRANAGAR,GUJARAT||SURENDRANAGAR
30,21,0,13,0,38,8,23,126,305,71,77,40,8,7,0,36,1,90,0,151,2036,3526,140,210,532,48,77,0.0397050482132728,2005,0.0491266375545851,2006,GUJARAT,SURENDRANAGAR,GUJARAT||SURENDRANAGAR
30,15,0,17,0,23,6,20,118,259,54,55,47,8,6,1,34,2,81,0,191,1451,2748,135,166,457,55,55,0.0491266375545851,2006,0.058695652173913,2007,GUJARAT,SURENDRANAGAR,GUJARAT||SURENDRANAGAR
22,16,0,17,0,29,8,19,89,270,71,65,70,13,7,0,48,5,119,0,196,1785,3220,189,176,456,83,65,0.058695652173913,2007,0.0693270206290159,2008,GUJARAT,SURENDRANAGAR,GUJARAT||SURENDRANAGAR
35,15,0,21,0,44,3,12,80,195,66,44,38,17,6,0,50,1,133,0,236,1643,2957,205,174,359,55,44,0.0693270206290159,2008,0.0609962724500169,2009,GUJARAT,SURENDRANAGAR,GUJARAT||SURENDRANAGAR
21,5,0,3,0,3,3,3,19,42,20,8,5,0,0,0,2,0,6,0,98,331,602,11,46,84,5,8,0.0182724252491694,2008,0.0211161387631975,2009,GUJARAT,TAPI,GUJARAT||TAPI
34,14,0,3,0,35,4,39,244,997,449,151,104,182,7,0,11,10,90,0,153,2601,5047,114,280,1736,286,151,0.0225876758470378,2001,0.0141933670601461,2002,GUJARAT,VADODARA COMMR.,GUJARAT||VADODARA COMMR
56,47,0,5,0,35,17,85,365,1040,586,340,44,112,334,0,9,7,80,0,113,4073,7116,101,585,2410,156,340,0.0141933670601461,2002,0.0290616246498599,2003,GUJARAT,VADODARA COMMR.,GUJARAT||VADODARA COMMR
38,28,1,8,0,36,6,44,434,1385,692,195,97,197,20,0,17,5,136,0,123,2574,5712,166,356,2575,294,195,0.0290616246498599,2003,0.0295442262655377,2004,GUJARAT,VADODARA COMMR.,GUJARAT||VADODARA COMMR
28,33,0,6,0,44,14,40,488,1414,709,164,88,268,16,0,10,8,140,0,125,2357,5551,164,329,2667,356,164,0.0295442262655377,2004,0.0295678544351781,2005,GUJARAT,VADODARA COMMR.,GUJARAT||VADODARA COMMR
26,24,1,5,0,39,6,20,392,1341,689,174,34,192,6,0,13,2,136,0,122,2425,5276,156,295,2448,226,174,0.0295678544351781,2005,0.0363187588152327,2006,GUJARAT,VADODARA COMMR.,GUJARAT||VADODARA COMMR
32,34,2,6,0,54,8,35,482,1319,678,147,30,199,31,0,17,2,181,0,134,2629,5672,206,318,2545,229,147,0.0363187588152327,2006,0.0577412409473478,2007,GUJARAT,VADODARA COMMR.,GUJARAT||VADODARA COMMR
24,22,0,8,0,47,9,25,359,1403,831,119,34,152,6,0,11,8,268,0,118,2180,5109,295,254,2624,186,119,0.0577412409473478,2007,0.0545859636093575,2008,GUJARAT,VADODARA COMMR.,GUJARAT||VADODARA COMMR
20,32,3,7,0,34,9,23,366,1415,827,123,20,119,5,0,16,3,268,0,159,2473,5386,294,251,2636,139,123,0.0545859636093575,2008,0.0397233201581027,2009,GUJARAT,VADODARA COMMR.,GUJARAT||VADODARA COMMR
71,13,1,18,0,38,15,21,67,210,24,34,67,56,10,0,34,0,81,0,170,1877,3137,133,211,332,123,34,0.0423971947720752,2001,0.0296120817293455,2002,GUJARAT,VADODARA RURAL,GUJARAT||VADODARA RURAL
81,29,0,12,0,45,46,18,79,222,41,142,78,21,150,0,27,0,61,0,207,1723,3377,100,373,510,99,142,0.0296120817293455,2002,0.038258164852255,2003,GUJARAT,VADODARA RURAL,GUJARAT||VADODARA RURAL
74,17,1,14,0,52,21,23,94,258,70,63,118,49,18,0,33,0,76,0,227,1628,3215,123,265,463,167,63,0.038258164852255,2003,0.047422024188415,2004,GUJARAT,VADODARA RURAL,GUJARAT||VADODARA RURAL
85,9,5,22,0,56,12,20,101,296,58,38,77,18,13,0,43,0,84,0,194,1573,3142,149,247,488,95,38,0.047422024188415,2004,0.0277869665894806,2005,GUJARAT,VADODARA RURAL,GUJARAT||VADODARA RURAL
70,13,0,21,0,37,9,16,105,166,56,40,38,15,12,0,25,0,38,0,213,1854,3023,84,206,355,53,40,0.0277869665894806,2005,0.0229357798165137,2006,GUJARAT,VADODARA RURAL,GUJARAT||VADODARA RURAL
82,19,0,10,0,20,7,13,81,171,49,37,40,14,14,0,10,1,39,0,216,1486,2616,60,188,328,54,37,0.0229357798165137,2006,0.0328901329601119,2007,GUJARAT,VADODARA RURAL,GUJARAT||VADODARA RURAL
76,21,0,10,0,39,6,13,46,192,85,34,23,12,15,0,21,0,63,0,304,1657,2858,94,199,351,35,34,0.0328901329601119,2007,0.0431941923774954,2008,GUJARAT,VADODARA RURAL,GUJARAT||VADODARA RURAL
79,17,1,11,0,39,6,10,53,191,76,31,44,6,16,0,21,0,87,0,296,1497,2755,119,194,346,50,31,0.0431941923774954,2008,0.0468970380818053,2009,GUJARAT,VADODARA RURAL,GUJARAT||VADODARA RURAL
44,8,3,9,0,16,22,25,246,432,135,40,50,37,12,0,10,0,50,0,0,1802,3109,69,167,850,87,40,0.0221936313927307,2001,0.0171158048069919,2002,GUJARAT,VALSAD,GUJARAT||VALSAD
39,14,0,3,0,21,15,18,259,398,130,53,51,27,13,0,12,0,32,0,0,1510,2746,47,163,818,78,53,0.0171158048069919,2002,0.0197501007658202,2003,GUJARAT,VALSAD,GUJARAT||VALSAD
31,7,4,5,0,13,22,27,234,369,143,33,54,47,13,0,7,0,37,0,0,1357,2481,49,142,786,101,33,0.0197501007658202,2003,0.0237816764132553,2004,GUJARAT,VALSAD,GUJARAT||VALSAD
36,13,0,9,0,22,13,34,229,346,150,35,35,45,10,0,12,0,40,0,0,1449,2565,61,162,769,80,35,0.0237816764132553,2004,0.0354191263282172,2005,GUJARAT,VALSAD,GUJARAT||VALSAD
34,13,0,11,0,25,17,17,153,319,121,29,24,38,2,1,17,0,31,0,0,712,1694,60,146,612,62,29,0.0354191263282172,2005,0.02081316553727,2006,GUJARAT,VALSAD,GUJARAT||VALSAD
43,17,0,1,0,18,14,13,167,268,120,41,28,22,4,0,10,0,32,0,0,1203,2066,43,147,572,50,41,0.02081316553727,2006,0.0210355987055016,2007,GUJARAT,VALSAD,GUJARAT||VALSAD
39,11,0,8,0,5,8,11,99,233,115,21,26,23,5,0,6,0,25,0,0,1170,1854,39,103,463,49,21,0.0210355987055016,2007,0.0233333333333333,2008,GUJARAT,VALSAD,GUJARAT||VALSAD
33,5,0,4,0,15,4,8,119,229,121,36,28,43,2,0,6,0,32,0,0,1094,1800,42,105,479,71,36,0.0233333333333333,2008,0.0236353404614518,2009,GUJARAT,VALSAD,GUJARAT||VALSAD
15,8,0,1,0,0,7,87,31,901,2,7,10,10,1,0,7,0,7,0,6,267,1421,15,125,1022,20,7,0.0105559465165376,2001,0.0093240093240093,2002,GUJARAT,W.RLY,GUJARAT||WRLY
21,7,0,3,0,9,4,83,20,842,2,13,9,4,0,0,4,0,5,0,0,207,1287,12,140,947,13,13,0.0093240093240093,2002,0.0096587250482936,2003,GUJARAT,W.RLY,GUJARAT||WRLY
9,4,0,2,0,4,10,89,21,1178,0,5,17,11,0,0,9,0,4,0,4,157,1553,15,123,1288,28,5,0.0096587250482936,2003,0.0114235500878734,2004,GUJARAT,W.RLY,GUJARAT||WRLY
13,4,0,3,0,3,6,109,16,1259,0,10,12,33,2,0,9,10,4,0,0,758,2276,26,148,1386,45,10,0.0114235500878734,2004,0.0074673304293715,2005,GUJARAT,W.RLY,GUJARAT||WRLY
12,1,0,2,0,4,2,47,16,940,46,5,13,69,0,0,8,1,1,0,4,446,1607,12,73,1049,82,5,0.0074673304293715,2005,0.0083586626139817,2006,GUJARAT,W.RLY,GUJARAT||WRLY
13,5,1,2,0,6,4,58,21,868,42,20,4,44,0,0,6,1,2,0,6,209,1316,11,109,989,48,20,0.0083586626139817,2006,0.0087370929308975,2007,GUJARAT,W.RLY,GUJARAT||WRLY
16,6,0,0,0,4,8,35,21,811,78,5,5,41,1,0,7,0,4,0,3,216,1259,11,74,946,46,5,0.0087370929308975,2007,0.0086505190311418,2008,GUJARAT,W.RLY,GUJARAT||WRLY
10,1,0,2,0,4,4,13,21,835,48,3,1,2,0,1,5,1,1,0,8,173,1156,10,37,917,3,3,0.0086505190311418,2008,0.0127610208816705,2009,GUJARAT,W.RLY,GUJARAT||WRLY
26,23,2,11,0,38,2,18,316,365,154,5,13,76,11,11,27,0,132,0,0,985,2346,181,125,864,89,5,0.0771526001705029,2001,0.0741252302025782,2002,HARYANA,AMBALA,HARYANA||AMBALA
25,18,7,15,0,21,0,11,251,331,123,4,18,64,10,7,17,0,122,0,0,987,2172,161,101,726,82,4,0.0741252302025782,2002,0.1022128556375131,2003,HARYANA,AMBALA,HARYANA||AMBALA
26,16,3,10,0,26,1,14,236,208,99,2,13,73,9,7,17,31,129,0,1,883,1898,194,98,566,86,2,0.1022128556375131,2003,0.1348314606741573,2004,HARYANA,AMBALA,HARYANA||AMBALA
28,10,5,10,0,22,3,7,208,243,112,1,53,73,6,11,25,27,227,0,4,1018,2225,300,86,576,126,1,0.1348314606741573,2004,0.0935077519379845,2005,HARYANA,AMBALA,HARYANA||AMBALA
24,16,2,19,0,24,1,15,179,275,116,2,48,66,8,9,19,16,130,0,2,952,2064,193,103,593,114,2,0.0935077519379845,2005,0.095648912228057,2006,HARYANA,AMBALA,HARYANA||AMBALA
39,12,2,19,0,22,7,18,308,438,207,3,55,141,8,9,26,27,174,0,5,1078,2666,255,122,979,196,3,0.095648912228057,2006,0.092094196804037,2007,HARYANA,AMBALA,HARYANA||AMBALA
39,12,6,23,0,15,5,11,253,366,174,0,70,96,4,16,11,15,154,0,1,1049,2378,219,111,808,166,0,0.092094196804037,2007,0.10390625,2008,HARYANA,AMBALA,HARYANA||AMBALA
31,31,0,35,0,55,2,15,266,419,217,1,32,88,7,11,27,21,172,0,2,1101,2560,266,170,924,120,1,0.10390625,2008,0.0989339019189765,2009,HARYANA,AMBALA,HARYANA||AMBALA
40,20,8,10,0,9,0,19,132,190,120,109,26,54,16,33,17,0,43,0,2,849,1855,103,215,477,80,109,0.0555256064690026,2001,0.0696594427244582,2002,HARYANA,BHIWANI,HARYANA||BHIWANI
35,24,5,17,0,16,6,14,140,206,97,110,20,62,20,35,29,0,54,0,0,896,1938,135,227,477,82,110,0.0696594427244582,2002,0.0646940822467402,2003,HARYANA,BHIWANI,HARYANA||BHIWANI
47,22,3,15,0,17,4,29,163,190,105,92,18,56,13,28,17,0,69,0,1,968,1994,129,229,500,74,92,0.0646940822467402,2003,0.0655662540119211,2004,HARYANA,BHIWANI,HARYANA||BHIWANI
51,26,1,28,0,19,4,14,209,301,118,116,33,75,19,28,19,0,68,0,4,918,2181,143,259,661,108,116,0.0655662540119211,2004,0.0732600732600732,2005,HARYANA,BHIWANI,HARYANA||BHIWANI
47,18,3,18,0,24,3,19,190,389,180,134,30,52,6,19,20,16,87,0,5,836,2184,160,266,784,82,134,0.0732600732600732,2005,0.0793965859468043,2006,HARYANA,BHIWANI,HARYANA||BHIWANI
45,29,0,35,0,34,9,21,180,406,215,159,23,93,17,19,38,8,100,0,7,988,2519,200,332,839,116,159,0.0793965859468043,2006,0.0777302759424796,2007,HARYANA,BHIWANI,HARYANA||BHIWANI
62,22,2,17,0,32,6,26,231,391,230,125,19,93,14,17,23,15,128,0,6,1026,2573,200,292,892,112,125,0.0777302759424796,2007,0.0737495436290617,2008,HARYANA,BHIWANI,HARYANA||BHIWANI
56,27,11,33,0,47,12,25,241,560,291,158,21,90,19,14,24,20,111,0,5,956,2739,202,369,1136,111,158,0.0737495436290617,2008,0.0732064421669106,2009,HARYANA,BHIWANI,HARYANA||BHIWANI
68,38,7,37,0,78,7,44,236,668,444,133,117,61,14,19,47,242,108,0,18,3531,5808,453,412,1406,178,133,0.077995867768595,2001,0.1894556365195027,2002,HARYANA,FARIDABAD,HARYANA||FARIDABAD
57,38,7,37,0,61,2,26,240,677,441,130,116,71,12,19,56,1122,92,0,10,3911,6999,1326,358,1396,187,130,0.1894556365195027,2002,0.1687763713080168,2003,HARYANA,FARIDABAD,HARYANA||FARIDABAD
57,30,2,36,0,70,5,20,264,701,447,132,133,38,12,14,34,980,136,0,12,4107,7110,1200,352,1444,171,132,0.1687763713080168,2003,0.1534467323187108,2004,HARYANA,FARIDABAD,HARYANA||FARIDABAD
67,31,6,42,0,66,4,23,227,815,546,156,95,30,4,28,45,585,157,0,15,2821,5585,857,395,1615,125,156,0.1534467323187108,2004,0.106909522866759,2005,HARYANA,FARIDABAD,HARYANA||FARIDABAD
76,44,4,39,0,91,2,30,285,1130,876,190,126,43,8,18,42,253,188,0,23,2076,5051,540,476,2329,169,190,0.106909522866759,2005,0.0809483126868859,2006,HARYANA,FARIDABAD,HARYANA||FARIDABAD
58,45,7,40,0,86,7,36,369,1241,902,138,106,45,11,14,35,144,146,0,12,1866,4682,379,417,2559,151,138,0.0809483126868859,2006,0.0544247787610619,2007,HARYANA,FARIDABAD,HARYANA||FARIDABAD
65,36,2,37,0,154,11,32,329,1268,973,153,120,25,10,19,23,0,167,0,263,1531,4520,246,490,2612,145,153,0.0544247787610619,2007,0.0797165633303808,2008,HARYANA,FARIDABAD,HARYANA||FARIDABAD
59,24,5,46,0,109,4,32,276,945,691,145,138,32,7,21,23,97,173,0,12,2124,4516,360,424,1951,170,145,0.0797165633303808,2008,0.0591970968473576,2009,HARYANA,FARIDABAD,HARYANA||FARIDABAD
18,23,2,17,0,20,3,11,96,141,61,11,1,52,6,17,17,0,93,0,1,468,1214,144,105,315,53,11,0.1186161449752883,2001,0.0791190864600326,2002,HARYANA,FATEHABAD,HARYANA||FATEHABAD
16,21,5,7,0,22,0,18,105,156,64,15,5,44,7,9,22,5,54,0,1,482,1226,97,104,350,49,15,0.0791190864600326,2002,0.0767590618336887,2003,HARYANA,FATEHABAD,HARYANA||FATEHABAD
18,16,4,7,0,15,0,6,71,88,42,16,9,29,5,3,11,4,47,0,3,402,938,72,82,212,38,16,0.0767590618336887,2003,0.0661231884057971,2004,HARYANA,FATEHABAD,HARYANA||FATEHABAD
29,12,0,9,0,17,0,2,76,111,59,18,7,80,2,6,17,3,38,0,5,493,1104,73,87,250,87,18,0.0661231884057971,2004,0.0819032761310452,2005,HARYANA,FATEHABAD,HARYANA||FATEHABAD
21,14,1,9,0,20,0,6,108,157,93,11,11,116,4,5,17,8,66,0,4,517,1282,105,82,368,127,11,0.0819032761310452,2005,0.0916083916083916,2006,HARYANA,FATEHABAD,HARYANA||FATEHABAD
23,15,4,18,0,20,0,7,122,171,71,22,31,78,6,6,17,7,83,0,5,563,1430,131,109,377,109,22,0.0916083916083916,2006,0.1025806451612903,2007,HARYANA,FATEHABAD,HARYANA||FATEHABAD
25,17,4,7,0,25,1,7,107,256,120,22,14,80,4,2,16,12,122,0,4,632,1550,159,108,494,94,22,0.1025806451612903,2007,0.1159777914867365,2008,HARYANA,FATEHABAD,HARYANA||FATEHABAD
20,13,4,12,0,25,1,5,126,298,162,23,8,65,5,4,16,13,143,0,4,647,1621,188,103,596,73,23,0.1159777914867365,2008,0.0725261216963737,2009,HARYANA,FATEHABAD,HARYANA||FATEHABAD
24,3,0,0,0,2,0,5,1,169,35,9,1,3,0,5,1,26,0,0,7,346,615,32,43,210,4,9,0.0520325203252032,2001,0.0961038961038961,2002,HARYANA,GRP,HARYANA||GRP
25,1,2,1,0,0,1,3,2,203,34,6,0,6,0,14,1,58,0,0,8,424,770,74,39,242,6,6,0.0961038961038961,2002,0.074074074074074,2003,HARYANA,GRP,HARYANA||GRP
19,6,0,1,0,0,1,2,0,149,0,9,1,6,0,3,0,50,0,0,10,464,729,54,38,151,7,9,0.074074074074074,2003,0.1321160042964554,2004,HARYANA,GRP,HARYANA||GRP
27,4,0,2,0,3,0,3,2,180,40,3,1,1,0,7,3,111,0,0,18,551,931,123,42,225,2,3,0.1321160042964554,2004,0.1478463329452852,2005,HARYANA,GRP,HARYANA||GRP
13,8,1,2,0,2,1,5,3,195,0,11,4,5,0,7,2,116,0,0,17,445,859,127,43,203,9,11,0.1478463329452852,2005,0.1466821885913853,2006,HARYANA,GRP,HARYANA||GRP
20,4,1,1,0,1,3,6,0,267,0,7,4,10,0,6,6,113,0,0,14,381,859,126,43,273,14,7,0.1466821885913853,2006,0.1457418788410886,2007,HARYANA,GRP,HARYANA||GRP
19,2,0,2,0,7,3,18,1,427,73,6,1,14,0,5,6,153,0,0,23,434,1139,166,57,519,15,6,0.1457418788410886,2007,0.1365079365079365,2008,HARYANA,GRP,HARYANA||GRP
27,3,2,1,0,7,1,22,1,497,108,11,4,7,0,6,7,158,0,0,24,468,1260,172,74,628,11,11,0.1365079365079365,2008,0.1835443037974683,2009,HARYANA,GRP,HARYANA||GRP
69,30,5,32,0,50,4,51,294,794,435,78,55,29,20,17,21,21,136,0,5,1530,3502,227,319,1594,84,78,0.0648201027984009,2001,0.0712117030085564,2002,HARYANA,GURGAON,HARYANA||GURGAON
66,50,15,27,0,50,9,46,301,772,440,71,41,42,23,11,35,57,128,0,9,1578,3623,258,334,1582,83,71,0.0712117030085564,2002,0.0513168612544121,2003,HARYANA,GURGAON,HARYANA||GURGAON
62,33,6,32,0,44,6,40,359,817,575,64,37,38,9,13,17,26,101,0,4,1729,3683,189,287,1800,75,64,0.0513168612544121,2003,0.0517537404954623,2004,HARYANA,GURGAON,HARYANA||GURGAON
66,40,6,36,0,55,16,33,283,1045,746,67,47,42,7,21,21,18,115,0,11,1897,4077,211,319,2114,89,67,0.0517537404954623,2004,0.037540942302847,2005,HARYANA,GURGAON,HARYANA||GURGAON
65,38,6,17,0,38,8,40,413,1462,1112,67,45,124,5,10,20,31,71,0,15,1363,3969,149,279,3032,169,67,0.037540942302847,2005,0.0410636758321273,2006,HARYANA,GURGAON,HARYANA||GURGAON
93,63,4,30,0,70,22,69,560,2090,1601,99,59,168,11,20,32,56,89,0,12,1771,5528,227,450,4331,227,99,0.0410636758321273,2006,0.0405979543666404,2007,HARYANA,GURGAON,HARYANA||GURGAON
93,58,4,40,0,111,32,123,724,2230,1530,97,60,183,6,17,36,43,122,0,22,2150,6355,258,558,4613,243,97,0.0405979543666404,2007,0.0329149232914923,2008,HARYANA,GURGAON,HARYANA||GURGAON
80,59,5,35,0,89,36,111,698,2843,2063,117,91,200,9,19,27,32,123,0,29,2347,7170,236,532,5724,291,117,0.0329149232914923,2008,0.0381703470031545,2009,HARYANA,GURGAON,HARYANA||GURGAON
45,53,7,10,0,26,2,27,244,438,258,28,23,159,8,24,33,0,117,0,4,1177,2830,184,198,975,182,28,0.0650176678445229,2001,0.068369351669941,2002,HARYANA,HISSAR,HARYANA||HISSAR
52,49,2,15,0,24,3,28,211,402,255,23,18,122,8,28,31,4,96,0,4,1058,2545,174,196,904,140,23,0.068369351669941,2002,0.0670912951167728,2003,HARYANA,HISSAR,HARYANA||HISSAR
50,26,4,16,0,27,6,14,199,360,210,27,33,138,7,17,35,10,80,0,0,1009,2355,158,170,790,171,27,0.0670912951167728,2003,0.0738636363636363,2004,HARYANA,HISSAR,HARYANA||HISSAR
49,52,1,16,0,43,2,20,186,430,247,33,14,130,2,12,18,9,127,0,0,1030,2464,182,216,885,144,33,0.0738636363636363,2004,0.0812107788851975,2005,HARYANA,HISSAR,HARYANA||HISSAR
51,50,2,25,0,22,3,28,248,526,272,45,15,148,10,19,31,6,139,0,0,998,2709,220,226,1084,163,45,0.0812107788851975,2005,0.0696182226499839,2006,HARYANA,HISSAR,HARYANA||HISSAR
58,58,3,23,0,31,1,21,223,517,281,51,20,109,7,17,19,0,158,0,2,1374,3117,217,246,1049,129,51,0.0696182226499839,2006,0.0683188211654387,2007,HARYANA,HISSAR,HARYANA||HISSAR
55,48,4,21,0,47,0,11,200,494,273,30,26,78,3,7,19,0,157,0,2,1383,2986,204,216,981,104,30,0.0683188211654387,2007,0.0915982312065698,2008,HARYANA,HISSAR,HARYANA||HISSAR
52,46,5,23,0,43,1,23,214,560,332,52,30,94,8,19,25,9,214,0,2,1353,3166,290,245,1137,124,52,0.0915982312065698,2008,0.088762701733413,2009,HARYANA,HISSAR,HARYANA||HISSAR
48,28,2,21,0,14,2,25,98,183,66,68,21,50,0,20,42,13,122,0,84,466,1501,218,208,372,71,68,0.145236508994004,2001,0.1469038208168643,2002,HARYANA,JHAJJAR,HARYANA||JHAJJAR
41,25,3,18,0,14,2,18,94,198,90,55,43,34,0,14,39,37,115,0,102,487,1518,223,176,400,77,55,0.1469038208168643,2002,0.145440251572327,2003,HARYANA,JHAJJAR,HARYANA||JHAJJAR
39,28,3,9,0,8,3,13,73,135,67,53,30,29,0,17,32,35,92,0,96,424,1272,185,156,288,59,53,0.145440251572327,2003,0.122754491017964,2004,HARYANA,JHAJJAR,HARYANA||JHAJJAR
42,27,0,11,0,11,0,13,87,160,86,50,31,40,3,14,17,18,104,0,128,436,1336,164,154,349,71,50,0.122754491017964,2004,0.1087118391660461,2005,HARYANA,JHAJJAR,HARYANA||JHAJJAR
60,32,4,13,0,14,1,28,96,203,98,53,28,37,5,11,16,20,86,0,127,386,1343,146,205,430,65,53,0.1087118391660461,2005,0.0891010342084327,2006,HARYANA,JHAJJAR,HARYANA||JHAJJAR
51,34,0,15,0,10,0,19,98,185,101,45,23,33,5,16,14,9,58,0,183,296,1257,112,174,408,56,45,0.0891010342084327,2006,0.0923076923076923,2007,HARYANA,JHAJJAR,HARYANA||JHAJJAR
55,45,2,14,0,30,4,15,104,260,139,53,16,40,7,19,10,14,87,0,177,441,1560,144,218,525,56,53,0.0923076923076923,2007,0.1236151603498542,2008,HARYANA,JHAJJAR,HARYANA||JHAJJAR
62,30,4,22,0,26,5,18,138,268,152,58,24,44,2,20,13,42,115,0,181,518,1715,212,225,578,68,58,0.1236151603498542,2008,0.0840289371174179,2009,HARYANA,JHAJJAR,HARYANA||JHAJJAR
37,21,6,21,0,12,2,28,151,148,66,71,66,51,2,11,22,29,67,0,4,512,1452,150,198,395,117,71,0.1033057851239669,2001,0.0822641509433962,2002,HARYANA,JIND,HARYANA||JIND
33,13,12,19,0,15,1,9,100,134,77,75,61,33,7,11,10,12,57,0,1,531,1325,109,177,327,94,75,0.0822641509433962,2002,0.0747232472324723,2003,HARYANA,JIND,HARYANA||JIND
33,20,13,17,0,11,0,3,86,127,76,53,22,23,4,10,7,13,34,0,2,466,1084,81,150,296,45,53,0.0747232472324723,2003,0.0714285714285714,2004,HARYANA,JIND,HARYANA||JIND
28,16,17,7,0,9,1,3,60,147,84,49,20,38,2,14,2,18,31,0,0,431,1008,72,130,296,58,49,0.0714285714285714,2004,0.0690495532087733,2005,HARYANA,JIND,HARYANA||JIND
37,27,2,14,0,12,1,10,73,210,119,69,27,20,7,17,2,17,35,0,2,517,1231,85,172,419,47,69,0.0690495532087733,2005,0.0777233782129743,2006,HARYANA,JIND,HARYANA||JIND
42,27,6,32,0,15,2,6,107,255,155,103,40,38,7,13,17,12,53,0,1,685,1634,127,233,530,78,103,0.0777233782129743,2006,0.0937122128174123,2007,HARYANA,JIND,HARYANA||JIND
34,38,8,19,0,24,1,16,147,264,145,91,52,61,3,12,14,15,95,0,2,601,1654,155,231,575,113,91,0.0937122128174123,2007,0.0933786078098472,2008,HARYANA,JIND,HARYANA||JIND
39,24,14,38,0,29,1,18,158,296,189,103,56,43,4,18,21,15,73,0,7,655,1767,165,266,665,99,103,0.0933786078098472,2008,0.0948166877370417,2009,HARYANA,JIND,HARYANA||JIND
33,15,8,16,0,9,3,9,103,144,66,0,60,16,28,9,19,0,105,0,1,396,1195,149,93,350,76,0,0.1246861924686192,2001,0.1088314005352363,2002,HARYANA,KAITHAL,HARYANA||KAITHAL
26,21,9,7,0,7,2,3,86,151,69,0,44,17,23,6,11,0,98,0,5,364,1121,122,75,332,61,0,0.1088314005352363,2002,0.1343283582089552,2003,HARYANA,KAITHAL,HARYANA||KAITHAL
18,16,2,15,0,4,5,10,89,188,89,0,58,15,6,8,14,0,125,0,2,402,1206,162,70,382,73,0,0.1343283582089552,2003,0.1435562805872756,2004,HARYANA,KAITHAL,HARYANA||KAITHAL
25,16,2,18,0,13,0,9,84,200,93,0,67,15,8,9,13,0,136,0,3,434,1226,176,83,394,82,0,0.1435562805872756,2004,0.1158631415241057,2005,HARYANA,KAITHAL,HARYANA||KAITHAL
23,18,3,19,0,11,1,6,120,197,72,0,48,21,2,6,9,0,115,0,3,467,1286,149,81,397,69,0,0.1158631415241057,2005,0.1267696267696267,2006,HARYANA,KAITHAL,HARYANA||KAITHAL
24,11,1,25,0,14,4,18,127,280,102,0,49,18,5,9,14,0,149,0,3,601,1554,197,97,532,67,0,0.1267696267696267,2006,0.1460957178841309,2007,HARYANA,KAITHAL,HARYANA||KAITHAL
32,15,2,14,0,16,7,9,144,240,120,0,38,39,4,14,26,0,178,0,11,601,1588,232,95,517,77,0,0.1460957178841309,2007,0.1254927726675427,2008,HARYANA,KAITHAL,HARYANA||KAITHAL
22,24,2,14,0,16,5,6,107,194,116,0,70,22,3,13,14,0,150,0,5,621,1522,191,89,426,92,0,0.1254927726675427,2008,0.1399082568807339,2009,HARYANA,KAITHAL,HARYANA||KAITHAL
42,24,7,44,0,31,8,16,208,468,194,47,20,59,11,18,28,2,97,0,187,335,2383,189,219,897,79,47,0.0793117918590012,2001,0.0865163368614818,2002,HARYANA,KARNAL,HARYANA||KARNAL
39,28,5,37,0,16,4,14,216,383,185,42,17,49,6,11,25,0,115,0,213,309,2173,188,185,804,66,42,0.0865163368614818,2002,0.1051918735891647,2003,HARYANA,KARNAL,HARYANA||KARNAL
41,33,4,27,0,22,8,18,203,380,190,44,19,46,8,14,18,1,173,0,226,281,2215,233,197,799,65,44,0.1051918735891647,2003,0.1322278911564625,2004,HARYANA,KARNAL,HARYANA||KARNAL
40,28,3,31,0,15,4,19,159,386,210,34,16,104,4,15,23,0,242,0,239,322,2352,311,174,778,120,34,0.1322278911564625,2004,0.1140468227424749,2005,HARYANA,KARNAL,HARYANA||KARNAL
46,31,8,50,0,31,5,27,215,648,299,44,12,128,4,14,39,2,236,0,235,423,2990,341,242,1193,140,44,0.1140468227424749,2005,0.0999045497931912,2006,HARYANA,KARNAL,HARYANA||KARNAL
32,29,6,51,0,40,6,21,238,703,376,60,22,133,15,13,35,1,214,0,261,459,3143,314,245,1353,155,60,0.0999045497931912,2006,0.0830371567043618,2007,HARYANA,KARNAL,HARYANA||KARNAL
53,22,10,47,0,26,4,26,291,702,390,60,7,98,8,13,28,0,169,0,278,448,3095,257,248,1417,105,60,0.0830371567043618,2007,0.075208913649025,2008,HARYANA,KARNAL,HARYANA||KARNAL
39,46,7,50,0,35,6,23,265,681,373,28,13,74,8,17,31,21,124,0,278,1124,3231,243,234,1350,87,28,0.075208913649025,2008,0.1023575052223216,2009,HARYANA,KARNAL,HARYANA||KARNAL
20,8,4,31,0,14,5,13,132,343,131,0,20,130,4,10,28,8,68,0,0,738,1753,145,95,623,150,0,0.0827153451226468,2001,0.0775862068965517,2002,HARYANA,KURUKSHETRA,HARYANA||KURUKSHETRA
31,13,4,15,0,18,2,11,181,321,148,0,21,123,3,7,20,14,88,0,0,786,1856,144,94,664,144,0,0.0775862068965517,2002,0.0931263858093126,2003,HARYANA,KURUKSHETRA,HARYANA||KURUKSHETRA
30,15,3,23,0,11,3,15,146,361,178,0,9,135,6,12,23,18,92,0,0,707,1804,168,100,706,144,0,0.0931263858093126,2003,0.0995121951219512,2004,HARYANA,KURUKSHETRA,HARYANA||KURUKSHETRA
26,12,4,21,0,11,1,13,208,411,173,0,9,160,5,15,28,20,120,0,0,786,2050,204,88,810,169,0,0.0995121951219512,2004,0.0771719038817005,2005,HARYANA,KURUKSHETRA,HARYANA||KURUKSHETRA
25,15,2,24,0,15,16,18,220,412,171,0,4,39,6,5,24,15,99,0,0,1040,2164,167,115,827,43,0,0.0771719038817005,2005,0.0808,2006,HARYANA,KURUKSHETRA,HARYANA||KURUKSHETRA
24,19,4,34,0,24,4,15,213,533,281,3,78,68,10,5,10,37,116,0,5,1070,2500,202,127,1052,146,3,0.0808,2006,0.0634028892455858,2007,HARYANA,KURUKSHETRA,HARYANA||KURUKSHETRA
27,19,0,21,0,18,4,12,255,632,283,0,92,43,7,11,11,16,99,0,1,981,2492,158,101,1189,135,0,0.0634028892455858,2007,0.0675507666804807,2008,HARYANA,KURUKSHETRA,HARYANA||KURUKSHETRA
20,19,2,41,0,30,2,23,244,582,270,0,73,22,4,12,11,27,72,0,6,1007,2413,163,137,1123,95,0,0.0675507666804807,2008,0.0796780684104627,2009,HARYANA,KURUKSHETRA,HARYANA||KURUKSHETRA
26,10,0,11,0,13,1,1,59,116,32,47,34,9,21,8,19,0,23,0,2,611,1169,61,109,229,43,47,0.0521813515825491,2001,0.0460475825019186,2002,HARYANA,MAHENDRAGARH,HARYANA||MAHENDRAGARH
21,9,2,16,0,19,4,5,71,112,40,46,19,9,19,3,22,0,19,0,4,748,1303,60,122,247,28,46,0.0460475825019186,2002,0.042914979757085,2003,HARYANA,MAHENDRAGARH,HARYANA||MAHENDRAGARH
16,10,3,10,0,11,3,3,88,108,48,48,31,7,4,4,12,0,27,0,3,705,1235,53,104,251,38,48,0.042914979757085,2003,0.0665044606650446,2004,HARYANA,MAHENDRAGARH,HARYANA||MAHENDRAGARH
16,10,0,20,0,13,0,4,66,111,38,52,20,11,5,8,18,0,36,0,2,664,1233,82,115,224,31,52,0.0665044606650446,2004,0.0498154981549815,2005,HARYANA,MAHENDRAGARH,HARYANA||MAHENDRAGARH
12,7,2,15,0,13,2,6,71,126,57,49,23,6,5,6,13,0,20,0,3,585,1084,54,106,265,29,49,0.0498154981549815,2005,0.0539665407447382,2006,HARYANA,MAHENDRAGARH,HARYANA||MAHENDRAGARH
28,12,2,17,0,26,7,7,95,181,75,90,18,16,9,10,32,0,41,0,5,1110,1853,100,189,367,34,90,0.0539665407447382,2006,0.0521945432977461,2007,HARYANA,MAHENDRAGARH,HARYANA||MAHENDRAGARH
28,14,0,10,0,25,3,7,112,187,75,79,37,12,5,14,17,0,47,0,4,912,1686,88,166,386,49,79,0.0521945432977461,2007,0.0736658932714617,2008,HARYANA,MAHENDRAGARH,HARYANA||MAHENDRAGARH
31,6,2,21,0,26,1,4,102,196,102,52,27,10,4,16,17,0,73,0,3,977,1724,127,143,408,37,52,0.0736658932714617,2008,0.0531231757151196,2009,HARYANA,MAHENDRAGARH,HARYANA||MAHENDRAGARH
19,34,1,34,0,9,14,10,37,223,127,91,10,33,8,7,12,5,112,0,1,702,1567,170,212,405,43,91,0.1084875558391831,2005,0.1261950286806883,2006,HARYANA,MEWAT,HARYANA||MEWAT
16,26,3,35,0,14,4,6,27,191,89,91,9,43,7,8,24,7,124,0,2,719,1569,198,195,320,52,91,0.1261950286806883,2006,0.1443053070960047,2007,HARYANA,MEWAT,HARYANA||MEWAT
35,43,3,44,0,28,20,17,24,208,131,162,12,60,9,13,18,14,153,0,0,641,1677,242,352,389,72,162,0.1443053070960047,2007,0.1283676703645007,2008,HARYANA,MEWAT,HARYANA||MEWAT
19,21,0,29,0,21,4,11,23,212,124,96,13,42,2,7,6,6,114,0,1,521,1262,162,201,372,55,96,0.1283676703645007,2008,0.1346633416458852,2009,HARYANA,MEWAT,HARYANA||MEWAT
33,24,1,26,0,23,4,27,73,233,159,69,20,52,2,5,21,0,47,0,154,560,1523,99,207,494,72,69,0.0650032829940906,2006,0.0796407185628742,2007,HARYANA,PALWAL,HARYANA||PALWAL
26,23,3,15,0,22,7,24,89,254,186,88,12,54,0,9,21,34,54,0,0,767,1670,133,208,553,66,88,0.0796407185628742,2007,0.0959798994974874,2008,HARYANA,PALWAL,HARYANA||PALWAL
34,37,3,29,0,32,5,22,70,354,268,115,16,25,2,15,25,33,89,0,4,863,1990,191,277,716,41,115,0.0959798994974874,2008,0.0667522464698331,2009,HARYANA,PALWAL,HARYANA||PALWAL
12,7,1,6,0,18,1,5,118,226,95,1,22,19,2,4,23,10,43,0,73,440,1054,86,51,446,41,1,0.0815939278937381,2001,0.1280539174389216,2002,HARYANA,PANCHKULA,HARYANA||PANCHKULA
7,2,1,13,0,19,1,5,136,201,77,1,20,42,3,5,29,45,60,0,82,497,1187,152,49,422,62,1,0.1280539174389216,2002,0.116983791402396,2003,HARYANA,PANCHKULA,HARYANA||PANCHKULA
11,4,4,12,0,15,0,8,113,199,98,1,34,54,1,5,10,83,56,0,74,715,1419,166,55,419,88,1,0.116983791402396,2003,0.1026518391787852,2004,HARYANA,PANCHKULA,HARYANA||PANCHKULA
7,4,1,6,0,6,0,2,82,207,116,1,11,70,0,4,53,0,57,0,0,638,1169,120,27,407,81,1,0.1026518391787852,2004,0.0833333333333333,2005,HARYANA,PANCHKULA,HARYANA||PANCHKULA
9,2,0,8,0,15,0,3,139,227,120,4,7,73,0,2,7,18,65,0,90,500,1200,100,41,489,80,4,0.0833333333333333,2005,0.0651851851851851,2006,HARYANA,PANCHKULA,HARYANA||PANCHKULA
14,6,0,10,0,15,0,9,119,222,110,2,6,23,0,2,13,0,63,0,0,800,1350,88,56,460,29,2,0.0651851851851851,2006,0.0712025316455696,2007,HARYANA,PANCHKULA,HARYANA||PANCHKULA
18,3,3,11,0,25,1,9,103,216,113,2,4,47,0,0,9,0,70,0,1,697,1264,90,72,441,51,2,0.0712025316455696,2007,0.0630975143403441,2008,HARYANA,PANCHKULA,HARYANA||PANCHKULA
17,7,1,15,0,26,6,14,157,427,201,3,11,58,0,5,6,1,72,0,3,686,1569,99,89,799,69,3,0.0630975143403441,2008,0.0662805662805662,2009,HARYANA,PANCHKULA,HARYANA||PANCHKULA
43,26,3,38,0,19,20,47,182,415,243,35,20,53,7,11,16,11,92,0,191,513,1895,168,231,894,73,35,0.0886543535620052,2001,0.1374045801526717,2002,HARYANA,PANIPAT,HARYANA||PANIPAT
46,25,4,43,1,30,4,27,173,449,217,37,37,27,5,9,22,20,193,0,189,564,2096,288,216,871,64,37,0.1374045801526717,2002,0.1368760064412238,2003,HARYANA,PANIPAT,HARYANA||PANIPAT
47,21,10,38,0,16,8,23,161,409,237,24,46,16,3,13,17,22,165,0,193,456,1863,255,187,833,62,24,0.1368760064412238,2003,0.1188772702256466,2004,HARYANA,PANIPAT,HARYANA||PANIPAT
37,22,6,38,0,19,6,13,131,433,289,27,40,19,1,4,14,8,152,0,207,482,1817,216,168,867,59,27,0.1188772702256466,2004,0.1005612722170252,2005,HARYANA,PANIPAT,HARYANA||PANIPAT
42,19,7,56,0,35,9,34,176,583,376,32,37,13,4,11,11,10,127,0,182,575,2138,215,234,1173,50,32,0.1005612722170252,2005,0.0876,2006,HARYANA,PANIPAT,HARYANA||PANIPAT
46,25,6,65,0,46,4,17,210,667,471,70,84,20,0,19,18,13,104,0,222,631,2500,219,279,1365,104,70,0.0876,2006,0.0586993243243243,2007,HARYANA,PANIPAT,HARYANA||PANIPAT
35,20,5,34,0,33,4,23,225,664,439,37,26,15,5,11,13,18,63,0,252,620,2368,139,191,1356,41,37,0.0586993243243243,2007,0.0510732790525536,2008,HARYANA,PANIPAT,HARYANA||PANIPAT
46,16,12,30,0,52,3,27,195,845,613,63,20,20,2,13,16,17,62,0,234,780,2702,138,249,1682,40,63,0.0510732790525536,2008,0.0892603129445234,2009,HARYANA,PANIPAT,HARYANA||PANIPAT
21,13,4,11,0,13,0,7,86,155,72,39,10,19,23,12,17,0,14,0,0,638,1214,54,108,343,29,39,0.0444810543657331,2001,0.0479505027068832,2002,HARYANA,REWARI,HARYANA||REWARI
21,9,1,10,0,11,4,9,89,152,70,27,32,9,15,14,15,0,23,0,0,695,1293,62,92,335,41,27,0.0479505027068832,2002,0.0529287226534933,2003,HARYANA,REWARI,HARYANA||REWARI
16,10,0,11,0,11,0,9,111,165,94,34,23,14,9,7,22,1,34,0,1,793,1417,75,91,388,37,34,0.0529287226534933,2003,0.0616174582798459,2004,HARYANA,REWARI,HARYANA||REWARI
17,14,0,16,0,24,2,10,89,223,109,35,26,16,4,8,24,0,48,0,4,846,1558,96,118,435,42,35,0.0616174582798459,2004,0.0587564175698802,2005,HARYANA,REWARI,HARYANA||REWARI
33,11,1,13,0,20,10,16,117,256,141,36,33,20,11,9,21,10,50,0,3,922,1753,103,140,541,53,36,0.0587564175698802,2005,0.0494258612081877,2006,HARYANA,REWARI,HARYANA||REWARI
32,26,2,21,0,15,6,23,164,278,144,52,18,40,8,4,23,0,51,0,7,1065,2003,99,177,617,58,52,0.0494258612081877,2006,0.0608283002588438,2007,HARYANA,REWARI,HARYANA||REWARI
18,17,3,22,0,35,7,35,159,334,182,61,43,35,10,12,30,1,76,0,4,1193,2318,141,198,720,78,61,0.0608283002588438,2007,0.0588733587462939,2008,HARYANA,REWARI,HARYANA||REWARI
27,24,4,23,0,27,4,29,170,429,253,47,44,18,9,13,31,0,72,0,7,1177,2361,139,185,890,62,47,0.0588733587462939,2008,0.0597647058823529,2009,HARYANA,REWARI,HARYANA||REWARI
57,29,1,28,0,13,5,29,229,365,203,37,18,58,10,17,26,20,41,0,144,534,1856,132,199,836,76,37,0.0711206896551724,2001,0.0626659585767392,2002,HARYANA,ROHTAK,HARYANA||ROHTAK
63,39,0,17,0,16,4,27,225,359,218,36,19,46,13,17,14,40,30,0,124,632,1883,118,202,842,65,36,0.0626659585767392,2002,0.0629251700680272,2003,HARYANA,ROHTAK,HARYANA||ROHTAK
50,52,2,25,0,21,4,20,242,339,206,22,22,41,2,17,12,23,34,0,155,502,1764,111,196,809,63,22,0.0629251700680272,2003,0.0664167113015533,2004,HARYANA,ROHTAK,HARYANA||ROHTAK
65,39,2,29,0,19,2,14,206,367,253,35,18,66,5,15,14,21,45,0,146,606,1867,124,205,845,84,35,0.0664167113015533,2004,0.0828756864702945,2005,HARYANA,ROHTAK,HARYANA||ROHTAK
48,48,1,29,0,16,3,31,209,425,267,37,15,81,9,9,17,32,79,0,158,570,2003,166,213,941,96,37,0.0828756864702945,2005,0.0799640610961365,2006,HARYANA,ROHTAK,HARYANA||ROHTAK
62,36,0,34,0,23,3,19,243,471,306,43,29,110,2,22,13,29,80,0,203,605,2226,178,220,1041,139,43,0.0799640610961365,2006,0.0828274067649609,2007,HARYANA,ROHTAK,HARYANA||ROHTAK
56,49,2,18,0,30,7,20,209,472,275,56,36,62,6,31,18,32,92,0,220,695,2306,191,238,982,98,56,0.0828274067649609,2007,0.0851627554882664,2008,HARYANA,ROHTAK,HARYANA||ROHTAK
67,53,3,39,0,32,4,30,227,596,369,75,22,60,6,17,25,38,106,0,195,843,2642,225,303,1228,82,75,0.0851627554882664,2008,0.0828047921071176,2009,HARYANA,ROHTAK,HARYANA||ROHTAK
37,33,5,17,0,18,2,5,194,240,108,24,14,43,6,12,23,0,98,0,1,645,1768,150,141,553,57,24,0.084841628959276,2001,0.0899887514060742,2002,HARYANA,SIRSA,HARYANA||SIRSA
43,37,4,20,0,22,2,16,175,229,98,18,23,56,5,7,30,0,103,0,5,652,1778,160,162,523,79,18,0.0899887514060742,2002,0.0732673267326732,2003,HARYANA,SIRSA,HARYANA||SIRSA
38,36,2,22,0,18,2,11,155,209,89,17,21,55,8,9,10,0,70,0,6,468,1515,111,146,472,76,17,0.0732673267326732,2003,0.0947093403004572,2004,HARYANA,SIRSA,HARYANA||SIRSA
25,29,2,17,0,16,2,11,159,246,113,14,17,40,6,9,17,0,102,0,2,497,1531,145,116,535,57,14,0.0947093403004572,2004,0.0965806838632273,2005,HARYANA,SIRSA,HARYANA||SIRSA
31,23,2,15,0,16,3,11,186,256,106,16,9,50,6,10,17,0,119,0,3,562,1667,161,117,565,59,16,0.0965806838632273,2005,0.0893340552246886,2006,HARYANA,SIRSA,HARYANA||SIRSA
37,28,2,18,0,11,4,13,171,263,121,23,27,38,6,4,14,0,129,0,6,700,1847,165,136,574,65,23,0.0893340552246886,2006,0.1029411764705882,2007,HARYANA,SIRSA,HARYANA||SIRSA
29,22,2,23,0,21,3,14,154,357,183,38,22,46,14,5,21,0,154,0,6,714,1972,203,152,722,68,38,0.1029411764705882,2007,0.0924412665985699,2008,HARYANA,SIRSA,HARYANA||SIRSA
48,35,0,31,0,25,3,8,146,334,173,26,18,32,13,9,14,0,127,0,1,733,1958,181,176,674,50,26,0.0924412665985699,2008,0.0795586527293844,2009,HARYANA,SIRSA,HARYANA||SIRSA
73,49,4,15,0,26,5,28,130,347,165,6,10,43,8,18,22,14,51,0,132,607,1944,120,206,678,53,6,0.0617283950617283,2001,0.0596285434995112,2002,HARYANA,SONIPAT,HARYANA||SONIPAT
82,49,1,14,0,24,5,35,167,319,127,4,20,56,11,20,15,10,63,0,198,635,2046,122,214,659,76,4,0.0596285434995112,2002,0.0689277899343544,2003,HARYANA,SONIPAT,HARYANA||SONIPAT
62,37,5,15,0,26,3,13,127,271,128,1,20,55,9,17,21,5,68,0,182,550,1828,126,162,548,75,1,0.0689277899343544,2003,0.0736226231106777,2004,HARYANA,SONIPAT,HARYANA||SONIPAT
67,34,4,13,0,25,3,20,159,377,201,8,8,45,5,16,22,12,88,0,193,625,2051,151,174,762,53,8,0.0736226231106777,2004,0.0866141732283464,2005,HARYANA,SONIPAT,HARYANA||SONIPAT
73,42,1,28,0,39,2,35,178,464,231,8,20,74,6,14,21,22,124,0,210,752,2413,209,228,914,94,8,0.0866141732283464,2005,0.1006802721088435,2006,HARYANA,SONIPAT,HARYANA||SONIPAT
69,39,3,31,0,67,7,27,185,546,266,12,12,107,14,26,46,28,165,0,241,970,2940,296,255,1038,119,12,0.1006802721088435,2006,0.0923423423423423,2007,HARYANA,SONIPAT,HARYANA||SONIPAT
75,44,5,24,0,42,8,26,210,454,213,10,10,10,18,16,30,27,149,0,268,911,2664,246,234,921,20,10,0.0923423423423423,2007,0.0857227313035767,2008,HARYANA,SONIPAT,HARYANA||SONIPAT
84,48,4,36,0,59,11,69,229,659,331,11,21,86,13,24,31,50,149,0,310,1170,3383,290,322,1301,107,11,0.0857227313035767,2008,0.0714494021580635,2009,HARYANA,SONIPAT,HARYANA||SONIPAT
42,14,2,22,0,26,5,9,100,202,74,2,5,32,6,9,30,5,63,0,0,585,1405,129,122,391,37,2,0.091814946619217,2001,0.0676923076923076,2002,HARYANA,YAMUNANAGAR,HARYANA||YAMUNANAGAR
31,16,0,13,0,22,5,5,85,207,85,0,5,21,9,9,11,0,55,0,0,618,1300,88,92,391,26,0,0.0676923076923076,2002,0.0911925175370226,2003,HARYANA,YAMUNANAGAR,HARYANA||YAMUNANAGAR
22,15,3,12,0,15,1,10,95,187,101,0,7,32,7,4,15,0,86,0,0,623,1283,117,78,400,39,0,0.0911925175370226,2003,0.1247182569496619,2004,HARYANA,YAMUNANAGAR,HARYANA||YAMUNANAGAR
21,15,5,16,0,17,2,11,105,165,102,0,1,34,7,7,10,0,133,0,0,614,1331,166,87,390,35,0,0.1247182569496619,2004,0.0966608084358523,2005,HARYANA,YAMUNANAGAR,HARYANA||YAMUNANAGAR
29,16,4,14,0,25,3,12,174,330,201,0,10,55,5,4,20,0,127,0,0,691,1707,165,103,722,65,0,0.0966608084358523,2005,0.0912106135986733,2006,HARYANA,YAMUNANAGAR,HARYANA||YAMUNANAGAR
27,17,2,28,0,28,0,5,169,380,267,0,17,41,6,8,19,0,110,0,0,722,1809,165,107,827,58,0,0.0912106135986733,2006,0.0695847362514029,2007,HARYANA,YAMUNANAGAR,HARYANA||YAMUNANAGAR
32,23,2,25,0,35,1,21,160,371,252,3,9,41,5,6,17,0,76,0,0,732,1782,124,142,809,50,3,0.0695847362514029,2007,0.0810419681620839,2008,HARYANA,YAMUNANAGAR,HARYANA||YAMUNANAGAR
41,23,2,28,0,43,3,20,196,514,276,0,11,18,12,9,25,5,101,0,10,789,2073,168,160,1018,29,0,0.0810419681620839,2008,0.1108676599474145,2009,HARYANA,YAMUNANAGAR,HARYANA||YAMUNANAGAR
8,10,0,5,0,10,2,3,50,49,13,76,11,12,20,1,35,1,47,0,35,625,1074,89,114,135,23,76,0.0828677839851024,2001,0.0558751027115858,2002,HIMACHAL PRADESH,BILASPUR,HIMACHAL PRADESH||BILASPUR
11,15,1,9,0,8,0,1,59,56,11,119,12,7,32,0,36,1,22,0,49,705,1217,68,164,159,19,119,0.0558751027115858,2002,0.0473588342440801,2003,HIMACHAL PRADESH,BILASPUR,HIMACHAL PRADESH||BILASPUR
8,5,0,13,0,12,2,2,48,51,26,65,1,15,19,0,20,2,17,0,30,729,1098,52,107,146,16,65,0.0473588342440801,2003,0.0598368087035358,2004,HIMACHAL PRADESH,BILASPUR,HIMACHAL PRADESH||BILASPUR
9,11,0,10,0,8,0,4,41,55,13,47,5,13,16,0,28,0,28,0,38,724,1103,66,89,129,18,47,0.0598368087035358,2004,0.055793991416309,2005,HIMACHAL PRADESH,BILASPUR,HIMACHAL PRADESH||BILASPUR
13,7,3,8,0,9,1,1,34,59,11,28,8,22,20,0,30,0,27,0,44,792,1165,65,70,125,30,28,0.055793991416309,2005,0.0536912751677852,2006,HIMACHAL PRADESH,BILASPUR,HIMACHAL PRADESH||BILASPUR
6,9,1,11,0,4,1,3,42,60,10,35,12,7,19,0,27,3,23,0,37,845,1192,64,70,134,19,35,0.0536912751677852,2006,0.0615942028985507,2007,HIMACHAL PRADESH,BILASPUR,HIMACHAL PRADESH||BILASPUR
1,4,1,6,0,11,0,6,50,81,19,34,15,18,12,0,33,1,28,0,44,701,1104,68,63,168,33,34,0.0615942028985507,2007,0.0764818355640535,2008,HIMACHAL PRADESH,BILASPUR,HIMACHAL PRADESH||BILASPUR
5,2,1,10,0,7,0,2,46,64,8,38,7,17,6,2,28,5,35,0,19,713,1046,80,65,126,24,38,0.0764818355640535,2008,0.063969896519285,2009,HIMACHAL PRADESH,BILASPUR,HIMACHAL PRADESH||BILASPUR
13,3,0,12,0,17,0,1,92,29,4,6,5,8,8,0,23,1,21,0,40,213,555,57,52,134,13,6,0.1027027027027027,2001,0.0768094534711964,2002,HIMACHAL PRADESH,CHAMBA,HIMACHAL PRADESH||CHAMBA
15,2,0,16,0,14,0,1,127,25,3,13,5,6,8,2,21,1,12,0,44,301,677,52,61,164,11,13,0.0768094534711964,2002,0.0529914529914529,2003,HIMACHAL PRADESH,CHAMBA,HIMACHAL PRADESH||CHAMBA
6,3,0,10,0,14,0,0,111,34,9,14,4,6,15,0,13,0,8,0,44,242,585,31,47,169,10,14,0.0529914529914529,2003,0.0765550239234449,2004,HIMACHAL PRADESH,CHAMBA,HIMACHAL PRADESH||CHAMBA
8,5,1,14,0,22,0,0,134,27,4,10,2,9,2,1,22,0,11,0,40,264,627,48,60,167,11,10,0.0765550239234449,2004,0.0741379310344827,2005,HIMACHAL PRADESH,CHAMBA,HIMACHAL PRADESH||CHAMBA
9,8,1,12,0,8,0,1,110,36,4,12,1,1,11,1,20,0,10,0,31,249,580,43,51,162,2,12,0.0741379310344827,2005,0.0422297297297297,2006,HIMACHAL PRADESH,CHAMBA,HIMACHAL PRADESH||CHAMBA
14,4,0,4,0,12,0,0,108,39,10,9,3,1,6,0,18,0,3,0,37,286,592,25,43,163,4,9,0.0422297297297297,2006,0.0538461538461538,2007,HIMACHAL PRADESH,CHAMBA,HIMACHAL PRADESH||CHAMBA
9,3,0,15,0,11,0,0,131,54,12,21,3,8,10,0,20,1,6,0,66,347,780,42,59,207,11,21,0.0538461538461538,2007,0.0604467805519053,2008,HIMACHAL PRADESH,CHAMBA,HIMACHAL PRADESH||CHAMBA
10,3,1,10,0,16,0,1,112,52,5,21,2,3,4,0,26,0,10,0,44,384,761,46,62,174,5,21,0.0604467805519053,2008,0.0886075949367088,2009,HIMACHAL PRADESH,CHAMBA,HIMACHAL PRADESH||CHAMBA
1,0,0,0,0,0,0,0,0,1,0,1,0,0,0,0,0,0,0,0,0,1,4,0,2,1,0,1,0.0,2001,0.0,2002,HIMACHAL PRADESH,G.R.P.,HIMACHAL PRADESH||GRP
0,0,0,0,0,1,0,0,1,1,0,2,0,0,0,0,0,0,0,0,0,2,8,0,3,2,0,2,0.0,2002,0.0,2003,HIMACHAL PRADESH,G.R.P.,HIMACHAL PRADESH||GRP
0,0,0,0,0,0,0,0,0,0,0,0,0,0,0,0,0,0,0,0,0,1,1,0,0,0,0,0,0.0,2003,0.0,2004,HIMACHAL PRADESH,G.R.P.,HIMACHAL PRADESH||GRP
0,0,0,0,0,0,0,0,0,2,0,0,0,0,0,0,0,0,0,0,0,6,8,0,0,2,0,0,0.0,2004,0.0,2005,HIMACHAL PRADESH,G.R.P.,HIMACHAL PRADESH||GRP
0,0,0,0,0,0,0,0,2,5,0,0,0,0,0,0,0,0,0,0,0,3,10,0,0,7,0,0,0.0,2005,0.0,2006,HIMACHAL PRADESH,G.R.P.,HIMACHAL PRADESH||GRP
0,0,0,0,0,0,0,1,1,0,0,0,0,0,0,0,0,0,0,0,0,4,6,0,1,2,0,0,0.0,2006,0.0,2007,HIMACHAL PRADESH,G.R.P.,HIMACHAL PRADESH||GRP
0,0,0,0,0,0,0,0,0,3,0,1,0,0,0,0,0,0,0,0,0,0,4,0,1,3,0,1,0.0,2007,0.0,2008,HIMACHAL PRADESH,G.R.P.,HIMACHAL PRADESH||GRP
0,0,0,0,0,0,0,0,0,3,0,0,0,0,0,0,0,0,0,0,0,5,8,0,0,3,0,0,0.0,2008,0.0,2009,HIMACHAL PRADESH,G.R.P.,HIMACHAL PRADESH||GRP
2,5,1,3,0,3,0,1,29,17,1,26,5,11,7,1,17,2,33,0,44,362,747,56,41,55,16,26,0.0749665327978581,2001,0.0528789659224441,2002,HIMACHAL PRADESH,HAMIRPUR,HIMACHAL PRADESH||HAMIRPUR
8,6,1,3,0,14,0,1,18,28,6,36,7,11,6,0,17,1,24,0,36,440,851,45,69,59,18,36,0.0528789659224441,2002,0.0403225806451612,2003,HIMACHAL PRADESH,HAMIRPUR,HIMACHAL PRADESH||HAMIRPUR
4,5,0,6,0,8,0,0,25,25,5,30,3,13,9,0,13,1,15,0,43,440,868,35,53,64,16,30,0.0403225806451612,2003,0.0576923076923076,2004,HIMACHAL PRADESH,HAMIRPUR,HIMACHAL PRADESH||HAMIRPUR
9,8,1,5,0,10,0,0,37,42,7,34,9,9,3,0,24,2,23,0,37,444,936,54,67,89,18,34,0.0576923076923076,2004,0.0406917599186164,2005,HIMACHAL PRADESH,HAMIRPUR,HIMACHAL PRADESH||HAMIRPUR
4,2,3,4,0,4,0,0,52,42,9,32,11,20,10,0,11,4,21,0,35,482,983,40,49,113,31,32,0.0406917599186164,2005,0.0560661764705882,2006,HIMACHAL PRADESH,HAMIRPUR,HIMACHAL PRADESH||HAMIRPUR
10,4,1,1,0,4,0,0,55,48,8,28,5,18,15,0,18,8,34,0,21,579,1088,61,48,126,23,28,0.0560661764705882,2006,0.0739750445632798,2007,HIMACHAL PRADESH,HAMIRPUR,HIMACHAL PRADESH||HAMIRPUR
7,1,1,5,0,16,0,1,71,67,8,32,5,9,15,1,29,13,35,0,26,541,1122,83,63,162,14,32,0.0739750445632798,2007,0.0719499478623566,2008,HIMACHAL PRADESH,HAMIRPUR,HIMACHAL PRADESH||HAMIRPUR
6,0,0,8,0,12,0,0,63,75,23,23,12,16,16,0,15,7,39,0,21,439,959,69,49,177,28,23,0.0719499478623566,2008,0.0705128205128205,2009,HIMACHAL PRADESH,HAMIRPUR,HIMACHAL PRADESH||HAMIRPUR
24,16,3,18,0,30,1,4,146,108,26,125,1,29,26,1,43,0,58,0,2,1119,2035,120,221,310,30,125,0.0589680589680589,2001,0.0504844467108618,2002,HIMACHAL PRADESH,KANGRA,HIMACHAL PRADESH||KANGRA
28,22,1,14,0,20,0,2,90,86,26,95,4,30,24,2,50,1,32,0,4,1169,1961,99,182,228,34,95,0.0504844467108618,2002,0.0352357320099255,2003,HIMACHAL PRADESH,KANGRA,HIMACHAL PRADESH||KANGRA
38,16,0,8,0,7,1,2,75,70,30,121,6,15,18,0,28,0,35,0,9,1341,2015,71,193,195,21,121,0.0352357320099255,2003,0.0529897909577053,2004,HIMACHAL PRADESH,KANGRA,HIMACHAL PRADESH||KANGRA
18,15,3,15,0,15,0,1,97,81,27,111,9,24,26,2,34,1,57,0,4,1343,2057,109,178,232,33,111,0.0529897909577053,2004,0.0523974295600593,2005,HIMACHAL PRADESH,KANGRA,HIMACHAL PRADESH||KANGRA
21,13,6,23,0,22,2,4,95,99,23,97,3,31,15,0,27,8,48,0,1,1289,2023,106,188,236,34,97,0.0523974295600593,2005,0.0526315789473684,2006,HIMACHAL PRADESH,KANGRA,HIMACHAL PRADESH||KANGRA
19,19,3,12,0,25,2,1,91,113,33,116,11,31,21,0,34,9,57,0,6,1395,2128,112,197,259,42,116,0.0526315789473684,2006,0.0619629127091813,2007,HIMACHAL PRADESH,KANGRA,HIMACHAL PRADESH||KANGRA
22,11,1,20,0,25,0,1,94,125,31,136,12,31,13,3,38,4,72,0,6,1399,2211,137,216,264,43,136,0.0619629127091813,2007,0.059825327510917,2008,HIMACHAL PRADESH,KANGRA,HIMACHAL PRADESH||KANGRA
19,20,1,19,0,20,0,4,123,249,69,118,12,65,20,0,37,13,68,0,6,1260,2290,137,201,465,77,118,0.059825327510917,2008,0.0506838294448913,2009,HIMACHAL PRADESH,KANGRA,HIMACHAL PRADESH||KANGRA
5,0,0,6,0,3,0,0,24,2,0,4,2,0,1,0,4,0,2,0,26,64,147,12,18,27,2,4,0.0816326530612244,2001,0.1168831168831168,2002,HIMACHAL PRADESH,KINNAUR,HIMACHAL PRADESH||KINNAUR
2,0,0,4,0,3,0,0,19,11,0,10,1,1,1,0,6,1,7,0,22,50,154,18,19,31,2,10,0.1168831168831168,2002,0.0641025641025641,2003,HIMACHAL PRADESH,KINNAUR,HIMACHAL PRADESH||KINNAUR
3,1,1,6,0,4,0,0,36,16,0,9,2,1,0,0,2,0,2,0,17,47,156,10,24,52,3,9,0.0641025641025641,2003,0.0842105263157894,2004,HIMACHAL PRADESH,KINNAUR,HIMACHAL PRADESH||KINNAUR
3,1,0,8,0,3,0,0,38,10,1,5,2,2,1,0,4,0,4,0,21,74,190,16,20,50,4,5,0.0842105263157894,2004,0.0735930735930736,2005,HIMACHAL PRADESH,KINNAUR,HIMACHAL PRADESH||KINNAUR
3,1,0,4,0,3,1,1,36,10,0,10,0,0,0,0,6,1,6,0,14,121,231,17,23,47,0,10,0.0735930735930736,2005,0.0346320346320346,2006,HIMACHAL PRADESH,KINNAUR,HIMACHAL PRADESH||KINNAUR
2,0,0,2,0,5,0,0,27,12,1,21,1,0,2,0,2,1,3,0,21,120,231,8,30,42,1,21,0.0346320346320346,2006,0.0651162790697674,2007,HIMACHAL PRADESH,KINNAUR,HIMACHAL PRADESH||KINNAUR
7,0,0,9,0,1,0,0,31,12,1,13,6,5,1,0,1,0,4,0,20,94,215,14,30,45,11,13,0.0651162790697674,2007,0.0588235294117647,2008,HIMACHAL PRADESH,KINNAUR,HIMACHAL PRADESH||KINNAUR
1,0,0,4,0,2,0,1,27,9,1,11,3,0,0,0,3,0,3,0,26,71,170,10,19,38,3,11,0.0588235294117647,2008,0.0541871921182266,2009,HIMACHAL PRADESH,KINNAUR,HIMACHAL PRADESH||KINNAUR
13,1,0,13,0,7,0,1,50,17,5,27,3,7,6,0,12,0,2,0,36,398,630,27,62,79,10,27,0.0428571428571428,2001,0.0605652759084791,2002,HIMACHAL PRADESH,KULLU,HIMACHAL PRADESH||KULLU
8,2,1,14,0,11,0,0,30,29,8,23,5,10,4,0,20,0,11,0,40,493,743,45,59,71,15,23,0.0605652759084791,2002,0.073627844712182,2003,HIMACHAL PRADESH,KULLU,HIMACHAL PRADESH||KULLU
14,1,2,16,0,8,1,3,43,29,6,30,2,8,6,2,24,0,13,0,37,461,747,55,75,87,10,30,0.073627844712182,2003,0.0455696202531645,2004,HIMACHAL PRADESH,KULLU,HIMACHAL PRADESH||KULLU
9,4,0,13,0,13,0,7,50,40,8,40,4,9,6,1,11,1,10,0,47,469,790,36,86,111,13,40,0.0455696202531645,2004,0.0620689655172413,2005,HIMACHAL PRADESH,KULLU,HIMACHAL PRADESH||KULLU
10,13,1,19,0,24,1,8,82,77,9,49,2,4,2,0,23,0,12,0,43,448,870,54,125,178,6,49,0.0620689655172413,2005,0.0598086124401913,2006,HIMACHAL PRADESH,KULLU,HIMACHAL PRADESH||KULLU
5,4,3,10,0,9,0,7,57,62,7,55,4,6,8,0,24,0,16,0,51,469,836,50,93,141,10,55,0.0598086124401913,2006,0.0637254901960784,2007,HIMACHAL PRADESH,KULLU,HIMACHAL PRADESH||KULLU
11,2,1,22,0,12,1,2,61,74,13,64,5,20,5,0,22,3,18,0,48,597,1020,65,115,155,25,64,0.0637254901960784,2007,0.0702554744525547,2008,HIMACHAL PRADESH,KULLU,HIMACHAL PRADESH||KULLU
15,3,0,16,0,19,0,2,62,80,14,54,5,13,8,0,31,2,28,0,52,665,1096,77,109,166,18,54,0.0702554744525547,2008,0.0665972944849115,2009,HIMACHAL PRADESH,KULLU,HIMACHAL PRADESH||KULLU
1,0,0,2,0,1,0,1,5,1,0,2,0,1,1,0,0,0,1,0,9,24,50,3,7,8,1,2,0.06,2001,0.0294117647058823,2002,HIMACHAL PRADESH,LAHAUL-SPITI,HIMACHAL PRADESH||LAHAUL SPITI
2,0,0,0,0,0,0,1,5,5,0,0,2,0,0,0,2,0,0,0,8,41,68,2,3,11,2,0,0.0294117647058823,2002,0.0508474576271186,2003,HIMACHAL PRADESH,LAHAUL-SPITI,HIMACHAL PRADESH||LAHAUL SPITI
0,0,0,2,0,0,0,0,2,1,0,1,0,1,0,0,0,0,1,0,14,36,59,3,3,3,1,1,0.0508474576271186,2003,0.0192307692307692,2004,HIMACHAL PRADESH,LAHAUL-SPITI,HIMACHAL PRADESH||LAHAUL SPITI
2,0,0,0,0,0,0,0,1,1,0,2,2,1,0,0,0,0,1,0,12,27,52,1,4,2,3,2,0.0192307692307692,2004,0.0196078431372549,2005,HIMACHAL PRADESH,LAHAUL-SPITI,HIMACHAL PRADESH||LAHAUL SPITI
0,0,0,0,0,1,0,0,0,2,0,0,1,0,0,0,0,0,1,0,9,34,51,1,1,2,1,0,0.0196078431372549,2005,0.0172413793103448,2006,HIMACHAL PRADESH,LAHAUL-SPITI,HIMACHAL PRADESH||LAHAUL SPITI
1,0,0,0,0,1,0,1,2,2,0,1,2,0,2,0,0,0,1,0,4,36,58,1,4,7,2,1,0.0172413793103448,2006,0.0246913580246913,2007,HIMACHAL PRADESH,LAHAUL-SPITI,HIMACHAL PRADESH||LAHAUL SPITI
1,0,0,1,0,1,0,0,2,3,0,3,0,0,0,0,1,0,0,0,13,53,81,2,6,5,0,3,0.0246913580246913,2007,0.0285714285714285,2008,HIMACHAL PRADESH,LAHAUL-SPITI,HIMACHAL PRADESH||LAHAUL SPITI
1,0,0,1,0,0,0,0,4,1,1,1,1,1,0,0,0,0,1,0,4,55,70,2,3,6,2,1,0.0285714285714285,2008,0.078125,2009,HIMACHAL PRADESH,LAHAUL-SPITI,HIMACHAL PRADESH||LAHAUL SPITI
18,8,0,16,0,11,0,3,107,64,18,83,6,22,34,0,59,4,56,0,75,963,1747,135,139,226,28,83,0.0772753291356611,2001,0.0732394366197183,2002,HIMACHAL PRADESH,MANDI,HIMACHAL PRADESH||MANDI
5,9,2,24,0,9,0,3,85,70,23,56,6,13,38,2,51,6,47,0,64,1068,1775,130,108,219,19,56,0.0732394366197183,2002,0.0693807339449541,2003,HIMACHAL PRADESH,MANDI,HIMACHAL PRADESH||MANDI
10,9,0,23,0,7,0,0,85,63,17,67,7,19,24,1,52,2,43,0,69,1086,1744,121,116,189,26,67,0.0693807339449541,2003,0.0593659942363112,2004,HIMACHAL PRADESH,MANDI,HIMACHAL PRADESH||MANDI
19,7,1,15,0,7,0,2,97,63,15,45,6,30,29,1,56,2,29,0,61,1071,1735,103,96,206,36,45,0.0593659942363112,2004,0.0595794392523364,2005,HIMACHAL PRADESH,MANDI,HIMACHAL PRADESH||MANDI
7,12,1,8,0,10,0,2,65,62,22,46,5,16,16,0,70,4,20,0,62,1150,1712,102,86,167,21,46,0.0595794392523364,2005,0.0528541226215644,2006,HIMACHAL PRADESH,MANDI,HIMACHAL PRADESH||MANDI
12,6,0,18,0,12,0,3,61,78,20,37,54,7,13,0,51,4,27,0,66,1279,1892,100,88,175,61,37,0.0528541226215644,2006,0.0753517930095324,2007,HIMACHAL PRADESH,MANDI,HIMACHAL PRADESH||MANDI
14,7,1,30,0,25,0,3,85,117,32,68,23,21,32,0,70,6,60,0,81,1448,2203,166,148,269,44,68,0.0753517930095324,2007,0.0736940298507462,2008,HIMACHAL PRADESH,MANDI,HIMACHAL PRADESH||MANDI
19,7,0,32,0,14,0,3,95,98,29,68,11,31,28,1,75,8,42,0,61,1420,2144,158,143,253,42,68,0.0736940298507462,2008,0.0593701600413009,2009,HIMACHAL PRADESH,MANDI,HIMACHAL PRADESH||MANDI
14,13,2,18,0,13,0,7,170,188,42,122,13,31,13,2,50,1,31,0,60,1127,1964,102,189,420,44,122,0.0519348268839103,2001,0.048804780876494,2002,HIMACHAL PRADESH,SHIMLA,HIMACHAL PRADESH||SHIMLA
15,10,0,27,0,22,0,2,120,119,26,115,13,26,10,0,49,0,22,0,69,1311,2008,98,191,277,39,115,0.048804780876494,2002,0.0438104941416199,2003,HIMACHAL PRADESH,SHIMLA,HIMACHAL PRADESH||SHIMLA
18,15,0,21,0,21,1,3,143,152,45,105,16,20,10,2,40,8,15,0,88,1206,1963,86,184,353,36,105,0.0438104941416199,2003,0.0542168674698795,2004,HIMACHAL PRADESH,SHIMLA,HIMACHAL PRADESH||SHIMLA
10,10,2,34,0,16,1,5,139,154,43,114,32,42,10,1,43,6,24,0,77,1187,1992,108,192,351,74,114,0.0542168674698795,2004,0.0592334494773519,2005,HIMACHAL PRADESH,SHIMLA,HIMACHAL PRADESH||SHIMLA
15,6,1,32,0,14,0,3,94,147,31,122,32,36,8,0,51,7,29,0,78,1256,2009,119,193,283,68,122,0.0592334494773519,2005,0.0515773660490736,2006,HIMACHAL PRADESH,SHIMLA,HIMACHAL PRADESH||SHIMLA
16,13,0,34,0,28,2,11,134,176,38,88,20,20,15,0,39,0,30,0,80,1217,1997,103,192,374,40,88,0.0515773660490736,2006,0.0555032925682031,2007,HIMACHAL PRADESH,SHIMLA,HIMACHAL PRADESH||SHIMLA
15,15,1,27,0,28,0,9,126,246,34,111,22,47,37,1,46,0,44,0,96,1191,2126,118,206,452,69,111,0.0555032925682031,2007,0.0443070582174137,2008,HIMACHAL PRADESH,SHIMLA,HIMACHAL PRADESH||SHIMLA
15,10,0,22,0,20,1,3,139,225,60,108,26,41,27,0,31,0,33,0,79,1106,1941,86,179,454,67,108,0.0443070582174137,2008,0.0589903573454339,2009,HIMACHAL PRADESH,SHIMLA,HIMACHAL PRADESH||SHIMLA
3,5,0,10,0,13,0,4,37,27,8,56,2,12,4,3,33,4,22,0,47,361,703,72,91,80,14,56,0.1024182076813655,2001,0.0842696629213483,2002,HIMACHAL PRADESH,SIRMAUR,HIMACHAL PRADESH||SIRMAUR
9,9,0,11,0,10,0,1,44,24,5,74,6,11,10,0,34,0,15,0,53,339,712,60,114,84,17,74,0.0842696629213483,2002,0.0769230769230769,2003,HIMACHAL PRADESH,SIRMAUR,HIMACHAL PRADESH||SIRMAUR
6,4,1,8,0,15,0,2,28,38,15,63,4,10,6,1,24,0,18,0,26,350,663,51,99,89,14,63,0.0769230769230769,2003,0.0751445086705202,2004,HIMACHAL PRADESH,SIRMAUR,HIMACHAL PRADESH||SIRMAUR
9,3,1,9,0,13,0,3,36,27,7,58,7,12,7,1,23,4,15,0,38,380,692,52,96,80,19,58,0.0751445086705202,2004,0.0777777777777777,2005,HIMACHAL PRADESH,SIRMAUR,HIMACHAL PRADESH||SIRMAUR
12,5,0,11,0,9,0,0,33,33,12,58,2,11,4,0,20,4,21,0,50,407,720,56,95,82,13,58,0.0777777777777777,2005,0.0731070496083551,2006,HIMACHAL PRADESH,SIRMAUR,HIMACHAL PRADESH||SIRMAUR
10,9,1,3,0,6,1,0,32,63,22,73,3,17,5,1,23,3,26,0,55,384,766,56,103,122,20,73,0.0731070496083551,2006,0.0747782002534854,2007,HIMACHAL PRADESH,SIRMAUR,HIMACHAL PRADESH||SIRMAUR
16,4,0,7,0,12,0,0,48,69,22,61,7,12,4,0,26,0,26,0,65,391,789,59,100,143,19,61,0.0747782002534854,2007,0.0666666666666666,2008,HIMACHAL PRADESH,SIRMAUR,HIMACHAL PRADESH||SIRMAUR
7,2,0,10,0,14,1,0,52,85,27,64,19,30,8,0,19,0,30,0,60,448,885,59,98,172,49,64,0.0666666666666666,2008,0.0869086908690869,2009,HIMACHAL PRADESH,SIRMAUR,HIMACHAL PRADESH||SIRMAUR
11,8,4,12,0,13,0,1,77,59,16,62,17,7,9,2,23,1,24,0,45,476,1130,62,111,162,24,62,0.0548672566371681,2001,0.0545023696682464,2002,HIMACHAL PRADESH,SOLAN,HIMACHAL PRADESH||SOLAN
7,6,0,9,0,18,0,2,63,62,16,60,8,7,2,0,28,1,31,0,36,609,1266,69,102,145,15,60,0.0545023696682464,2002,0.0465465465465465,2003,HIMACHAL PRADESH,SOLAN,HIMACHAL PRADESH||SOLAN
13,8,1,11,0,10,1,1,58,88,38,63,6,11,7,0,24,3,24,0,37,627,1332,62,108,192,17,63,0.0465465465465465,2003,0.0558035714285714,2004,HIMACHAL PRADESH,SOLAN,HIMACHAL PRADESH||SOLAN
4,7,3,20,0,9,0,2,49,89,45,64,13,12,6,0,27,0,28,0,43,603,1344,75,109,191,25,64,0.0558035714285714,2004,0.046925566343042,2005,HIMACHAL PRADESH,SOLAN,HIMACHAL PRADESH||SOLAN
6,8,6,15,0,9,0,2,42,63,24,65,11,9,5,1,22,1,19,0,71,536,1236,58,111,136,20,65,0.046925566343042,2005,0.0423023578363384,2006,HIMACHAL PRADESH,SOLAN,HIMACHAL PRADESH||SOLAN
10,3,4,9,0,18,1,2,80,87,42,75,15,14,5,1,28,2,21,0,69,680,1442,61,122,216,29,75,0.0423023578363384,2006,0.041358024691358,2007,HIMACHAL PRADESH,SOLAN,HIMACHAL PRADESH||SOLAN
10,9,2,8,0,17,2,0,112,143,58,70,23,24,10,3,26,0,30,0,82,683,1620,67,118,323,47,70,0.041358024691358,2007,0.0305851063829787,2008,HIMACHAL PRADESH,SOLAN,HIMACHAL PRADESH||SOLAN
16,3,2,14,0,15,3,4,95,126,69,70,25,13,6,0,13,2,17,0,62,659,1504,46,127,300,38,70,0.0305851063829787,2008,0.0444964871194379,2009,HIMACHAL PRADESH,SOLAN,HIMACHAL PRADESH||SOLAN
6,6,1,9,0,5,1,2,57,38,9,38,4,6,5,0,11,0,20,0,64,319,713,40,68,111,10,38,0.0561009817671809,2001,0.0361145703611457,2002,HIMACHAL PRADESH,UNA,HIMACHAL PRADESH||UNA
13,5,0,6,0,8,0,4,49,48,18,43,6,15,10,0,12,0,11,0,57,393,803,29,79,129,21,43,0.0361145703611457,2002,0.0564102564102564,2003,HIMACHAL PRADESH,UNA,HIMACHAL PRADESH||UNA
5,7,0,2,0,7,2,6,53,60,27,42,12,11,7,0,10,2,30,0,49,371,780,44,71,153,23,42,0.0564102564102564,2003,0.05625,2004,HIMACHAL PRADESH,UNA,HIMACHAL PRADESH||UNA
10,6,0,10,0,7,0,1,47,52,22,32,6,11,6,1,12,0,22,0,51,423,800,45,66,128,17,32,0.05625,2004,0.0331125827814569,2005,HIMACHAL PRADESH,UNA,HIMACHAL PRADESH||UNA
10,4,0,5,0,5,1,0,51,61,21,39,6,13,6,0,6,0,14,0,42,398,755,25,64,139,19,39,0.0331125827814569,2005,0.0462427745664739,2006,HIMACHAL PRADESH,UNA,HIMACHAL PRADESH||UNA
6,7,7,9,0,6,0,0,64,72,23,28,7,8,4,1,11,1,18,0,52,466,865,40,63,163,15,28,0.0462427745664739,2006,0.0454065469904963,2007,HIMACHAL PRADESH,UNA,HIMACHAL PRADESH||UNA
14,1,1,9,0,12,2,1,66,98,34,35,11,17,2,0,10,5,19,0,50,492,947,43,75,201,28,35,0.0454065469904963,2007,0.0626134301270417,2008,HIMACHAL PRADESH,UNA,HIMACHAL PRADESH||UNA
15,9,0,11,0,12,1,0,67,85,26,51,14,18,4,0,17,4,37,0,51,612,1102,69,99,182,32,51,0.0626134301270417,2008,0.0684104627766599,2009,HIMACHAL PRADESH,UNA,HIMACHAL PRADESH||UNA
74,41,0,6,0,59,5,16,126,83,15,67,5,28,51,0,53,12,0,0,23,435,1104,71,268,291,33,67,0.0643115942028985,2001,0.1008836524300441,2002,JAMMU & KASHMIR,ANANTNAG,JAMMU & KASHMIR||ANANTNAG
86,96,2,16,0,67,4,26,142,91,15,49,10,19,45,0,67,54,0,0,27,501,1358,137,346,319,29,49,0.1008836524300441,2002,0.086859688195991,2003,JAMMU & KASHMIR,ANANTNAG,JAMMU & KASHMIR||ANANTNAG
77,71,5,9,0,81,3,19,125,105,24,102,8,21,35,0,63,45,0,0,20,529,1347,117,367,308,29,102,0.086859688195991,2003,0.0875763747454175,2004,JAMMU & KASHMIR,ANANTNAG,JAMMU & KASHMIR||ANANTNAG
70,109,1,17,0,60,7,30,151,92,32,55,11,20,39,0,88,24,0,0,24,646,1473,129,349,344,31,55,0.0875763747454175,2004,0.0705882352941176,2005,JAMMU & KASHMIR,ANANTNAG,JAMMU & KASHMIR||ANANTNAG
37,49,5,9,0,83,4,22,146,122,28,47,12,19,29,0,63,35,1,0,23,804,1530,108,256,347,31,47,0.0705882352941176,2005,0.0767703507610853,2006,JAMMU & KASHMIR,ANANTNAG,JAMMU & KASHMIR||ANANTNAG
23,29,3,22,0,88,1,12,165,117,24,103,8,34,8,0,34,60,0,0,10,745,1511,116,281,326,42,103,0.0767703507610853,2006,0.0778625954198473,2007,JAMMU & KASHMIR,ANANTNAG,JAMMU & KASHMIR||ANANTNAG
9,27,5,16,0,65,0,5,147,120,34,92,11,39,17,0,57,29,0,0,31,586,1310,102,219,323,50,92,0.0778625954198473,2007,0.0759803921568627,2008,JAMMU & KASHMIR,ANANTNAG,JAMMU & KASHMIR||ANANTNAG
10,6,0,13,0,74,1,7,115,149,38,148,2,35,16,0,63,17,0,0,0,566,1224,93,259,325,37,148,0.0759803921568627,2008,0.0961952620244077,2009,JAMMU & KASHMIR,ANANTNAG,JAMMU & KASHMIR||ANANTNAG
25,3,0,1,0,14,0,4,21,19,1,10,0,1,9,0,8,2,0,0,0,196,316,11,57,54,1,10,0.0348101265822784,2001,0.0517799352750809,2002,JAMMU & KASHMIR,AWANTIPORA,JAMMU & KASHMIR||AWANTIPORA
26,0,0,1,0,16,2,17,7,18,2,10,0,8,1,0,12,3,0,0,0,182,309,16,72,45,8,10,0.0517799352750809,2002,0.0758426966292134,2003,JAMMU & KASHMIR,AWANTIPORA,JAMMU & KASHMIR||AWANTIPORA
8,3,1,2,0,13,1,6,49,23,3,13,0,1,0,0,21,4,0,0,0,208,356,27,47,81,1,13,0.0758426966292134,2003,0.0859375,2004,JAMMU & KASHMIR,AWANTIPORA,JAMMU & KASHMIR||AWANTIPORA
18,3,0,8,0,12,0,1,32,37,7,10,4,12,0,0,23,2,0,0,16,205,384,33,52,77,16,10,0.0859375,2004,0.0853658536585365,2005,JAMMU & KASHMIR,AWANTIPORA,JAMMU & KASHMIR||AWANTIPORA
29,7,0,7,0,11,0,1,37,50,5,17,0,9,0,0,25,3,0,0,0,213,410,35,72,93,9,17,0.0853658536585365,2005,0.1107784431137724,2006,JAMMU & KASHMIR,AWANTIPORA,JAMMU & KASHMIR||AWANTIPORA
19,5,0,9,0,12,1,8,29,15,7,12,3,9,0,0,25,3,0,0,0,183,334,37,66,59,12,12,0.1107784431137724,2006,0.1087533156498673,2007,JAMMU & KASHMIR,AWANTIPORA,JAMMU & KASHMIR||AWANTIPORA
13,2,0,5,0,13,0,4,24,35,10,22,2,3,1,0,29,7,0,0,13,202,377,41,59,74,5,22,0.1087533156498673,2007,0.1253405994550408,2008,JAMMU & KASHMIR,AWANTIPORA,JAMMU & KASHMIR||AWANTIPORA
2,3,0,4,0,13,0,1,20,39,2,30,0,2,1,0,40,1,1,0,12,197,367,46,53,63,2,30,0.1253405994550408,2008,0.0466101694915254,2009,JAMMU & KASHMIR,AWANTIPORA,JAMMU & KASHMIR||AWANTIPORA
3,3,0,1,0,45,0,3,38,57,1,57,0,7,6,0,74,7,0,0,0,166,467,82,112,105,7,57,0.1755888650963597,2008,0.1741935483870967,2009,JAMMU & KASHMIR,BANDIPORA,JAMMU & KASHMIR||BANDIPORA
144,155,2,28,0,75,2,16,114,156,19,146,3,11,40,0,93,14,0,0,22,492,1533,135,568,345,14,146,0.0880626223091976,2001,0.0941734417344173,2002,JAMMU & KASHMIR,BARAMULLA,JAMMU & KASHMIR||BARAMULLA
121,111,2,14,0,87,4,15,129,155,22,125,2,16,22,0,94,31,0,0,0,533,1476,139,479,343,18,125,0.0941734417344173,2002,0.1107438016528925,2003,JAMMU & KASHMIR,BARAMULLA,JAMMU & KASHMIR||BARAMULLA
95,92,2,18,0,90,1,9,156,208,40,172,10,22,18,0,159,23,1,0,0,712,1815,201,479,431,32,172,0.1107438016528925,2003,0.1206611570247934,2004,JAMMU & KASHMIR,BARAMULLA,JAMMU & KASHMIR||BARAMULLA
86,83,2,15,0,87,0,6,139,197,29,116,6,17,32,1,167,36,0,0,0,806,1815,219,395,403,23,116,0.1206611570247934,2004,0.1281599059376837,2005,JAMMU & KASHMIR,BARAMULLA,JAMMU & KASHMIR||BARAMULLA
78,93,4,16,0,109,0,11,156,166,13,134,10,13,24,0,166,36,0,0,0,660,1701,218,445,370,23,134,0.1281599059376837,2005,0.1140456182472989,2006,JAMMU & KASHMIR,BARAMULLA,JAMMU & KASHMIR||BARAMULLA
63,115,3,15,0,111,1,10,140,125,16,120,3,18,14,0,153,21,1,0,0,738,1666,190,438,305,21,120,0.1140456182472989,2006,0.099740932642487,2007,JAMMU & KASHMIR,BARAMULLA,JAMMU & KASHMIR||BARAMULLA
47,79,3,31,0,102,4,3,148,181,17,83,8,16,23,0,93,28,2,0,0,669,1544,154,352,372,24,83,0.099740932642487,2007,0.0850040096230954,2008,JAMMU & KASHMIR,BARAMULLA,JAMMU & KASHMIR||BARAMULLA
18,35,5,13,0,63,0,4,130,144,19,141,6,6,14,0,80,12,1,0,0,563,1247,106,279,311,12,141,0.0850040096230954,2008,0.1050632911392405,2009,JAMMU & KASHMIR,BARAMULLA,JAMMU & KASHMIR||BARAMULLA
6,42,0,12,0,10,0,0,24,19,2,15,6,16,2,0,15,5,3,0,39,480,708,35,85,47,22,15,0.0494350282485875,2001,0.0486486486486486,2002,JAMMU & KASHMIR,BORDER,JAMMU & KASHMIR||BORDER
7,26,1,5,0,14,0,3,12,16,4,30,2,6,4,0,8,23,0,0,32,535,740,36,86,39,8,30,0.0486486486486486,2002,0.0455729166666666,2003,JAMMU & KASHMIR,BORDER,JAMMU & KASHMIR||BORDER
8,26,0,9,0,8,2,1,23,32,6,26,2,9,5,0,8,11,7,0,52,529,768,35,80,67,11,26,0.0455729166666666,2003,0.032258064516129,2004,JAMMU & KASHMIR,BORDER,JAMMU & KASHMIR||BORDER
7,12,0,4,0,11,0,0,14,19,1,13,1,8,1,0,10,7,2,0,38,548,713,23,47,35,9,13,0.032258064516129,2004,0.0325670498084291,2005,JAMMU & KASHMIR,BORDER,JAMMU & KASHMIR||BORDER
9,15,0,6,0,12,0,0,16,32,6,21,3,5,2,1,3,7,4,0,0,403,555,21,63,56,8,21,0.0378378378378378,2006,0.0392464678178963,2007,JAMMU & KASHMIR,BORDER DISTRICT,JAMMU & KASHMIR||BORDER DISTRICT
78,103,6,7,0,40,0,2,65,94,5,88,3,6,13,0,35,9,0,0,22,241,812,51,324,179,9,88,0.062807881773399,2001,0.1263537906137184,2002,JAMMU & KASHMIR,BUDGAM,JAMMU & KASHMIR||BUDGAM
46,23,2,12,0,40,2,3,47,109,16,87,2,13,18,0,80,13,0,0,22,310,831,105,215,193,15,87,0.1263537906137184,2002,0.1009771986970684,2003,JAMMU & KASHMIR,BUDGAM,JAMMU & KASHMIR||BUDGAM
48,24,5,11,0,46,0,1,80,119,20,82,3,13,13,0,69,12,1,0,20,368,921,93,217,233,16,82,0.1009771986970684,2003,0.1081900910010111,2004,JAMMU & KASHMIR,BUDGAM,JAMMU & KASHMIR||BUDGAM
60,38,3,6,0,61,0,7,61,147,19,92,2,5,8,0,87,14,0,0,18,376,989,107,267,242,7,92,0.1081900910010111,2004,0.1015544041450777,2005,JAMMU & KASHMIR,BUDGAM,JAMMU & KASHMIR||BUDGAM
27,29,3,6,0,63,1,2,82,141,20,118,3,9,13,0,75,17,0,0,22,346,965,98,249,258,12,118,0.1015544041450777,2005,0.1222896790980052,2006,JAMMU & KASHMIR,BUDGAM,JAMMU & KASHMIR||BUDGAM
12,31,3,5,0,54,0,8,82,184,24,129,2,11,5,0,121,14,1,0,18,472,1153,141,242,303,13,129,0.1222896790980052,2006,0.124251497005988,2007,JAMMU & KASHMIR,BUDGAM,JAMMU & KASHMIR||BUDGAM
5,18,1,17,0,72,0,9,92,176,12,111,2,21,8,0,118,31,0,0,8,641,1336,166,233,297,23,111,0.124251497005988,2007,0.089031339031339,2008,JAMMU & KASHMIR,BUDGAM,JAMMU & KASHMIR||BUDGAM
3,27,4,8,0,66,0,4,84,186,12,230,3,31,9,0,88,29,0,0,19,609,1404,125,342,295,34,230,0.089031339031339,2008,0.1095690284879474,2009,JAMMU & KASHMIR,BUDGAM,JAMMU & KASHMIR||BUDGAM
0,0,0,0,0,0,0,0,0,0,0,0,0,27,0,0,0,0,0,0,0,0,27,0,0,0,27,0,0.0,2001,0.0,2002,JAMMU & KASHMIR,CRIME JAMMU,JAMMU & KASHMIR||CRIME JAMMU
1,0,0,0,0,0,0,0,0,0,0,0,1,44,0,0,0,0,0,0,0,2,48,0,1,0,45,0,0.0,2002,0.0,2003,JAMMU & KASHMIR,CRIME JAMMU,JAMMU & KASHMIR||CRIME JAMMU
1,0,0,0,0,0,0,0,0,0,0,0,0,34,0,0,0,0,0,0,0,1,36,0,1,0,34,0,0.0,2003,0.0,2004,JAMMU & KASHMIR,CRIME JAMMU,JAMMU & KASHMIR||CRIME JAMMU
0,0,0,0,0,0,0,0,0,0,0,0,0,52,0,0,0,0,0,0,0,0,52,0,0,0,52,0,0.0,2004,0.0,2005,JAMMU & KASHMIR,CRIME JAMMU,JAMMU & KASHMIR||CRIME JAMMU
2,0,0,0,0,0,0,0,0,0,0,0,0,43,0,0,0,0,0,0,0,1,46,0,2,0,43,0,0.0,2005,0.0,2006,JAMMU & KASHMIR,CRIME JAMMU,JAMMU & KASHMIR||CRIME JAMMU
3,0,0,0,0,0,0,0,0,0,0,0,0,22,0,0,0,0,0,0,0,1,26,0,3,0,22,0,0.0,2006,0.0,2007,JAMMU & KASHMIR,CRIME JAMMU,JAMMU & KASHMIR||CRIME JAMMU
0,0,0,0,0,0,0,0,0,0,0,0,0,43,0,0,0,0,0,0,0,1,44,0,0,0,43,0,0.0,2007,0.0,2008,JAMMU & KASHMIR,CRIME JAMMU,JAMMU & KASHMIR||CRIME JAMMU
2,0,0,0,0,0,0,0,0,1,0,0,0,22,0,0,0,0,0,0,0,0,25,0,2,1,22,0,0.0,2008,0.0,2009,JAMMU & KASHMIR,CRIME JAMMU,JAMMU & KASHMIR||CRIME JAMMU
0,0,0,0,0,0,0,0,0,0,0,0,8,61,0,0,0,0,0,0,0,0,69,0,0,0,69,0,0.0,2001,0.0,2002,JAMMU & KASHMIR,CRIME SRINAGAR,JAMMU & KASHMIR||CRIME SRINAGAR
1,0,0,0,0,0,0,0,0,0,0,0,1,61,0,0,0,0,0,0,0,0,63,0,1,0,62,0,0.0,2002,0.0,2003,JAMMU & KASHMIR,CRIME SRINAGAR,JAMMU & KASHMIR||CRIME SRINAGAR
1,0,0,0,0,0,0,0,0,0,0,0,6,74,0,0,0,0,0,0,0,0,81,0,1,0,80,0,0.0,2003,0.0,2004,JAMMU & KASHMIR,CRIME SRINAGAR,JAMMU & KASHMIR||CRIME SRINAGAR
0,0,0,0,0,0,0,0,0,0,0,0,9,99,0,0,0,0,0,0,0,0,108,0,0,0,108,0,0.0,2004,0.0,2005,JAMMU & KASHMIR,CRIME SRINAGAR,JAMMU & KASHMIR||CRIME SRINAGAR
0,0,0,0,0,0,0,0,0,0,0,0,7,85,0,0,0,0,0,0,0,1,93,0,0,0,92,0,0.0,2005,0.0,2006,JAMMU & KASHMIR,CRIME SRINAGAR,JAMMU & KASHMIR||CRIME SRINAGAR
0,0,0,0,0,0,0,0,0,0,0,0,9,46,0,0,0,0,0,0,0,0,55,0,0,0,55,0,0.0,2006,0.0,2007,JAMMU & KASHMIR,CRIME SRINAGAR,JAMMU & KASHMIR||CRIME SRINAGAR
0,0,0,0,0,0,0,0,0,0,0,0,12,67,0,0,0,0,0,0,0,0,79,0,0,0,79,0,0.0,2007,0.0,2008,JAMMU & KASHMIR,CRIME SRINAGAR,JAMMU & KASHMIR||CRIME SRINAGAR
2,0,0,0,0,0,0,0,0,1,0,0,5,44,0,0,0,0,0,0,0,0,52,0,2,1,49,0,0.0,2008,0.0,2009,JAMMU & KASHMIR,CRIME SRINAGAR,JAMMU & KASHMIR||CRIME SRINAGAR
104,147,0,7,0,15,2,6,19,18,0,17,6,4,40,0,6,2,1,0,18,202,627,16,298,83,10,17,0.0255183413078149,2001,0.0344352617079889,2002,JAMMU & KASHMIR,DODA,JAMMU & KASHMIR||DODA
105,118,0,15,0,19,1,2,30,21,0,17,6,3,29,0,6,4,0,0,24,312,726,25,277,82,9,17,0.0344352617079889,2002,0.0275952693823915,2003,JAMMU & KASHMIR,DODA,JAMMU & KASHMIR||DODA
87,95,0,6,0,19,0,7,47,23,0,28,7,11,26,0,8,4,3,0,26,345,761,21,242,103,18,28,0.0275952693823915,2003,0.0279627163781624,2004,JAMMU & KASHMIR,DODA,JAMMU & KASHMIR||DODA
83,83,0,4,0,20,9,3,33,28,0,19,11,5,28,0,13,3,1,0,39,334,751,21,221,92,16,19,0.0279627163781624,2004,0.0234260614934114,2005,JAMMU & KASHMIR,DODA,JAMMU & KASHMIR||DODA
66,82,1,7,0,14,0,0,43,48,3,24,6,3,15,0,6,2,1,0,27,302,683,16,194,109,9,24,0.0234260614934114,2005,0.0461711711711711,2006,JAMMU & KASHMIR,DODA,JAMMU & KASHMIR||DODA
65,94,3,10,0,36,1,5,46,47,3,17,11,7,16,0,16,7,8,0,4,466,888,41,231,117,18,17,0.0461711711711711,2006,0.0760295670538542,2007,JAMMU & KASHMIR,DODA,JAMMU & KASHMIR||DODA
35,68,0,28,0,30,4,5,40,67,4,13,5,9,16,0,26,5,13,0,5,550,947,72,183,132,14,13,0.0760295670538542,2007,0.077834179357022,2008,JAMMU & KASHMIR,DODA,JAMMU & KASHMIR||DODA
20,41,0,20,0,24,0,0,28,39,1,27,3,8,6,0,14,4,8,0,2,331,591,46,132,74,11,27,0.077834179357022,2008,0.0943134535367545,2009,JAMMU & KASHMIR,DODA,JAMMU & KASHMIR||DODA
24,8,2,5,0,33,1,0,28,44,7,50,0,3,13,0,30,4,0,0,11,132,395,39,123,92,3,50,0.0987341772151898,2001,0.1425818882466281,2002,JAMMU & KASHMIR,GANDERBAL,JAMMU & KASHMIR||GANDERBAL
22,5,1,7,0,39,0,2,39,53,21,71,2,6,8,0,61,6,0,0,11,180,519,74,147,123,8,71,0.1425818882466281,2002,0.1649659863945578,2003,JAMMU & KASHMIR,GANDERBAL,JAMMU & KASHMIR||GANDERBAL
15,10,1,8,0,45,0,2,39,53,6,92,2,3,15,0,82,6,1,0,15,199,588,97,173,115,5,92,0.1649659863945578,2003,0.162828947368421,2004,JAMMU & KASHMIR,GANDERBAL,JAMMU & KASHMIR||GANDERBAL
15,7,2,12,0,34,0,1,56,63,4,56,2,14,12,0,80,7,0,0,18,223,608,99,127,136,16,56,0.162828947368421,2004,0.1024096385542168,2005,JAMMU & KASHMIR,GANDERBAL,JAMMU & KASHMIR||GANDERBAL
13,3,1,5,0,39,0,7,35,60,5,52,4,7,16,0,42,4,0,0,11,198,498,51,120,123,11,52,0.1024096385542168,2005,0.088235294117647,2006,JAMMU & KASHMIR,GANDERBAL,JAMMU & KASHMIR||GANDERBAL
20,7,0,4,0,35,0,0,50,47,4,65,6,6,10,0,36,5,0,0,21,192,510,45,131,111,12,65,0.088235294117647,2006,0.1382636655948553,2007,JAMMU & KASHMIR,GANDERBAL,JAMMU & KASHMIR||GANDERBAL
11,6,0,5,0,45,0,4,41,58,4,92,4,12,11,0,73,3,5,0,6,241,622,86,163,118,16,92,0.1382636655948553,2007,0.1145251396648044,2008,JAMMU & KASHMIR,GANDERBAL,JAMMU & KASHMIR||GANDERBAL
5,2,0,2,0,23,0,2,30,41,8,35,3,4,2,0,36,1,2,0,15,150,358,41,69,83,7,35,0.1145251396648044,2008,0.1278026905829596,2009,JAMMU & KASHMIR,GANDERBAL,JAMMU & KASHMIR||GANDERBAL
47,72,5,0,0,23,1,0,20,23,0,27,0,3,9,0,25,0,1,0,8,203,472,26,175,52,3,27,0.0550847457627118,2002,0.0727699530516431,2003,JAMMU & KASHMIR,HANDWARA,JAMMU & KASHMIR||HANDWARA
39,60,2,2,0,22,0,9,26,29,1,52,1,5,10,0,24,4,1,0,3,134,426,31,186,75,6,52,0.0727699530516431,2003,0.1244239631336405,2004,JAMMU & KASHMIR,HANDWARA,JAMMU & KASHMIR||HANDWARA
25,38,0,7,0,34,0,3,30,32,1,52,0,4,4,0,43,4,0,0,1,147,434,54,159,70,4,52,0.1244239631336405,2004,0.117408906882591,2005,JAMMU & KASHMIR,HANDWARA,JAMMU & KASHMIR||HANDWARA
17,40,1,10,0,30,0,6,32,41,0,41,0,11,5,0,44,3,1,0,1,205,494,58,145,84,11,41,0.117408906882591,2005,0.1805273833671399,2006,JAMMU & KASHMIR,HANDWARA,JAMMU & KASHMIR||HANDWARA
17,29,10,8,0,27,0,4,20,37,2,46,0,13,9,0,73,6,2,0,0,184,493,89,141,72,13,46,0.1805273833671399,2006,0.2,2007,JAMMU & KASHMIR,HANDWARA,JAMMU & KASHMIR||HANDWARA
12,30,1,15,0,22,1,3,22,58,3,33,5,3,2,0,62,9,2,0,0,155,440,88,117,88,8,33,0.2,2007,0.2064516129032258,2008,JAMMU & KASHMIR,HANDWARA,JAMMU & KASHMIR||HANDWARA
6,22,0,6,0,17,0,0,13,29,1,16,2,8,6,0,51,6,1,0,0,125,310,64,67,49,10,16,0.2064516129032258,2008,0.1469816272965879,2009,JAMMU & KASHMIR,HANDWARA,JAMMU & KASHMIR||HANDWARA
27,82,6,13,0,43,0,4,238,479,210,103,10,62,13,5,40,94,26,0,112,2187,3607,178,278,944,72,103,0.0493484890490712,2001,0.0395550061804697,2002,JAMMU & KASHMIR,JAMMU,JAMMU & KASHMIR||JAMMU
23,79,8,7,0,60,7,4,223,407,165,74,16,48,9,10,20,74,17,0,94,2015,3236,128,262,808,64,74,0.0395550061804697,2002,0.0362017804154302,2003,JAMMU & KASHMIR,JAMMU,JAMMU & KASHMIR||JAMMU
34,63,6,20,0,57,0,10,252,363,185,56,29,50,14,3,12,66,21,0,84,2188,3370,122,246,824,79,56,0.0362017804154302,2003,0.0416436845008273,2004,JAMMU & KASHMIR,JAMMU,JAMMU & KASHMIR||JAMMU
28,61,8,19,0,54,0,6,267,383,196,89,22,71,13,5,24,65,38,0,103,2329,3626,151,265,865,93,89,0.0416436845008273,2004,0.0356564019448946,2005,JAMMU & KASHMIR,JAMMU,JAMMU & KASHMIR||JAMMU
22,58,9,20,0,42,1,1,180,382,208,69,17,64,9,4,22,36,28,0,149,1939,3085,110,222,780,81,69,0.0356564019448946,2005,0.0470151562016702,2006,JAMMU & KASHMIR,JAMMU,JAMMU & KASHMIR||JAMMU
25,51,10,21,0,58,1,0,170,382,164,64,23,83,12,3,28,59,41,0,91,2082,3233,152,230,728,106,64,0.0470151562016702,2006,0.0409934171154997,2007,JAMMU & KASHMIR,JAMMU,JAMMU & KASHMIR||JAMMU
22,71,6,25,0,52,2,2,205,370,181,82,23,87,14,3,23,41,45,0,74,2159,3342,137,262,772,110,82,0.0409934171154997,2007,0.0457024149571539,2008,JAMMU & KASHMIR,JAMMU,JAMMU & KASHMIR||JAMMU
31,87,7,26,0,51,1,3,248,572,335,210,18,66,42,7,31,58,54,0,103,2189,3851,176,416,1200,84,210,0.0457024149571539,2008,0.0504538174052322,2009,JAMMU & KASHMIR,JAMMU,JAMMU & KASHMIR||JAMMU
0,0,0,0,0,2,0,0,2,6,3,5,0,0,3,0,1,0,0,0,0,62,82,1,7,14,0,5,0.0121951219512195,2001,0.0140845070422535,2002,JAMMU & KASHMIR,KARGIL,JAMMU & KASHMIR||KARGIL
0,1,0,1,0,2,0,0,2,5,1,4,0,1,1,0,0,0,0,0,0,54,71,1,8,9,1,4,0.0140845070422535,2002,0.0120481927710843,2003,JAMMU & KASHMIR,KARGIL,JAMMU & KASHMIR||KARGIL
0,0,0,1,0,6,0,0,4,4,0,7,1,2,1,0,0,0,0,0,0,57,83,1,14,9,3,7,0.0120481927710843,2003,0.0206185567010309,2004,JAMMU & KASHMIR,KARGIL,JAMMU & KASHMIR||KARGIL
1,2,0,1,0,1,0,0,6,1,0,7,0,1,2,0,1,0,0,0,0,74,97,2,12,9,1,7,0.0206185567010309,2004,0.043010752688172,2005,JAMMU & KASHMIR,KARGIL,JAMMU & KASHMIR||KARGIL
0,0,0,1,0,2,0,0,5,4,0,2,3,3,1,0,3,0,0,0,9,60,93,4,5,10,6,2,0.043010752688172,2005,0.02803738317757,2006,JAMMU & KASHMIR,KARGIL,JAMMU & KASHMIR||KARGIL
1,0,0,0,0,4,0,0,9,7,0,3,0,2,1,0,2,0,1,0,9,68,107,3,8,17,2,3,0.02803738317757,2006,0.0227272727272727,2007,JAMMU & KASHMIR,KARGIL,JAMMU & KASHMIR||KARGIL
0,2,0,0,0,1,0,0,4,4,1,3,2,1,1,0,2,0,0,0,7,61,88,2,6,10,3,3,0.0227272727272727,2007,0.0560747663551401,2008,JAMMU & KASHMIR,KARGIL,JAMMU & KASHMIR||KARGIL
0,0,2,1,0,1,0,0,4,4,0,8,1,3,1,0,5,0,0,0,4,73,107,6,12,9,4,8,0.0560747663551401,2008,0.0192307692307692,2009,JAMMU & KASHMIR,KARGIL,JAMMU & KASHMIR||KARGIL
16,28,1,13,0,11,1,2,50,37,4,43,0,8,15,3,14,4,1,0,65,477,817,35,115,108,8,43,0.0428396572827417,2001,0.0433884297520661,2002,JAMMU & KASHMIR,KATHUA,JAMMU & KASHMIR||KATHUA
15,25,1,11,0,13,0,1,47,47,11,44,1,12,7,3,11,13,4,0,79,604,968,42,110,113,13,44,0.0433884297520661,2002,0.0353728489483747,2003,JAMMU & KASHMIR,KATHUA,JAMMU & KASHMIR||KATHUA
16,28,0,13,0,20,2,2,48,46,15,56,4,15,7,0,8,9,7,0,51,687,1046,37,137,118,19,56,0.0353728489483747,2003,0.0351602895553257,2004,JAMMU & KASHMIR,KATHUA,JAMMU & KASHMIR||KATHUA
17,30,0,10,0,24,0,2,65,30,6,25,1,4,10,0,11,7,6,0,48,669,967,34,108,113,5,25,0.0351602895553257,2004,0.0320579110651499,2005,JAMMU & KASHMIR,KATHUA,JAMMU & KASHMIR||KATHUA
12,29,1,12,0,16,0,2,44,23,4,15,6,2,6,0,7,8,4,0,68,689,967,31,87,79,8,15,0.0320579110651499,2005,0.0461121157323689,2006,JAMMU & KASHMIR,KATHUA,JAMMU & KASHMIR||KATHUA
6,22,1,12,0,27,1,3,54,56,16,31,5,26,7,3,17,7,12,0,2,790,1106,51,103,136,31,31,0.0461121157323689,2006,0.0476575121163166,2007,JAMMU & KASHMIR,KATHUA,JAMMU & KASHMIR||KATHUA
11,28,1,15,0,18,2,1,60,79,13,51,5,20,10,1,15,21,7,0,3,865,1238,59,127,163,25,51,0.0476575121163166,2007,0.0473036896877956,2008,JAMMU & KASHMIR,KATHUA,JAMMU & KASHMIR||KATHUA
14,18,1,15,0,19,0,0,43,71,21,87,2,12,12,7,17,4,7,0,2,716,1057,50,154,147,14,87,0.0473036896877956,2008,0.0379620379620379,2009,JAMMU & KASHMIR,KATHUA,JAMMU & KASHMIR||KATHUA
10,22,0,4,0,12,0,0,11,35,1,0,3,4,11,0,10,1,5,0,3,157,294,20,48,58,7,0,0.0680272108843537,2008,0.0579710144927536,2009,JAMMU & KASHMIR,KISHTWAR,JAMMU & KASHMIR||KISHTWAR
39,16,2,6,0,35,1,17,36,43,5,77,5,6,34,0,7,11,0,0,19,272,635,24,193,135,11,77,0.0377952755905511,2001,0.0358974358974358,2002,JAMMU & KASHMIR,KULGAM,JAMMU & KASHMIR||KULGAM
41,4,1,7,0,45,0,17,33,43,5,57,8,8,17,0,10,4,0,0,19,257,585,21,172,115,16,57,0.0358974358974358,2002,0.0763765541740675,2003,JAMMU & KASHMIR,KULGAM,JAMMU & KASHMIR||KULGAM
43,8,0,5,0,50,0,11,40,29,3,46,0,12,8,0,23,15,0,0,18,250,563,43,163,91,12,46,0.0763765541740675,2003,0.0641247833622183,2004,JAMMU & KASHMIR,KULGAM,JAMMU & KASHMIR||KULGAM
48,4,2,11,0,42,0,5,45,26,5,64,4,4,9,0,23,3,0,0,23,260,577,37,176,90,8,64,0.0641247833622183,2004,0.0650684931506849,2005,JAMMU & KASHMIR,KULGAM,JAMMU & KASHMIR||KULGAM
39,7,1,12,0,43,0,11,51,55,9,60,1,8,9,0,22,3,1,0,12,241,584,38,173,135,9,60,0.0650684931506849,2005,0.1055806938159879,2006,JAMMU & KASHMIR,KULGAM,JAMMU & KASHMIR||KULGAM
36,12,1,14,0,47,0,11,52,65,15,57,7,15,9,0,44,11,1,0,20,248,663,70,178,152,22,57,0.1055806938159879,2006,0.1114413075780089,2007,JAMMU & KASHMIR,KULGAM,JAMMU & KASHMIR||KULGAM
10,18,2,9,0,46,1,14,54,85,8,68,0,13,2,0,53,13,0,0,25,239,673,75,168,163,13,68,0.1114413075780089,2007,0.1276223776223776,2008,JAMMU & KASHMIR,KULGAM,JAMMU & KASHMIR||KULGAM
6,9,0,5,0,45,0,7,44,64,4,68,3,10,5,0,63,4,1,0,33,185,572,73,140,124,13,68,0.1276223776223776,2008,0.1263888888888888,2009,JAMMU & KASHMIR,KULGAM,JAMMU & KASHMIR||KULGAM
141,269,0,6,0,47,0,1,36,39,1,74,8,10,22,0,62,2,0,0,12,280,1027,70,538,99,18,74,0.0681596884128529,2001,0.0787269681742043,2002,JAMMU & KASHMIR,KUPWARA,JAMMU & KASHMIR||KUPWARA
56,124,0,5,0,28,0,0,25,24,1,55,3,10,36,0,38,4,0,0,9,175,597,47,268,86,13,55,0.0787269681742043,2002,0.1079943899018232,2003,JAMMU & KASHMIR,KUPWARA,JAMMU & KASHMIR||KUPWARA
38,151,0,5,0,35,0,1,32,42,0,49,6,16,2,0,68,4,0,0,10,246,713,77,279,77,22,49,0.1079943899018232,2003,0.1202185792349726,2004,JAMMU & KASHMIR,KUPWARA,JAMMU & KASHMIR||KUPWARA
31,84,1,20,0,46,0,0,44,62,3,75,1,6,9,0,61,7,0,0,0,272,732,88,257,118,7,75,0.1202185792349726,2004,0.0829629629629629,2005,JAMMU & KASHMIR,KUPWARA,JAMMU & KASHMIR||KUPWARA
22,60,1,11,0,40,0,0,55,49,1,96,8,7,16,0,40,5,0,0,0,260,675,56,230,121,15,96,0.0829629629629629,2005,0.1605723370429252,2006,JAMMU & KASHMIR,KUPWARA,JAMMU & KASHMIR||KUPWARA
16,56,1,11,0,31,1,0,21,41,3,53,7,19,11,0,77,11,2,0,0,263,629,101,169,76,26,53,0.1605723370429252,2006,0.1319648093841642,2007,JAMMU & KASHMIR,KUPWARA,JAMMU & KASHMIR||KUPWARA
23,59,1,4,0,38,0,4,36,66,5,88,1,9,9,0,77,4,5,0,0,251,682,90,217,120,10,88,0.1319648093841642,2007,0.1017811704834605,2008,JAMMU & KASHMIR,KUPWARA,JAMMU & KASHMIR||KUPWARA
12,41,2,5,0,22,0,1,16,29,2,54,2,5,6,0,31,2,2,0,8,150,393,40,137,54,7,54,0.1017811704834605,2008,0.0863309352517985,2009,JAMMU & KASHMIR,KUPWARA,JAMMU & KASHMIR||KUPWARA
3,1,0,0,0,1,0,0,7,6,0,5,3,3,0,0,1,0,0,0,0,107,137,1,10,13,6,5,0.0072992700729927,2001,0.0390625,2002,JAMMU & KASHMIR,LEH,JAMMU & KASHMIR||LEH
6,1,0,3,0,1,0,0,13,5,1,3,0,1,0,0,1,1,0,0,0,93,128,5,14,19,1,3,0.0390625,2002,0.0352112676056338,2003,JAMMU & KASHMIR,LEH,JAMMU & KASHMIR||LEH
0,1,0,3,0,1,0,0,2,3,2,6,0,1,0,0,2,0,0,0,0,123,142,5,11,7,1,6,0.0352112676056338,2003,0.0457516339869281,2004,JAMMU & KASHMIR,LEH,JAMMU & KASHMIR||LEH
2,0,0,3,0,4,0,0,15,4,0,5,0,2,0,0,3,0,1,0,0,113,153,7,14,19,2,5,0.0457516339869281,2004,0.0517241379310344,2005,JAMMU & KASHMIR,LEH,JAMMU & KASHMIR||LEH
1,1,1,5,0,3,0,0,11,9,1,13,1,3,0,0,4,0,0,0,0,122,174,9,24,21,4,13,0.0517241379310344,2005,0.04,2006,JAMMU & KASHMIR,LEH,JAMMU & KASHMIR||LEH
2,5,1,3,0,5,0,0,16,5,1,4,1,3,0,0,5,0,0,0,0,148,200,8,20,22,4,4,0.04,2006,0.0209790209790209,2007,JAMMU & KASHMIR,LEH,JAMMU & KASHMIR||LEH
4,3,0,2,0,3,0,1,19,14,4,4,12,3,0,0,4,0,0,0,0,214,286,6,17,38,15,4,0.0209790209790209,2007,0.0513833992094861,2008,JAMMU & KASHMIR,LEH,JAMMU & KASHMIR||LEH
2,1,0,6,0,3,0,1,20,16,2,1,5,8,0,0,7,0,0,0,0,183,253,13,14,39,13,1,0.0513833992094861,2008,0.0297619047619047,2009,JAMMU & KASHMIR,LEH,JAMMU & KASHMIR||LEH
100,189,0,13,0,16,1,0,13,67,0,30,3,6,40,0,4,6,2,0,8,241,766,25,349,120,9,30,0.0326370757180156,2001,0.0208,2002,JAMMU & KASHMIR,POONCH,JAMMU & KASHMIR||POONCH
84,140,0,9,0,14,0,0,11,46,0,7,1,13,27,0,4,0,0,0,8,221,625,13,254,84,14,7,0.0208,2002,0.0371389270976616,2003,JAMMU & KASHMIR,POONCH,JAMMU & KASHMIR||POONCH
111,113,0,12,0,12,0,0,18,61,0,19,4,8,27,0,11,3,1,0,7,282,727,27,267,106,12,19,0.0371389270976616,2003,0.0392491467576791,2004,JAMMU & KASHMIR,POONCH,JAMMU & KASHMIR||POONCH
80,121,0,11,0,18,0,0,9,41,0,13,1,5,20,0,7,3,2,0,11,212,586,23,243,70,6,13,0.0392491467576791,2004,0.0405616224648986,2005,JAMMU & KASHMIR,POONCH,JAMMU & KASHMIR||POONCH
35,85,1,7,0,16,0,0,22,60,0,50,5,8,10,0,11,1,7,0,10,283,641,26,194,92,13,50,0.0405616224648986,2005,0.0681502086230876,2006,JAMMU & KASHMIR,POONCH,JAMMU & KASHMIR||POONCH
30,65,0,21,0,21,0,0,26,47,0,75,2,4,13,0,13,3,12,0,1,341,719,49,212,86,6,75,0.0681502086230876,2006,0.0775295663600525,2007,JAMMU & KASHMIR,POONCH,JAMMU & KASHMIR||POONCH
13,35,1,13,0,17,0,0,34,43,0,106,3,10,0,0,28,3,15,0,3,400,761,59,185,77,13,106,0.0775295663600525,2007,0.0889453621346886,2008,JAMMU & KASHMIR,POONCH,JAMMU & KASHMIR||POONCH
13,27,1,16,0,25,0,3,49,36,2,112,2,7,0,0,35,6,13,0,0,391,787,70,197,90,9,112,0.0889453621346886,2008,0.0778364116094986,2009,JAMMU & KASHMIR,POONCH,JAMMU & KASHMIR||POONCH
46,90,0,7,0,37,1,27,66,144,16,127,3,10,23,0,19,12,0,0,0,261,883,38,335,276,13,127,0.0430351075877689,2001,0.0818467995802728,2002,JAMMU & KASHMIR,PULWAMA,JAMMU & KASHMIR||PULWAMA
55,109,2,12,0,44,9,32,80,115,14,120,2,14,20,0,51,15,0,0,0,252,953,78,383,261,16,120,0.0818467995802728,2002,0.0606694560669456,2003,JAMMU & KASHMIR,PULWAMA,JAMMU & KASHMIR||PULWAMA
70,80,3,10,0,48,7,22,79,124,14,131,2,5,21,2,38,8,0,0,12,262,956,58,371,260,7,131,0.0606694560669456,2003,0.0454042081949058,2004,JAMMU & KASHMIR,PULWAMA,JAMMU & KASHMIR||PULWAMA
54,97,0,0,0,47,7,17,51,104,22,152,1,3,17,1,35,4,1,0,18,233,903,41,374,211,4,152,0.0454042081949058,2004,0.0553145336225596,2005,JAMMU & KASHMIR,PULWAMA,JAMMU & KASHMIR||PULWAMA
42,70,1,7,0,37,1,14,57,109,17,191,3,10,10,0,40,4,0,0,13,240,922,51,363,207,13,191,0.0553145336225596,2005,0.0570824524312896,2006,JAMMU & KASHMIR,PULWAMA,JAMMU & KASHMIR||PULWAMA
24,61,0,9,0,57,1,24,73,124,15,193,4,20,12,0,37,7,1,0,11,208,946,54,369,248,24,193,0.0570824524312896,2006,0.0676959619952494,2007,JAMMU & KASHMIR,PULWAMA,JAMMU & KASHMIR||PULWAMA
22,54,1,11,0,51,0,19,76,92,3,136,2,18,16,0,36,8,2,0,10,225,842,57,294,206,20,136,0.0676959619952494,2007,0.0546318289786223,2008,JAMMU & KASHMIR,PULWAMA,JAMMU & KASHMIR||PULWAMA
7,14,2,2,0,30,0,11,23,62,5,77,3,6,10,0,13,8,0,0,3,114,421,23,143,111,9,77,0.0546318289786223,2008,0.069284064665127,2009,JAMMU & KASHMIR,PULWAMA,JAMMU & KASHMIR||PULWAMA
1,1,0,0,0,0,0,0,1,3,0,0,0,0,0,0,0,0,0,0,0,11,17,0,2,4,0,0,0.0,2001,0.1578947368421052,2002,JAMMU & KASHMIR,RAILWAYS,JAMMU & KASHMIR||RAILWAYS
2,0,0,0,0,0,0,0,0,7,1,0,0,0,0,0,0,3,0,0,0,7,19,3,2,8,0,0,0.1578947368421052,2002,0.08,2003,JAMMU & KASHMIR,RAILWAYS,JAMMU & KASHMIR||RAILWAYS
0,0,0,1,0,0,0,0,0,14,0,0,0,1,0,0,1,0,0,0,0,8,25,2,1,14,1,0,0.08,2003,0.0625,2004,JAMMU & KASHMIR,RAILWAYS,JAMMU & KASHMIR||RAILWAYS
1,0,0,1,0,0,0,0,0,9,0,0,0,0,0,0,0,0,0,0,0,5,16,1,2,9,0,0,0.0625,2004,0.0,2005,JAMMU & KASHMIR,RAILWAYS,JAMMU & KASHMIR||RAILWAYS
0,1,0,0,0,1,0,0,0,9,0,0,0,0,1,0,0,0,0,0,1,8,21,0,2,10,0,0,0.0,2005,0.0,2006,JAMMU & KASHMIR,RAILWAYS,JAMMU & KASHMIR||RAILWAYS
0,0,0,0,0,0,0,0,0,10,0,0,0,0,1,0,0,0,0,0,1,8,20,0,0,11,0,0,0.0,2006,0.037037037037037,2007,JAMMU & KASHMIR,RAILWAYS,JAMMU & KASHMIR||RAILWAYS
1,1,1,0,0,0,0,0,0,14,0,0,0,0,0,0,0,1,0,0,2,7,27,1,3,14,0,0,0.037037037037037,2007,0.0,2008,JAMMU & KASHMIR,RAILWAYS,JAMMU & KASHMIR||RAILWAYS
0,1,0,0,0,1,0,0,0,11,0,0,0,0,0,0,0,0,0,0,0,0,13,0,2,11,0,0,0.0,2008,0.074074074074074,2009,JAMMU & KASHMIR,RAILWAYS,JAMMU & KASHMIR||RAILWAYS
76,97,1,17,0,20,2,4,28,21,0,3,4,14,18,3,7,6,6,0,2,602,965,39,220,71,18,3,0.0404145077720207,2001,0.0354545454545454,2002,JAMMU & KASHMIR,RAJOURI,JAMMU & KASHMIR||RAJOURI
97,104,0,13,0,13,2,2,22,38,2,4,4,12,25,1,11,5,9,0,2,712,1100,39,235,89,16,4,0.0354545454545454,2002,0.0452801227935533,2003,JAMMU & KASHMIR,RAJOURI,JAMMU & KASHMIR||RAJOURI
86,135,0,28,0,19,2,1,51,46,3,22,5,11,49,2,8,7,14,0,17,774,1303,59,293,150,16,22,0.0452801227935533,2003,0.0467836257309941,2004,JAMMU & KASHMIR,RAJOURI,JAMMU & KASHMIR||RAJOURI
54,96,3,22,0,34,0,0,47,96,8,57,7,13,47,2,23,2,7,0,16,638,1197,56,266,198,20,57,0.0467836257309941,2004,0.0488013698630137,2005,JAMMU & KASHMIR,RAJOURI,JAMMU & KASHMIR||RAJOURI
51,63,0,21,0,23,0,2,46,61,6,91,3,13,29,0,15,7,14,0,36,654,1168,57,251,144,16,91,0.0488013698630137,2005,0.0793882010196649,2006,JAMMU & KASHMIR,RAJOURI,JAMMU & KASHMIR||RAJOURI
20,41,0,26,0,37,0,1,65,60,7,35,5,18,36,3,34,13,33,0,0,915,1373,109,160,169,23,35,0.0793882010196649,2006,0.0698717948717948,2007,JAMMU & KASHMIR,RAJOURI,JAMMU & KASHMIR||RAJOURI
23,27,0,25,0,51,0,5,77,69,3,31,1,23,27,3,30,6,45,0,5,1087,1560,109,162,181,24,31,0.0698717948717948,2007,0.083203732503888,2008,JAMMU & KASHMIR,RAJOURI,JAMMU & KASHMIR||RAJOURI
8,26,5,21,0,28,0,3,55,51,3,44,6,17,29,6,34,7,39,0,31,842,1286,107,135,141,23,44,0.083203732503888,2008,0.0785123966942148,2009,JAMMU & KASHMIR,RAJOURI,JAMMU & KASHMIR||RAJOURI
51,50,1,3,0,7,1,1,11,12,1,2,5,3,19,0,3,2,0,0,1,346,537,8,116,44,8,2,0.0148975791433892,2001,0.0229681978798586,2002,JAMMU & KASHMIR,RAMBAN,JAMMU & KASHMIR||RAMBAN
62,69,0,7,0,6,0,0,25,27,0,6,3,2,24,0,3,3,0,0,1,318,566,13,150,76,5,6,0.0229681978798586,2002,0.0344827586206896,2003,JAMMU & KASHMIR,RAMBAN,JAMMU & KASHMIR||RAMBAN
53,94,1,10,0,10,0,0,19,16,1,17,2,6,26,0,8,3,0,0,0,336,609,21,185,62,8,17,0.0344827586206896,2003,0.0267558528428093,2004,JAMMU & KASHMIR,RAMBAN,JAMMU & KASHMIR||RAMBAN
48,57,1,7,0,12,0,0,27,36,1,25,0,4,18,0,8,1,0,0,6,340,598,16,150,82,4,25,0.0267558528428093,2004,0.0231481481481481,2005,JAMMU & KASHMIR,RAMBAN,JAMMU & KASHMIR||RAMBAN
50,42,1,6,0,12,2,0,25,43,0,14,1,9,9,0,4,1,4,0,1,416,648,15,127,77,10,14,0.0231481481481481,2005,0.0337552742616033,2006,JAMMU & KASHMIR,RAMBAN,JAMMU & KASHMIR||RAMBAN
18,33,3,14,0,5,0,0,29,42,4,3,1,6,8,0,6,4,0,0,4,514,711,24,76,83,7,3,0.0337552742616033,2006,0.0354223433242506,2007,JAMMU & KASHMIR,RAMBAN,JAMMU & KASHMIR||RAMBAN
18,27,0,15,0,10,0,0,28,60,9,14,4,8,5,0,6,5,0,0,3,517,734,26,84,102,12,14,0.0354223433242506,2007,0.0250737463126843,2008,JAMMU & KASHMIR,RAMBAN,JAMMU & KASHMIR||RAMBAN
11,12,0,9,0,14,1,0,27,37,2,33,2,10,5,0,4,4,0,0,3,497,678,17,80,71,12,33,0.0250737463126843,2008,0.038863976083707,2009,JAMMU & KASHMIR,RAMBAN,JAMMU & KASHMIR||RAMBAN
36,75,3,7,0,11,1,0,8,22,0,6,7,2,12,0,5,4,0,0,0,187,389,16,139,42,9,6,0.0411311053984575,2001,0.0371352785145888,2002,JAMMU & KASHMIR,REASI,JAMMU & KASHMIR||REASI
45,62,2,8,0,16,3,3,7,28,0,4,2,0,32,0,3,1,2,0,0,152,377,14,143,70,2,4,0.0371352785145888,2002,0.0472727272727272,2003,JAMMU & KASHMIR,REASI,JAMMU & KASHMIR||REASI
33,52,0,8,0,6,3,0,9,10,0,0,0,5,7,0,2,3,0,0,0,134,275,13,102,26,5,0,0.0472727272727272,2003,0.0716723549488054,2004,JAMMU & KASHMIR,REASI,JAMMU & KASHMIR||REASI
34,37,3,5,0,11,1,0,16,12,1,0,5,0,9,0,5,7,4,0,0,142,293,21,91,38,5,0,0.0716723549488054,2004,0.0221518987341772,2005,JAMMU & KASHMIR,REASI,JAMMU & KASHMIR||REASI
33,32,1,1,0,12,0,0,27,20,1,0,1,1,6,0,2,3,1,0,0,172,316,7,79,54,2,0,0.0221518987341772,2005,0.0691823899371069,2006,JAMMU & KASHMIR,REASI,JAMMU & KASHMIR||REASI
19,39,0,7,0,10,0,2,11,14,1,0,3,6,3,0,9,3,3,0,2,186,318,22,77,31,9,0,0.0691823899371069,2006,0.0677419354838709,2007,JAMMU & KASHMIR,REASI,JAMMU & KASHMIR||REASI
8,14,0,7,0,11,0,0,9,26,0,1,0,5,5,0,10,3,1,0,0,209,310,21,41,40,5,1,0.0677419354838709,2007,0.0466101694915254,2008,JAMMU & KASHMIR,REASI,JAMMU & KASHMIR||REASI
16,34,1,5,0,10,0,1,18,37,7,5,1,4,7,0,11,4,2,0,2,310,472,22,72,70,5,5,0.0466101694915254,2008,0.0502901353965183,2009,JAMMU & KASHMIR,REASI,JAMMU & KASHMIR||REASI
6,26,0,2,0,9,0,1,22,45,16,38,1,8,5,1,7,1,3,0,2,491,670,14,82,89,9,38,0.0208955223880597,2008,0.027818448023426,2009,JAMMU & KASHMIR,SAMBA,JAMMU & KASHMIR||SAMBA
7,23,0,6,0,16,0,5,9,62,4,31,1,5,8,0,49,5,1,0,4,75,313,61,88,88,6,31,0.194888178913738,2008,0.1183673469387755,2009,JAMMU & KASHMIR,SHOPIAN,JAMMU & KASHMIR||SHOPIAN
63,49,8,8,0,115,6,59,382,490,333,158,7,102,64,0,207,88,2,0,0,1211,3042,305,466,1328,109,158,0.1002629848783694,2001,0.1262886597938144,2002,JAMMU & KASHMIR,SRINAGAR,JAMMU & KASHMIR||SRINAGAR
86,50,4,24,0,117,6,33,335,639,376,154,18,76,48,0,270,86,12,0,40,1056,3104,392,474,1431,94,154,0.1262886597938144,2002,0.1312319073657124,2003,JAMMU & KASHMIR,SRINAGAR,JAMMU & KASHMIR||SRINAGAR
56,94,3,23,0,114,2,51,344,513,240,138,20,79,34,0,249,130,6,0,40,1178,3109,408,481,1182,99,138,0.1312319073657124,2003,0.1254846669016567,2004,JAMMU & KASHMIR,SRINAGAR,JAMMU & KASHMIR||SRINAGAR
45,130,2,24,0,115,3,48,223,430,229,153,17,56,33,0,261,55,16,0,40,1153,2837,356,520,963,73,153,0.1254846669016567,2004,0.1488033298647242,2005,JAMMU & KASHMIR,SRINAGAR,JAMMU & KASHMIR||SRINAGAR
52,116,5,18,0,132,4,36,279,361,171,147,15,63,29,0,219,181,11,0,44,1132,2883,429,510,876,78,147,0.1488033298647242,2005,0.1274248763788512,2006,JAMMU & KASHMIR,SRINAGAR,JAMMU & KASHMIR||SRINAGAR
49,122,1,22,0,102,1,23,223,426,235,141,14,78,22,0,208,95,10,0,27,1042,2629,335,461,929,92,141,0.1274248763788512,2006,0.1519083969465648,2007,JAMMU & KASHMIR,SRINAGAR,JAMMU & KASHMIR||SRINAGAR
15,64,0,27,0,92,2,29,272,351,178,127,14,59,18,0,219,121,31,0,47,1105,2620,398,356,848,73,127,0.1519083969465648,2007,0.1176932130247155,2008,JAMMU & KASHMIR,SRINAGAR,JAMMU & KASHMIR||SRINAGAR
13,80,1,16,0,79,0,9,256,329,185,295,11,57,26,0,162,104,18,0,47,1029,2549,300,493,805,68,295,0.1176932130247155,2008,0.1118243243243243,2009,JAMMU & KASHMIR,SRINAGAR,JAMMU & KASHMIR||SRINAGAR
21,28,1,10,0,15,0,2,70,117,11,46,4,8,6,2,12,11,9,0,3,624,1010,44,123,206,12,46,0.0435643564356435,2001,0.0574817518248175,2002,JAMMU & KASHMIR,UDHAMPUR,JAMMU & KASHMIR||UDHAMPUR
14,21,0,15,0,10,1,3,72,103,7,48,7,6,4,4,10,25,9,0,4,716,1096,63,112,189,13,48,0.0574817518248175,2002,0.0395713107996702,2003,JAMMU & KASHMIR,UDHAMPUR,JAMMU & KASHMIR||UDHAMPUR
10,16,0,7,0,10,0,2,83,86,13,53,4,4,10,3,11,19,8,0,3,874,1213,48,98,194,8,53,0.0395713107996702,2003,0.0351014040561622,2004,JAMMU & KASHMIR,UDHAMPUR,JAMMU & KASHMIR||UDHAMPUR
9,20,1,11,0,8,1,0,89,90,9,38,0,9,9,0,17,13,4,0,3,952,1282,45,88,197,9,38,0.0351014040561622,2004,0.0491967871485943,2005,JAMMU & KASHMIR,UDHAMPUR,JAMMU & KASHMIR||UDHAMPUR
12,23,0,15,0,11,0,1,43,64,7,22,9,10,1,1,13,17,3,0,2,734,996,49,84,116,19,22,0.0491967871485943,2005,0.0467091295116772,2006,JAMMU & KASHMIR,UDHAMPUR,JAMMU & KASHMIR||UDHAMPUR
10,22,0,11,0,10,1,1,54,54,7,25,6,12,4,0,19,11,3,0,1,689,942,44,80,120,18,25,0.0467091295116772,2006,0.0402542372881355,2007,JAMMU & KASHMIR,UDHAMPUR,JAMMU & KASHMIR||UDHAMPUR
7,19,0,12,0,9,2,3,49,56,12,20,3,8,1,0,14,12,0,0,0,715,944,38,72,121,11,20,0.0402542372881355,2007,0.0450771055753262,2008,JAMMU & KASHMIR,UDHAMPUR,JAMMU & KASHMIR||UDHAMPUR
10,10,0,13,0,14,0,1,44,51,18,35,2,3,3,0,10,11,4,0,0,625,843,38,83,117,5,35,0.0450771055753262,2008,0.0318681318681318,2009,JAMMU & KASHMIR,UDHAMPUR,JAMMU & KASHMIR||UDHAMPUR
70,75,2,26,0,38,38,66,108,435,35,119,16,17,13,25,24,2,45,0,76,644,1936,122,434,657,33,119,0.0630165289256198,2001,0.0569735642661804,2002,JHARKHAND,BOKARO,JHARKHAND||BOKARO
58,108,2,48,0,40,40,64,132,445,95,180,28,24,10,29,32,0,16,0,118,381,2194,125,540,746,52,180,0.0569735642661804,2002,0.0580315691736304,2003,JHARKHAND,BOKARO,JHARKHAND||BOKARO
58,108,2,48,0,40,40,64,122,425,95,180,28,24,10,29,32,0,16,0,118,381,2154,125,540,716,52,180,0.0580315691736304,2003,0.0569735642661804,2004,JHARKHAND,BOKARO,JHARKHAND||BOKARO
58,108,2,48,0,40,40,64,132,445,95,180,28,24,10,29,32,0,16,0,118,381,2194,125,540,746,52,180,0.0569735642661804,2004,0.0452094566569888,2005,JHARKHAND,BOKARO,JHARKHAND||BOKARO
49,13,0,36,0,43,34,45,186,576,90,128,0,55,25,19,0,7,47,0,15,1133,2411,109,348,922,55,128,0.0452094566569888,2005,0.0478036175710594,2006,JHARKHAND,BOKARO,JHARKHAND||BOKARO
38,7,0,24,0,49,34,38,109,499,81,144,19,29,3,16,7,0,64,0,0,1242,2322,111,334,730,48,144,0.0478036175710594,2006,0.0534351145038167,2007,JHARKHAND,BOKARO,JHARKHAND||BOKARO
60,21,0,57,0,43,18,45,108,622,142,125,69,35,0,21,7,0,62,0,0,1456,2751,147,369,917,104,125,0.0534351145038167,2007,0.0457786116322701,2008,JHARKHAND,BOKARO,JHARKHAND||BOKARO
76,8,0,40,0,41,21,27,71,658,141,142,17,84,0,15,0,2,65,0,0,1398,2665,122,355,897,101,142,0.0457786116322701,2008,0.045638126009693,2009,JHARKHAND,BOKARO,JHARKHAND||BOKARO
109,34,10,32,0,17,7,9,38,99,42,22,8,22,5,0,6,0,0,0,0,214,669,38,240,193,30,22,0.0568011958146487,2001,0.084931506849315,2002,JHARKHAND,CHAIBASA,JHARKHAND||CHAIBASA
134,42,38,37,0,19,7,14,34,98,5,34,15,2,9,0,17,0,8,0,1,204,730,62,325,160,17,34,0.084931506849315,2002,0.0857142857142857,2003,JHARKHAND,CHAIBASA,JHARKHAND||CHAIBASA
129,42,34,38,0,21,7,17,34,98,5,39,15,2,9,0,17,0,8,0,5,204,735,63,327,163,17,39,0.0857142857142857,2003,0.084931506849315,2004,JHARKHAND,CHAIBASA,JHARKHAND||CHAIBASA
134,42,38,37,0,19,7,14,34,98,5,34,15,2,9,0,17,0,8,0,1,204,730,62,325,160,17,34,0.084931506849315,2004,0.0727091633466135,2005,JHARKHAND,CHAIBASA,JHARKHAND||CHAIBASA
115,54,2,53,0,2,11,21,16,140,0,27,11,11,5,0,2,7,11,0,8,438,1004,73,285,182,22,27,0.0727091633466135,2005,0.0813953488372093,2006,JHARKHAND,CHAIBASA,JHARKHAND||CHAIBASA
129,35,1,53,0,12,16,33,33,147,0,38,2,24,2,7,7,0,17,0,1,421,1032,84,317,215,26,38,0.0813953488372093,2006,0.0780487804878048,2007,JHARKHAND,CHAIBASA,JHARKHAND||CHAIBASA
127,32,2,43,0,19,10,21,21,135,29,41,5,26,1,6,10,0,21,0,27,415,1025,80,295,207,31,41,0.0780487804878048,2007,0.1170848267622461,2008,JHARKHAND,CHAIBASA,JHARKHAND||CHAIBASA
127,46,35,42,0,7,7,16,19,131,27,31,12,22,2,7,16,0,33,0,30,203,837,98,311,195,34,31,0.1170848267622461,2008,0.1231527093596059,2009,JHARKHAND,CHAIBASA,JHARKHAND||CHAIBASA
40,10,0,6,0,10,23,15,30,80,8,90,0,13,1,7,0,0,6,0,0,417,748,19,194,134,13,90,0.0254010695187165,2001,0.044047619047619,2002,JHARKHAND,CHATRA,JHARKHAND||CHATRA
31,4,0,18,0,4,31,19,19,83,24,123,0,3,3,15,0,0,4,0,0,481,840,37,230,148,3,123,0.044047619047619,2002,0.0308285163776493,2003,JHARKHAND,CHATRA,JHARKHAND||CHATRA
35,2,3,14,0,7,29,23,18,80,3,130,0,10,5,16,2,0,0,0,5,659,1038,32,243,129,10,130,0.0308285163776493,2003,0.044047619047619,2004,JHARKHAND,CHATRA,JHARKHAND||CHATRA
31,4,0,18,0,4,31,19,19,83,24,123,0,3,3,15,0,0,4,0,0,481,840,37,230,148,3,123,0.044047619047619,2004,0.0405027932960893,2005,JHARKHAND,CHATRA,JHARKHAND||CHATRA
27,0,0,11,0,9,15,20,16,88,2,82,0,2,1,14,1,0,3,0,10,417,716,29,164,127,2,82,0.0405027932960893,2005,0.0505181347150259,2006,JHARKHAND,CHATRA,JHARKHAND||CHATRA
30,0,0,13,0,11,18,22,22,63,13,82,0,9,2,16,3,0,7,0,0,474,772,39,176,122,9,82,0.0505181347150259,2006,0.053125,2007,JHARKHAND,CHATRA,JHARKHAND||CHATRA
29,69,1,25,0,12,34,33,29,87,10,113,0,2,2,15,3,0,8,0,0,498,960,51,316,161,2,113,0.053125,2007,0.0271844660194174,2008,JHARKHAND,CHATRA,JHARKHAND||CHATRA
42,46,0,11,0,17,14,27,18,97,9,121,0,10,5,14,1,0,2,0,18,587,1030,28,278,156,10,121,0.0271844660194174,2008,0.0396270396270396,2009,JHARKHAND,CHATRA,JHARKHAND||CHATRA
47,82,4,22,0,7,13,15,66,129,29,118,8,14,11,10,13,1,10,0,0,275,1106,56,308,250,22,118,0.050632911392405,2001,0.0600155884645362,2002,JHARKHAND,DEOGHAR,JHARKHAND||DEOGHAR
36,34,4,37,0,5,13,25,53,98,20,145,0,0,7,16,7,0,17,0,2,764,1283,77,299,203,0,145,0.0600155884645362,2002,0.0644753476611883,2003,JHARKHAND,DEOGHAR,JHARKHAND||DEOGHAR
55,40,5,53,0,8,13,31,89,107,36,184,16,16,7,14,14,1,20,0,5,736,1582,102,389,270,32,184,0.0644753476611883,2003,0.0600155884645362,2004,JHARKHAND,DEOGHAR,JHARKHAND||DEOGHAR
36,34,4,37,0,5,13,25,53,98,20,145,0,0,7,16,7,0,17,0,2,764,1283,77,299,203,0,145,0.0600155884645362,2004,0.0613718411552346,2005,JHARKHAND,DEOGHAR,JHARKHAND||DEOGHAR
51,56,1,46,0,10,10,15,119,166,15,164,14,29,7,3,15,2,19,0,11,448,1385,85,353,322,43,164,0.0613718411552346,2005,0.0544943820224719,2006,JHARKHAND,DEOGHAR,JHARKHAND||DEOGHAR
33,6,4,33,0,8,9,19,109,199,31,164,14,13,1,19,4,14,27,0,42,961,1780,97,276,359,27,164,0.0544943820224719,2006,0.0264754550468836,2007,JHARKHAND,DEOGHAR,JHARKHAND||DEOGHAR
48,29,3,24,0,26,11,22,133,276,58,140,31,4,1,21,2,1,0,0,42,918,1813,48,303,490,35,140,0.0264754550468836,2007,0.0610169491525423,2008,JHARKHAND,DEOGHAR,JHARKHAND||DEOGHAR
46,4,1,33,0,11,18,22,112,152,61,148,13,7,3,6,5,5,29,12,96,459,1475,90,283,350,20,148,0.0610169491525423,2008,0.0787153652392947,2009,JHARKHAND,DEOGHAR,JHARKHAND||DEOGHAR
97,31,7,32,0,57,56,48,203,546,43,205,11,77,14,30,47,0,18,0,15,1096,2916,127,533,854,88,205,0.0435528120713305,2001,0.0465479537644486,2002,JHARKHAND,DHANBAD,JHARKHAND||DHANBAD
88,42,13,38,0,72,69,64,149,493,31,237,40,61,9,36,53,3,19,0,4,1561,3201,149,623,746,101,237,0.0465479537644486,2002,0.0427641772544158,2003,JHARKHAND,DHANBAD,JHARKHAND||DHANBAD
92,31,7,43,0,55,53,50,190,573,28,218,10,77,15,30,47,0,18,0,15,1387,3227,138,549,856,87,218,0.0427641772544158,2003,0.0465479537644486,2004,JHARKHAND,DHANBAD,JHARKHAND||DHANBAD
88,42,13,38,0,72,69,64,149,493,31,237,40,61,9,36,53,3,19,0,4,1561,3201,149,623,746,101,237,0.0465479537644486,2004,0.0367626886145404,2005,JHARKHAND,DHANBAD,JHARKHAND||DHANBAD
97,65,12,32,0,68,71,52,179,722,154,296,24,79,8,48,16,7,31,0,7,1346,3645,134,693,1115,103,296,0.0367626886145404,2005,0.0383059077421095,2006,JHARKHAND,DHANBAD,JHARKHAND||DHANBAD
86,64,16,37,0,65,50,61,158,771,175,265,21,71,10,32,28,14,31,0,9,1510,3707,142,644,1175,92,265,0.0383059077421095,2006,0.0401400862068965,2007,JHARKHAND,DHANBAD,JHARKHAND||DHANBAD
80,56,7,41,0,87,40,58,180,851,312,299,45,74,6,29,32,9,38,0,2,1495,3712,149,668,1407,119,299,0.0401400862068965,2007,0.0516904163174071,2008,JHARKHAND,DHANBAD,JHARKHAND||DHANBAD
72,41,12,47,0,88,38,59,182,788,276,204,26,62,8,36,35,10,57,0,1,1614,3579,185,561,1313,88,204,0.0516904163174071,2008,0.0440982307895431,2009,JHARKHAND,DHANBAD,JHARKHAND||DHANBAD
11,0,0,2,0,4,12,13,9,209,2,4,0,8,0,0,0,0,0,0,0,88,360,2,46,233,8,4,0.0055555555555555,2001,0.0098039215686274,2002,JHARKHAND,DHANBAD RLY.,JHARKHAND||DHANBAD RLY
5,0,0,2,0,2,21,32,8,240,0,11,0,4,0,0,2,0,0,0,3,77,408,4,73,280,4,11,0.0098039215686274,2002,0.0055096418732782,2003,JHARKHAND,DHANBAD RLY.,JHARKHAND||DHANBAD RLY
9,1,0,0,0,4,41,33,9,120,5,20,0,5,0,1,1,0,0,0,5,114,363,2,108,167,5,20,0.0055096418732782,2003,0.0098039215686274,2004,JHARKHAND,DHANBAD RLY.,JHARKHAND||DHANBAD RLY
5,0,0,2,0,2,21,32,8,240,0,11,0,4,0,0,2,0,0,0,3,77,408,4,73,280,4,11,0.0098039215686274,2004,0.0485436893203883,2005,JHARKHAND,DHANBAD RLY.,JHARKHAND||DHANBAD RLY
5,0,0,2,0,2,22,22,4,18,2,4,2,3,0,3,0,0,0,0,2,14,103,5,57,46,5,4,0.0485436893203883,2005,0.0266666666666666,2006,JHARKHAND,DHANBAD RLY.,JHARKHAND||DHANBAD RLY
11,0,0,0,0,0,27,23,4,127,9,7,0,4,0,4,3,0,1,0,0,87,300,8,68,163,4,7,0.0266666666666666,2006,0.0142348754448398,2007,JHARKHAND,DHANBAD RLY.,JHARKHAND||DHANBAD RLY
7,0,0,1,0,0,20,9,0,127,8,7,0,2,0,2,1,0,0,0,0,105,281,4,44,144,2,7,0.0142348754448398,2007,0.0340425531914893,2008,JHARKHAND,DHANBAD RLY.,JHARKHAND||DHANBAD RLY
13,0,0,0,0,1,16,12,7,110,9,5,0,1,0,2,4,0,2,0,0,61,235,8,47,138,1,5,0.0340425531914893,2008,0.0129032258064516,2009,JHARKHAND,DHANBAD RLY.,JHARKHAND||DHANBAD RLY
63,32,4,27,0,24,11,8,48,66,36,75,14,8,16,3,20,0,23,0,18,291,1016,73,244,174,22,75,0.0718503937007874,2001,0.125,2002,JHARKHAND,DUMKA,JHARKHAND||DUMKA
67,149,4,50,0,15,7,13,54,88,0,99,45,10,7,8,31,0,37,0,46,220,1008,126,404,162,55,99,0.125,2002,0.15511892450879,2003,JHARKHAND,DUMKA,JHARKHAND||DUMKA
57,142,3,49,0,19,9,9,51,76,12,22,10,13,13,9,23,0,69,0,43,334,967,150,310,161,23,22,0.15511892450879,2003,0.125,2004,JHARKHAND,DUMKA,JHARKHAND||DUMKA
67,149,4,50,0,15,7,13,54,88,0,99,45,10,7,8,31,0,37,0,46,220,1008,126,404,162,55,99,0.125,2004,0.0693825588796944,2005,JHARKHAND,DUMKA,JHARKHAND||DUMKA
52,18,7,38,0,23,10,5,71,176,37,135,4,16,23,12,11,7,38,3,65,711,1571,109,288,312,20,135,0.0693825588796944,2005,0.0913272010512483,2006,JHARKHAND,DUMKA,JHARKHAND||DUMKA
50,18,4,55,0,28,9,9,62,181,57,110,14,20,6,7,46,0,30,1,108,585,1522,139,283,315,34,110,0.0913272010512483,2006,0.1013384321223709,2007,JHARKHAND,DUMKA,JHARKHAND||DUMKA
65,27,0,52,0,29,6,11,64,191,78,98,8,29,9,23,35,0,49,0,76,589,1569,159,288,353,37,98,0.1013384321223709,2007,0.0853242320819112,2008,JHARKHAND,DUMKA,JHARKHAND||DUMKA
77,17,0,60,0,26,6,17,80,201,12,109,11,23,4,17,7,0,66,0,54,722,1758,150,312,314,34,109,0.0853242320819112,2008,0.0816326530612244,2009,JHARKHAND,DUMKA,JHARKHAND||DUMKA
32,6,6,11,0,5,19,17,32,54,15,113,2,15,12,15,0,0,5,0,0,319,788,31,209,130,17,113,0.0393401015228426,2001,0.0794016110471806,2002,JHARKHAND,GARHWA,JHARKHAND||GARHWA
39,17,3,32,0,9,17,20,29,68,0,107,9,10,9,14,2,0,19,2,7,229,869,69,244,126,19,107,0.0794016110471806,2002,0.0538071065989847,2003,JHARKHAND,GARHWA,JHARKHAND||GARHWA
32,21,3,23,0,18,25,26,33,67,0,156,5,10,12,13,5,0,12,0,29,424,985,53,304,138,15,156,0.0538071065989847,2003,0.0794016110471806,2004,JHARKHAND,GARHWA,JHARKHAND||GARHWA
39,17,3,32,0,9,17,20,29,68,0,107,9,10,9,14,2,0,19,2,7,229,869,69,244,126,19,107,0.0794016110471806,2004,0.0529045643153526,2005,JHARKHAND,GARHWA,JHARKHAND||GARHWA
47,5,0,17,0,20,8,17,46,77,0,132,0,20,0,17,0,2,15,0,7,526,964,51,246,140,20,132,0.0529045643153526,2005,0.0470890410958904,2006,JHARKHAND,GARHWA,JHARKHAND||GARHWA
49,5,4,26,0,14,16,17,32,87,5,174,13,20,2,16,0,0,13,0,17,660,1168,55,305,143,33,174,0.0470890410958904,2006,0.0541338582677165,2007,JHARKHAND,GARHWA,JHARKHAND||GARHWA
53,45,3,17,0,20,14,16,21,75,10,141,7,25,9,8,0,0,30,0,61,301,1016,55,309,131,32,141,0.0541338582677165,2007,0.0508209538702111,2008,JHARKHAND,GARHWA,JHARKHAND||GARHWA
48,78,2,21,0,27,18,30,29,85,1,139,8,29,19,9,15,0,20,0,44,354,1279,65,363,164,37,139,0.0508209538702111,2008,0.0643451930355791,2009,JHARKHAND,GARHWA,JHARKHAND||GARHWA
63,65,6,42,0,15,56,27,116,111,56,173,18,49,21,30,13,0,57,0,65,953,1918,142,447,331,67,173,0.0740354535974974,2001,0.0895140664961636,2002,JHARKHAND,GIRIDIH,JHARKHAND||GIRIDIH
72,27,4,39,0,23,49,42,91,128,2,108,6,27,22,52,48,0,36,0,98,1008,1955,175,364,285,33,108,0.0895140664961636,2002,0.0695725062866722,2003,JHARKHAND,GIRIDIH,JHARKHAND||GIRIDIH
65,27,7,35,0,31,63,50,116,236,5,128,6,32,24,42,52,0,37,0,98,1273,2386,166,406,431,38,128,0.0695725062866722,2003,0.0895140664961636,2004,JHARKHAND,GIRIDIH,JHARKHAND||GIRIDIH
72,27,4,39,0,23,49,42,91,128,2,108,6,27,22,52,48,0,36,0,98,1008,1955,175,364,285,33,108,0.0895140664961636,2004,0.0636672325976231,2005,JHARKHAND,GIRIDIH,JHARKHAND||GIRIDIH
63,101,2,28,0,41,53,36,119,306,12,222,7,13,4,24,54,0,44,0,84,1085,2356,150,546,477,20,222,0.0636672325976231,2005,0.0847898847155076,2006,JHARKHAND,GIRIDIH,JHARKHAND||GIRIDIH
56,145,1,56,0,35,59,34,100,327,25,287,10,47,5,39,65,0,68,0,107,1174,2689,228,673,491,57,287,0.0847898847155076,2006,0.0730627306273062,2007,JHARKHAND,GIRIDIH,JHARKHAND||GIRIDIH
59,114,0,46,0,35,52,31,103,289,27,310,12,49,7,20,61,0,71,0,109,1266,2710,198,647,457,61,310,0.0730627306273062,2007,0.045760908123448,2008,JHARKHAND,GIRIDIH,JHARKHAND||GIRIDIH
63,30,0,48,0,52,41,45,88,353,47,378,6,30,9,33,22,1,25,0,84,1306,2819,129,657,542,36,378,0.045760908123448,2008,0.06396255850234,2009,JHARKHAND,GIRIDIH,JHARKHAND||GIRIDIH
61,0,0,37,0,30,24,18,66,70,49,90,0,3,0,1,0,0,0,0,0,630,1030,38,260,203,3,90,0.0368932038834951,2001,0.0662732637312755,2002,JHARKHAND,GODDA,JHARKHAND||GODDA
31,36,0,86,0,21,9,10,46,128,0,125,7,17,0,4,0,0,56,0,3,1310,2203,146,318,184,24,125,0.0662732637312755,2002,0.0619589977220956,2003,JHARKHAND,GODDA,JHARKHAND||GODDA
31,36,0,76,0,25,9,15,46,129,0,124,7,20,0,4,0,0,56,0,5,1310,2195,136,316,190,27,124,0.0619589977220956,2003,0.0662732637312755,2004,JHARKHAND,GODDA,JHARKHAND||GODDA
31,36,0,86,0,21,9,10,46,128,0,125,7,17,0,4,0,0,56,0,3,1310,2203,146,318,184,24,125,0.0662732637312755,2004,0.0950510604870384,2005,JHARKHAND,GODDA,JHARKHAND||GODDA
44,83,6,46,0,29,6,11,52,117,0,142,8,30,30,8,28,0,39,0,15,508,1273,121,367,210,38,142,0.0950510604870384,2005,0.0844841592201462,2006,JHARKHAND,GODDA,JHARKHAND||GODDA
40,79,5,33,0,25,7,14,50,140,0,137,15,15,15,8,16,0,47,0,0,524,1231,104,340,219,30,137,0.0844841592201462,2006,0.0633204633204633,2007,JHARKHAND,GODDA,JHARKHAND||GODDA
55,85,3,30,0,39,8,9,64,152,0,129,10,18,9,7,3,0,42,0,0,571,1295,82,358,234,28,129,0.0633204633204633,2007,0.0531400966183574,2008,JHARKHAND,GODDA,JHARKHAND||GODDA
61,44,0,26,0,41,5,16,55,160,0,124,0,0,29,7,16,0,50,0,0,994,1863,99,317,260,0,124,0.0531400966183574,2008,0.0655339805825242,2009,JHARKHAND,GODDA,JHARKHAND||GODDA
136,18,7,29,0,16,30,44,31,56,39,40,4,7,0,0,2,0,10,1,0,227,658,42,320,170,11,40,0.0638297872340425,2001,0.0725689404934687,2002,JHARKHAND,GUMLA,JHARKHAND||GUMLA
108,32,8,31,0,9,23,41,37,58,7,32,10,6,0,1,4,0,14,0,6,265,689,50,284,143,16,32,0.0725689404934687,2002,0.0728218465539661,2003,JHARKHAND,GUMLA,JHARKHAND||GUMLA
131,24,12,31,0,14,32,33,41,56,5,43,7,9,3,0,14,0,11,0,4,304,769,56,320,138,16,43,0.0728218465539661,2003,0.0725689404934687,2004,JHARKHAND,GUMLA,JHARKHAND||GUMLA
108,32,8,31,0,9,23,41,37,58,7,32,10,6,0,1,4,0,14,0,6,265,689,50,284,143,16,32,0.0725689404934687,2004,0.0800508259212198,2005,JHARKHAND,GUMLA,JHARKHAND||GUMLA
140,40,1,45,0,17,26,27,32,61,14,31,7,5,7,2,10,0,6,0,10,312,787,63,327,141,12,31,0.0800508259212198,2005,0.0807265388496468,2006,JHARKHAND,GUMLA,JHARKHAND||GUMLA
126,58,3,55,0,26,18,25,16,89,16,38,5,11,8,1,12,0,12,0,149,332,991,80,349,154,16,38,0.0807265388496468,2006,0.0827374872318692,2007,JHARKHAND,GUMLA,JHARKHAND||GUMLA
137,59,3,60,0,34,24,45,8,91,21,27,3,11,12,1,11,0,9,0,0,436,979,81,389,177,14,27,0.0827374872318692,2007,0.059375,2008,JHARKHAND,GUMLA,JHARKHAND||GUMLA
158,79,4,38,0,37,20,62,22,97,58,18,8,17,0,0,11,0,8,0,80,225,960,57,416,239,25,18,0.059375,2008,0.0637149028077753,2009,JHARKHAND,GUMLA,JHARKHAND||GUMLA
76,35,4,41,0,42,85,68,150,348,80,268,9,54,5,31,15,0,18,0,6,761,2498,105,619,651,63,268,0.0420336269015212,2001,0.0835558946966806,2002,JHARKHAND,HAZARIBAGH,JHARKHAND||HAZARIBAGH
86,59,11,71,0,33,60,66,103,537,44,198,16,73,14,31,27,0,90,0,0,1035,2621,219,584,764,89,198,0.0835558946966806,2002,0.0591757661148291,2003,JHARKHAND,HAZARIBAGH,JHARKHAND||HAZARIBAGH
81,42,11,40,0,36,103,102,132,406,77,295,18,47,4,41,57,0,30,0,5,981,2839,168,710,721,65,295,0.0591757661148291,2003,0.0835558946966806,2004,JHARKHAND,HAZARIBAGH,JHARKHAND||HAZARIBAGH
86,59,11,71,0,33,60,66,103,537,44,198,16,73,14,31,27,0,90,0,0,1035,2621,219,584,764,89,198,0.0835558946966806,2004,0.0548761367199749,2005,JHARKHAND,HAZARIBAGH,JHARKHAND||HAZARIBAGH
104,34,11,57,0,55,99,82,155,726,181,279,16,66,17,31,32,0,55,0,15,1299,3189,175,721,1161,82,279,0.0548761367199749,2005,0.0735003295978905,2006,JHARKHAND,HAZARIBAGH,JHARKHAND||HAZARIBAGH
97,103,12,45,0,77,73,88,161,576,135,306,0,160,31,39,70,0,69,0,121,770,3034,223,801,991,160,306,0.0735003295978905,2006,0.0763413755851638,2007,JHARKHAND,HAZARIBAGH,JHARKHAND||HAZARIBAGH
78,72,6,41,0,28,56,54,136,635,87,157,20,207,24,45,40,0,86,0,72,864,2777,212,492,936,227,157,0.0763413755851638,2007,0.0731545845746441,2008,JHARKHAND,HAZARIBAGH,JHARKHAND||HAZARIBAGH
80,52,2,57,0,65,32,55,116,465,133,323,23,144,19,36,31,0,97,0,169,1132,3021,221,666,788,167,323,0.0731545845746441,2008,0.0344541303445413,2009,JHARKHAND,HAZARIBAGH,JHARKHAND||HAZARIBAGH
81,190,8,50,0,60,10,27,134,343,67,131,85,115,8,6,58,0,88,0,140,1100,2712,202,557,579,200,131,0.0744837758112094,2001,0.072595281306715,2002,JHARKHAND,JAMSHEDPUR,JHARKHAND||JAMSHEDPUR
81,180,9,76,0,50,8,29,156,539,135,114,60,64,19,12,40,0,72,0,3,1149,2755,200,547,878,124,114,0.072595281306715,2002,0.0565949485500467,2003,JHARKHAND,JAMSHEDPUR,JHARKHAND||JAMSHEDPUR
49,112,5,28,0,37,12,36,108,436,102,122,24,82,3,12,23,0,58,0,119,598,2138,121,401,685,106,122,0.0565949485500467,2003,0.072595281306715,2004,JHARKHAND,JAMSHEDPUR,JHARKHAND||JAMSHEDPUR
81,180,9,76,0,50,8,29,156,539,135,114,60,64,19,12,40,0,72,0,3,1149,2755,200,547,878,124,114,0.072595281306715,2004,0.0439070951320394,2005,JHARKHAND,JAMSHEDPUR,JHARKHAND||JAMSHEDPUR
87,103,8,37,0,43,17,49,152,834,112,85,60,118,10,10,34,1,56,0,173,1033,3143,138,429,1157,178,85,0.0439070951320394,2005,0.0642230576441102,2006,JHARKHAND,JAMSHEDPUR,JHARKHAND||JAMSHEDPUR
90,95,6,54,0,43,20,36,84,754,100,124,67,105,13,16,43,2,90,0,95,1017,3192,205,468,987,172,124,0.0642230576441102,2006,0.0492653414001728,2007,JHARKHAND,JAMSHEDPUR,JHARKHAND||JAMSHEDPUR
92,67,7,65,0,39,17,62,149,944,334,118,106,78,12,20,30,0,56,0,172,609,3471,171,467,1501,184,118,0.0492653414001728,2007,0.0473225404732254,2008,JHARKHAND,JAMSHEDPUR,JHARKHAND||JAMSHEDPUR
102,88,10,41,0,36,20,59,123,890,325,44,35,116,11,14,18,5,74,0,4,1432,3212,152,400,1408,151,44,0.0473225404732254,2008,0.0472878998609179,2009,JHARKHAND,JAMSHEDPUR,JHARKHAND||JAMSHEDPUR
4,0,0,1,0,0,6,4,3,65,1,2,0,3,0,0,1,0,0,0,0,59,148,2,17,73,3,2,0.0135135135135135,2001,0.0298507462686567,2002,JHARKHAND,JAMSHEDPUR RLY.,JHARKHAND||JAMSHEDPUR RLY
2,0,0,1,0,1,5,6,6,114,4,3,0,1,0,0,5,0,0,0,1,56,201,6,18,130,1,3,0.0298507462686567,2002,0.0212765957446808,2003,JHARKHAND,JAMSHEDPUR RLY.,JHARKHAND||JAMSHEDPUR RLY
6,0,0,2,0,2,9,11,7,84,2,23,0,2,0,3,0,0,0,0,5,81,235,5,53,104,2,23,0.0212765957446808,2003,0.0298507462686567,2004,JHARKHAND,JAMSHEDPUR RLY.,JHARKHAND||JAMSHEDPUR RLY
2,0,0,1,0,1,5,6,6,114,4,3,0,1,0,0,5,0,0,0,1,56,201,6,18,130,1,3,0.0298507462686567,2004,0.015,2005,JHARKHAND,JAMSHEDPUR RLY.,JHARKHAND||JAMSHEDPUR RLY
8,0,0,0,0,2,7,7,5,130,5,1,0,4,0,0,3,0,3,0,0,225,400,6,25,147,4,1,0.015,2005,0.0103092783505154,2006,JHARKHAND,JAMSHEDPUR RLY.,JHARKHAND||JAMSHEDPUR RLY
5,0,0,2,0,0,3,10,6,185,19,1,0,6,0,0,1,0,0,0,0,66,291,3,21,220,6,1,0.0103092783505154,2006,0.0075471698113207,2007,JHARKHAND,JAMSHEDPUR RLY.,JHARKHAND||JAMSHEDPUR RLY
4,0,0,1,0,4,2,4,3,159,11,5,1,2,0,0,1,0,0,0,0,73,265,2,20,177,3,5,0.0075471698113207,2007,0.0103092783505154,2008,JHARKHAND,JAMSHEDPUR RLY.,JHARKHAND||JAMSHEDPUR RLY
6,2,0,0,0,0,3,6,3,122,10,1,0,2,1,0,1,0,1,0,1,32,194,2,18,142,2,1,0.0103092783505154,2008,0.0141843971631205,2009,JHARKHAND,JAMSHEDPUR RLY.,JHARKHAND||JAMSHEDPUR RLY
22,30,0,18,0,14,6,9,21,68,24,61,2,10,3,5,13,0,20,0,2,21,473,56,160,125,12,61,0.1183932346723044,2001,0.1123595505617977,2002,JHARKHAND,JAMTARA,JHARKHAND||JAMTARA
18,33,2,25,0,13,4,6,30,69,4,39,0,5,2,3,14,0,18,0,1,135,534,60,140,111,5,39,0.1123595505617977,2002,0.1512605042016806,2003,JHARKHAND,JAMTARA,JHARKHAND||JAMTARA
17,6,3,35,0,12,2,7,16,42,0,36,2,4,0,5,6,0,26,0,16,116,476,72,118,65,6,36,0.1512605042016806,2003,0.1123595505617977,2004,JHARKHAND,JAMTARA,JHARKHAND||JAMTARA
18,33,2,25,0,13,4,6,30,69,4,39,0,5,2,3,14,0,18,0,1,135,534,60,140,111,5,39,0.1123595505617977,2004,0.0777777777777777,2005,JHARKHAND,JAMTARA,JHARKHAND||JAMTARA
19,28,2,0,0,6,12,5,25,88,2,70,1,6,0,6,17,2,17,0,23,88,540,42,142,120,7,70,0.0777777777777777,2005,0.0636094674556213,2006,JHARKHAND,JAMTARA,JHARKHAND||JAMTARA
16,34,4,21,0,15,4,3,23,95,9,78,8,7,9,4,4,0,14,0,20,211,676,43,175,139,15,78,0.0636094674556213,2006,0.0876216968011126,2007,JHARKHAND,JAMTARA,JHARKHAND||JAMTARA
14,9,5,22,0,21,4,2,34,95,10,74,2,14,5,6,11,0,24,0,19,358,719,63,151,146,16,74,0.0876216968011126,2007,0.0764525993883792,2008,JHARKHAND,JAMTARA,JHARKHAND||JAMTARA
25,1,3,20,0,9,0,4,42,64,6,71,6,16,1,5,9,0,16,0,3,358,654,50,133,117,22,71,0.0764525993883792,2008,0.131403118040089,2009,JHARKHAND,JAMTARA,JHARKHAND||JAMTARA
91,9,4,15,0,15,12,26,2,44,4,9,0,2,4,1,1,0,3,0,55,69,389,20,181,80,2,9,0.0514138817480719,2007,0.0351437699680511,2008,JHARKHAND,KHUNTI,JHARKHAND||KHUNTI
63,11,5,8,0,13,6,16,4,40,3,15,0,1,3,1,1,0,1,0,41,63,313,11,137,66,1,15,0.0351437699680511,2008,0.038235294117647,2009,JHARKHAND,KHUNTI,JHARKHAND||KHUNTI
21,18,1,2,0,14,13,15,27,77,3,80,16,17,3,11,8,1,29,0,45,251,667,51,164,125,33,80,0.0764617691154422,2001,0.0738853503184713,2002,JHARKHAND,KODERMA,JHARKHAND||KODERMA
30,25,0,6,0,13,39,24,13,50,6,103,8,15,4,7,8,0,37,0,38,178,785,58,240,97,23,103,0.0738853503184713,2002,0.0692410119840213,2003,JHARKHAND,KODERMA,JHARKHAND||KODERMA
30,25,0,0,0,0,39,24,13,35,6,103,8,15,4,7,8,0,37,0,38,178,751,52,221,82,23,103,0.0692410119840213,2003,0.0738853503184713,2004,JHARKHAND,KODERMA,JHARKHAND||KODERMA
30,25,0,6,0,13,39,24,13,50,6,103,8,15,4,7,8,0,37,0,38,178,785,58,240,97,23,103,0.0738853503184713,2004,0.0661764705882353,2005,JHARKHAND,KODERMA,JHARKHAND||KODERMA
26,9,0,12,0,14,22,18,17,91,27,41,18,21,3,15,4,0,23,0,50,392,816,54,142,156,39,41,0.0661764705882353,2005,0.0546163849154746,2006,JHARKHAND,KODERMA,JHARKHAND||KODERMA
38,18,3,21,0,19,15,13,28,112,18,68,6,40,1,10,2,1,8,0,47,314,769,42,195,172,46,68,0.0546163849154746,2006,0.0471337579617834,2007,JHARKHAND,KODERMA,JHARKHAND||KODERMA
22,33,3,15,0,18,15,16,20,120,34,102,15,27,1,11,2,0,9,0,53,299,785,37,224,191,42,102,0.0471337579617834,2007,0.0678787878787878,2008,JHARKHAND,KODERMA,JHARKHAND||KODERMA
23,31,0,16,0,16,2,9,18,120,28,103,9,57,3,11,6,0,23,0,72,305,825,56,200,178,66,103,0.0678787878787878,2008,0.0668693009118541,2009,JHARKHAND,KODERMA,JHARKHAND||KODERMA
54,8,5,12,0,4,44,9,13,48,15,27,2,0,0,6,0,0,0,0,0,145,380,18,163,85,2,27,0.0473684210526315,2001,0.0482456140350877,2002,JHARKHAND,LATEHAR,JHARKHAND||LATEHAR
43,14,2,12,0,8,27,13,12,33,0,20,1,4,5,3,4,0,3,0,36,173,456,22,139,63,5,20,0.0482456140350877,2002,0.0346820809248554,2003,JHARKHAND,LATEHAR,JHARKHAND||LATEHAR
43,14,3,10,0,1,46,22,69,42,0,28,1,1,0,0,5,0,3,0,43,148,519,18,167,133,2,28,0.0346820809248554,2003,0.0482456140350877,2004,JHARKHAND,LATEHAR,JHARKHAND||LATEHAR
43,14,2,12,0,8,27,13,12,33,0,20,1,4,5,3,4,0,3,0,36,173,456,22,139,63,5,20,0.0482456140350877,2004,0.0392156862745098,2005,JHARKHAND,LATEHAR,JHARKHAND||LATEHAR
34,1,1,12,0,6,26,13,16,59,7,14,2,1,0,1,2,0,3,0,32,235,459,18,107,95,3,14,0.0392156862745098,2005,0.0349907918968692,2006,JHARKHAND,LATEHAR,JHARKHAND||LATEHAR
24,10,5,12,0,9,27,26,16,75,1,46,3,4,2,2,1,0,4,0,15,213,543,19,159,120,7,46,0.0349907918968692,2006,0.0351493848857645,2007,JHARKHAND,LATEHAR,JHARKHAND||LATEHAR
53,3,1,10,0,14,27,17,9,75,4,38,0,5,3,4,2,0,4,0,34,182,569,20,163,108,5,38,0.0351493848857645,2007,0.0611111111111111,2008,JHARKHAND,LATEHAR,JHARKHAND||LATEHAR
31,16,2,11,0,14,22,19,16,73,2,18,4,6,2,6,10,0,6,0,40,212,540,33,133,112,10,18,0.0611111111111111,2008,0.0379939209726443,2009,JHARKHAND,LATEHAR,JHARKHAND||LATEHAR
33,4,0,12,0,14,8,11,14,28,16,29,4,5,3,0,4,0,10,0,0,121,311,26,111,72,9,29,0.0836012861736334,2001,0.0694444444444444,2002,JHARKHAND,LOHARDAGGA,JHARKHAND||LOHARDAGGA
44,9,1,14,0,2,3,22,16,29,1,23,6,4,3,0,4,0,12,0,0,230,432,30,118,71,10,23,0.0694444444444444,2002,0.0691964285714285,2003,JHARKHAND,LOHARDAGGA,JHARKHAND||LOHARDAGGA
44,9,1,15,0,7,3,23,16,28,3,28,6,5,3,0,4,0,12,0,5,230,448,31,130,73,11,28,0.0691964285714285,2003,0.0694444444444444,2004,JHARKHAND,LOHARDAGGA,JHARKHAND||LOHARDAGGA
44,9,1,14,0,2,3,22,16,29,1,23,6,4,3,0,4,0,12,0,0,230,432,30,118,71,10,23,0.0694444444444444,2004,0.1073170731707317,2005,JHARKHAND,LOHARDAGGA,JHARKHAND||LOHARDAGGA
51,43,1,25,0,18,10,28,25,90,7,58,6,19,4,1,11,0,29,0,21,86,615,66,234,154,25,58,0.1073170731707317,2005,0.1234567901234567,2006,JHARKHAND,LOHARDAGGA,JHARKHAND||LOHARDAGGA
33,17,2,21,0,13,13,22,18,81,17,28,11,14,4,0,20,0,29,0,26,132,567,70,149,142,25,28,0.1234567901234567,2006,0.1112903225806451,2007,JHARKHAND,LOHARDAGGA,JHARKHAND||LOHARDAGGA
31,19,4,32,0,21,12,23,21,88,28,29,14,16,4,1,12,0,24,0,25,124,620,69,171,164,30,29,0.1112903225806451,2007,0.0479573712255772,2008,JHARKHAND,LOHARDAGGA,JHARKHAND||LOHARDAGGA
22,3,2,16,0,18,14,19,22,88,25,49,5,16,8,2,2,0,7,0,28,237,563,27,143,162,21,49,0.0479573712255772,2008,0.0847457627118644,2009,JHARKHAND,LOHARDAGGA,JHARKHAND||LOHARDAGGA
31,19,0,23,0,7,11,5,13,37,29,39,6,19,7,7,0,0,18,0,0,236,483,48,135,91,25,39,0.0993788819875776,2001,0.0804794520547945,2002,JHARKHAND,PAKUR,JHARKHAND||PAKUR
37,7,4,37,0,6,5,13,16,32,2,44,2,11,3,2,3,0,5,0,1,349,584,47,153,66,13,44,0.0804794520547945,2002,0.085551330798479,2003,JHARKHAND,PAKUR,JHARKHAND||PAKUR
27,29,4,31,0,12,7,13,25,45,9,57,4,14,9,0,3,1,10,0,20,74,526,45,180,101,18,57,0.085551330798479,2003,0.0804794520547945,2004,JHARKHAND,PAKUR,JHARKHAND||PAKUR
37,7,4,37,0,6,5,13,16,32,2,44,2,11,3,2,3,0,5,0,1,349,584,47,153,66,13,44,0.0804794520547945,2004,0.0709318497913769,2005,JHARKHAND,PAKUR,JHARKHAND||PAKUR
35,84,4,30,0,9,7,5,18,54,7,90,12,11,7,4,12,0,5,0,33,187,719,51,264,91,23,90,0.0709318497913769,2005,0.106703146374829,2006,JHARKHAND,PAKUR,JHARKHAND||PAKUR
41,120,5,28,0,19,2,9,13,85,8,95,5,22,7,3,13,0,34,0,23,113,731,78,319,122,27,95,0.106703146374829,2006,0.123015873015873,2007,JHARKHAND,PAKUR,JHARKHAND||PAKUR
24,100,9,45,0,22,5,3,16,100,16,66,3,16,6,4,13,0,31,0,30,112,756,93,274,141,19,66,0.123015873015873,2007,0.2085427135678391,2008,JHARKHAND,PAKUR,JHARKHAND||PAKUR
31,90,6,53,0,18,2,7,19,88,23,56,0,17,4,1,9,0,103,0,58,100,796,166,263,141,17,56,0.2085427135678391,2008,0.1356421356421356,2009,JHARKHAND,PAKUR,JHARKHAND||PAKUR
73,52,3,15,0,14,43,32,71,94,20,160,21,5,23,18,8,0,28,1,38,416,1461,70,392,240,26,160,0.0479123887748117,2001,0.065203357004519,2002,JHARKHAND,PALAMU,JHARKHAND||PALAMU
69,48,3,14,0,16,31,40,111,99,4,167,4,4,27,24,11,0,18,34,3,499,1549,101,388,281,8,167,0.065203357004519,2002,0.0255770430442919,2003,JHARKHAND,PALAMU,JHARKHAND||PALAMU
70,24,1,13,0,14,51,31,62,67,3,194,2,23,7,11,4,0,13,0,5,607,1603,41,398,170,25,194,0.0255770430442919,2003,0.065203357004519,2004,JHARKHAND,PALAMU,JHARKHAND||PALAMU
69,48,3,14,0,16,31,40,111,99,4,167,4,4,27,24,11,0,18,34,3,499,1549,101,388,281,8,167,0.065203357004519,2004,0.0523864959254947,2005,JHARKHAND,PALAMU,JHARKHAND||PALAMU
69,57,4,27,0,44,9,34,91,160,19,217,13,40,21,21,13,0,29,0,0,322,1718,90,461,325,53,217,0.0523864959254947,2005,0.057471264367816,2006,JHARKHAND,PALAMU,JHARKHAND||PALAMU
90,47,3,32,0,28,14,33,79,140,16,136,13,22,17,19,0,7,32,0,0,305,1566,90,383,285,35,136,0.057471264367816,2006,0.0538509705698184,2007,JHARKHAND,PALAMU,JHARKHAND||PALAMU
67,31,1,29,0,36,21,40,96,145,12,122,8,20,13,17,6,3,31,0,0,267,1597,86,347,306,28,122,0.0538509705698184,2007,0.038261691072272,2008,JHARKHAND,PALAMU,JHARKHAND||PALAMU
102,174,6,30,0,57,20,41,80,188,34,143,13,37,0,18,1,0,32,0,75,1100,2117,81,573,343,50,143,0.038261691072272,2008,0.0566737288135593,2009,JHARKHAND,PALAMU,JHARKHAND||PALAMU
41,13,0,28,0,37,17,36,27,350,57,132,8,56,2,11,11,0,46,0,2,478,1346,96,304,472,64,132,0.0713224368499257,2007,0.0328022492970946,2008,JHARKHAND,RAMGARH,JHARKHAND||RAMGARH
44,14,1,11,0,20,18,29,33,288,75,90,8,35,5,5,6,0,13,0,0,315,1067,35,227,430,43,90,0.0328022492970946,2008,0.0521653543307086,2009,JHARKHAND,RAMGARH,JHARKHAND||RAMGARH
243,65,18,73,0,1,81,140,2,647,97,66,47,55,10,4,24,1,78,0,0,22,1602,180,687,896,102,66,0.1123595505617977,2001,0.0462145843009753,2002,JHARKHAND,RANCHI,JHARKHAND||RANCHI
270,161,0,55,0,67,85,181,222,729,159,263,64,51,7,9,73,0,62,0,4,1992,4306,199,1082,1298,115,263,0.0462145843009753,2002,0.0462941314005143,2003,JHARKHAND,RANCHI,JHARKHAND||RANCHI
250,136,0,55,0,70,89,183,214,740,161,264,63,53,7,9,73,0,61,0,5,1996,4277,198,1047,1305,116,264,0.0462941314005143,2003,0.0462145843009753,2004,JHARKHAND,RANCHI,JHARKHAND||RANCHI
270,161,0,55,0,67,85,181,222,729,159,263,64,51,7,9,73,0,62,0,4,1992,4306,199,1082,1298,115,263,0.0462145843009753,2004,0.0374384236453202,2005,JHARKHAND,RANCHI,JHARKHAND||RANCHI
239,168,19,102,5,105,82,190,239,1138,462,174,26,49,11,11,14,0,58,0,867,883,5075,190,1079,2040,75,174,0.0374384236453202,2005,0.0330064126744624,2006,JHARKHAND,RANCHI,JHARKHAND||RANCHI
253,60,16,79,0,94,73,190,221,1210,373,229,65,135,30,14,36,2,40,4,320,1668,5302,175,994,2024,200,229,0.0330064126744624,2006,0.0410393895648587,2007,JHARKHAND,RANCHI,JHARKHAND||RANCHI
203,78,24,53,0,88,69,146,171,1177,437,204,64,64,23,17,27,2,100,0,172,1518,4849,199,865,1954,128,204,0.0410393895648587,2007,0.0441207075962539,2008,JHARKHAND,RANCHI,JHARKHAND||RANCHI
209,72,10,62,0,117,49,112,155,1624,766,138,43,133,14,12,23,0,88,27,299,1106,4805,212,769,2671,176,138,0.0441207075962539,2008,0.032308291163877,2009,JHARKHAND,RANCHI,JHARKHAND||RANCHI
47,34,3,20,0,17,12,8,25,80,26,72,5,19,10,3,23,0,21,0,15,171,628,67,213,149,24,72,0.1066878980891719,2001,0.0986301369863013,2002,JHARKHAND,SAHEBGANJ,JHARKHAND||SAHEBGANJ
45,58,2,26,0,22,5,17,21,98,6,65,4,19,4,5,22,0,19,0,28,242,730,72,240,146,23,65,0.0986301369863013,2002,0.1059190031152648,2003,JHARKHAND,SAHEBGANJ,JHARKHAND||SAHEBGANJ
61,43,3,23,0,16,5,12,24,69,2,25,8,8,8,9,17,0,19,0,33,228,642,68,188,115,16,25,0.1059190031152648,2003,0.0986301369863013,2004,JHARKHAND,SAHEBGANJ,JHARKHAND||SAHEBGANJ
45,58,2,26,0,22,5,17,21,98,6,65,4,19,4,5,22,0,19,0,28,242,730,72,240,146,23,65,0.0986301369863013,2004,0.1119311193111931,2005,JHARKHAND,SAHEBGANJ,JHARKHAND||SAHEBGANJ
47,43,4,44,0,26,5,12,17,117,7,70,5,16,10,4,6,1,36,0,21,279,813,91,251,163,21,70,0.1119311193111931,2005,0.1058263971462544,2006,JHARKHAND,SAHEBGANJ,JHARKHAND||SAHEBGANJ
36,43,0,53,0,22,3,12,30,103,9,54,7,34,8,5,19,0,12,0,20,303,841,89,223,162,41,54,0.1058263971462544,2006,0.1294642857142857,2007,JHARKHAND,SAHEBGANJ,JHARKHAND||SAHEBGANJ
54,51,2,64,0,32,3,7,61,53,7,38,10,8,1,9,18,0,25,0,24,375,896,116,251,129,18,38,0.1294642857142857,2007,0.1161137440758293,2008,JHARKHAND,SAHEBGANJ,JHARKHAND||SAHEBGANJ
42,47,4,61,0,35,4,9,24,134,31,37,5,12,6,4,14,0,19,0,23,264,844,98,239,204,17,37,0.1161137440758293,2008,0.1058823529411764,2009,JHARKHAND,SAHEBGANJ,JHARKHAND||SAHEBGANJ
44,56,53,17,0,19,15,12,43,123,22,29,5,17,0,4,18,0,0,0,0,232,692,39,245,200,22,29,0.0563583815028901,2001,0.0703883495145631,2002,JHARKHAND,SARAIKELA,JHARKHAND||SARAIKELA
51,36,2,26,0,16,12,7,45,115,8,31,8,16,0,3,4,0,25,0,7,308,824,58,181,175,24,31,0.0703883495145631,2002,0.0904419321685508,2003,JHARKHAND,SARAIKELA,JHARKHAND||SARAIKELA
60,42,0,31,0,26,5,32,22,162,5,33,22,5,0,7,14,0,36,0,5,452,973,88,229,221,27,33,0.0904419321685508,2003,0.0703883495145631,2004,JHARKHAND,SARAIKELA,JHARKHAND||SARAIKELA
51,36,2,26,0,16,12,7,45,115,8,31,8,16,0,3,4,0,25,0,7,308,824,58,181,175,24,31,0.0703883495145631,2004,0.0631786771964462,2005,JHARKHAND,SARAIKELA,JHARKHAND||SARAIKELA
49,59,2,33,0,19,18,7,6,191,10,52,4,20,0,3,6,0,22,0,10,423,1013,64,239,214,24,52,0.0631786771964462,2005,0.0422222222222222,2006,JHARKHAND,SARAIKELA,JHARKHAND||SARAIKELA
52,77,2,17,0,14,15,25,38,86,22,30,18,13,2,2,4,0,15,0,34,417,900,38,232,173,31,30,0.0422222222222222,2006,0.0551267916207276,2007,JHARKHAND,SARAIKELA,JHARKHAND||SARAIKELA
51,30,2,18,0,23,12,18,4,151,37,31,7,19,0,4,2,0,26,0,44,422,907,50,185,210,26,31,0.0551267916207276,2007,0.0455075845974329,2008,JHARKHAND,SARAIKELA,JHARKHAND||SARAIKELA
59,56,3,13,0,14,13,24,20,199,55,51,17,17,5,5,8,0,13,0,90,141,857,39,233,303,34,51,0.0455075845974329,2008,0.0393063583815028,2009,JHARKHAND,SARAIKELA,JHARKHAND||SARAIKELA
49,2,2,17,0,12,13,27,3,14,0,5,0,2,0,1,0,0,0,0,0,88,247,18,127,44,2,5,0.0728744939271255,2001,0.0638297872340425,2002,JHARKHAND,SIMDEGA,JHARKHAND||SIMDEGA
43,22,3,16,0,2,10,12,16,3,3,10,0,10,3,1,0,0,1,0,6,123,282,18,118,37,10,10,0.0638297872340425,2002,0.0773333333333333,2003,JHARKHAND,SIMDEGA,JHARKHAND||SIMDEGA
50,1,2,19,0,12,10,17,11,32,0,29,3,2,4,0,3,0,7,0,11,87,375,29,140,64,5,29,0.0773333333333333,2003,0.0638297872340425,2004,JHARKHAND,SIMDEGA,JHARKHAND||SIMDEGA
43,22,3,16,0,2,10,12,16,3,3,10,0,10,3,1,0,0,1,0,6,123,282,18,118,37,10,10,0.0638297872340425,2004,0.0521739130434782,2005,JHARKHAND,SIMDEGA,JHARKHAND||SIMDEGA
65,20,0,20,0,10,12,11,4,70,9,10,3,9,9,0,2,0,1,1,11,160,460,24,148,103,12,10,0.0521739130434782,2005,0.1118721461187214,2006,JHARKHAND,SIMDEGA,JHARKHAND||SIMDEGA
69,37,1,29,0,9,11,17,16,41,7,9,3,8,0,2,10,4,4,0,0,168,438,49,182,81,11,9,0.1118721461187214,2006,0.0648148148148148,2007,JHARKHAND,SIMDEGA,JHARKHAND||SIMDEGA
72,24,2,21,0,20,15,17,15,59,11,10,0,5,6,0,1,0,6,0,0,97,432,28,181,108,5,10,0.0648148148148148,2007,0.0714285714285714,2008,JHARKHAND,SIMDEGA,JHARKHAND||SIMDEGA
75,11,4,26,0,12,7,19,17,54,8,18,0,6,3,0,0,0,1,0,0,123,378,27,172,101,6,18,0.0714285714285714,2008,0.0641025641025641,2009,JHARKHAND,SIMDEGA,JHARKHAND||SIMDEGA
59,34,10,2,0,17,2,3,47,105,27,218,6,18,12,1,39,0,50,0,0,770,1710,92,345,194,24,218,0.0538011695906432,2001,0.0642297650130548,2002,KARNATAKA,BAGALKOT,KARNATAKA||BAGALKOT
51,38,2,4,0,17,2,1,74,147,35,209,11,28,6,2,53,1,63,0,0,842,1915,123,324,263,39,209,0.0642297650130548,2002,0.0527934392619169,2003,KARNATAKA,BAGALKOT,KARNATAKA||BAGALKOT
50,28,6,12,0,16,1,7,84,112,39,180,4,20,17,2,44,0,45,0,0,979,1951,103,300,259,24,180,0.0527934392619169,2003,0.0485770363101079,2004,KARNATAKA,BAGALKOT,KARNATAKA||BAGALKOT
38,39,1,3,0,24,7,11,89,134,37,189,12,23,15,2,40,0,54,0,0,1009,2038,99,312,286,35,189,0.0485770363101079,2004,0.0576092174747959,2005,KARNATAKA,BAGALKOT,KARNATAKA||BAGALKOT
43,28,2,4,0,15,17,9,97,128,47,204,6,34,9,1,43,4,68,0,0,1037,2083,120,322,290,40,204,0.0576092174747959,2005,0.05819592628516,2006,KARNATAKA,BAGALKOT,KARNATAKA||BAGALKOT
35,25,1,12,0,20,5,20,85,128,32,147,11,37,7,3,45,1,59,0,0,1136,2062,120,265,272,48,147,0.05819592628516,2006,0.0636007827788649,2007,KARNATAKA,BAGALKOT,KARNATAKA||BAGALKOT
38,24,3,4,0,27,8,11,60,125,41,123,4,44,15,2,51,3,70,0,0,1179,2044,130,238,252,48,123,0.0636007827788649,2007,0.0625,2008,KARNATAKA,BAGALKOT,KARNATAKA||BAGALKOT
43,26,0,2,0,22,1,8,68,128,52,175,9,45,3,6,62,2,56,0,0,1166,2048,128,277,259,54,175,0.0625,2008,0.0619718309859154,2009,KARNATAKA,BAGALKOT,KARNATAKA||BAGALKOT
221,327,5,40,0,152,31,284,2108,6293,2401,298,258,1708,3,40,223,51,229,0,38,11106,27254,583,1358,11089,1966,298,0.0213913553973728,2001,0.0208104395604395,2002,KARNATAKA,BANGALORE COMMR.,KARNATAKA||BANGALORE COMMR
201,311,4,32,0,159,27,365,2084,7081,2754,284,180,1788,1,33,237,62,242,0,45,11801,29120,606,1383,12285,1968,284,0.0208104395604395,2002,0.018215994531784,2003,KARNATAKA,BANGALORE COMMR.,KARNATAKA||BANGALORE COMMR
216,280,1,34,0,132,46,311,1713,7123,2682,273,241,1780,0,34,213,39,213,0,84,12547,29260,533,1293,11829,2021,273,0.018215994531784,2003,0.0171422561873378,2004,KARNATAKA,BANGALORE COMMR.,KARNATAKA||BANGALORE COMMR
214,285,2,32,0,175,37,455,1874,8241,3205,323,145,1534,3,44,151,35,227,0,104,11008,28526,489,1523,13778,1679,323,0.0171422561873378,2004,0.0196267474691825,2005,KARNATAKA,BANGALORE COMMR.,KARNATAKA||BANGALORE COMMR
242,282,5,38,0,131,35,594,1771,9617,3753,377,172,1633,5,39,167,39,287,0,93,9869,29042,570,1704,15740,1805,377,0.0196267474691825,2005,0.0197078070308933,2006,KARNATAKA,BANGALORE COMMR.,KARNATAKA||BANGALORE COMMR
218,324,7,33,0,99,37,647,1666,7354,3501,710,192,1554,5,50,143,2,290,0,113,9941,26284,518,2075,13173,1746,710,0.0197078070308933,2006,0.0220340862878479,2007,KARNATAKA,BANGALORE COMMR.,KARNATAKA||BANGALORE COMMR
246,264,7,62,1,119,41,545,1485,7377,3667,425,183,2052,2,54,187,2,290,0,110,10969,27049,596,1709,13076,2235,425,0.0220340862878479,2007,0.0199905609492988,2008,KARNATAKA,BANGALORE COMMR.,KARNATAKA||BANGALORE COMMR
253,297,8,54,0,159,88,702,1787,9681,5605,348,190,2025,10,52,179,1,307,0,126,10648,29664,593,1909,17785,2215,348,0.0199905609492988,2008,0.0237183446571958,2009,KARNATAKA,BANGALORE COMMR.,KARNATAKA||BANGALORE COMMR
137,86,2,13,0,37,23,32,405,533,92,358,22,60,39,30,90,0,123,0,0,2120,5209,256,688,1101,82,358,0.0491457093492033,2001,0.0410396716826265,2002,KARNATAKA,BANGALORE RURAL,KARNATAKA||BANGALORE RURAL
153,114,7,22,0,38,23,54,498,767,129,480,37,63,41,35,114,0,129,0,0,3459,7310,300,891,1489,100,480,0.0410396716826265,2002,0.0398164394655149,2003,KARNATAKA,BANGALORE RURAL,KARNATAKA||BANGALORE RURAL
128,85,17,27,0,34,17,49,462,864,156,465,28,54,103,31,107,0,130,0,0,3445,7409,295,822,1634,82,465,0.0398164394655149,2003,0.0319148936170212,2004,KARNATAKA,BANGALORE RURAL,KARNATAKA||BANGALORE RURAL
152,88,2,29,0,42,17,42,539,1038,249,477,21,142,17,31,104,0,94,0,0,4118,8084,258,849,1885,163,477,0.0319148936170212,2004,0.0334146341463414,2005,KARNATAKA,BANGALORE RURAL,KARNATAKA||BANGALORE RURAL
171,94,2,16,0,44,25,58,378,876,292,599,24,106,13,46,110,0,102,0,0,4380,8200,274,1009,1617,130,599,0.0334146341463414,2005,0.0309865573023467,2006,KARNATAKA,BANGALORE RURAL,KARNATAKA||BANGALORE RURAL
175,104,1,26,0,34,27,49,362,920,284,582,30,112,37,26,121,0,99,0,0,5026,8778,272,998,1652,142,582,0.0309865573023467,2006,0.030663402121954,2007,KARNATAKA,BANGALORE RURAL,KARNATAKA||BANGALORE RURAL
176,43,0,29,0,43,18,55,330,834,173,504,23,86,10,32,99,0,103,0,0,5180,8577,263,868,1402,109,504,0.030663402121954,2007,0.0309744517295952,2008,KARNATAKA,BANGALORE RURAL,KARNATAKA||BANGALORE RURAL
102,54,0,14,0,22,29,49,185,527,244,209,6,81,0,11,56,0,56,0,0,2549,4423,137,479,1005,87,209,0.0309744517295952,2008,0.0353558394160583,2009,KARNATAKA,BANGALORE RURAL,KARNATAKA||BANGALORE RURAL
120,55,2,8,0,27,19,47,212,386,139,389,17,102,25,4,62,0,125,0,21,2429,5053,199,667,809,119,389,0.0393825450227587,2001,0.0359712230215827,2002,KARNATAKA,BELGAUM,KARNATAKA||BELGAUM
113,60,1,6,0,26,12,48,203,272,107,370,18,137,19,7,55,0,102,0,19,2442,4726,170,636,649,155,370,0.0359712230215827,2002,0.0367156208277703,2003,KARNATAKA,BELGAUM,KARNATAKA||BELGAUM
107,39,3,11,0,28,13,41,205,298,102,243,26,111,18,12,45,4,93,0,24,2461,4494,165,485,664,137,243,0.0367156208277703,2003,0.037792570324243,2004,KARNATAKA,BELGAUM,KARNATAKA||BELGAUM
106,81,2,5,0,26,14,30,188,291,114,255,14,144,19,6,56,0,109,0,33,2504,4657,176,519,642,158,255,0.037792570324243,2004,0.0360915492957746,2005,KARNATAKA,BELGAUM,KARNATAKA||BELGAUM
116,79,1,13,0,41,11,36,234,363,137,311,14,141,23,10,74,0,108,0,34,3249,5680,205,608,793,155,311,0.0360915492957746,2005,0.048184925931955,2006,KARNATAKA,BELGAUM,KARNATAKA||BELGAUM
98,91,0,22,0,35,15,48,292,434,168,358,20,197,17,13,107,2,152,0,35,3243,6143,296,667,959,217,358,0.048184925931955,2006,0.0582767778105635,2007,KARNATAKA,BELGAUM,KARNATAKA||BELGAUM
110,84,3,22,0,42,7,51,224,459,202,372,21,253,39,10,129,2,232,0,21,3744,6778,395,691,975,274,372,0.0582767778105635,2007,0.0644755244755244,2008,KARNATAKA,BELGAUM,KARNATAKA||BELGAUM
124,94,1,30,0,59,3,53,311,599,256,460,19,223,27,9,180,9,233,0,36,3617,7150,461,824,1246,242,460,0.0644755244755244,2008,0.0796992481203007,2009,KARNATAKA,BELGAUM,KARNATAKA||BELGAUM
58,41,1,16,0,14,5,20,179,303,75,260,9,19,13,5,82,0,49,0,0,1445,3229,152,415,590,28,260,0.0470733973366367,2001,0.0450129533678756,2002,KARNATAKA,BELLARY,KARNATAKA||BELLARY
62,58,0,11,0,13,2,18,189,265,65,271,6,29,15,8,68,0,52,0,4,1366,3088,139,435,552,35,271,0.0450129533678756,2002,0.033313143549364,2003,KARNATAKA,BELLARY,KARNATAKA||BELLARY
48,41,0,14,0,12,3,16,128,265,49,218,6,34,14,2,58,0,36,0,3,1873,3302,110,352,472,40,218,0.033313143549364,2003,0.0241558441558441,2004,KARNATAKA,BELLARY,KARNATAKA||BELLARY
42,31,1,5,0,17,3,13,118,295,70,219,6,43,8,5,38,1,44,0,8,2433,3850,93,331,504,49,219,0.0241558441558441,2004,0.0304602888086642,2005,KARNATAKA,BELLARY,KARNATAKA||BELLARY
58,35,0,17,0,21,4,31,166,304,115,263,12,93,17,5,53,0,60,0,7,2656,4432,135,429,633,105,263,0.0304602888086642,2005,0.03818093385214,2006,KARNATAKA,BELLARY,KARNATAKA||BELLARY
56,44,1,15,0,23,5,31,155,268,96,224,15,49,5,13,59,0,70,0,8,2497,4112,157,399,555,64,224,0.03818093385214,2006,0.0423542354235423,2007,KARNATAKA,BELLARY,KARNATAKA||BELLARY
62,51,0,14,0,17,2,25,139,226,81,222,6,70,11,7,71,0,62,0,15,2099,3636,154,393,482,76,222,0.0423542354235423,2007,0.0340073529411764,2008,KARNATAKA,BELLARY,KARNATAKA||BELLARY
46,47,1,11,0,19,5,24,123,284,135,189,20,48,7,10,41,0,49,0,9,1834,3264,111,342,573,68,189,0.0340073529411764,2008,0.0495481458398254,2009,KARNATAKA,BELLARY,KARNATAKA||BELLARY
48,58,4,7,0,19,7,36,154,202,45,163,7,33,21,2,90,3,51,0,0,2449,4371,153,342,458,40,163,0.035003431708991,2001,0.0382612633008829,2002,KARNATAKA,BIDAR,KARNATAKA||BIDAR
49,62,0,8,0,23,6,29,222,208,42,166,4,31,29,10,85,2,64,0,0,2394,4417,169,343,530,35,166,0.0382612633008829,2002,0.0309658392725485,2003,KARNATAKA,BIDAR,KARNATAKA||BIDAR
37,57,3,6,0,22,8,43,210,226,46,144,8,36,27,5,45,3,67,0,0,1975,4069,126,320,552,44,144,0.0309658392725485,2003,0.02274412855377,2004,KARNATAKA,BIDAR,KARNATAKA||BIDAR
40,94,1,8,0,25,9,20,155,246,47,187,7,37,14,8,27,2,47,0,0,2003,4045,92,384,482,44,187,0.02274412855377,2004,0.0320423516299804,2005,KARNATAKA,BIDAR,KARNATAKA||BIDAR
38,44,1,5,0,12,2,22,136,183,31,165,19,34,9,10,44,3,53,0,0,1751,3589,115,289,381,53,165,0.0320423516299804,2005,0.047725369801842,2006,KARNATAKA,BIDAR,KARNATAKA||BIDAR
38,53,6,8,0,20,6,20,148,232,53,209,11,39,18,10,82,2,69,0,0,1532,3583,171,360,471,50,209,0.047725369801842,2006,0.0549601538884308,2007,KARNATAKA,BIDAR,KARNATAKA||BIDAR
42,46,11,11,0,26,7,25,160,197,55,172,7,22,19,4,103,1,81,0,0,1757,3639,200,340,456,29,172,0.0549601538884308,2007,0.0535236396074933,2008,KARNATAKA,BIDAR,KARNATAKA||BIDAR
28,36,1,7,0,23,3,24,147,203,57,135,12,37,15,11,105,2,55,0,18,1601,3363,180,257,446,49,135,0.0535236396074933,2008,0.0372843628269337,2009,KARNATAKA,BIDAR,KARNATAKA||BIDAR
51,47,4,6,0,24,5,21,108,202,34,396,5,19,34,1,65,0,92,0,0,1163,2941,164,554,399,24,396,0.055763345800748,2001,0.0611875452570601,2002,KARNATAKA,BIJAPUR,KARNATAKA||BIJAPUR
62,53,2,3,0,30,12,22,138,117,32,326,4,23,27,5,71,0,90,0,0,1132,2762,169,510,336,27,326,0.0611875452570601,2002,0.0382909175811347,2003,KARNATAKA,BIJAPUR,KARNATAKA||BIJAPUR
55,33,2,9,0,18,5,15,108,115,40,226,1,22,13,4,68,0,83,0,0,2870,4283,164,363,291,23,226,0.0382909175811347,2003,0.0575747828883885,2004,KARNATAKA,BIJAPUR,KARNATAKA||BIJAPUR
66,49,4,8,0,21,6,16,123,121,45,242,5,29,19,2,96,0,73,0,0,1607,3109,179,412,324,34,242,0.0575747828883885,2004,0.0716417910447761,2005,KARNATAKA,BIJAPUR,KARNATAKA||BIJAPUR
49,61,2,18,0,22,6,18,149,154,54,326,11,40,12,0,93,0,105,0,0,1263,3015,216,502,387,51,326,0.0716417910447761,2005,0.0749525616698292,2006,KARNATAKA,BIJAPUR,KARNATAKA||BIJAPUR
63,59,0,18,0,26,2,22,123,153,38,319,16,64,17,4,89,0,126,0,0,1426,3162,237,509,353,80,319,0.0749525616698292,2006,0.0758234928527035,2007,KARNATAKA,BIJAPUR,KARNATAKA||BIJAPUR
49,28,1,17,0,30,2,31,129,155,45,298,6,72,23,2,80,0,145,0,0,1447,3218,244,456,383,78,298,0.0758234928527035,2007,0.07616,2008,KARNATAKA,BIJAPUR,KARNATAKA||BIJAPUR
83,73,0,19,0,23,6,19,146,151,75,313,15,55,20,1,83,0,135,0,0,1386,3125,238,536,411,70,313,0.07616,2008,0.0702127659574468,2009,KARNATAKA,BIJAPUR,KARNATAKA||BIJAPUR
39,44,1,7,0,17,2,13,98,209,53,172,3,60,0,9,37,0,22,0,1,845,1891,75,295,373,63,172,0.0396615547329455,2008,0.0533880903490759,2009,KARNATAKA,CBPURA,KARNATAKA||CBPURA
19,18,0,4,0,5,1,9,72,133,20,107,3,10,25,7,43,0,15,0,0,437,1390,69,163,259,13,107,0.0496402877697841,2001,0.0331574981160512,2002,KARNATAKA,CHAMARAJNAGAR,KARNATAKA||CHAMARAJNAGAR
29,24,0,4,0,6,4,6,46,99,11,222,2,2,22,1,26,0,13,0,0,444,1327,44,295,184,4,222,0.0331574981160512,2002,0.0563620836891545,2003,KARNATAKA,CHAMARAJNAGAR,KARNATAKA||CHAMARAJNAGAR
25,16,0,3,0,2,4,4,76,121,5,87,2,19,8,4,40,0,19,0,0,382,1171,66,141,214,21,87,0.0563620836891545,2003,0.0442532267977873,2004,KARNATAKA,CHAMARAJNAGAR,KARNATAKA||CHAMARAJNAGAR
23,16,3,7,0,9,2,6,99,151,9,106,5,22,0,4,42,0,19,0,0,592,1627,72,172,265,27,106,0.0442532267977873,2004,0.050531914893617,2005,KARNATAKA,CHAMARAJNAGAR,KARNATAKA||CHAMARAJNAGAR
24,29,1,7,0,8,3,3,81,134,13,89,2,10,0,3,43,0,23,0,0,541,1504,76,164,231,12,89,0.050531914893617,2005,0.0592307692307692,2006,KARNATAKA,CHAMARAJNAGAR,KARNATAKA||CHAMARAJNAGAR
20,15,1,16,0,7,0,1,40,109,20,70,4,10,0,1,35,0,25,0,0,548,1300,77,130,170,14,70,0.0592307692307692,2006,0.0356882738528769,2007,KARNATAKA,CHAMARAJNAGAR,KARNATAKA||CHAMARAJNAGAR
19,11,1,3,0,7,1,2,58,84,18,77,3,15,0,2,26,0,18,0,0,614,1373,49,121,162,18,77,0.0356882738528769,2007,0.0474308300395256,2008,KARNATAKA,CHAMARAJNAGAR,KARNATAKA||CHAMARAJNAGAR
36,20,1,4,0,7,4,10,76,128,31,85,0,22,0,4,29,0,35,0,0,632,1518,72,167,245,22,85,0.0474308300395256,2008,0.0680313064419024,2009,KARNATAKA,CHAMARAJNAGAR,KARNATAKA||CHAMARAJNAGAR
41,24,3,8,0,12,4,10,148,222,44,187,7,25,5,4,57,8,83,0,7,1022,2766,160,289,429,32,187,0.0578452639190166,2001,0.0547210300429184,2002,KARNATAKA,CHICKMAGALUR,KARNATAKA||CHICKMAGALUR
36,64,2,18,0,12,1,11,159,237,45,166,7,12,7,3,62,6,64,0,9,1068,2796,153,310,459,19,166,0.0547210300429184,2002,0.0534351145038167,2003,KARNATAKA,CHICKMAGALUR,KARNATAKA||CHICKMAGALUR
28,30,1,12,0,14,7,13,213,308,41,150,9,6,10,4,49,7,89,0,6,1139,3013,161,255,585,15,150,0.0534351145038167,2003,0.0460503010981225,2004,KARNATAKA,CHICKMAGALUR,KARNATAKA||CHICKMAGALUR
29,37,3,7,0,13,4,14,141,237,55,161,10,29,9,5,55,4,59,0,10,1131,2823,130,268,456,39,161,0.0460503010981225,2004,0.0471281296023564,2005,KARNATAKA,CHICKMAGALUR,KARNATAKA||CHICKMAGALUR
35,25,0,16,0,9,5,12,154,193,36,135,9,18,8,7,33,3,69,0,2,1173,2716,128,237,403,27,135,0.0471281296023564,2005,0.0560997328584149,2006,KARNATAKA,CHICKMAGALUR,KARNATAKA||CHICKMAGALUR
40,42,2,17,0,11,4,15,246,254,45,136,8,35,10,4,71,8,89,0,3,1443,3369,189,267,570,43,136,0.0560997328584149,2006,0.064321250888415,2007,KARNATAKA,CHICKMAGALUR,KARNATAKA||CHICKMAGALUR
32,29,2,11,0,11,6,22,126,169,43,121,3,20,7,4,55,3,108,0,3,1375,2814,181,234,367,23,121,0.064321250888415,2007,0.0690099967752338,2008,KARNATAKA,CHICKMAGALUR,KARNATAKA||CHICKMAGALUR
39,31,3,17,0,23,4,26,151,201,49,151,1,24,8,8,60,6,123,0,4,1441,3101,214,294,435,25,151,0.0690099967752338,2008,0.0641509433962264,2009,KARNATAKA,CHICKMAGALUR,KARNATAKA||CHICKMAGALUR
31,22,0,18,0,4,8,20,115,145,38,269,7,22,8,2,48,0,35,0,0,1219,2691,103,372,326,29,269,0.0382757339279078,2001,0.0324849296718017,2002,KARNATAKA,CHITRADURGA,KARNATAKA||CHITRADURGA
37,18,1,12,0,7,3,15,113,165,37,319,16,18,6,7,46,0,32,0,1,1437,2986,97,412,336,34,319,0.0324849296718017,2002,0.0308302808302808,2003,KARNATAKA,CHITRADURGA,KARNATAKA||CHITRADURGA
42,20,0,19,0,15,5,10,135,185,46,326,10,27,5,6,43,1,32,0,0,1554,3276,101,437,381,37,326,0.0308302808302808,2003,0.0337690631808278,2004,KARNATAKA,CHITRADURGA,KARNATAKA||CHITRADURGA
32,32,4,16,0,7,5,10,119,252,51,315,9,23,6,6,63,0,39,0,0,1822,3672,124,421,438,32,315,0.0337690631808278,2004,0.0320733104238258,2005,KARNATAKA,CHITRADURGA,KARNATAKA||CHITRADURGA
21,14,3,15,0,6,2,12,118,230,47,230,8,32,6,6,62,0,29,0,0,1972,3492,112,303,413,40,230,0.0320733104238258,2005,0.02803738317757,2006,KARNATAKA,CHITRADURGA,KARNATAKA||CHITRADURGA
38,21,3,16,0,19,2,9,127,276,54,193,7,26,2,3,52,0,28,0,0,2000,3531,99,301,468,33,193,0.02803738317757,2006,0.0346144057011962,2007,KARNATAKA,CHITRADURGA,KARNATAKA||CHITRADURGA
32,20,0,10,0,21,1,23,114,183,40,238,6,27,8,9,65,1,51,0,0,2298,3929,136,345,368,33,238,0.0346144057011962,2007,0.0369840133619661,2008,KARNATAKA,CHITRADURGA,KARNATAKA||CHITRADURGA
42,15,1,18,0,20,5,29,118,281,114,266,11,33,9,6,82,0,49,0,0,2406,4191,155,396,551,44,266,0.0369840133619661,2008,0.0536147501213003,2009,KARNATAKA,CHITRADURGA,KARNATAKA||CHITRADURGA
33,36,0,3,0,9,1,8,214,219,109,127,15,55,12,1,24,0,25,0,3,1846,3047,53,217,562,70,127,0.017394158188382,2001,0.0186643336249635,2002,KARNATAKA,DAKSHIN KANNADA,KARNATAKA||DAKSHIN KANNADA
26,27,0,9,0,6,3,9,173,208,103,141,11,49,17,0,22,5,28,0,4,2178,3429,64,221,510,60,141,0.0186643336249635,2002,0.0178926441351888,2003,KARNATAKA,DAKSHIN KANNADA,KARNATAKA||DAKSHIN KANNADA
35,30,1,3,0,10,7,7,163,220,99,194,4,40,22,2,23,4,31,0,5,2210,3521,63,287,511,44,194,0.0178926441351888,2003,0.0164529397532059,2004,KARNATAKA,DAKSHIN KANNADA,KARNATAKA||DAKSHIN KANNADA
24,25,2,12,0,13,8,50,218,259,120,277,11,66,24,1,25,4,26,0,13,2504,4133,68,411,671,77,277,0.0164529397532059,2004,0.0219012115563839,2005,KARNATAKA,DAKSHIN KANNADA,KARNATAKA||DAKSHIN KANNADA
35,29,1,14,0,14,12,37,213,269,128,221,10,89,29,2,40,1,37,0,13,2612,4292,94,363,676,99,221,0.0219012115563839,2005,0.026257121624969,2006,KARNATAKA,DAKSHIN KANNADA,KARNATAKA||DAKSHIN KANNADA
28,44,0,17,0,12,7,20,208,237,105,419,5,56,28,2,47,6,34,0,11,2407,4037,106,547,598,61,419,0.026257121624969,2006,0.0252057613168724,2007,KARNATAKA,DAKSHIN KANNADA,KARNATAKA||DAKSHIN KANNADA
26,37,1,11,0,11,3,19,266,215,108,195,9,93,20,2,36,3,46,0,12,2373,3888,98,303,628,102,195,0.0252057613168724,2007,0.0309511826874685,2008,KARNATAKA,DAKSHIN KANNADA,KARNATAKA||DAKSHIN KANNADA
29,45,2,10,0,10,5,38,187,256,145,266,3,91,19,5,53,4,51,0,14,2372,3974,123,405,645,94,266,0.0309511826874685,2008,0.0351086696919035,2009,KARNATAKA,DAKSHIN KANNADA,KARNATAKA||DAKSHIN KANNADA
58,39,6,22,0,23,5,26,246,332,114,297,12,46,1,8,84,5,77,0,1,1325,3301,196,476,719,58,297,0.0593759466828233,2001,0.0550547327752736,2002,KARNATAKA,DAVANAGERE,KARNATAKA||DAVANAGERE
57,26,7,14,0,18,8,43,176,279,75,276,13,39,2,8,74,2,73,0,17,1383,3106,171,449,575,52,276,0.0550547327752736,2002,0.0542168674698795,2003,KARNATAKA,DAVANAGERE,KARNATAKA||DAVANAGERE
28,20,3,16,0,14,9,35,192,329,100,277,11,47,0,10,56,2,78,0,2,1272,2988,162,402,656,58,277,0.0542168674698795,2003,0.0471186440677966,2004,KARNATAKA,DAVANAGERE,KARNATAKA||DAVANAGERE
38,14,4,8,0,10,5,19,143,273,69,266,10,60,4,11,61,0,59,0,1,1433,2950,139,364,508,70,266,0.0471186440677966,2004,0.0589055420006971,2005,KARNATAKA,DAVANAGERE,KARNATAKA||DAVANAGERE
40,16,5,14,0,14,2,24,145,283,64,184,6,67,3,9,66,2,78,0,5,1352,2869,169,299,519,73,184,0.0589055420006971,2005,0.0615220483641536,2006,KARNATAKA,DAVANAGERE,KARNATAKA||DAVANAGERE
23,13,4,17,0,14,10,25,173,272,55,147,25,46,0,11,60,6,79,0,6,1322,2812,173,253,525,71,147,0.0615220483641536,2006,0.0605405405405405,2007,KARNATAKA,DAVANAGERE,KARNATAKA||DAVANAGERE
19,22,1,10,0,16,2,20,134,205,49,220,13,41,0,5,49,2,102,0,0,1437,2775,168,310,408,54,220,0.0605405405405405,2007,0.0618145563310069,2008,KARNATAKA,DAVANAGERE,KARNATAKA||DAVANAGERE
26,18,1,10,0,35,3,16,138,268,103,213,14,53,0,9,60,5,102,0,3,1564,3009,186,322,525,67,213,0.0618145563310069,2008,0.0705737956428352,2009,KARNATAKA,DAVANAGERE,KARNATAKA||DAVANAGERE
16,24,0,4,0,8,5,34,159,245,99,168,8,56,7,2,3,0,24,0,4,944,1902,33,259,544,64,168,0.0173501577287066,2001,0.0237506185056902,2002,KARNATAKA,DHARWAD COMMR.,KARNATAKA||DHARWAD COMMR
17,36,0,1,0,16,7,38,105,269,123,122,13,61,9,5,14,4,24,0,6,1051,2021,48,237,544,74,122,0.0237506185056902,2002,0.0256553262688232,2003,KARNATAKA,DHARWAD COMMR.,KARNATAKA||DHARWAD COMMR
23,18,0,3,0,11,4,16,126,288,118,80,6,81,0,3,3,9,28,0,4,906,1793,46,155,548,87,80,0.0256553262688232,2003,0.0135453474676089,2004,KARNATAKA,DHARWAD COMMR.,KARNATAKA||DHARWAD COMMR
17,17,0,1,0,10,0,8,101,251,106,67,11,143,3,3,8,1,10,0,3,841,1698,23,120,469,154,67,0.0135453474676089,2004,0.0115511551155115,2005,KARNATAKA,DHARWAD COMMR.,KARNATAKA||DHARWAD COMMR
15,13,0,0,0,7,1,22,133,274,143,73,24,66,3,3,2,2,14,0,2,967,1818,21,131,575,90,73,0.0115511551155115,2005,0.0244705882352941,2006,KARNATAKA,DHARWAD COMMR.,KARNATAKA||DHARWAD COMMR
23,18,0,3,0,15,4,60,136,338,138,67,10,105,3,1,13,1,34,0,7,1075,2125,52,190,675,115,67,0.0244705882352941,2006,0.0238675109595713,2007,KARNATAKA,DHARWAD COMMR.,KARNATAKA||DHARWAD COMMR
16,20,0,5,0,16,1,60,147,273,118,104,17,133,0,3,10,1,30,0,5,1018,2053,49,222,598,150,104,0.0238675109595713,2007,0.0282731622444541,2008,KARNATAKA,DHARWAD COMMR.,KARNATAKA||DHARWAD COMMR
21,26,0,3,0,15,8,78,153,422,245,90,7,135,8,1,16,1,44,0,9,1088,2299,65,241,906,142,90,0.0282731622444541,2008,0.0372549019607843,2009,KARNATAKA,DHARWAD COMMR.,KARNATAKA||DHARWAD COMMR
25,10,2,3,0,3,3,5,30,38,1,110,7,14,0,3,8,0,8,0,0,497,899,22,161,74,21,110,0.0244716351501668,2001,0.0519337016574585,2002,KARNATAKA,DHARWAD RURAL,KARNATAKA||DHARWAD RURAL
35,13,0,0,0,7,2,4,42,34,2,89,1,9,2,4,26,0,17,0,0,487,905,47,150,84,10,89,0.0519337016574585,2002,0.0343300110741971,2003,KARNATAKA,DHARWAD RURAL,KARNATAKA||DHARWAD RURAL
28,11,3,5,0,0,8,6,39,60,5,106,4,12,3,3,11,0,12,0,0,455,903,31,167,113,16,106,0.0343300110741971,2003,0.0239651416122004,2004,KARNATAKA,DHARWAD RURAL,KARNATAKA||DHARWAD RURAL
26,15,2,3,0,3,3,0,26,80,3,102,2,8,1,2,13,0,4,0,0,503,918,22,154,110,10,102,0.0239651416122004,2004,0.0423387096774193,2005,KARNATAKA,DHARWAD RURAL,KARNATAKA||DHARWAD RURAL
22,15,4,4,0,8,3,3,36,65,1,80,9,13,0,5,21,0,12,0,0,556,992,42,139,105,22,80,0.0423387096774193,2005,0.0322255790533736,2006,KARNATAKA,DHARWAD RURAL,KARNATAKA||DHARWAD RURAL
34,9,2,4,0,8,1,5,14,58,6,64,8,18,0,1,15,0,12,0,0,614,993,32,127,83,26,64,0.0322255790533736,2006,0.0251004016064257,2007,KARNATAKA,DHARWAD RURAL,KARNATAKA||DHARWAD RURAL
30,13,0,7,0,6,4,4,19,45,15,64,8,21,0,0,8,0,10,0,0,643,996,25,128,83,29,64,0.0251004016064257,2007,0.0395584176632934,2008,KARNATAKA,DHARWAD RURAL,KARNATAKA||DHARWAD RURAL
22,25,0,1,0,6,3,7,23,49,12,72,6,10,1,3,16,0,23,0,0,692,1087,43,136,92,16,72,0.0395584176632934,2008,0.0524256651017214,2009,KARNATAKA,DHARWAD RURAL,KARNATAKA||DHARWAD RURAL
22,17,1,2,0,4,4,13,55,55,16,109,4,23,1,3,10,0,18,0,0,392,899,33,172,140,27,109,0.0367074527252502,2001,0.0323275862068965,2002,KARNATAKA,GADAG,KARNATAKA||GADAG
15,22,0,3,0,4,3,4,49,72,29,133,8,20,2,3,12,0,12,0,0,389,928,30,184,156,28,133,0.0323275862068965,2002,0.0320665083135391,2003,KARNATAKA,GADAG,KARNATAKA||GADAG
16,12,0,1,0,4,5,1,56,62,11,98,5,14,7,1,12,0,13,0,0,385,842,27,137,137,19,98,0.0320665083135391,2003,0.0422386483632523,2004,KARNATAKA,GADAG,KARNATAKA||GADAG
16,17,2,1,0,5,4,4,54,65,22,101,6,19,2,2,21,0,16,0,0,434,947,40,150,147,25,101,0.0422386483632523,2004,0.0339805825242718,2005,KARNATAKA,GADAG,KARNATAKA||GADAG
20,23,1,1,0,7,11,4,56,67,22,123,7,14,1,4,16,0,14,0,0,507,1030,35,190,150,21,123,0.0339805825242718,2005,0.0377855887521968,2006,KARNATAKA,GADAG,KARNATAKA||GADAG
20,12,1,1,0,5,2,7,64,84,28,115,7,21,1,4,20,1,17,0,107,478,1138,43,163,184,28,115,0.0377855887521968,2006,0.0596868884540117,2007,KARNATAKA,GADAG,KARNATAKA||GADAG
17,17,0,4,0,5,2,8,50,68,22,111,6,27,3,3,31,0,23,0,91,425,1022,61,164,151,33,111,0.0596868884540117,2007,0.0842553191489361,2008,KARNATAKA,GADAG,KARNATAKA||GADAG
23,22,1,10,0,10,2,6,58,87,41,108,2,17,5,5,49,1,34,0,94,460,1175,99,182,197,19,108,0.0842553191489361,2008,0.0713043478260869,2009,KARNATAKA,GADAG,KARNATAKA||GADAG
95,83,3,20,0,35,10,61,246,268,55,423,6,68,25,6,143,1,104,0,0,1421,4169,274,730,655,74,423,0.0657231950107939,2001,0.0564576567574319,2002,KARNATAKA,GULBARGA,KARNATAKA||GULBARGA
79,76,7,24,0,43,3,46,173,258,56,368,6,47,19,4,119,6,73,0,0,1484,4003,226,646,552,53,368,0.0564576567574319,2002,0.0635811126694717,2003,KARNATAKA,GULBARGA,KARNATAKA||GULBARGA
88,72,3,14,0,29,5,33,199,190,47,334,4,67,62,5,150,0,103,0,15,1707,4278,272,578,531,71,334,0.0635811126694717,2003,0.0535866780529462,2004,KARNATAKA,GULBARGA,KARNATAKA||GULBARGA
102,133,4,23,1,40,7,27,203,251,89,513,15,60,45,7,122,0,98,0,15,1789,4684,251,849,615,75,513,0.0535866780529462,2004,0.0533141210374639,2005,KARNATAKA,GULBARGA,KARNATAKA||GULBARGA
115,111,0,16,0,33,7,27,191,290,96,472,7,76,57,12,119,0,112,0,21,2125,4858,259,781,661,83,472,0.0533141210374639,2005,0.0445709797761633,2006,KARNATAKA,GULBARGA,KARNATAKA||GULBARGA
99,125,2,18,0,45,7,35,190,278,92,494,4,90,58,9,78,0,122,0,12,2239,5093,227,825,653,94,494,0.0445709797761633,2006,0.0549273021001615,2007,KARNATAKA,GULBARGA,KARNATAKA||GULBARGA
91,90,1,35,0,54,9,64,185,262,83,498,17,77,46,19,91,0,127,0,19,2057,4952,272,842,640,94,498,0.0549273021001615,2007,0.0490928495197438,2008,KARNATAKA,GULBARGA,KARNATAKA||GULBARGA
104,104,3,25,0,47,10,74,236,297,119,429,14,71,59,7,75,0,169,0,22,2592,5622,276,796,785,85,429,0.0490928495197438,2008,0.0464572192513369,2009,KARNATAKA,GULBARGA,KARNATAKA||GULBARGA
64,69,0,20,0,17,5,23,162,268,59,210,9,17,0,4,75,1,68,0,0,1544,4039,168,408,512,26,210,0.0415944540727903,2001,0.0351219512195122,2002,KARNATAKA,HASSAN,KARNATAKA||HASSAN
74,65,1,11,0,26,3,22,195,287,70,242,19,13,91,7,64,0,62,0,0,1553,4100,144,444,665,32,242,0.0351219512195122,2002,0.0333651096282173,2003,KARNATAKA,HASSAN,KARNATAKA||HASSAN
53,67,0,16,0,20,9,39,257,348,92,200,11,34,25,3,78,0,43,0,0,1597,4196,140,404,761,45,200,0.0333651096282173,2003,0.0339692880409492,2004,KARNATAKA,HASSAN,KARNATAKA||HASSAN
61,57,0,16,0,19,4,49,241,413,98,186,16,38,14,9,49,0,72,0,0,1802,4298,146,392,815,54,186,0.0339692880409492,2004,0.0264563106796116,2005,KARNATAKA,HASSAN,KARNATAKA||HASSAN
63,58,5,10,0,21,6,31,196,298,97,161,7,26,0,8,49,0,42,0,0,2010,4120,109,355,622,33,161,0.0264563106796116,2005,0.0334961618981158,2006,KARNATAKA,HASSAN,KARNATAKA||HASSAN
61,38,1,13,0,11,6,25,230,281,88,126,11,30,13,7,62,0,62,0,0,2280,4299,144,281,637,41,126,0.0334961618981158,2006,0.0406091370558375,2007,KARNATAKA,HASSAN,KARNATAKA||HASSAN
54,35,1,13,0,15,2,30,191,278,111,130,5,99,0,11,77,0,83,0,0,2475,4531,184,280,610,104,130,0.0406091370558375,2007,0.036573045059608,2008,KARNATAKA,HASSAN,KARNATAKA||HASSAN
72,59,1,17,0,28,9,35,245,368,186,152,4,53,0,8,76,0,79,1,0,2738,4949,181,373,834,57,152,0.036573045059608,2008,0.0422014780241151,2009,KARNATAKA,HASSAN,KARNATAKA||HASSAN
24,17,4,3,0,12,7,10,85,111,21,260,9,20,0,5,42,0,32,0,0,1175,2211,82,337,227,29,260,0.0370872908186341,2001,0.0260869565217391,2002,KARNATAKA,HAVERI,KARNATAKA||HAVERI
18,19,2,2,0,10,5,8,69,107,25,276,10,23,0,4,27,0,18,0,0,1055,1955,51,340,209,33,276,0.0260869565217391,2002,0.0295566502463054,2003,KARNATAKA,HAVERI,KARNATAKA||HAVERI
25,8,0,3,0,8,8,4,59,113,23,239,15,20,0,1,33,0,17,0,0,1022,1827,54,295,199,35,239,0.0295566502463054,2003,0.03248730964467,2004,KARNATAKA,HAVERI,KARNATAKA||HAVERI
25,11,0,9,0,7,1,4,66,115,24,252,9,17,0,2,28,0,25,0,0,1114,1970,64,309,209,26,252,0.03248730964467,2004,0.0301906779661016,2005,KARNATAKA,HAVERI,KARNATAKA||HAVERI
25,8,2,4,0,6,2,3,67,117,29,233,9,14,0,4,27,0,22,0,0,1090,1888,57,283,216,23,233,0.0301906779661016,2005,0.032626427406199,2006,KARNATAKA,HAVERI,KARNATAKA||HAVERI
27,10,2,5,0,13,11,8,75,100,28,173,7,26,0,1,37,0,17,0,173,951,1839,60,249,211,33,173,0.032626427406199,2006,0.0367107195301027,2007,KARNATAKA,HAVERI,KARNATAKA||HAVERI
17,21,3,8,0,21,4,5,93,95,33,197,11,33,0,5,35,0,27,0,169,1044,2043,75,276,226,44,197,0.0367107195301027,2007,0.037037037037037,2008,KARNATAKA,HAVERI,KARNATAKA||HAVERI
31,23,2,5,0,12,5,9,72,118,42,218,10,53,0,0,48,0,33,0,193,1213,2322,86,305,241,63,218,0.037037037037037,2008,0.0490883590462833,2009,KARNATAKA,HAVERI,KARNATAKA||HAVERI
20,22,3,1,0,12,4,6,94,108,19,73,0,12,0,4,12,0,20,0,0,258,906,37,141,227,12,73,0.0408388520971302,2001,0.0341555977229601,2002,KARNATAKA,K.G.F.,KARNATAKA||KGF
14,16,0,6,0,3,0,7,94,255,34,79,1,16,0,3,6,0,21,0,1,281,1054,36,125,390,17,79,0.0341555977229601,2002,0.0565217391304347,2003,KARNATAKA,K.G.F.,KARNATAKA||KGF
12,20,1,5,0,4,3,11,78,123,23,66,3,23,0,7,21,2,17,0,1,242,920,52,122,235,26,66,0.0565217391304347,2003,0.0372148859543817,2004,KARNATAKA,K.G.F.,KARNATAKA||KGF
16,11,1,2,0,8,0,7,58,94,35,67,1,16,0,7,9,0,13,0,0,272,833,31,112,194,17,67,0.0372148859543817,2004,0.0594530321046373,2005,KARNATAKA,K.G.F.,KARNATAKA||KGF
8,24,4,5,0,8,1,4,50,100,14,52,4,13,0,7,18,0,20,0,0,283,841,50,106,168,17,52,0.0594530321046373,2005,0.0455729166666666,2006,KARNATAKA,K.G.F.,KARNATAKA||KGF
14,26,0,3,0,8,0,5,67,95,29,37,3,10,0,4,18,0,10,0,0,287,768,35,93,196,13,37,0.0455729166666666,2006,0.074074074074074,2007,KARNATAKA,K.G.F.,KARNATAKA||KGF
12,23,0,7,0,7,1,11,48,90,12,39,1,15,0,7,29,0,21,0,0,344,864,64,100,161,16,39,0.074074074074074,2007,0.0647820965842167,2008,KARNATAKA,K.G.F.,KARNATAKA||KGF
13,10,1,5,0,5,1,10,59,64,19,50,3,20,0,3,14,0,33,0,0,327,849,55,95,152,23,50,0.0647820965842167,2008,0.0480656506447831,2009,KARNATAKA,K.G.F.,KARNATAKA||KGF
26,33,2,4,0,4,1,3,105,87,11,170,2,6,3,4,22,0,14,0,0,459,1301,44,243,209,8,170,0.0338201383551114,2001,0.0373626373626373,2002,KARNATAKA,KODAGU,KARNATAKA||KODAGU
35,29,2,4,0,6,0,4,145,76,16,74,2,15,3,2,27,0,18,0,1,476,1365,51,154,244,17,74,0.0373626373626373,2002,0.0444617784711388,2003,KARNATAKA,KODAGU,KARNATAKA||KODAGU
32,24,0,11,0,6,5,6,132,69,9,89,3,11,3,1,27,0,18,0,0,490,1282,57,173,219,14,89,0.0444617784711388,2003,0.028101439342015,2004,KARNATAKA,KODAGU,KARNATAKA||KODAGU
21,22,0,8,0,3,1,9,140,111,15,52,4,15,5,2,18,2,11,0,1,559,1459,41,116,280,19,52,0.028101439342015,2004,0.0460081190798376,2005,KARNATAKA,KODAGU,KARNATAKA||KODAGU
34,29,2,10,0,10,1,8,118,75,9,44,4,23,3,2,18,3,35,0,2,572,1478,68,138,213,27,44,0.0460081190798376,2005,0.041014168530947,2006,KARNATAKA,KODAGU,KARNATAKA||KODAGU
27,33,1,6,0,6,0,2,87,57,6,38,4,20,1,0,21,2,26,0,1,573,1341,55,113,153,24,38,0.041014168530947,2006,0.0446373217606943,2007,KARNATAKA,KODAGU,KARNATAKA||KODAGU
25,28,2,4,0,11,2,8,103,129,26,48,2,19,4,4,20,1,43,0,2,704,1613,72,128,270,21,48,0.0446373217606943,2007,0.0526011560693641,2008,KARNATAKA,KODAGU,KARNATAKA||KODAGU
22,33,2,20,0,6,2,9,110,105,13,40,1,20,3,2,27,1,41,0,3,752,1730,91,134,240,21,40,0.0526011560693641,2008,0.0498357064622124,2009,KARNATAKA,KODAGU,KARNATAKA||KODAGU
69,72,4,17,0,21,3,25,156,284,63,373,9,48,0,18,42,0,39,0,0,1385,3230,116,584,528,57,373,0.0359133126934984,2001,0.0320855614973262,2002,KARNATAKA,KOLAR,KARNATAKA||KOLAR
73,71,1,18,0,36,6,29,141,362,69,367,10,25,0,16,34,0,46,0,0,1667,3553,114,601,601,35,367,0.0320855614973262,2002,0.0339246809835045,2003,KARNATAKA,KOLAR,KARNATAKA||KOLAR
65,56,1,14,0,32,1,22,153,357,70,298,10,35,0,10,32,1,52,0,0,1405,3213,109,489,602,45,298,0.0339246809835045,2003,0.0380313199105145,2004,KARNATAKA,KOLAR,KARNATAKA||KOLAR
59,41,0,16,0,28,3,23,149,365,69,412,17,35,0,28,32,0,43,0,0,1284,3129,119,582,606,52,412,0.0380313199105145,2004,0.03872,2005,KARNATAKA,KOLAR,KARNATAKA||KOLAR
73,49,5,20,0,30,4,30,125,356,77,359,8,43,0,19,41,0,41,0,0,1329,3125,121,570,588,51,359,0.03872,2005,0.0369393139841688,2006,KARNATAKA,KOLAR,KARNATAKA||KOLAR
96,59,1,13,0,27,8,24,139,404,116,279,11,39,0,16,50,0,47,0,6,1487,3411,126,507,683,50,279,0.0369393139841688,2006,0.0347036839295248,2007,KARNATAKA,KOLAR,KARNATAKA||KOLAR
66,62,1,19,0,35,7,19,133,389,113,291,1,37,0,17,44,0,50,0,5,1850,3746,130,500,654,38,291,0.0347036839295248,2007,0.035253227408143,2008,KARNATAKA,KOLAR,KARNATAKA||KOLAR
37,22,23,14,0,15,6,14,73,213,64,172,4,16,0,14,22,0,21,0,5,1030,2014,71,303,364,20,172,0.035253227408143,2008,0.0311995696611081,2009,KARNATAKA,KOLAR,KARNATAKA||KOLAR
23,33,0,6,0,12,3,8,71,120,17,166,2,21,5,5,40,1,23,0,0,587,1406,75,251,221,23,166,0.0533428165007112,2001,0.0624551328068916,2002,KARNATAKA,KOPPAL,KARNATAKA||KOPPAL
19,37,0,6,0,26,7,10,90,82,10,126,8,25,7,3,29,0,49,0,0,622,1393,87,231,199,33,126,0.0624551328068916,2002,0.0563876651982378,2003,KARNATAKA,KOPPAL,KARNATAKA||KOPPAL
24,23,0,12,0,5,8,13,53,68,10,97,7,15,1,5,18,2,27,0,0,575,1135,64,182,145,22,97,0.0563876651982378,2003,0.0698096101541251,2004,KARNATAKA,KOPPAL,KARNATAKA||KOPPAL
25,9,1,8,0,4,3,4,66,54,12,85,13,20,2,6,16,0,47,0,0,579,1103,77,139,138,33,85,0.0698096101541251,2004,0.0484581497797356,2005,KARNATAKA,KOPPAL,KARNATAKA||KOPPAL
29,22,11,8,0,8,11,7,79,83,28,136,8,25,0,4,24,1,40,0,0,863,1589,77,232,197,33,136,0.0484581497797356,2005,0.0389863547758284,2006,KARNATAKA,KOPPAL,KARNATAKA||KOPPAL
25,9,11,6,0,7,7,6,78,84,23,118,1,22,1,3,28,0,23,0,0,912,1539,60,189,192,23,118,0.0389863547758284,2006,0.0530487804878048,2007,KARNATAKA,KOPPAL,KARNATAKA||KOPPAL
19,10,7,6,0,5,1,10,85,74,23,121,1,18,2,1,32,0,48,0,0,1001,1640,87,179,194,19,121,0.0530487804878048,2007,0.0435287289611143,2008,KARNATAKA,KOPPAL,KARNATAKA||KOPPAL
22,4,6,6,0,12,2,11,74,107,38,121,4,44,2,4,26,0,39,0,0,1063,1723,75,184,232,48,121,0.0435287289611143,2008,0.0563674321503131,2009,KARNATAKA,KOPPAL,KARNATAKA||KOPPAL
67,47,3,15,0,9,2,28,195,328,53,280,7,30,0,7,50,0,72,0,0,2234,4807,144,451,604,37,280,0.0299563137091741,2001,0.0402528977871443,2002,KARNATAKA,MANDYA,KARNATAKA||MANDYA
61,56,0,30,0,18,4,30,249,274,58,266,7,14,0,14,45,0,102,0,0,2236,4745,191,465,611,21,266,0.0402528977871443,2002,0.0426098535286285,2003,KARNATAKA,MANDYA,KARNATAKA||MANDYA
57,59,0,13,0,8,5,22,179,305,64,299,14,20,0,5,65,0,77,0,0,1659,3755,160,463,570,34,299,0.0426098535286285,2003,0.03698224852071,2004,KARNATAKA,MANDYA,KARNATAKA||MANDYA
58,50,0,15,0,8,3,17,169,302,61,270,6,20,0,19,46,2,43,0,0,1524,3380,125,421,549,26,270,0.03698224852071,2004,0.0431952662721893,2005,KARNATAKA,MANDYA,KARNATAKA||MANDYA
43,56,1,17,0,12,3,13,179,261,90,197,5,25,0,13,56,0,60,0,0,1637,3380,146,342,543,30,197,0.0431952662721893,2005,0.0496941896024464,2006,KARNATAKA,MANDYA,KARNATAKA||MANDYA
58,46,3,19,0,14,3,14,177,289,80,192,2,40,0,8,79,0,89,0,0,2120,3924,195,349,560,42,192,0.0496941896024464,2006,0.045561850802644,2007,KARNATAKA,MANDYA,KARNATAKA||MANDYA
48,43,0,17,0,15,3,9,142,254,103,180,8,27,0,15,66,0,95,0,0,2511,4236,193,315,508,35,180,0.045561850802644,2007,0.0337054982093954,2008,KARNATAKA,MANDYA,KARNATAKA||MANDYA
50,41,1,18,0,14,8,18,212,362,169,270,6,28,0,11,59,0,72,0,0,2699,4747,160,420,761,34,270,0.0337054982093954,2008,0.0426151884902567,2009,KARNATAKA,MANDYA,KARNATAKA||MANDYA
32,34,0,2,0,11,0,32,109,326,140,67,17,52,0,9,8,1,48,0,0,794,1903,68,178,607,69,67,0.0357330530740935,2001,0.0522133938706015,2002,KARNATAKA,MYSORE COMMR.,KARNATAKA||MYSORE COMMR
22,38,1,7,0,10,1,31,97,279,128,48,22,38,0,10,17,0,58,0,0,732,1762,92,158,535,60,48,0.0522133938706015,2002,0.0390324354040681,2003,KARNATAKA,MYSORE COMMR.,KARNATAKA||MYSORE COMMR
26,22,0,8,0,9,3,49,132,324,127,47,17,43,0,5,14,0,44,0,0,711,1819,71,164,632,60,47,0.0390324354040681,2003,0.0291801760074108,2004,KARNATAKA,MYSORE COMMR.,KARNATAKA||MYSORE COMMR
29,24,1,4,0,7,1,63,136,485,228,31,8,43,0,4,6,0,49,0,0,946,2159,63,160,912,51,31,0.0291801760074108,2004,0.0434615384615384,2005,KARNATAKA,MYSORE COMMR.,KARNATAKA||MYSORE COMMR
27,50,4,8,0,16,2,87,173,573,276,43,7,67,0,6,17,0,82,0,0,1079,2600,113,237,1109,74,43,0.0434615384615384,2005,0.0493323442136498,2006,KARNATAKA,MYSORE COMMR.,KARNATAKA||MYSORE COMMR
33,45,0,15,0,8,4,107,139,530,314,71,4,63,0,10,14,0,94,0,0,1221,2696,133,283,1090,67,71,0.0493323442136498,2006,0.0561797752808988,2007,KARNATAKA,MYSORE COMMR.,KARNATAKA||MYSORE COMMR
26,38,0,13,0,19,4,103,173,573,329,84,5,78,0,4,25,0,123,0,0,1403,2937,165,287,1178,83,84,0.0561797752808988,2007,0.0667530784186649,2008,KARNATAKA,MYSORE COMMR.,KARNATAKA||MYSORE COMMR
26,30,2,23,0,30,1,92,194,630,416,88,10,92,0,4,28,0,151,0,0,1381,3086,206,292,1332,102,88,0.0667530784186649,2008,0.0722588752748979,2009,KARNATAKA,MYSORE COMMR.,KARNATAKA||MYSORE COMMR
53,58,1,12,0,14,0,0,167,200,16,212,5,15,0,6,79,2,51,0,0,942,2900,150,350,383,20,212,0.0517241379310344,2001,0.0521801286633309,2002,KARNATAKA,MYSORE RURAL,KARNATAKA||MYSORE RURAL
62,45,1,5,0,16,3,5,149,217,27,231,9,12,0,5,63,0,73,0,0,966,2798,146,368,398,21,231,0.0521801286633309,2002,0.048441449031171,2003,KARNATAKA,MYSORE RURAL,KARNATAKA||MYSORE RURAL
40,23,0,4,0,5,2,16,176,191,19,158,2,9,0,7,59,0,45,0,0,825,2374,115,248,402,11,158,0.048441449031171,2003,0.0603846153846153,2004,KARNATAKA,MYSORE RURAL,KARNATAKA||MYSORE RURAL
44,19,2,11,0,11,3,12,156,233,32,191,6,20,0,14,79,0,53,0,0,903,2600,157,293,433,26,191,0.0603846153846153,2004,0.0566251415628539,2005,KARNATAKA,MYSORE RURAL,KARNATAKA||MYSORE RURAL
43,34,4,14,0,8,5,13,154,249,33,178,6,20,0,13,66,0,57,0,0,1024,2649,150,299,449,26,178,0.0566251415628539,2005,0.0460251046025104,2006,KARNATAKA,MYSORE RURAL,KARNATAKA||MYSORE RURAL
60,43,4,10,0,8,5,5,119,197,31,155,11,20,0,13,43,0,66,0,0,1367,2868,132,290,352,31,155,0.0460251046025104,2006,0.0676056338028169,2007,KARNATAKA,MYSORE RURAL,KARNATAKA||MYSORE RURAL
60,45,0,20,0,11,7,10,90,190,42,182,6,24,0,11,77,0,108,0,0,1495,3195,216,335,332,30,182,0.0676056338028169,2007,0.0608257169870784,2008,KARNATAKA,MYSORE RURAL,KARNATAKA||MYSORE RURAL
54,51,1,13,0,14,8,14,220,228,49,177,7,28,0,15,68,0,97,0,0,1423,3173,193,332,511,35,177,0.0608257169870784,2008,0.0694205393000573,2009,KARNATAKA,MYSORE RURAL,KARNATAKA||MYSORE RURAL
33,38,9,12,0,11,4,13,137,150,46,261,8,94,15,1,63,4,52,0,16,857,2384,132,381,361,102,261,0.0553691275167785,2001,0.0594766058683584,2002,KARNATAKA,RAICHUR,KARNATAKA||RAICHUR
59,67,7,6,0,25,9,9,142,138,36,256,14,112,19,10,72,6,56,0,14,917,2522,150,438,344,126,256,0.0594766058683584,2002,0.0702656383890317,2003,KARNATAKA,RAICHUR,KARNATAKA||RAICHUR
37,26,8,12,0,16,5,8,126,124,19,217,12,72,9,7,61,5,79,0,9,995,2334,164,329,286,84,217,0.0702656383890317,2003,0.0582940420060008,2004,KARNATAKA,RAICHUR,KARNATAKA||RAICHUR
43,34,11,6,0,11,3,13,91,110,39,194,11,51,6,5,57,1,67,0,16,1079,2333,136,315,259,62,194,0.0582940420060008,2004,0.0540436949022614,2005,KARNATAKA,RAICHUR,KARNATAKA||RAICHUR
41,43,6,8,0,10,5,9,89,114,35,217,3,52,3,2,66,6,59,0,8,1297,2609,141,339,250,55,217,0.0540436949022614,2005,0.0663320186446755,2006,KARNATAKA,RAICHUR,KARNATAKA||RAICHUR
32,46,5,13,0,18,2,13,136,123,32,204,13,85,8,6,76,5,85,0,13,1349,2789,185,333,312,98,204,0.0663320186446755,2006,0.0633484162895927,2007,KARNATAKA,RAICHUR,KARNATAKA||RAICHUR
44,31,2,19,0,23,5,8,110,142,34,214,7,74,16,3,61,2,97,0,10,1430,2873,182,346,310,81,214,0.0633484162895927,2007,0.072812291249165,2008,KARNATAKA,RAICHUR,KARNATAKA||RAICHUR
53,34,2,19,0,21,3,20,72,137,54,207,9,65,8,7,86,0,106,0,10,1577,2994,218,359,291,74,207,0.072812291249165,2008,0.0894392844857241,2009,KARNATAKA,RAICHUR,KARNATAKA||RAICHUR
12,0,0,1,0,1,3,11,9,331,7,16,1,2,0,1,0,0,0,0,0,174,583,2,44,358,3,16,0.0034305317324185,2001,0.005524861878453,2002,KARNATAKA,RAILWAYS,KARNATAKA||RAILWAYS
14,1,0,0,0,0,4,15,5,380,6,118,0,2,1,1,2,0,1,0,0,152,724,4,152,407,2,118,0.005524861878453,2002,0.0036945812807881,2003,KARNATAKA,RAILWAYS,KARNATAKA||RAILWAYS
13,3,1,0,0,2,7,9,0,538,5,15,1,3,0,1,2,0,0,0,0,197,812,3,50,552,4,15,0.0036945812807881,2003,0.0034129692832764,2004,KARNATAKA,RAILWAYS,KARNATAKA||RAILWAYS
20,2,0,0,0,4,1,6,5,643,5,11,2,2,0,0,3,0,0,0,0,148,879,3,44,659,4,11,0.0034129692832764,2004,0.0066006600660066,2005,KARNATAKA,RAILWAYS,KARNATAKA||RAILWAYS
17,1,1,0,0,1,1,6,5,475,4,9,0,1,0,2,1,0,1,0,0,65,606,4,36,490,1,9,0.0066006600660066,2005,0.012891344383057,2006,KARNATAKA,RAILWAYS,KARNATAKA||RAILWAYS
22,2,0,0,0,2,3,9,2,401,3,5,2,7,0,2,4,0,1,0,0,53,543,7,43,415,9,5,0.012891344383057,2006,0.0,2007,KARNATAKA,RAILWAYS,KARNATAKA||RAILWAYS
17,4,0,0,0,2,3,21,0,367,7,4,1,2,0,0,0,0,0,0,0,54,488,0,51,395,3,4,0.0,2007,0.0022371364653243,2008,KARNATAKA,RAILWAYS,KARNATAKA||RAILWAYS
13,6,0,0,0,2,3,28,0,301,7,13,0,2,0,0,1,0,0,0,0,59,447,1,65,336,2,13,0.0022371364653243,2008,0.0066225165562913,2009,KARNATAKA,RAILWAYS,KARNATAKA||RAILWAYS
92,60,7,17,0,19,11,41,199,409,183,227,3,34,11,14,62,0,37,0,0,2275,4084,130,474,843,37,227,0.0318315377081292,2008,0.0365824876091574,2009,KARNATAKA,RAMANAGAR,KARNATAKA||RAMANAGAR
56,48,1,12,0,14,1,15,206,292,100,260,4,31,20,6,65,0,134,0,0,1864,4178,217,407,633,35,260,0.0519387266634753,2001,0.0561824729891956,2002,KARNATAKA,SHIMOGA,KARNATAKA||SHIMOGA
53,47,2,11,0,14,3,42,209,349,87,247,11,42,21,4,59,1,159,0,0,1750,4165,234,419,708,53,247,0.0561824729891956,2002,0.0590933621154884,2003,KARNATAKA,SHIMOGA,KARNATAKA||SHIMOGA
51,40,0,15,0,21,5,21,156,266,90,242,7,33,14,4,73,0,127,0,9,1703,3706,219,395,547,40,242,0.0590933621154884,2003,0.0493464923979727,2004,KARNATAKA,SHIMOGA,KARNATAKA||SHIMOGA
48,40,1,11,0,22,3,31,148,330,119,246,22,45,4,5,60,2,107,0,2,1678,3749,185,402,632,67,246,0.0493464923979727,2004,0.0659630606860158,2005,KARNATAKA,SHIMOGA,KARNATAKA||SHIMOGA
50,38,0,17,0,27,6,25,183,293,100,227,10,63,7,7,88,5,158,0,12,1871,4169,275,390,608,73,227,0.0659630606860158,2005,0.0640472405178287,2006,KARNATAKA,SHIMOGA,KARNATAKA||SHIMOGA
50,52,0,23,0,21,7,66,254,348,114,168,6,36,9,5,61,2,191,0,12,2005,4403,282,387,791,42,168,0.0640472405178287,2006,0.0630736643916215,2007,KARNATAKA,SHIMOGA,KARNATAKA||SHIMOGA
40,43,2,23,0,26,12,41,241,282,102,160,4,42,5,3,81,3,158,0,11,2183,4249,268,347,671,46,160,0.0630736643916215,2007,0.068893528183716,2008,KARNATAKA,SHIMOGA,KARNATAKA||SHIMOGA
45,45,3,14,0,27,5,65,263,326,138,211,8,59,12,3,101,5,207,0,1,2380,4790,330,415,804,67,211,0.068893528183716,2008,0.0741203786390426,2009,KARNATAKA,SHIMOGA,KARNATAKA||SHIMOGA
80,55,4,6,0,21,10,27,237,389,92,234,13,26,69,28,53,0,44,0,4,1738,4141,131,437,814,39,234,0.0316348708041535,2001,0.027511961722488,2002,KARNATAKA,TUMKUR,KARNATAKA||TUMKUR
58,49,4,9,0,19,13,29,242,371,103,255,22,38,66,16,60,0,30,0,25,1884,4180,115,436,811,60,255,0.027511961722488,2002,0.0349737696727454,2003,KARNATAKA,TUMKUR,KARNATAKA||TUMKUR
79,46,2,14,0,24,6,19,260,396,107,179,15,34,48,10,77,1,38,0,8,1717,4003,140,369,830,49,179,0.0349737696727454,2003,0.0296400846859562,2004,KARNATAKA,TUMKUR,KARNATAKA||TUMKUR
65,56,1,15,0,8,7,31,285,477,97,210,10,25,18,16,61,1,33,0,71,1905,4251,126,393,908,35,210,0.0296400846859562,2004,0.028020211299954,2005,KARNATAKA,TUMKUR,KARNATAKA||TUMKUR
64,54,5,14,0,24,6,28,306,419,100,226,5,35,8,8,59,0,41,0,36,2128,4354,122,421,861,40,226,0.028020211299954,2005,0.0367595410910793,2006,KARNATAKA,TUMKUR,KARNATAKA||TUMKUR
62,41,4,13,0,15,4,29,207,403,116,157,10,26,16,10,87,0,47,0,23,2308,4271,157,325,771,36,157,0.0367595410910793,2006,0.0442984315387876,2007,KARNATAKA,TUMKUR,KARNATAKA||TUMKUR
74,41,2,17,0,25,11,39,227,417,123,184,2,37,16,10,105,0,77,0,36,2611,4718,209,393,822,39,184,0.0442984315387876,2007,0.0411385830043631,2008,KARNATAKA,TUMKUR,KARNATAKA||TUMKUR
69,55,1,12,0,18,17,41,244,453,129,245,8,70,25,16,90,0,80,0,17,2652,4813,198,458,892,78,245,0.0411385830043631,2008,0.0396359959555106,2009,KARNATAKA,TUMKUR,KARNATAKA||TUMKUR
16,14,0,2,0,2,1,12,93,112,39,107,4,15,5,0,16,2,16,0,6,1231,1959,36,154,261,19,107,0.0183767228177641,2001,0.0208239022181982,2002,KARNATAKA,UDUPI,KARNATAKA||UDUPI
15,22,0,1,0,9,2,11,127,80,38,188,11,15,1,2,21,0,22,0,6,1359,2209,46,248,257,26,188,0.0208239022181982,2002,0.0230414746543778,2003,KARNATAKA,UDUPI,KARNATAKA||UDUPI
15,10,2,5,0,9,3,9,121,107,25,144,4,19,4,0,21,1,23,0,2,1316,2170,50,197,266,23,144,0.0230414746543778,2003,0.0200892857142857,2004,KARNATAKA,UDUPI,KARNATAKA||UDUPI
16,22,2,0,0,8,10,11,111,103,36,136,8,21,4,0,21,2,22,0,0,1476,2240,45,205,265,29,136,0.0200892857142857,2004,0.0227983907018328,2005,KARNATAKA,UDUPI,KARNATAKA||UDUPI
26,18,1,7,0,9,6,15,134,90,29,146,11,13,4,2,27,1,14,0,8,1441,2237,51,228,272,24,146,0.0227983907018328,2005,0.0252479711451758,2006,KARNATAKA,UDUPI,KARNATAKA||UDUPI
21,10,1,11,0,7,5,16,124,108,38,134,4,14,8,4,17,0,24,0,4,1430,2218,56,205,294,18,134,0.0252479711451758,2006,0.0230221850146504,2007,KARNATAKA,UDUPI,KARNATAKA||UDUPI
12,12,1,11,0,7,1,15,117,119,54,142,5,22,8,1,22,2,19,0,5,1576,2389,55,201,313,27,142,0.0230221850146504,2007,0.0184154175588865,2008,KARNATAKA,UDUPI,KARNATAKA||UDUPI
21,10,2,11,0,7,4,19,127,133,76,84,2,25,5,0,17,0,15,0,7,1576,2335,43,158,360,27,84,0.0184154175588865,2008,0.0224438902743142,2009,KARNATAKA,UDUPI,KARNATAKA||UDUPI
17,14,0,4,0,5,1,5,70,81,24,118,11,11,4,3,27,2,34,0,0,1474,2319,70,164,184,22,118,0.0301854247520482,2001,0.0351177730192719,2002,KARNATAKA,UTTAR KANNADA,KARNATAKA||UTTAR KANNADA
28,12,1,5,0,2,0,7,82,83,24,123,2,18,4,1,38,5,33,0,0,1501,2335,82,178,200,20,123,0.0351177730192719,2002,0.0281873373807458,2003,KARNATAKA,UTTAR KANNADA,KARNATAKA||UTTAR KANNADA
23,22,0,0,0,1,3,6,64,85,27,93,5,11,2,0,37,3,25,0,0,1529,2306,65,148,184,16,93,0.0281873373807458,2003,0.0252613240418118,2004,KARNATAKA,UTTAR KANNADA,KARNATAKA||UTTAR KANNADA
24,16,0,2,0,4,3,19,82,73,24,94,1,9,6,3,28,0,25,0,0,1518,2296,58,162,204,10,94,0.0252613240418118,2004,0.0378820490744726,2005,KARNATAKA,UTTAR KANNADA,KARNATAKA||UTTAR KANNADA
22,24,1,3,0,7,3,11,70,75,20,71,7,23,18,2,42,1,40,0,0,1540,2323,88,142,194,30,71,0.0378820490744726,2005,0.0430013163668275,2006,KARNATAKA,UTTAR KANNADA,KARNATAKA||UTTAR KANNADA
31,25,4,7,0,5,3,6,104,86,26,72,9,13,4,0,49,0,42,0,0,1545,2279,98,153,226,22,72,0.0430013163668275,2006,0.0555318240068346,2007,KARNATAKA,UTTAR KANNADA,KARNATAKA||UTTAR KANNADA
19,16,3,4,0,7,1,19,70,75,15,63,9,20,8,1,63,2,60,0,0,1557,2341,130,132,187,29,63,0.0555318240068346,2007,0.0573643410852713,2008,KARNATAKA,UTTAR KANNADA,KARNATAKA||UTTAR KANNADA
18,15,3,10,0,11,4,13,89,95,41,57,13,30,8,1,46,7,84,0,0,1717,2580,148,131,246,43,57,0.0573643410852713,2008,0.0510948905109489,2009,KARNATAKA,UTTAR KANNADA,KARNATAKA||UTTAR KANNADA
22,32,2,21,0,8,2,18,227,195,109,419,18,152,35,1,162,2,105,0,0,4516,7319,291,524,584,170,419,0.0397595299904358,2001,0.0436790709949854,2002,KERALA,ALAPUZHA,KERALA||ALAPUZHA
18,30,1,13,0,14,5,19,234,244,128,548,19,129,38,2,149,2,165,0,0,4608,7578,331,648,663,148,548,0.0436790709949854,2002,0.0454480286738351,2003,KERALA,ALAPUZHA,KERALA||ALAPUZHA
23,37,0,10,0,12,5,38,200,170,69,385,17,121,27,3,124,2,178,0,0,4439,6975,317,510,504,138,385,0.0454480286738351,2003,0.0511155040948884,2004,KERALA,ALAPUZHA,KERALA||ALAPUZHA
18,15,2,12,0,11,5,31,191,173,82,312,25,163,16,0,132,5,213,0,0,4586,7082,362,406,493,188,312,0.0511155040948884,2004,0.0515612700078719,2005,KERALA,ALAPUZHA,KERALA||ALAPUZHA
23,21,3,22,0,18,6,28,226,224,85,288,25,181,21,1,165,4,201,0,0,4959,7622,393,409,584,206,288,0.0515612700078719,2005,0.0563636363636363,2006,KERALA,ALAPUZHA,KERALA||ALAPUZHA
27,33,6,15,0,18,11,32,207,254,112,392,21,227,22,1,177,14,227,0,2,4808,7700,434,534,627,248,392,0.0563636363636363,2006,0.063350079647102,2007,KERALA,ALAPUZHA,KERALA||ALAPUZHA
19,37,2,25,0,16,6,41,203,351,170,453,29,276,19,3,208,17,264,0,7,5027,8161,517,599,784,305,453,0.063350079647102,2007,0.0610294995819897,2008,KERALA,ALAPUZHA,KERALA||ALAPUZHA
8,37,8,16,0,20,11,59,234,348,112,470,32,242,14,2,224,22,247,0,0,5070,8373,511,629,767,274,470,0.0610294995819897,2008,0.0576169323229683,2009,KERALA,ALAPUZHA,KERALA||ALAPUZHA
22,7,0,2,0,2,1,1,5,5,0,6,18,37,1,0,0,0,4,0,0,15,250,6,41,12,55,6,0.024,2001,0.0083333333333333,2002,KERALA,CBCID,KERALA||CBCID
15,8,2,0,0,1,3,3,10,4,0,22,13,26,2,0,0,0,2,0,0,80,240,2,54,19,39,22,0.0083333333333333,2002,0.0129310344827586,2003,KERALA,CBCID,KERALA||CBCID
18,5,0,1,0,4,1,2,5,10,6,8,20,32,3,0,0,0,2,0,0,53,232,3,39,26,52,8,0.0129310344827586,2003,0.0132743362831858,2004,KERALA,CBCID,KERALA||CBCID
22,4,3,0,0,0,4,1,14,19,16,3,11,75,6,0,0,0,3,0,4,0,226,3,37,56,86,3,0.0132743362831858,2004,0.0365853658536585,2005,KERALA,CBCID,KERALA||CBCID
10,3,0,1,0,0,3,1,10,1,0,11,11,18,24,0,0,0,5,0,0,6,164,6,29,36,29,11,0.0365853658536585,2005,0.0212765957446808,2006,KERALA,CBCID,KERALA||CBCID
16,1,1,1,0,1,1,1,1,5,1,0,6,17,0,0,0,0,2,0,0,23,141,3,22,8,23,0,0.0212765957446808,2006,0.0697674418604651,2007,KERALA,CBCID,KERALA||CBCID
44,67,7,38,0,20,25,80,592,1264,294,626,22,267,25,3,162,3,161,0,0,9669,14843,367,907,2255,289,626,0.0247254598127063,2001,0.0244369297518024,2002,KERALA,ERNAKULAM,KERALA||ERNAKULAM
21,28,7,11,0,11,26,66,304,486,145,221,19,290,15,0,77,7,54,0,1,4653,6829,149,391,1016,309,221,0.0218187143066334,2003,0.0230905861456483,2004,KERALA,ERNAKULAM COMMR.,KERALA||ERNAKULAM COMMR
13,21,11,7,0,18,8,56,307,486,169,189,15,377,4,1,64,5,79,0,1,4539,6756,156,323,1022,392,189,0.0230905861456483,2004,0.0202360876897133,2005,KERALA,ERNAKULAM COMMR.,KERALA||ERNAKULAM COMMR
15,12,11,7,0,6,10,40,214,447,155,169,12,248,5,2,33,12,66,0,0,4099,5930,120,270,861,260,169,0.0202360876897133,2005,0.032637304790314,2006,KERALA,ERNAKULAM COMMR.,KERALA||ERNAKULAM COMMR
13,12,8,14,0,11,6,44,187,340,109,180,10,323,5,0,65,20,87,0,2,3952,5699,186,288,685,333,180,0.032637304790314,2006,0.0289306270827022,2007,KERALA,ERNAKULAM COMMR.,KERALA||ERNAKULAM COMMR
14,17,13,23,0,10,4,43,189,350,120,177,21,284,5,0,75,5,88,0,0,4824,6602,191,301,707,305,177,0.0289306270827022,2007,0.0207260394422811,2008,KERALA,ERNAKULAM COMMR.,KERALA||ERNAKULAM COMMR
9,11,3,12,0,12,1,31,114,313,95,141,15,225,3,1,59,5,88,0,0,6562,7961,165,220,556,240,141,0.0207260394422811,2008,0.0204384562685544,2009,KERALA,ERNAKULAM COMMR.,KERALA||ERNAKULAM COMMR
25,38,16,22,0,12,10,28,292,323,89,348,20,115,17,2,109,0,92,0,1,5455,8080,225,499,749,135,348,0.0278465346534653,2003,0.0312179560214196,2004,KERALA,ERNAKULAM RURAL,KERALA||ERNAKULAM RURAL
31,24,17,21,0,10,4,28,232,332,98,305,11,131,14,5,136,2,110,0,7,7204,8777,274,440,704,142,305,0.0312179560214196,2004,0.0297680858428521,2005,KERALA,ERNAKULAM RURAL,KERALA||ERNAKULAM RURAL
25,19,8,15,0,14,2,30,250,349,132,332,23,137,13,2,134,2,105,0,2,6046,8667,258,445,774,160,332,0.0297680858428521,2005,0.0283306017326153,2006,KERALA,ERNAKULAM RURAL,KERALA||ERNAKULAM RURAL
28,16,5,25,0,14,8,50,228,323,138,293,12,101,13,1,87,5,124,0,4,6147,8542,242,439,752,113,293,0.0283306017326153,2006,0.033130276798119,2007,KERALA,ERNAKULAM RURAL,KERALA||ERNAKULAM RURAL
26,26,14,22,0,8,18,58,254,335,137,323,27,186,7,1,126,10,151,0,1,6517,9357,310,495,791,213,323,0.033130276798119,2007,0.0405066055246205,2008,KERALA,ERNAKULAM RURAL,KERALA||ERNAKULAM RURAL
36,31,19,35,0,13,12,74,232,451,148,428,26,144,25,3,134,24,175,0,2,6102,9159,371,648,930,170,428,0.0405066055246205,2008,0.0276113360323886,2009,KERALA,ERNAKULAM RURAL,KERALA||ERNAKULAM RURAL
33,30,1,34,0,0,3,16,240,254,39,301,55,78,10,0,145,16,127,0,0,2352,5421,322,418,559,133,301,0.0593986349382032,2001,0.056823073611709,2002,KERALA,IDUKKI,KERALA||IDUKKI
32,18,2,26,0,0,6,9,185,215,33,323,19,60,19,0,120,10,108,0,2,2035,4646,264,416,461,79,323,0.056823073611709,2002,0.0510348071495766,2003,KERALA,IDUKKI,KERALA||IDUKKI
28,14,0,14,0,0,1,16,155,167,20,233,18,65,17,0,93,6,104,0,2,2009,4252,217,306,375,83,233,0.0510348071495766,2003,0.0560416174036415,2004,KERALA,IDUKKI,KERALA||IDUKKI
34,13,5,15,0,10,2,20,153,195,25,220,17,76,9,0,101,10,111,0,2,2053,4229,237,319,402,93,220,0.0560416174036415,2004,0.0604444444444444,2005,KERALA,IDUKKI,KERALA||IDUKKI
26,31,1,28,0,7,4,20,150,193,23,223,35,109,5,2,125,10,107,0,1,2183,4500,272,340,391,144,223,0.0604444444444444,2005,0.0642067959141129,2006,KERALA,IDUKKI,KERALA||IDUKKI
31,7,1,30,0,14,7,15,200,214,34,193,15,116,10,2,133,12,131,0,0,2364,4797,308,298,473,131,193,0.0642067959141129,2006,0.0792521845153424,2007,KERALA,IDUKKI,KERALA||IDUKKI
24,22,1,28,0,9,6,27,168,213,26,202,20,110,25,0,155,21,186,0,0,2381,4921,390,319,459,130,202,0.0792521845153424,2007,0.0721105017265894,2008,KERALA,IDUKKI,KERALA||IDUKKI
15,28,1,28,0,15,6,16,186,268,60,202,13,113,7,0,131,3,193,0,0,2267,4923,355,311,537,126,202,0.0721105017265894,2008,0.0724271844660194,2009,KERALA,IDUKKI,KERALA||IDUKKI
26,58,4,42,0,12,1,18,277,213,75,831,17,183,6,0,77,7,157,0,0,2776,5888,283,992,589,200,831,0.0480638586956521,2001,0.0636942675159235,2002,KERALA,KANNUR,KERALA||KANNUR
28,63,7,21,0,14,4,17,242,197,88,567,3,123,3,0,89,7,203,0,0,2421,5024,320,721,547,126,567,0.0636942675159235,2002,0.0596770418909431,2003,KERALA,KANNUR,KERALA||KANNUR
12,38,7,13,0,4,8,13,218,164,68,505,15,81,0,0,65,3,174,0,1,2143,4273,255,600,463,96,505,0.0596770418909431,2003,0.0703310971651157,2004,KERALA,KANNUR,KERALA||KANNUR
23,21,12,33,0,4,4,14,205,175,62,519,16,96,20,0,92,7,193,0,4,2270,4621,325,630,476,112,519,0.0703310971651157,2004,0.073355326993984,2005,KERALA,KANNUR,KERALA||KANNUR
23,18,2,25,0,7,5,15,196,191,94,616,17,111,81,0,121,17,215,0,4,2503,5153,378,711,577,128,616,0.073355326993984,2005,0.0717817249587987,2006,KERALA,KANNUR,KERALA||KANNUR
20,29,0,37,0,16,6,36,216,229,103,737,11,132,83,0,116,12,227,0,6,2451,5461,392,881,667,143,737,0.0717817249587987,2006,0.0700434637245068,2007,KERALA,KANNUR,KERALA||KANNUR
14,47,0,34,0,16,8,98,275,234,99,867,14,141,48,1,123,14,247,0,10,2543,5982,419,1084,754,155,867,0.0700434637245068,2007,0.0735468564650059,2008,KERALA,KANNUR,KERALA||KANNUR
26,38,5,33,0,13,3,73,275,210,96,872,16,164,56,1,111,13,276,0,8,2534,5901,434,1063,710,180,872,0.0735468564650059,2008,0.0678461763415704,2009,KERALA,KANNUR,KERALA||KANNUR
18,23,2,28,0,4,32,9,132,145,79,683,11,55,0,0,0,0,66,0,0,1277,3116,94,799,365,66,683,0.0301668806161745,2001,0.0404332129963898,2002,KERALA,KASARGOD,KERALA||KASARGOD
20,22,6,25,0,13,0,11,145,146,94,407,5,69,0,0,0,0,87,0,1,1172,2770,112,504,396,74,407,0.0404332129963898,2002,0.0545198733731973,2003,KERALA,KASARGOD,KERALA||KASARGOD
24,19,9,15,0,9,6,16,143,169,97,372,2,69,36,0,71,3,66,0,7,1169,2843,155,470,461,71,372,0.0545198733731973,2003,0.0738104158860996,2004,KERALA,KASARGOD,KERALA||KASARGOD
14,19,11,29,0,4,3,14,187,165,80,308,6,69,37,1,73,2,92,0,2,542,2669,197,402,483,75,308,0.0738104158860996,2004,0.0787191460973982,2005,KERALA,KASARGOD,KERALA||KASARGOD
10,14,3,25,0,9,2,24,138,166,70,439,3,100,17,0,72,6,133,0,0,1220,2998,236,526,415,103,439,0.0787191460973982,2005,0.0852384062704115,2006,KERALA,KASARGOD,KERALA||KASARGOD
15,12,0,27,0,8,5,19,188,170,78,338,4,73,18,0,81,4,149,0,4,1378,3062,261,424,473,77,338,0.0852384062704115,2006,0.0757356488181379,2007,KERALA,KASARGOD,KERALA||KASARGOD
12,13,2,19,0,2,0,27,156,192,78,519,16,791,34,0,93,7,195,0,0,1417,4146,314,594,487,807,519,0.0757356488181379,2007,0.0917712691771269,2008,KERALA,KASARGOD,KERALA||KASARGOD
19,23,2,28,0,15,4,21,160,178,76,502,13,164,28,1,92,6,202,0,0,1233,3585,329,614,463,177,502,0.0917712691771269,2008,0.0897112419400056,2009,KERALA,KASARGOD,KERALA||KASARGOD
41,65,21,55,0,16,13,62,334,291,120,575,16,120,63,3,235,0,315,0,0,4645,9282,608,848,870,136,575,0.0655031243266537,2001,0.0690493064695757,2002,KERALA,KOLLAM,KERALA||KOLLAM
41,49,59,60,0,20,12,42,403,319,153,778,8,158,66,2,307,1,312,0,2,4814,9877,682,1061,983,166,778,0.0690493064695757,2002,0.0788912579957356,2003,KERALA,KOLLAM,KERALA||KOLLAM
36,22,97,53,0,24,8,28,260,329,152,712,9,158,58,5,317,0,365,0,9,4667,9380,740,980,827,167,712,0.0788912579957356,2003,0.0747248094834885,2004,KERALA,KOLLAM,KERALA||KOLLAM
46,26,148,55,0,20,7,58,365,330,123,575,11,198,50,3,287,24,337,0,1,4764,9448,706,935,926,209,575,0.0747248094834885,2004,0.0740814896386024,2005,KERALA,KOLLAM,KERALA||KOLLAM
40,29,13,47,0,21,14,53,346,481,164,544,13,161,35,2,320,4,367,0,2,5208,9989,740,761,1079,174,544,0.0740814896386024,2005,0.0849056603773584,2006,KERALA,KOLLAM,KERALA||KOLLAM
34,39,14,75,0,35,8,75,485,532,194,624,17,151,51,1,351,10,445,0,3,4912,10388,882,904,1337,168,624,0.0849056603773584,2006,0.085398852689685,2007,KERALA,KOLLAM,KERALA||KOLLAM
43,27,12,46,0,22,4,36,298,457,179,546,14,178,44,4,282,10,447,0,2,4559,9239,789,736,1014,192,546,0.085398852689685,2007,0.0905127910978547,2008,KERALA,KOLLAM,KERALA||KOLLAM
26,21,8,61,0,23,5,49,258,474,199,474,16,189,22,2,273,11,442,0,2,4423,8717,789,667,1002,205,474,0.0905127910978547,2008,0.0848271446862996,2009,KERALA,KOLLAM,KERALA||KOLLAM
34,26,3,22,0,18,2,54,319,373,125,347,25,252,17,2,125,8,82,0,0,3602,7082,239,506,888,277,347,0.0337475289466252,2001,0.045790049207217,2002,KERALA,KOTTAYAM,KERALA||KOTTAYAM
20,22,7,28,0,15,6,65,337,379,103,439,40,275,19,0,156,19,132,0,0,3631,7316,335,602,903,315,439,0.045790049207217,2002,0.0435368043087971,2003,KERALA,KOTTAYAM,KERALA||KOTTAYAM
19,25,7,25,0,15,4,45,357,327,68,316,28,279,14,0,141,10,115,0,0,3257,6684,291,456,811,307,316,0.0435368043087971,2003,0.0428084354085111,2004,KERALA,KOTTAYAM,KERALA||KOTTAYAM
18,7,6,28,0,13,5,36,345,319,68,272,28,368,14,1,159,12,139,0,0,4550,7919,339,385,782,396,272,0.0428084354085111,2004,0.0451849047078126,2005,KERALA,KOTTAYAM,KERALA||KOTTAYAM
24,13,4,25,0,17,3,34,393,325,84,361,30,389,10,1,167,16,149,0,3,4307,7923,358,481,846,419,361,0.0451849047078126,2005,0.0541167847544588,2006,KERALA,KOTTAYAM,KERALA||KOTTAYAM
21,18,5,30,0,22,8,46,394,405,135,292,35,364,17,2,196,29,186,0,3,4297,8186,443,442,997,399,292,0.0541167847544588,2006,0.0592950757093777,2007,KERALA,KOTTAYAM,KERALA||KOTTAYAM
17,17,3,25,0,20,10,57,314,384,114,423,47,374,18,1,224,31,185,0,6,3932,7859,466,572,887,421,423,0.0592950757093777,2007,0.0595654345654345,2008,KERALA,KOTTAYAM,KERALA||KOTTAYAM
26,16,5,31,0,16,2,75,275,404,103,359,77,353,8,0,221,32,193,0,2,4332,8008,477,530,865,430,359,0.0595654345654345,2008,0.0530071355759429,2009,KERALA,KOTTAYAM,KERALA||KOTTAYAM
34,35,8,39,0,12,28,15,448,428,153,1127,26,302,391,2,118,8,319,0,0,4012,8394,486,1298,1435,328,1127,0.0578984989278055,2001,0.0620855248113423,2002,KERALA,KOZHIKODE,KERALA||KOZHIKODE
14,14,18,10,0,7,4,23,494,335,145,399,17,233,15,2,50,5,157,0,0,2372,4717,224,489,1012,250,399,0.0474878100487598,2003,0.0564361191162343,2004,KERALA,KOZHIKODE COMMR.,KERALA||KOZHIKODE COMMR
8,20,24,13,0,15,11,26,307,361,162,394,18,221,19,3,65,7,147,0,0,1963,4164,235,511,875,239,394,0.0564361191162343,2004,0.0563018005144327,2005,KERALA,KOZHIKODE COMMR.,KERALA||KOZHIKODE COMMR
11,16,4,13,0,12,5,30,183,323,191,238,16,175,21,2,50,2,130,0,1,1832,3499,197,329,748,191,238,0.0563018005144327,2005,0.0582340195016251,2006,KERALA,KOZHIKODE COMMR.,KERALA||KOZHIKODE COMMR
7,9,4,19,0,12,4,29,258,382,197,220,14,125,5,3,51,8,134,0,0,1905,3692,215,304,871,139,220,0.0582340195016251,2006,0.0605202163275817,2007,KERALA,KOZHIKODE COMMR.,KERALA||KOZHIKODE COMMR
9,13,0,15,0,11,4,80,231,306,156,342,15,108,5,0,70,9,141,0,1,1999,3883,235,474,778,123,342,0.0605202163275817,2007,0.0636101776284205,2008,KERALA,KOZHIKODE COMMR.,KERALA||KOZHIKODE COMMR
6,16,1,15,0,12,9,100,214,295,129,410,20,169,10,3,72,10,165,0,2,2041,4166,265,569,748,189,410,0.0636101776284205,2008,0.0731585518102372,2009,KERALA,KOZHIKODE COMMR.,KERALA||KOZHIKODE COMMR
8,17,31,24,0,6,3,6,141,154,63,458,10,165,48,1,76,5,210,0,1,2039,3982,316,553,412,175,458,0.0793571069814163,2003,0.0899008966493629,2004,KERALA,KOZHIKODE RURAL,KERALA||KOZHIKODE RURAL
9,22,46,30,0,10,3,15,216,201,88,408,11,164,53,5,96,9,241,0,0,2019,4238,381,543,573,175,408,0.0899008966493629,2004,0.0840502978160158,2005,KERALA,KOZHIKODE RURAL,KERALA||KOZHIKODE RURAL
6,12,4,36,0,11,2,10,208,244,89,464,12,164,53,2,120,14,209,0,1,2017,4533,381,545,604,176,464,0.0840502978160158,2005,0.0923383525243578,2006,KERALA,KOZHIKODE RURAL,KERALA||KOZHIKODE RURAL
6,21,3,40,0,11,6,13,190,217,96,492,4,160,35,4,128,11,234,0,1,1944,4516,417,592,551,164,492,0.0923383525243578,2006,0.0911021448290507,2007,KERALA,KOZHIKODE RURAL,KERALA||KOZHIKODE RURAL
10,12,3,25,0,14,3,30,201,257,123,522,7,185,30,3,128,16,257,0,3,1966,4709,429,619,641,192,522,0.0911021448290507,2007,0.0937557561245164,2008,KERALA,KOZHIKODE RURAL,KERALA||KOZHIKODE RURAL
15,17,2,39,0,7,3,24,231,254,74,784,7,139,60,2,151,29,288,0,4,2109,5429,509,891,643,146,784,0.0937557561245164,2008,0.0824366222870691,2009,KERALA,KOZHIKODE RURAL,KERALA||KOZHIKODE RURAL
23,33,5,71,0,17,6,11,288,340,157,663,40,211,30,3,92,3,448,0,0,4011,7428,617,829,826,251,663,0.0830640818524501,2001,0.0917023882424984,2002,KERALA,MALAPPURAM,KERALA||MALAPPURAM
26,28,14,70,0,11,4,12,216,319,150,597,19,273,27,3,90,5,431,0,0,3545,6532,599,762,724,292,597,0.0917023882424984,2002,0.0952783888982907,2003,KERALA,MALAPPURAM,KERALA||MALAPPURAM
18,17,25,42,0,11,7,9,296,265,114,441,24,289,14,2,57,2,460,0,0,3174,5909,563,570,698,313,441,0.0952783888982907,2003,0.105651468201269,2004,KERALA,MALAPPURAM,KERALA||MALAPPURAM
23,25,31,57,0,10,6,29,361,341,123,584,17,293,23,0,133,10,516,0,2,3422,6777,716,765,877,310,584,0.105651468201269,2004,0.0924198250728862,2005,KERALA,MALAPPURAM,KERALA||MALAPPURAM
28,33,1,50,0,13,10,22,258,425,239,629,21,273,36,0,130,5,449,0,0,3582,6860,634,786,980,294,629,0.0924198250728862,2005,0.1012716408763597,2006,KERALA,MALAPPURAM,KERALA||MALAPPURAM
19,15,3,45,0,10,12,23,247,475,216,498,21,259,37,1,145,12,458,0,1,3482,6527,661,625,998,280,498,0.1012716408763597,2006,0.1001948232674645,2007,KERALA,MALAPPURAM,KERALA||MALAPPURAM
22,29,7,41,0,13,16,32,500,456,208,516,13,235,19,0,139,37,503,0,0,3691,7186,720,676,1215,248,516,0.1001948232674645,2007,0.1017657366221862,2008,KERALA,MALAPPURAM,KERALA||MALAPPURAM
29,27,9,51,0,13,3,47,467,480,189,618,28,245,19,2,149,28,525,0,0,3768,7419,755,797,1202,273,618,0.1017657366221862,2008,0.1078066914498141,2009,KERALA,MALAPPURAM,KERALA||MALAPPURAM
45,57,14,63,0,14,11,30,342,315,120,608,66,159,67,5,112,10,215,0,0,2749,6516,405,842,874,225,608,0.0621546961325966,2001,0.0604726976365118,2002,KERALA,PALAKKAD,KERALA||PALAKKAD
51,42,10,48,0,10,17,39,352,311,112,609,53,138,64,0,122,5,196,0,9,2601,6135,371,826,878,191,609,0.0604726976365118,2002,0.0746569075937785,2003,KERALA,PALAKKAD,KERALA||PALAKKAD
52,41,25,47,0,12,11,35,281,262,97,458,39,157,46,3,140,4,214,0,4,2486,5465,408,681,721,196,458,0.0746569075937785,2003,0.0661609033168666,2004,KERALA,PALAKKAD,KERALA||PALAKKAD
34,45,43,36,0,13,7,33,276,292,76,463,60,231,32,1,102,3,233,0,4,2645,5668,375,674,709,291,463,0.0661609033168666,2004,0.0733260553129548,2005,KERALA,PALAKKAD,KERALA||PALAKKAD
37,23,8,53,0,10,6,17,229,288,144,374,47,184,17,1,66,4,279,0,9,2807,5496,403,528,695,231,374,0.0733260553129548,2005,0.0880782918149466,2006,KERALA,PALAKKAD,KERALA||PALAKKAD
44,30,7,59,0,8,6,32,241,262,79,329,51,196,15,4,52,17,363,0,8,2765,5620,495,515,629,247,329,0.0880782918149466,2006,0.0893609229078923,2007,KERALA,PALAKKAD,KERALA||PALAKKAD
41,19,8,39,0,9,13,39,215,290,108,385,51,203,23,6,82,5,356,0,6,2535,5461,488,553,675,254,385,0.0893609229078923,2007,0.0861975886269569,2008,KERALA,PALAKKAD,KERALA||PALAKKAD
34,19,0,42,0,15,5,39,188,273,132,526,62,198,29,4,133,4,296,0,1,2498,5557,479,680,661,260,526,0.0861975886269569,2008,0.0625623130608175,2009,KERALA,PALAKKAD,KERALA||PALAKKAD
20,13,16,12,0,0,1,7,144,129,65,224,10,65,29,0,90,3,95,0,0,2266,4100,200,293,374,75,224,0.048780487804878,2001,0.0606535362578334,2002,KERALA,PATHANAMTHITTA,KERALA||PATHANAMTHITTA
28,24,15,12,0,0,1,19,195,186,80,295,11,61,22,0,139,4,116,0,0,2378,4468,271,394,502,72,295,0.0606535362578334,2002,0.0534950071326676,2003,KERALA,PATHANAMTHITTA,KERALA||PATHANAMTHITTA
27,10,31,13,0,0,1,25,130,144,59,221,13,59,22,2,94,0,116,0,4,2425,4206,225,328,380,72,221,0.0534950071326676,2003,0.068496257654797,2004,KERALA,PATHANAMTHITTA,KERALA||PATHANAMTHITTA
18,16,12,18,0,19,3,28,166,161,58,188,11,144,16,1,139,6,138,0,1,1641,4409,302,302,429,155,188,0.068496257654797,2004,0.0626709206927985,2005,KERALA,PATHANAMTHITTA,KERALA||PATHANAMTHITTA
22,14,3,14,0,9,1,14,201,144,39,171,13,100,20,1,139,2,119,0,0,2475,4388,275,248,418,113,171,0.0626709206927985,2005,0.0692533273178434,2006,KERALA,PATHANAMTHITTA,KERALA||PATHANAMTHITTA
18,8,1,24,0,15,3,26,205,154,60,182,13,120,7,0,145,9,129,0,0,2412,4433,307,277,452,133,182,0.0692533273178434,2006,0.072145931543349,2007,KERALA,PATHANAMTHITTA,KERALA||PATHANAMTHITTA
21,12,4,19,0,19,6,31,179,179,53,301,28,130,22,0,153,18,162,0,2,2499,4879,352,413,464,158,301,0.072145931543349,2007,0.0720568968744151,2008,KERALA,PATHANAMTHITTA,KERALA||PATHANAMTHITTA
17,18,4,32,0,10,2,24,155,209,64,358,9,120,23,0,168,12,173,0,3,2904,5343,385,465,475,129,358,0.0720568968744151,2008,0.0588669496217014,2009,KERALA,PATHANAMTHITTA,KERALA||PATHANAMTHITTA
0,0,0,1,0,0,0,2,1,197,2,39,0,1,0,0,0,0,0,0,0,39,289,1,42,202,1,39,0.0034602076124567,2001,0.0025839793281653,2002,KERALA,RAILWAYS,KERALA||RAILWAYS
0,0,0,0,0,0,0,0,3,302,2,16,0,1,0,0,1,0,0,0,0,55,387,1,16,307,1,16,0.0025839793281653,2002,0.0,2003,KERALA,RAILWAYS,KERALA||RAILWAYS
3,0,1,0,0,0,0,4,2,157,2,10,0,2,0,0,0,0,0,0,0,45,240,0,18,165,2,10,0.0,2003,0.0216216216216216,2004,KERALA,RAILWAYS,KERALA||RAILWAYS
3,0,0,0,0,1,2,4,3,120,1,14,0,1,0,0,3,1,0,0,0,12,185,4,24,128,1,14,0.0216216216216216,2004,0.027027027027027,2005,KERALA,RAILWAYS,KERALA||RAILWAYS
0,0,0,0,0,0,0,6,3,157,1,4,0,4,0,0,5,1,0,0,0,22,222,6,10,167,4,4,0.027027027027027,2005,0.0245098039215686,2006,KERALA,RAILWAYS,KERALA||RAILWAYS
0,0,0,0,0,0,0,6,0,153,1,1,0,1,0,0,5,0,0,0,0,24,204,5,7,160,1,1,0.0245098039215686,2006,0.0420560747663551,2007,KERALA,RAILWAYS,KERALA||RAILWAYS
0,0,0,0,0,1,0,6,1,158,0,3,0,1,0,0,6,3,0,0,0,21,214,9,10,165,1,3,0.0420560747663551,2007,0.0526315789473684,2008,KERALA,RAILWAYS,KERALA||RAILWAYS
1,0,0,1,0,0,1,1,1,148,0,1,1,3,0,0,7,3,0,0,0,10,209,11,5,150,4,1,0.0526315789473684,2008,0.0631970260223048,2009,KERALA,RAILWAYS,KERALA||RAILWAYS
42,79,20,42,0,18,14,82,406,516,188,577,40,390,4,2,223,16,198,0,0,6456,10465,481,874,1196,430,577,0.0459627329192546,2001,0.0429893521743457,2002,KERALA,THRISSUR,KERALA||THRISSUR
52,59,42,30,0,11,15,78,361,405,176,642,28,406,22,4,195,14,189,0,6,6176,10049,432,929,1042,434,642,0.0429893521743457,2002,0.0431764825967132,2003,KERALA,THRISSUR,KERALA||THRISSUR
39,35,33,29,0,20,23,89,333,488,147,658,29,388,2,3,157,10,224,0,4,6002,9797,423,926,1059,417,658,0.0431764825967132,2003,0.046534555851326,2004,KERALA,THRISSUR,KERALA||THRISSUR
41,52,56,41,0,22,24,66,387,547,226,685,25,472,2,2,175,10,244,0,12,4477,10143,472,987,1228,497,685,0.046534555851326,2004,0.0517688556904243,2005,KERALA,THRISSUR,KERALA||THRISSUR
41,35,6,38,0,23,13,79,258,445,153,563,33,379,45,2,161,28,270,0,8,6287,9639,499,798,980,412,563,0.0517688556904243,2005,0.0615667825731233,2006,KERALA,THRISSUR,KERALA||THRISSUR
44,48,9,55,0,18,15,77,228,430,166,602,34,408,63,3,220,22,302,0,7,6156,9778,602,868,964,442,602,0.0615667825731233,2006,0.0599921321793863,2007,KERALA,THRISSUR,KERALA||THRISSUR
38,50,9,48,0,27,7,74,221,356,124,596,30,400,45,0,202,28,332,0,14,6651,10168,610,849,820,430,596,0.0599921321793863,2007,0.0622813156053184,2008,KERALA,THRISSUR,KERALA||THRISSUR
38,64,12,46,0,17,10,61,202,453,144,708,21,526,41,2,214,29,332,0,6,6159,10003,623,956,901,547,708,0.0622813156053184,2008,0.055473299772974,2009,KERALA,THRISSUR,KERALA||THRISSUR
53,79,6,57,0,41,32,104,597,636,244,892,35,394,77,6,345,2,210,0,0,5336,11368,620,1264,1658,429,892,0.0545390570021111,2001,0.0624113475177304,2002,KERALA,TRIVANDRUM,KERALA||TRIVANDRUM
10,53,16,17,0,14,14,113,334,442,185,311,19,277,13,2,114,5,82,0,0,2452,5189,220,548,1087,296,311,0.0423973790711119,2003,0.0518199748968979,2004,KERALA,TRIVANDRUM COMMR.,KERALA||TRIVANDRUM COMMR
15,27,8,18,0,21,12,94,349,487,139,290,24,315,12,0,172,4,95,0,1,2594,5577,289,485,1081,339,290,0.0518199748968979,2004,0.0513193812556869,2005,KERALA,TRIVANDRUM COMMR.,KERALA||TRIVANDRUM COMMR
8,15,5,10,0,21,16,91,284,484,118,325,25,251,13,0,160,20,92,0,0,2681,5495,282,491,990,276,325,0.0513193812556869,2005,0.0567765567765567,2006,KERALA,TRIVANDRUM COMMR.,KERALA||TRIVANDRUM COMMR
14,28,3,28,0,28,6,68,200,371,149,338,9,243,9,1,133,10,107,0,1,2420,4914,279,513,797,252,338,0.0567765567765567,2006,0.055545337502299,2007,KERALA,TRIVANDRUM COMMR.,KERALA||TRIVANDRUM COMMR
13,21,3,20,0,23,5,96,244,568,217,458,38,316,10,1,141,10,130,0,1,2418,5437,302,639,1135,354,458,0.055545337502299,2007,0.0540271132376395,2008,KERALA,TRIVANDRUM COMMR.,KERALA||TRIVANDRUM COMMR
10,22,2,20,0,18,1,57,233,494,211,426,52,330,12,1,128,7,115,0,3,2279,5016,271,556,1007,382,426,0.0540271132376395,2008,0.0618015577378936,2009,KERALA,TRIVANDRUM COMMR.,KERALA||TRIVANDRUM COMMR
37,27,11,28,0,28,7,64,360,309,109,488,14,173,53,7,212,4,232,0,0,3787,7544,483,690,895,187,488,0.0640243902439024,2003,0.0685197895218485,2004,KERALA,TRIVANDRUM RURAL,KERALA||TRIVANDRUM RURAL
36,27,32,42,0,28,13,70,398,367,97,475,17,261,35,5,273,11,268,0,0,4484,8742,599,723,967,278,475,0.0685197895218485,2004,0.0722441809398331,2005,KERALA,TRIVANDRUM RURAL,KERALA||TRIVANDRUM RURAL
30,29,12,36,0,22,7,95,423,446,162,602,12,214,34,2,311,15,294,0,3,4520,9108,658,833,1160,226,602,0.0722441809398331,2005,0.0787146862195384,2006,KERALA,TRIVANDRUM RURAL,KERALA||TRIVANDRUM RURAL
27,13,16,41,0,49,14,87,447,382,118,500,14,242,34,1,388,19,281,0,3,4495,9274,730,747,1068,256,500,0.0787146862195384,2006,0.0834495878249841,2007,KERALA,TRIVANDRUM RURAL,KERALA||TRIVANDRUM RURAL
26,24,9,54,0,26,10,79,322,396,154,522,15,211,35,4,351,7,242,0,3,3832,7885,658,750,986,226,522,0.0834495878249841,2007,0.0930761859127934,2008,KERALA,TRIVANDRUM RURAL,KERALA||TRIVANDRUM RURAL
35,38,9,43,0,25,10,52,332,445,122,538,16,235,27,7,404,9,314,0,2,3868,8348,777,750,978,251,538,0.0930761859127934,2008,0.088950409244102,2009,KERALA,TRIVANDRUM RURAL,KERALA||TRIVANDRUM RURAL
15,11,2,35,0,1,5,8,122,140,25,190,29,90,13,0,56,3,59,0,0,823,2086,153,267,308,119,190,0.073346116970278,2001,0.0671822136297728,2002,KERALA,WAYANADU,KERALA||WAYANADU
8,9,0,30,0,0,7,12,96,135,30,224,14,104,12,3,46,1,59,0,1,857,2069,139,290,285,118,224,0.0671822136297728,2002,0.0709474629546475,2003,KERALA,WAYANADU,KERALA||WAYANADU
21,8,9,20,0,0,3,14,104,190,33,254,10,108,13,1,50,2,85,0,1,860,2227,158,329,354,118,254,0.0709474629546475,2003,0.0643006263048016,2004,KERALA,WAYANADU,KERALA||WAYANADU
11,7,6,25,0,3,6,16,118,169,24,257,13,100,12,3,58,5,63,0,1,341,2395,154,331,339,113,257,0.0643006263048016,2004,0.0924214417744916,2005,KERALA,WAYANADU,KERALA||WAYANADU
9,4,0,33,0,6,1,12,140,121,26,182,13,63,6,1,60,13,93,0,0,776,2164,200,247,305,76,182,0.0924214417744916,2005,0.1021111589831968,2006,KERALA,WAYANADU,KERALA||WAYANADU
9,8,1,36,0,4,3,12,123,133,28,154,8,58,11,1,70,8,122,0,4,842,2321,237,227,307,66,154,0.1021111589831968,2006,0.0929936305732484,2007,KERALA,WAYANADU,KERALA||WAYANADU
11,14,2,27,0,9,1,15,127,126,47,201,8,74,9,2,66,14,110,0,0,861,2355,219,280,324,82,201,0.0929936305732484,2007,0.093487814622453,2008,KERALA,WAYANADU,KERALA||WAYANADU
12,8,5,35,0,9,3,13,125,121,27,240,11,100,5,0,74,11,114,0,2,902,2503,234,325,291,111,240,0.093487814622453,2008,0.0863874345549738,2009,KERALA,WAYANADU,KERALA||WAYANADU
1,0,0,0,0,0,0,0,1,10,0,1,1,0,2,0,0,0,0,0,0,17,36,0,2,13,1,1,0.0,2001,0.0377358490566037,2002,LAKSHADWEEP,LAKSHADWEEP,LAKSHADWEEP||LAKSHADWEEP
0,0,0,1,0,0,0,0,9,12,0,18,0,0,2,0,1,0,0,0,0,5,53,2,19,23,0,18,0.0377358490566037,2002,0.1290322580645161,2003,LAKSHADWEEP,LAKSHADWEEP,LAKSHADWEEP||LAKSHADWEEP
0,0,0,2,0,0,0,0,6,8,1,4,0,0,2,0,1,0,1,0,0,6,31,4,6,17,0,4,0.1290322580645161,2003,0.0142857142857142,2004,LAKSHADWEEP,LAKSHADWEEP,LAKSHADWEEP||LAKSHADWEEP
0,0,0,0,0,0,0,0,2,5,0,37,0,0,0,0,0,0,1,0,0,18,70,1,37,7,0,37,0.0142857142857142,2004,0.0,2005,LAKSHADWEEP,LAKSHADWEEP,LAKSHADWEEP||LAKSHADWEEP
1,0,0,0,0,0,0,0,2,7,0,6,0,0,0,0,0,0,0,0,0,22,42,0,7,9,0,6,0.0,2005,0.0125,2006,LAKSHADWEEP,LAKSHADWEEP,LAKSHADWEEP||LAKSHADWEEP
0,2,0,0,0,0,0,0,2,17,1,12,0,0,4,0,0,0,1,0,0,37,80,1,14,24,0,12,0.0125,2006,0.0892857142857142,2007,LAKSHADWEEP,LAKSHADWEEP,LAKSHADWEEP||LAKSHADWEEP
0,2,0,1,0,0,0,0,2,20,2,1,0,0,0,0,2,0,2,0,0,26,56,5,4,24,0,1,0.0892857142857142,2007,0.031578947368421,2008,LAKSHADWEEP,LAKSHADWEEP,LAKSHADWEEP||LAKSHADWEEP
1,0,0,2,0,1,0,0,3,8,1,12,0,0,2,0,0,0,1,0,0,53,95,3,16,14,0,12,0.031578947368421,2008,0.0074626865671641,2009,LAKSHADWEEP,LAKSHADWEEP,LAKSHADWEEP||LAKSHADWEEP
59,40,2,41,0,14,1,3,42,86,29,21,1,4,12,1,37,1,7,0,59,496,1225,87,181,172,5,21,0.0710204081632653,2008,0.043069694596711,2009,MADHYA PRADESH,ALIRAJPUR,MADHYA PRADESH||ALIRAJPUR
10,4,0,10,0,1,1,3,55,46,5,3,1,3,0,1,14,2,3,0,0,458,633,30,32,109,4,3,0.0473933649289099,2003,0.1015089163237311,2004,MADHYA PRADESH,ANUPPUR,MADHYA PRADESH||ANUPPUR
24,4,0,28,0,4,0,10,106,131,25,8,3,0,4,4,74,7,35,0,0,838,1458,148,78,276,3,8,0.1015089163237311,2004,0.0973936899862825,2005,MADHYA PRADESH,ANUPPUR,MADHYA PRADESH||ANUPPUR
25,10,0,31,0,7,1,18,94,129,16,9,4,17,3,5,72,5,29,0,10,827,1458,142,101,260,21,9,0.0973936899862825,2005,0.1102891728312037,2006,MADHYA PRADESH,ANUPPUR,MADHYA PRADESH||ANUPPUR
32,11,0,38,0,9,3,10,102,112,8,17,3,16,5,7,81,3,35,0,12,684,1487,164,120,237,19,17,0.1102891728312037,2006,0.1009009009009009,2007,MADHYA PRADESH,ANUPPUR,MADHYA PRADESH||ANUPPUR
22,4,1,49,0,6,1,12,94,130,30,9,1,21,15,3,87,3,26,0,7,703,1665,168,104,281,22,9,0.1009009009009009,2007,0.0988745980707395,2008,MADHYA PRADESH,ANUPPUR,MADHYA PRADESH||ANUPPUR
32,11,2,42,0,4,2,14,78,83,32,13,1,14,8,4,53,1,23,0,10,549,1244,123,120,215,15,13,0.0988745980707395,2008,0.1205727204220045,2009,MADHYA PRADESH,ANUPPUR,MADHYA PRADESH||ANUPPUR
24,24,3,33,0,5,0,11,119,101,17,56,11,3,20,6,140,12,36,0,35,695,2195,227,156,268,14,56,0.1034168564920273,2003,0.078300921187308,2004,MADHYA PRADESH,ASHOK NAGAR,MADHYA PRADESH||ASHOK NAGAR
22,28,5,35,0,3,1,11,109,152,23,25,5,4,15,4,89,11,14,0,39,520,1954,153,130,310,9,25,0.078300921187308,2004,0.1045852653271509,2005,MADHYA PRADESH,ASHOK NAGAR,MADHYA PRADESH||ASHOK NAGAR
36,43,5,47,0,7,3,10,102,102,15,30,10,5,12,9,113,4,30,0,36,632,1941,203,181,241,15,30,0.1045852653271509,2005,0.0918322295805739,2006,MADHYA PRADESH,ASHOK NAGAR,MADHYA PRADESH||ASHOK NAGAR
33,33,6,54,0,8,1,10,116,162,36,36,2,13,13,6,120,5,23,0,36,762,2265,208,181,337,15,36,0.0918322295805739,2006,0.1179898033503277,2007,MADHYA PRADESH,ASHOK NAGAR,MADHYA PRADESH||ASHOK NAGAR
34,29,5,81,0,11,1,22,110,228,41,39,7,15,22,13,173,14,43,0,75,915,2746,324,222,423,22,39,0.1179898033503277,2007,0.1043606075453209,2008,MADHYA PRADESH,ASHOK NAGAR,MADHYA PRADESH||ASHOK NAGAR
18,20,9,47,0,3,1,8,112,142,38,31,8,17,6,16,107,8,35,0,75,577,2041,213,137,306,25,31,0.1043606075453209,2008,0.0832521908471275,2009,MADHYA PRADESH,ASHOK NAGAR,MADHYA PRADESH||ASHOK NAGAR
56,43,8,87,0,11,0,7,229,226,21,42,10,10,18,3,157,12,72,0,51,1310,2925,331,254,501,20,42,0.1131623931623931,2001,0.1231281198003327,2002,MADHYA PRADESH,BALAGHAT,MADHYA PRADESH||BALAGHAT
69,41,3,87,0,9,4,23,244,236,42,30,5,8,22,5,186,14,78,0,50,1498,3005,370,266,567,13,30,0.1231281198003327,2002,0.1056994818652849,2003,MADHYA PRADESH,BALAGHAT,MADHYA PRADESH||BALAGHAT
55,25,2,61,0,7,2,12,171,164,22,36,8,8,13,10,134,32,69,0,40,1663,2895,306,200,382,16,36,0.1056994818652849,2003,0.1185718964952505,2004,MADHYA PRADESH,BALAGHAT,MADHYA PRADESH||BALAGHAT
74,22,2,86,0,10,2,20,166,204,31,40,8,10,12,13,175,19,69,0,62,1558,3053,362,256,433,18,40,0.1185718964952505,2004,0.0916552667578659,2005,MADHYA PRADESH,BALAGHAT,MADHYA PRADESH||BALAGHAT
65,36,1,58,0,10,2,7,140,194,22,48,5,16,24,4,155,17,34,0,75,1553,2924,268,227,387,21,48,0.0916552667578659,2005,0.10239651416122,2006,MADHYA PRADESH,BALAGHAT,MADHYA PRADESH||BALAGHAT
60,22,1,67,0,5,1,10,106,129,36,32,3,15,9,6,111,10,41,0,69,1208,2295,235,198,290,18,32,0.10239651416122,2006,0.0860262008733624,2007,MADHYA PRADESH,BALAGHAT,MADHYA PRADESH||BALAGHAT
51,16,3,53,0,7,1,18,100,140,33,21,3,12,7,7,89,9,39,0,61,1341,2290,197,170,298,15,21,0.0860262008733624,2007,0.0973036342321219,2008,MADHYA PRADESH,BALAGHAT,MADHYA PRADESH||BALAGHAT
56,21,4,61,0,8,1,18,100,199,41,46,8,5,10,8,131,11,38,0,113,1293,2559,249,215,368,13,46,0.0973036342321219,2008,0.0862646566164154,2009,MADHYA PRADESH,BALAGHAT,MADHYA PRADESH||BALAGHAT
41,30,3,34,0,2,2,18,130,237,30,35,6,5,10,5,81,9,18,0,71,473,2008,147,165,425,11,35,0.073207171314741,2001,0.0716284275321768,2002,MADHYA PRADESH,BARWANI,MADHYA PRADESH||BARWANI
37,34,0,30,0,4,2,6,48,108,24,36,1,16,12,3,71,9,15,0,81,962,1787,128,149,198,17,36,0.0716284275321768,2002,0.0701598579040852,2003,MADHYA PRADESH,BARWANI,MADHYA PRADESH||BARWANI
45,24,0,38,0,9,3,15,93,121,35,39,3,10,6,4,88,5,23,0,87,1304,2252,158,173,270,13,39,0.0701598579040852,2003,0.0647450110864745,2004,MADHYA PRADESH,BARWANI,MADHYA PRADESH||BARWANI
29,31,3,30,0,1,1,4,101,209,46,28,6,5,10,4,83,7,22,0,93,1259,2255,146,127,370,11,28,0.0647450110864745,2004,0.0710920770877944,2005,MADHYA PRADESH,BARWANI,MADHYA PRADESH||BARWANI
43,18,4,41,0,5,0,7,121,212,52,33,5,5,7,2,92,17,14,0,104,1314,2335,166,151,399,10,33,0.0710920770877944,2005,0.084448160535117,2006,MADHYA PRADESH,BARWANI,MADHYA PRADESH||BARWANI
39,29,7,48,0,2,0,16,133,246,73,35,5,13,10,4,103,15,32,0,118,1247,2392,202,176,478,18,35,0.084448160535117,2006,0.093562574970012,2007,MADHYA PRADESH,BARWANI,MADHYA PRADESH||BARWANI
39,38,1,55,0,10,2,23,88,299,60,59,3,2,8,4,132,11,32,0,112,1262,2501,234,227,478,5,59,0.093562574970012,2007,0.0681699003670687,2008,MADHYA PRADESH,BARWANI,MADHYA PRADESH||BARWANI
32,21,1,39,0,6,0,11,76,218,71,25,3,10,10,1,81,3,6,0,138,893,1907,130,135,386,13,25,0.0681699003670687,2008,0.0600343053173241,2009,MADHYA PRADESH,BARWANI,MADHYA PRADESH||BARWANI
56,48,1,95,0,19,0,18,199,246,33,9,6,15,16,7,135,4,71,0,59,1112,2637,312,246,512,21,9,0.1183162684869169,2001,0.1175051688490696,2002,MADHYA PRADESH,BETUL,MADHYA PRADESH||BETUL
65,50,0,115,0,22,0,17,158,169,28,11,6,21,15,13,152,11,50,0,61,1420,2902,341,280,387,27,11,0.1175051688490696,2002,0.1143978267431331,2003,MADHYA PRADESH,BETUL,MADHYA PRADESH||BETUL
65,51,4,137,0,24,1,11,229,190,38,20,0,27,13,9,171,11,51,0,69,1788,3313,379,313,481,27,20,0.1143978267431331,2003,0.1143141153081511,2004,MADHYA PRADESH,BETUL,MADHYA PRADESH||BETUL
59,43,2,110,0,17,3,9,149,179,37,15,0,31,16,18,125,16,76,0,98,1587,3018,345,258,390,31,15,0.1143141153081511,2004,0.1241264559068219,2005,MADHYA PRADESH,BETUL,MADHYA PRADESH||BETUL
66,30,1,136,0,14,2,13,178,195,53,4,0,19,19,22,130,11,74,0,83,1595,3005,373,266,458,19,4,0.1241264559068219,2005,0.1169857186265572,2006,MADHYA PRADESH,BETUL,MADHYA PRADESH||BETUL
65,24,1,142,0,27,1,23,180,235,49,19,0,25,14,13,134,25,71,0,103,1711,3291,385,302,501,25,19,0.1169857186265572,2006,0.1391050583657587,2007,MADHYA PRADESH,BETUL,MADHYA PRADESH||BETUL
51,48,0,156,0,18,2,20,154,200,63,8,0,19,20,13,174,14,72,0,120,1608,3084,429,303,457,19,8,0.1391050583657587,2007,0.1221845109534094,2008,MADHYA PRADESH,BETUL,MADHYA PRADESH||BETUL
57,33,2,121,0,26,0,29,171,240,60,14,0,20,24,17,198,10,50,0,138,1707,3241,396,282,524,20,14,0.1221845109534094,2008,0.1228733459357277,2009,MADHYA PRADESH,BETUL,MADHYA PRADESH||BETUL
63,97,2,31,0,47,3,28,223,283,25,99,9,28,17,34,80,2,54,0,88,1313,3361,201,370,576,37,99,0.0598036298720618,2001,0.0630286493860845,2002,MADHYA PRADESH,BHIND,MADHYA PRADESH||BHIND
72,106,2,33,0,29,1,36,218,308,26,107,6,36,30,36,91,6,65,0,98,1723,3665,231,386,618,42,107,0.0630286493860845,2002,0.0537428023032629,2003,MADHYA PRADESH,BHIND,MADHYA PRADESH||BHIND
61,101,3,25,0,28,3,40,191,250,29,100,12,32,28,24,94,0,53,0,112,1843,3647,196,361,538,44,100,0.0537428023032629,2003,0.0568122041031036,2004,MADHYA PRADESH,BHIND,MADHYA PRADESH||BHIND
57,126,3,29,0,33,2,43,197,273,30,104,6,44,11,35,75,2,75,0,96,1865,3802,216,397,554,50,104,0.0568122041031036,2004,0.0440315601934334,2005,MADHYA PRADESH,BHIND,MADHYA PRADESH||BHIND
97,121,0,29,0,21,14,56,192,242,91,117,13,20,14,28,73,2,41,0,114,1912,3929,173,455,595,33,117,0.0440315601934334,2005,0.0536825726141078,2006,MADHYA PRADESH,BHIND,MADHYA PRADESH||BHIND
72,103,8,34,0,13,5,90,173,216,68,76,9,24,14,32,71,1,69,0,128,2028,3856,207,401,561,33,76,0.0536825726141078,2006,0.050709939148073,2007,MADHYA PRADESH,BHIND,MADHYA PRADESH||BHIND
68,104,7,27,0,15,3,86,147,212,59,43,9,12,11,38,55,2,28,0,129,1235,2958,150,353,515,21,43,0.050709939148073,2007,0.0491958372753074,2008,MADHYA PRADESH,BHIND,MADHYA PRADESH||BHIND
54,74,6,27,0,13,6,93,155,223,86,67,6,31,13,30,60,1,38,0,167,1481,3171,156,340,570,37,67,0.0491958372753074,2008,0.0538922155688622,2009,MADHYA PRADESH,BHIND,MADHYA PRADESH||BHIND
61,109,0,106,0,55,8,99,852,1351,425,77,33,192,8,15,252,56,132,0,272,9372,13708,561,515,2735,225,77,0.0409250072950102,2001,0.0379826967714707,2002,MADHYA PRADESH,BHOPAL,MADHYA PRADESH||BHOPAL
62,92,0,98,0,41,1,103,908,1500,560,79,26,110,10,16,244,51,131,0,146,10100,14217,540,476,3081,136,79,0.0379826967714707,2002,0.0358091088569678,2003,MADHYA PRADESH,BHOPAL,MADHYA PRADESH||BHOPAL
54,111,0,93,0,55,1,97,978,1640,673,92,32,109,20,16,252,23,142,0,179,10129,14689,526,503,3408,141,92,0.0358091088569678,2003,0.0347372439241633,2004,MADHYA PRADESH,BHOPAL,MADHYA PRADESH||BHOPAL
71,91,0,84,0,43,2,106,950,2110,890,129,28,114,22,29,251,30,152,0,171,10572,15718,546,526,4078,142,129,0.0347372439241633,2004,0.0410138248847926,2005,MADHYA PRADESH,BHOPAL,MADHYA PRADESH||BHOPAL
72,71,0,79,0,31,5,108,740,1468,694,62,17,107,19,13,177,51,125,0,200,6992,10850,445,428,3029,124,62,0.0410138248847926,2005,0.0331899200983405,2006,MADHYA PRADESH,BHOPAL,MADHYA PRADESH||BHOPAL
62,89,0,70,0,49,9,147,846,1607,766,65,12,127,17,22,193,44,103,0,211,8808,13016,432,491,3383,139,65,0.0331899200983405,2006,0.0352648418059011,2007,MADHYA PRADESH,BHOPAL,MADHYA PRADESH||BHOPAL
74,76,1,82,0,48,3,196,978,2284,1300,79,20,133,19,24,212,41,137,0,547,7308,14065,496,559,4777,153,79,0.0352648418059011,2007,0.036961543688001,2008,MADHYA PRADESH,BHOPAL,MADHYA PRADESH||BHOPAL
60,86,15,113,0,42,3,227,987,2572,1348,133,31,125,35,28,207,39,157,0,304,7901,14718,544,679,5169,156,133,0.036961543688001,2008,0.0457901554404145,2009,MADHYA PRADESH,BHOPAL,MADHYA PRADESH||BHOPAL
5,3,0,1,0,2,1,25,10,705,13,3,0,8,0,0,10,3,0,0,2,257,1036,14,40,753,8,3,0.0135135135135135,2001,0.0159695817490494,2002,MADHYA PRADESH,BHOPAL RLY.,MADHYA PRADESH||BHOPAL RLY
7,5,0,1,0,0,0,33,12,924,8,8,0,6,1,0,18,2,0,0,2,293,1315,21,54,978,6,8,0.0159695817490494,2002,0.0172872340425531,2003,MADHYA PRADESH,BHOPAL RLY.,MADHYA PRADESH||BHOPAL RLY
5,2,1,3,0,1,2,25,32,1086,11,5,0,8,1,2,14,6,1,0,0,308,1504,26,44,1155,8,5,0.0172872340425531,2003,0.0071727435744172,2004,MADHYA PRADESH,BHOPAL RLY.,MADHYA PRADESH||BHOPAL RLY
6,5,0,1,0,1,0,24,10,1295,19,3,1,11,0,0,9,1,1,0,2,283,1673,12,40,1348,12,3,0.0071727435744172,2004,0.0123056994818652,2005,MADHYA PRADESH,BHOPAL RLY.,MADHYA PRADESH||BHOPAL RLY
3,2,0,1,0,1,1,11,13,1175,15,6,4,12,2,3,11,3,1,0,2,272,1544,19,25,1216,16,6,0.0123056994818652,2005,0.0119971771347918,2006,MADHYA PRADESH,BHOPAL RLY.,MADHYA PRADESH||BHOPAL RLY
4,2,0,1,0,4,0,13,12,1041,14,1,3,5,1,2,10,3,1,0,4,290,1417,17,25,1081,8,1,0.0119971771347918,2006,0.017463933181473,2007,MADHYA PRADESH,BHOPAL RLY.,MADHYA PRADESH||BHOPAL RLY
7,2,1,1,0,0,2,9,8,962,19,4,0,2,1,2,14,5,1,0,1,290,1317,23,26,999,2,4,0.017463933181473,2007,0.0120572720422004,2008,MADHYA PRADESH,BHOPAL RLY.,MADHYA PRADESH||BHOPAL RLY
2,4,1,2,0,3,1,7,8,938,15,8,0,3,0,1,7,3,3,0,3,331,1327,16,28,968,3,8,0.0120572720422004,2008,0.013980868285504,2009,MADHYA PRADESH,BHOPAL RLY.,MADHYA PRADESH||BHOPAL RLY
6,2,0,7,0,0,0,2,17,37,8,5,4,4,0,1,22,0,13,0,7,226,456,43,22,64,8,5,0.094298245614035,2003,0.0630334865397242,2004,MADHYA PRADESH,BURHANPUR,MADHYA PRADESH||BURHANPUR
22,18,3,18,0,2,9,3,66,133,28,15,2,6,4,3,64,11,0,0,23,1008,1523,96,90,234,8,15,0.0630334865397242,2004,0.0772946859903381,2005,MADHYA PRADESH,BURHANPUR,MADHYA PRADESH||BURHANPUR
11,14,0,14,0,1,2,10,55,132,38,17,10,0,4,3,51,14,30,0,42,901,1449,112,69,239,10,17,0.0772946859903381,2005,0.0885375494071146,2006,MADHYA PRADESH,BURHANPUR,MADHYA PRADESH||BURHANPUR
13,6,0,21,0,4,0,5,51,120,31,15,8,10,7,3,45,15,28,0,31,775,1265,112,64,214,18,15,0.0885375494071146,2006,0.063643013899049,2007,MADHYA PRADESH,BURHANPUR,MADHYA PRADESH||BURHANPUR
16,11,0,12,0,1,3,8,48,140,40,15,6,5,3,2,54,4,15,0,29,873,1367,87,66,239,11,15,0.063643013899049,2007,0.0736994219653179,2008,MADHYA PRADESH,BURHANPUR,MADHYA PRADESH||BURHANPUR
19,15,0,14,0,2,34,6,44,119,30,59,4,9,11,3,55,0,30,0,42,830,1384,102,149,210,13,59,0.0736994219653179,2008,0.0842553191489361,2009,MADHYA PRADESH,BURHANPUR,MADHYA PRADESH||BURHANPUR
54,72,1,65,0,28,4,42,240,163,0,104,0,36,20,20,193,10,46,0,96,1718,3361,334,370,465,36,104,0.0993751859565605,2001,0.0972826086956521,2002,MADHYA PRADESH,CHHATARPUR,MADHYA PRADESH||CHHATARPUR
70,66,1,76,0,25,4,34,261,171,0,76,5,31,19,20,188,16,58,0,74,1982,3680,358,352,485,36,76,0.0972826086956521,2002,0.0986193293885601,2003,MADHYA PRADESH,CHHATARPUR,MADHYA PRADESH||CHHATARPUR
55,69,1,56,0,11,2,32,228,135,22,49,3,11,22,17,164,13,50,0,86,1493,3042,300,275,439,14,49,0.0986193293885601,2003,0.0890022675736961,2004,MADHYA PRADESH,CHHATARPUR,MADHYA PRADESH||CHHATARPUR
56,44,2,62,0,19,3,36,244,206,0,40,9,16,27,17,160,20,55,0,70,1958,3528,314,262,513,25,40,0.0890022675736961,2004,0.0750479320734045,2005,MADHYA PRADESH,CHHATARPUR,MADHYA PRADESH||CHHATARPUR
62,72,6,46,0,12,3,31,212,152,0,58,6,9,22,18,162,8,40,0,104,2026,3651,274,290,417,15,58,0.0750479320734045,2005,0.0719948575101778,2006,MADHYA PRADESH,CHHATARPUR,MADHYA PRADESH||CHHATARPUR
71,72,5,59,0,23,1,52,275,214,0,50,2,22,22,19,170,18,70,0,99,2856,4667,336,333,563,24,50,0.0719948575101778,2006,0.082108563590045,2007,MADHYA PRADESH,CHHATARPUR,MADHYA PRADESH||CHHATARPUR
53,80,0,65,0,32,1,38,369,332,47,47,9,23,17,31,216,22,85,0,122,2964,5103,419,316,803,32,47,0.082108563590045,2007,0.0712256493506493,2008,MADHYA PRADESH,CHHATARPUR,MADHYA PRADESH||CHHATARPUR
52,62,4,57,0,26,2,59,407,351,73,35,14,42,31,22,194,20,58,0,102,2837,4928,351,297,921,56,35,0.0712256493506493,2008,0.0693481276005547,2009,MADHYA PRADESH,CHHATARPUR,MADHYA PRADESH||CHHATARPUR
78,51,2,93,0,18,0,18,165,239,66,26,16,67,26,10,203,32,109,0,98,1335,3672,447,286,514,83,26,0.1217320261437908,2001,0.1134585289514867,2002,MADHYA PRADESH,CHHINDWARA,MADHYA PRADESH||CHHINDWARA
81,46,4,82,0,10,1,30,183,194,57,65,9,24,27,11,189,36,117,0,119,1508,3834,435,319,491,33,65,0.1134585289514867,2002,0.1090703588584345,2003,MADHYA PRADESH,CHHINDWARA,MADHYA PRADESH||CHHINDWARA
45,34,5,82,0,14,1,9,164,181,53,26,2,27,20,12,187,27,78,0,102,1451,3539,386,216,427,29,26,0.1090703588584345,2003,0.1243334949103247,2004,MADHYA PRADESH,CHHINDWARA,MADHYA PRADESH||CHHINDWARA
66,28,2,132,0,15,2,15,195,278,91,47,10,30,12,8,204,31,138,0,117,1644,4126,513,307,591,40,47,0.1243334949103247,2004,0.1130456724703507,2005,MADHYA PRADESH,CHHINDWARA,MADHYA PRADESH||CHHINDWARA
74,29,3,122,0,19,2,14,190,262,70,52,4,19,15,15,165,24,122,0,124,1502,3963,448,315,551,23,52,0.1130456724703507,2005,0.1125810635538262,2006,MADHYA PRADESH,CHHINDWARA,MADHYA PRADESH||CHHINDWARA
76,38,8,125,0,16,3,14,134,291,87,38,2,32,11,13,188,29,79,0,121,1463,3855,434,318,537,34,38,0.1125810635538262,2006,0.1170103092783505,2007,MADHYA PRADESH,CHHINDWARA,MADHYA PRADESH||CHHINDWARA
59,28,10,116,0,14,2,13,172,289,85,49,7,25,11,16,185,19,118,0,181,1484,3880,454,291,570,32,49,0.1170103092783505,2007,0.1013292656352146,2008,MADHYA PRADESH,CHHINDWARA,MADHYA PRADESH||CHHINDWARA
76,23,5,120,0,13,0,10,157,293,77,50,10,31,22,17,185,22,121,0,168,1922,4589,465,297,559,41,50,0.1013292656352146,2008,0.1167826759474091,2009,MADHYA PRADESH,CHHINDWARA,MADHYA PRADESH||CHHINDWARA
43,78,0,66,0,18,3,24,114,188,20,54,3,18,32,28,189,0,58,0,0,920,2879,341,286,378,21,54,0.1184439041333796,2001,0.0991023339317773,2002,MADHYA PRADESH,DAMOH,MADHYA PRADESH||DAMOH
49,57,0,57,0,14,1,20,137,175,21,19,2,9,15,31,136,0,52,0,45,900,2785,276,217,368,11,19,0.0991023339317773,2002,0.1192077727952167,2003,MADHYA PRADESH,DAMOH,MADHYA PRADESH||DAMOH
47,50,0,49,0,18,0,19,146,114,21,18,1,9,7,27,179,0,64,0,43,762,2676,319,201,307,10,18,0.1192077727952167,2003,0.1054820415879017,2004,MADHYA PRADESH,DAMOH,MADHYA PRADESH||DAMOH
49,58,0,54,0,9,2,24,151,164,35,13,6,9,18,23,150,0,52,0,56,765,2645,279,209,392,15,13,0.1054820415879017,2004,0.1054945054945055,2005,MADHYA PRADESH,DAMOH,MADHYA PRADESH||DAMOH
40,68,0,43,0,12,0,18,116,139,34,12,4,4,4,31,113,0,53,0,47,553,2275,240,193,311,8,12,0.1054945054945055,2005,0.101063829787234,2006,MADHYA PRADESH,DAMOH,MADHYA PRADESH||DAMOH
44,52,0,40,0,4,4,27,108,131,42,17,2,6,6,40,116,0,51,0,52,620,2444,247,188,314,8,17,0.101063829787234,2006,0.0900181488203266,2007,MADHYA PRADESH,DAMOH,MADHYA PRADESH||DAMOH
43,47,0,30,0,14,2,12,141,148,62,15,1,12,9,20,148,0,50,0,73,778,2755,248,163,372,13,15,0.0900181488203266,2007,0.0805785123966942,2008,MADHYA PRADESH,DAMOH,MADHYA PRADESH||DAMOH
58,47,0,46,0,13,0,25,136,149,67,13,3,16,19,15,126,0,47,0,80,776,2904,234,202,396,19,13,0.0805785123966942,2008,0.0891373801916932,2009,MADHYA PRADESH,DAMOH,MADHYA PRADESH||DAMOH
53,55,0,12,0,25,3,26,87,103,12,30,1,8,9,8,57,0,18,0,38,908,1866,95,204,237,9,30,0.0509110396570203,2001,0.056,2002,MADHYA PRADESH,DATIYA,MADHYA PRADESH||DATIYA
54,63,0,22,0,12,4,21,93,128,19,19,1,11,15,14,53,0,16,0,57,888,1875,105,195,276,12,19,0.056,2002,0.0709612481127327,2003,MADHYA PRADESH,DATIYA,MADHYA PRADESH||DATIYA
55,39,0,30,0,13,1,31,99,132,14,19,5,14,10,10,66,0,35,0,51,984,1987,141,188,286,19,19,0.0709612481127327,2003,0.064145524174246,2004,MADHYA PRADESH,DATIYA,MADHYA PRADESH||DATIYA
60,54,0,25,0,18,1,29,107,156,27,34,4,13,13,6,71,0,32,0,49,999,2089,134,221,332,17,34,0.064145524174246,2004,0.0592014685635612,2005,MADHYA PRADESH,DATIYA,MADHYA PRADESH||DATIYA
37,61,0,30,0,20,2,30,96,134,26,29,2,17,7,7,66,0,26,0,54,1084,2179,129,209,293,19,29,0.0592014685635612,2005,0.055175363558597,2006,MADHYA PRADESH,DATIYA,MADHYA PRADESH||DATIYA
50,58,0,23,0,18,1,48,115,177,30,27,5,26,11,12,73,0,21,0,67,1121,2338,129,225,381,31,27,0.055175363558597,2006,0.0538585209003215,2007,MADHYA PRADESH,DATIYA,MADHYA PRADESH||DATIYA
49,49,0,25,0,21,0,42,123,166,60,30,0,14,14,9,68,0,32,0,74,1348,2488,134,216,405,14,30,0.0538585209003215,2007,0.0573701842546063,2008,MADHYA PRADESH,DATIYA,MADHYA PRADESH||DATIYA
44,51,0,25,0,17,0,53,110,157,35,29,1,10,9,17,63,0,32,0,65,1248,2388,137,219,364,11,29,0.0573701842546063,2008,0.0512428298279158,2009,MADHYA PRADESH,DATIYA,MADHYA PRADESH||DATIYA
50,112,0,78,0,20,10,67,367,677,115,119,16,22,39,15,279,80,96,0,107,2376,5039,548,456,1265,38,119,0.1087517364556459,2001,0.0751799111927729,2002,MADHYA PRADESH,DEWAS,MADHYA PRADESH||DEWAS
53,76,0,97,0,33,18,82,374,902,126,145,15,53,43,14,191,54,135,0,98,3747,6531,491,504,1527,68,145,0.0751799111927729,2002,0.0680585043642368,2003,MADHYA PRADESH,DEWAS,MADHYA PRADESH||DEWAS
57,85,2,88,0,34,27,67,366,999,153,112,25,44,31,12,213,68,196,0,114,5536,8478,577,472,1616,69,112,0.0680585043642368,2003,0.0780880922606641,2004,MADHYA PRADESH,DEWAS,MADHYA PRADESH||DEWAS
48,93,0,82,0,30,10,70,315,853,165,107,14,47,40,16,193,55,216,0,150,4392,7197,562,440,1443,61,107,0.0780880922606641,2004,0.0851028806584362,2005,MADHYA PRADESH,DEWAS,MADHYA PRADESH||DEWAS
57,76,1,86,0,32,5,32,279,720,178,107,28,57,37,20,186,52,173,0,158,3548,6075,517,396,1246,85,107,0.0851028806584362,2005,0.0793357933579335,2006,MADHYA PRADESH,DEWAS,MADHYA PRADESH||DEWAS
43,72,1,85,0,21,5,26,275,726,177,84,26,41,21,10,168,31,136,0,149,3094,5420,430,337,1225,67,84,0.0793357933579335,2006,0.0796742209631728,2007,MADHYA PRADESH,DEWAS,MADHYA PRADESH||DEWAS
39,63,4,84,0,27,5,24,251,677,211,90,11,41,20,22,165,48,131,0,148,3335,5648,450,336,1183,52,90,0.0796742209631728,2007,0.0833184337564813,2008,MADHYA PRADESH,DEWAS,MADHYA PRADESH||DEWAS
45,73,1,73,0,18,1,29,192,638,215,76,14,63,41,10,191,42,150,0,171,3253,5593,466,316,1115,77,76,0.0833184337564813,2008,0.0797494780793319,2009,MADHYA PRADESH,DEWAS,MADHYA PRADESH||DEWAS
89,99,0,68,0,22,6,35,285,651,72,48,33,25,28,41,168,21,88,0,0,2558,4910,386,367,1071,58,48,0.0786150712830957,2001,0.0906058921623124,2002,MADHYA PRADESH,DHAR,MADHYA PRADESH||DHAR
90,101,0,74,0,30,3,42,315,653,96,69,33,17,32,53,220,51,91,0,0,2933,5397,489,409,1138,50,69,0.0906058921623124,2002,0.0850546780072904,2003,MADHYA PRADESH,DHAR,MADHYA PRADESH||DHAR
87,86,0,82,0,27,5,46,261,515,112,138,27,11,46,40,200,13,85,0,0,2666,4938,420,471,980,38,138,0.0850546780072904,2003,0.0874132804757185,2004,MADHYA PRADESH,DHAR,MADHYA PRADESH||DHAR
100,78,0,109,0,30,5,38,249,535,139,69,30,12,28,48,154,18,112,0,151,2590,5045,441,429,989,42,69,0.0874132804757185,2004,0.0816912186722785,2005,MADHYA PRADESH,DHAR,MADHYA PRADESH||DHAR
86,82,1,134,0,40,9,45,278,600,167,100,27,21,37,41,180,9,63,0,203,2544,5227,427,497,1127,48,100,0.0816912186722785,2005,0.0771458117890382,2006,MADHYA PRADESH,DHAR,MADHYA PRADESH||DHAR
58,65,3,103,0,35,10,43,249,487,154,72,27,20,33,30,183,10,47,0,170,2492,4835,373,389,966,47,72,0.0771458117890382,2006,0.0751082251082251,2007,MADHYA PRADESH,DHAR,MADHYA PRADESH||DHAR
78,58,5,82,0,22,2,19,140,465,182,75,25,131,30,35,157,17,56,0,187,2351,4620,347,341,836,156,75,0.0751082251082251,2007,0.0745964000742252,2008,MADHYA PRADESH,DHAR,MADHYA PRADESH||DHAR
80,94,6,100,0,29,13,28,203,513,242,110,24,22,27,37,185,11,69,0,247,2947,5389,402,460,1013,46,110,0.0745964000742252,2008,0.0708390646492434,2009,MADHYA PRADESH,DHAR,MADHYA PRADESH||DHAR
13,4,0,20,0,2,0,2,52,44,7,6,5,6,4,0,53,6,4,0,14,467,821,83,47,109,11,6,0.1010962241169305,2001,0.1190751445086705,2002,MADHYA PRADESH,DINDORI,MADHYA PRADESH||DINDORI
26,7,0,26,0,2,0,0,53,22,5,21,0,5,8,1,57,4,15,0,24,492,865,103,82,88,5,21,0.1190751445086705,2002,0.1275362318840579,2003,MADHYA PRADESH,DINDORI,MADHYA PRADESH||DINDORI
14,3,0,37,0,2,0,5,61,44,10,5,1,10,6,1,64,8,22,0,21,622,1035,132,66,126,11,5,0.1275362318840579,2003,0.1343825665859564,2004,MADHYA PRADESH,DINDORI,MADHYA PRADESH||DINDORI
14,13,1,34,0,3,0,4,46,38,9,6,4,9,2,1,61,4,11,0,23,452,826,111,75,99,13,6,0.1343825665859564,2004,0.1406896551724138,2005,MADHYA PRADESH,DINDORI,MADHYA PRADESH||DINDORI
18,9,1,32,0,1,0,1,38,18,6,6,1,7,4,2,57,0,11,0,30,466,725,102,68,67,8,6,0.1406896551724138,2005,0.1424242424242424,2006,MADHYA PRADESH,DINDORI,MADHYA PRADESH||DINDORI
27,5,3,26,0,0,0,1,33,16,5,2,1,4,1,2,51,0,15,0,23,294,660,94,64,56,5,2,0.1424242424242424,2006,0.1008695652173913,2007,MADHYA PRADESH,DINDORI,MADHYA PRADESH||DINDORI
15,3,3,23,0,0,1,1,35,14,9,7,3,3,1,3,27,1,4,0,37,272,575,58,53,60,6,7,0.1008695652173913,2007,0.08,2008,MADHYA PRADESH,DINDORI,MADHYA PRADESH||DINDORI
19,3,5,20,0,1,1,4,23,27,7,5,9,5,4,2,33,1,4,0,54,355,750,60,58,65,14,5,0.08,2008,0.1433296582138919,2009,MADHYA PRADESH,DINDORI,MADHYA PRADESH||DINDORI
71,72,4,124,0,17,9,50,448,350,46,171,14,27,35,7,317,22,95,0,116,2438,6001,565,518,929,41,171,0.094150974837527,2001,0.100989151244416,2002,MADHYA PRADESH,GUNA,MADHYA PRADESH||GUNA
64,74,9,148,0,7,8,52,388,372,57,167,11,19,38,12,339,35,99,0,155,2605,6268,633,529,907,30,167,0.100989151244416,2002,0.0955841252096143,2003,MADHYA PRADESH,GUNA,MADHYA PRADESH||GUNA
37,32,8,83,0,8,0,21,258,254,52,76,6,21,16,9,175,7,68,0,108,1437,3578,342,265,601,27,76,0.0955841252096143,2003,0.0888629055831628,2004,MADHYA PRADESH,GUNA,MADHYA PRADESH||GUNA
45,32,8,78,0,6,1,21,238,271,63,68,5,9,17,10,161,13,42,0,114,1304,3421,304,259,610,14,68,0.0888629055831628,2004,0.09792458345513,2005,MADHYA PRADESH,GUNA,MADHYA PRADESH||GUNA
40,34,3,77,0,5,4,34,174,269,50,88,7,22,13,3,176,18,61,0,102,1170,3421,335,285,540,29,88,0.09792458345513,2005,0.0867200915855752,2006,MADHYA PRADESH,GUNA,MADHYA PRADESH||GUNA
37,45,6,69,0,13,3,28,165,247,49,70,8,22,16,7,162,17,48,0,117,1472,3494,303,271,505,30,70,0.0867200915855752,2006,0.0908311910882605,2007,MADHYA PRADESH,GUNA,MADHYA PRADESH||GUNA
39,28,7,80,0,3,2,22,212,263,68,57,22,32,16,4,166,23,45,0,153,1545,3501,318,238,581,54,57,0.0908311910882605,2007,0.0821566110397946,2008,MADHYA PRADESH,GUNA,MADHYA PRADESH||GUNA
53,29,13,72,0,14,3,16,123,261,89,70,16,25,8,9,134,16,25,0,140,1313,3116,256,270,497,41,70,0.0821566110397946,2008,0.0769230769230769,2009,MADHYA PRADESH,GUNA,MADHYA PRADESH||GUNA
84,168,5,59,0,46,4,144,939,925,305,170,22,81,25,20,139,8,49,0,189,2680,6846,275,680,2338,103,170,0.0401694420099328,2001,0.0496749024707412,2002,MADHYA PRADESH,GWALIOR,MADHYA PRADESH||GWALIOR
102,126,3,69,0,79,10,133,999,872,282,154,41,89,30,18,150,12,133,0,197,3456,7690,382,676,2316,130,154,0.0496749024707412,2002,0.0495340227243712,2003,MADHYA PRADESH,GWALIOR,MADHYA PRADESH||GWALIOR
91,137,8,72,0,81,10,112,997,967,407,151,36,109,9,24,161,6,125,0,188,3692,7833,388,662,2492,145,151,0.0495340227243712,2003,0.0504271476032273,2004,MADHYA PRADESH,GWALIOR,MADHYA PRADESH||GWALIOR
86,145,13,58,0,52,8,109,882,1350,643,140,23,82,19,31,180,9,147,0,205,3916,8428,425,611,3003,105,140,0.0504271476032273,2004,0.0441528807758128,2005,MADHYA PRADESH,GWALIOR,MADHYA PRADESH||GWALIOR
99,133,22,61,0,44,6,141,926,1378,718,138,33,104,13,21,164,11,130,0,226,4079,8765,387,644,3176,137,138,0.0441528807758128,2005,0.0479616306954436,2006,MADHYA PRADESH,GWALIOR,MADHYA PRADESH||GWALIOR
107,152,13,77,0,41,8,222,675,1581,896,138,49,109,20,32,186,13,172,0,207,5171,10008,480,758,3394,158,138,0.0479616306954436,2006,0.0434031307176255,2007,MADHYA PRADESH,GWALIOR,MADHYA PRADESH||GWALIOR
70,139,19,74,0,68,4,198,1049,1623,982,186,34,95,22,33,170,20,130,0,248,4401,9838,427,758,3874,129,186,0.0434031307176255,2007,0.0382249560632688,2008,MADHYA PRADESH,GWALIOR,MADHYA PRADESH||GWALIOR
98,120,23,42,0,62,10,161,928,1897,1285,121,39,97,31,24,126,17,139,0,231,3640,9104,348,637,4302,136,121,0.0382249560632688,2008,0.0506531059926214,2009,MADHYA PRADESH,GWALIOR,MADHYA PRADESH||GWALIOR
14,12,0,28,0,2,1,3,43,74,10,23,0,9,8,9,35,0,27,0,0,349,746,99,83,138,9,23,0.1327077747989276,2001,0.115296803652968,2002,MADHYA PRADESH,HARDA,MADHYA PRADESH||HARDA
18,13,0,28,0,3,0,6,50,68,16,21,3,5,3,7,42,8,16,0,4,240,876,101,89,143,8,21,0.115296803652968,2002,0.1231884057971014,2003,MADHYA PRADESH,HARDA,MADHYA PRADESH||HARDA
13,10,0,25,0,1,4,14,42,83,34,7,0,3,3,3,52,0,22,0,3,266,828,102,74,176,3,7,0.1231884057971014,2003,0.076007326007326,2004,MADHYA PRADESH,HARDA,MADHYA PRADESH||HARDA
15,17,0,31,0,3,0,15,83,95,33,18,2,11,2,5,30,3,14,0,0,355,1092,83,99,228,13,18,0.076007326007326,2004,0.0810564663023679,2005,MADHYA PRADESH,HARDA,MADHYA PRADESH||HARDA
20,13,0,32,0,7,0,10,60,93,43,8,0,8,5,7,41,0,9,0,0,411,1098,89,90,211,8,8,0.0810564663023679,2005,0.0661993769470404,2006,MADHYA PRADESH,HARDA,MADHYA PRADESH||HARDA
16,26,0,25,0,7,1,13,83,167,56,13,1,3,0,5,37,2,16,0,0,448,1284,85,101,319,4,13,0.0661993769470404,2006,0.0930888575458392,2007,MADHYA PRADESH,HARDA,MADHYA PRADESH||HARDA
17,23,0,38,0,12,0,20,64,158,67,15,9,5,7,5,41,14,34,0,0,510,1418,132,125,316,14,15,0.0930888575458392,2007,0.0871369294605809,2008,MADHYA PRADESH,HARDA,MADHYA PRADESH||HARDA
20,24,0,18,0,9,0,13,106,117,48,16,0,0,0,6,42,39,0,0,0,346,1205,105,100,284,0,16,0.0871369294605809,2008,0.0507614213197969,2009,MADHYA PRADESH,HARDA,MADHYA PRADESH||HARDA
53,57,27,65,0,16,0,31,253,286,51,33,8,25,13,9,109,6,31,0,0,1240,2741,220,282,634,33,33,0.0802626778547975,2001,0.079531051964512,2002,MADHYA PRADESH,HOSHANGABAD,MADHYA PRADESH||HOSHANGABAD
48,86,97,62,0,21,0,40,311,339,74,29,4,39,12,9,122,13,45,0,0,1451,3156,251,383,776,43,29,0.079531051964512,2002,0.0818208866408806,2003,MADHYA PRADESH,HOSHANGABAD,MADHYA PRADESH||HOSHANGABAD
49,53,68,70,0,10,1,48,337,357,90,29,6,19,12,19,127,7,52,0,0,1629,3361,275,328,844,25,29,0.0818208866408806,2003,0.0783582089552238,2004,MADHYA PRADESH,HOSHANGABAD,MADHYA PRADESH||HOSHANGABAD
50,63,76,51,0,20,2,29,264,371,95,33,7,47,15,8,132,11,71,0,0,1711,3484,273,324,774,54,33,0.0783582089552238,2004,0.0767061477721376,2005,MADHYA PRADESH,HOSHANGABAD,MADHYA PRADESH||HOSHANGABAD
41,65,10,64,0,16,1,37,229,375,99,60,4,17,10,10,124,16,58,0,0,1947,3546,272,294,750,21,60,0.0767061477721376,2005,0.0730593607305936,2006,MADHYA PRADESH,HOSHANGABAD,MADHYA PRADESH||HOSHANGABAD
47,46,3,57,0,12,2,32,252,386,122,22,8,26,7,12,112,14,29,0,0,1596,3066,224,221,799,34,22,0.0730593607305936,2006,0.0768746061751732,2007,MADHYA PRADESH,HOSHANGABAD,MADHYA PRADESH||HOSHANGABAD
41,48,0,52,0,23,0,33,157,394,130,25,0,16,0,11,110,12,59,0,0,1711,3174,244,222,714,16,25,0.0768746061751732,2007,0.0766423357664233,2008,MADHYA PRADESH,HOSHANGABAD,MADHYA PRADESH||HOSHANGABAD
52,41,0,64,0,19,2,32,180,427,163,21,6,10,14,16,130,19,44,0,0,1986,3562,273,231,816,16,21,0.0766423357664233,2008,0.0856260527793374,2009,MADHYA PRADESH,HOSHANGABAD,MADHYA PRADESH||HOSHANGABAD
111,133,1,84,0,50,5,112,874,2708,1360,129,59,149,29,25,215,63,161,0,269,6567,13063,548,625,5083,208,129,0.0419505473474699,2001,0.0425873844917637,2002,MADHYA PRADESH,INDORE,MADHYA PRADESH||INDORE
109,135,1,93,0,47,6,142,974,2896,1370,134,60,122,29,23,217,54,249,0,316,8202,14934,636,667,5411,182,134,0.0425873844917637,2002,0.0450681335166895,2003,MADHYA PRADESH,INDORE,MADHYA PRADESH||INDORE
93,129,3,77,0,61,6,162,966,2856,1452,134,64,123,42,22,240,84,298,0,340,9312,15998,721,665,5478,187,134,0.0450681335166895,2003,0.049771986970684,2004,MADHYA PRADESH,INDORE,MADHYA PRADESH||INDORE
107,136,6,97,0,47,10,121,838,2610,1337,117,97,149,30,35,269,69,294,0,367,8676,15350,764,641,4936,246,117,0.049771986970684,2004,0.0441782104080868,2005,MADHYA PRADESH,INDORE,MADHYA PRADESH||INDORE
104,137,7,102,0,59,5,97,966,2680,1513,122,85,132,32,29,221,73,283,0,369,9246,16026,708,633,5288,217,122,0.0441782104080868,2005,0.0431574378371674,2006,MADHYA PRADESH,INDORE,MADHYA PRADESH||INDORE
81,126,2,90,0,39,10,111,920,3335,2017,144,46,129,43,22,253,68,263,0,395,8577,16127,696,603,6426,175,144,0.0431574378371674,2006,0.0458101220813085,2007,MADHYA PRADESH,INDORE,MADHYA PRADESH||INDORE
111,151,4,102,0,49,6,175,936,3363,2130,198,44,113,61,21,276,55,319,0,427,8843,16874,773,796,6665,157,198,0.0458101220813085,2007,0.0475825802828406,2008,MADHYA PRADESH,INDORE,MADHYA PRADESH||INDORE
125,197,2,122,0,61,7,354,1227,4660,3340,223,43,102,55,35,343,63,369,0,426,9572,19587,932,1091,9636,145,223,0.0475825802828406,2008,0.0611821260788812,2009,MADHYA PRADESH,INDORE,MADHYA PRADESH||INDORE
6,4,2,2,0,0,0,7,3,193,3,2,0,5,0,0,5,1,0,0,0,108,353,8,23,206,5,2,0.0226628895184136,2001,0.0287769784172661,2002,MADHYA PRADESH,INDORE RLY.,MADHYA PRADESH||INDORE RLY
3,4,0,1,0,1,0,6,1,164,2,3,0,0,0,0,7,0,0,0,0,81,278,8,18,173,0,3,0.0287769784172661,2002,0.0198019801980198,2003,MADHYA PRADESH,INDORE RLY.,MADHYA PRADESH||INDORE RLY
4,2,1,0,0,0,0,4,4,111,2,3,0,4,0,1,3,0,0,0,0,57,202,4,14,121,4,3,0.0198019801980198,2003,0.0208333333333333,2004,MADHYA PRADESH,INDORE RLY.,MADHYA PRADESH||INDORE RLY
3,0,2,1,0,0,0,5,3,149,0,0,0,2,0,0,5,0,0,0,0,107,288,6,11,157,2,0,0.0208333333333333,2004,0.03125,2005,MADHYA PRADESH,INDORE RLY.,MADHYA PRADESH||INDORE RLY
1,1,0,3,0,0,0,5,3,132,1,0,0,3,0,0,6,0,1,0,0,155,320,10,10,141,3,0,0.03125,2005,0.0377358490566037,2006,MADHYA PRADESH,INDORE RLY.,MADHYA PRADESH||INDORE RLY
2,1,0,3,0,0,0,8,0,138,0,0,0,0,0,0,4,2,1,0,0,102,265,10,14,146,0,0,0.0377358490566037,2006,0.0376712328767123,2007,MADHYA PRADESH,INDORE RLY.,MADHYA PRADESH||INDORE RLY
3,0,1,4,0,0,0,5,0,146,0,0,2,4,0,0,7,0,0,0,0,109,292,11,13,151,6,0,0.0376712328767123,2007,0.029673590504451,2008,MADHYA PRADESH,INDORE RLY.,MADHYA PRADESH||INDORE RLY
3,2,0,3,0,0,0,8,1,189,0,2,0,3,0,1,5,1,0,0,0,109,337,10,18,198,3,2,0.029673590504451,2008,0.006578947368421,2009,MADHYA PRADESH,INDORE RLY.,MADHYA PRADESH||INDORE RLY
103,167,28,108,0,33,0,126,596,887,300,112,14,40,15,28,264,50,81,0,186,3468,8333,531,677,1924,54,112,0.063722548901956,2001,0.0611410118406889,2002,MADHYA PRADESH,JABALPUR,MADHYA PRADESH||JABALPUR
73,146,4,80,0,32,1,115,567,987,390,65,4,78,29,49,250,64,125,0,199,3461,9290,568,516,2088,82,65,0.0611410118406889,2002,0.0624750099960016,2003,MADHYA PRADESH,JABALPUR,MADHYA PRADESH||JABALPUR
92,131,0,103,0,45,3,96,635,1151,434,95,26,84,18,57,297,60,108,0,180,3397,10004,625,565,2334,110,95,0.0624750099960016,2003,0.0628937421251575,2004,MADHYA PRADESH,JABALPUR,MADHYA PRADESH||JABALPUR
84,178,0,102,0,39,4,79,596,1048,539,82,27,119,46,42,227,113,115,0,209,2915,9524,599,568,2308,146,82,0.0628937421251575,2004,0.076402832082849,2005,MADHYA PRADESH,JABALPUR,MADHYA PRADESH||JABALPUR
77,131,0,92,0,36,1,73,404,832,417,82,33,110,4,34,310,133,154,0,223,2301,9463,723,492,1730,143,82,0.076402832082849,2005,0.0571624669085204,2006,MADHYA PRADESH,JABALPUR,MADHYA PRADESH||JABALPUR
65,132,9,103,0,39,4,97,483,908,528,111,31,152,26,31,228,94,127,0,226,2595,10199,583,560,2042,183,111,0.0571624669085204,2006,0.0564641388761991,2007,MADHYA PRADESH,JABALPUR,MADHYA PRADESH||JABALPUR
81,156,0,77,0,40,1,104,554,1035,590,145,10,141,24,42,290,65,144,0,233,4597,10945,618,604,2307,151,145,0.0564641388761991,2007,0.0617113383070829,2008,MADHYA PRADESH,JABALPUR,MADHYA PRADESH||JABALPUR
69,111,6,127,0,52,1,148,458,1065,156,123,15,96,16,42,288,67,146,0,157,5634,10857,670,637,1843,111,123,0.0617113383070829,2008,0.0625625625625625,2009,MADHYA PRADESH,JABALPUR,MADHYA PRADESH||JABALPUR
3,0,0,0,0,0,0,15,0,221,6,1,2,2,0,1,4,0,0,0,0,95,359,5,19,242,4,1,0.0139275766016713,2001,0.008695652173913,2002,MADHYA PRADESH,JABALPUR RLY.,MADHYA PRADESH||JABALPUR RLY
2,2,0,0,0,0,1,11,1,208,4,2,2,0,0,0,3,0,0,0,1,104,345,3,18,224,2,2,0.008695652173913,2002,0.0125944584382871,2003,MADHYA PRADESH,JABALPUR RLY.,MADHYA PRADESH||JABALPUR RLY
1,3,0,0,0,3,0,16,8,223,4,1,0,1,0,0,4,1,0,0,0,117,397,5,24,251,1,1,0.0125944584382871,2003,0.0271844660194174,2004,MADHYA PRADESH,JABALPUR RLY.,MADHYA PRADESH||JABALPUR RLY
4,3,0,7,0,0,0,15,4,289,5,1,0,3,0,0,5,2,0,0,0,169,515,14,30,313,3,1,0.0271844660194174,2004,0.0226480836236933,2005,MADHYA PRADESH,JABALPUR RLY.,MADHYA PRADESH||JABALPUR RLY
3,0,2,0,0,0,0,18,8,366,1,1,1,1,1,2,10,1,0,0,0,152,574,13,24,394,2,1,0.0226480836236933,2005,0.0277777777777777,2006,MADHYA PRADESH,JABALPUR RLY.,MADHYA PRADESH||JABALPUR RLY
4,1,4,1,0,1,1,12,2,223,3,0,2,8,0,0,7,3,0,0,0,121,396,11,24,240,10,0,0.0277777777777777,2006,0.0251889168765743,2007,MADHYA PRADESH,JABALPUR RLY.,MADHYA PRADESH||JABALPUR RLY
2,1,3,1,0,0,0,7,2,227,1,3,2,0,0,0,5,4,0,0,0,135,397,10,17,237,2,3,0.0251889168765743,2007,0.0246575342465753,2008,MADHYA PRADESH,JABALPUR RLY.,MADHYA PRADESH||JABALPUR RLY
4,2,3,1,0,1,3,5,5,218,4,2,0,5,0,0,7,1,0,0,0,102,365,9,21,232,5,2,0.0246575342465753,2008,0.0189035916824196,2009,MADHYA PRADESH,JABALPUR RLY.,MADHYA PRADESH||JABALPUR RLY
124,119,3,44,0,83,5,20,163,269,13,74,5,10,45,5,127,4,24,0,0,1653,3416,204,472,510,15,74,0.0597189695550351,2001,0.0512242268041237,2002,MADHYA PRADESH,JHABUA,MADHYA PRADESH||JHABUA
133,129,0,29,0,68,2,15,143,230,12,32,6,6,78,3,119,0,8,0,20,1401,3104,159,408,478,12,32,0.0512242268041237,2002,0.0504301394245031,2003,MADHYA PRADESH,JHABUA,MADHYA PRADESH||JHABUA
119,101,15,36,0,37,5,18,143,214,31,46,3,17,47,0,112,10,12,0,24,1766,3371,170,377,453,20,46,0.0504301394245031,2003,0.0420888542478565,2004,MADHYA PRADESH,JHABUA,MADHYA PRADESH||JHABUA
139,87,2,22,0,43,2,12,89,183,37,27,2,3,42,1,73,0,12,0,0,1252,2566,108,334,363,5,27,0.0420888542478565,2004,0.0439121756487025,2005,MADHYA PRADESH,JHABUA,MADHYA PRADESH||JHABUA
129,68,1,37,0,48,2,12,82,167,46,30,4,7,42,1,62,2,8,0,0,1415,2505,110,327,349,11,30,0.0439121756487025,2005,0.0466344038715354,2006,MADHYA PRADESH,JHABUA,MADHYA PRADESH||JHABUA
117,63,3,32,0,20,1,7,70,170,48,28,1,10,30,4,46,2,22,0,0,1169,2273,106,271,325,11,28,0.0466344038715354,2006,0.0522875816993464,2007,MADHYA PRADESH,JHABUA,MADHYA PRADESH||JHABUA
109,51,3,35,0,14,2,14,76,140,44,28,1,7,27,3,66,0,16,0,0,1153,2295,120,256,301,8,28,0.0522875816993464,2007,0.0504313205043132,2008,MADHYA PRADESH,JHABUA,MADHYA PRADESH||JHABUA
19,20,4,31,0,18,5,16,47,113,59,22,4,7,15,4,32,0,9,0,0,827,1507,76,135,250,11,22,0.0504313205043132,2008,0.0541220893643801,2009,MADHYA PRADESH,JHABUA,MADHYA PRADESH||JHABUA
51,37,1,25,0,9,0,29,168,239,56,33,1,26,8,11,106,12,59,0,64,590,2285,213,185,500,27,33,0.0932166301969365,2001,0.1036204744069912,2002,MADHYA PRADESH,KATNI,MADHYA PRADESH||KATNI
40,37,2,37,0,3,1,31,185,210,61,25,2,17,16,5,133,9,65,0,97,612,2403,249,176,503,19,25,0.1036204744069912,2002,0.1044192412983965,2003,MADHYA PRADESH,KATNI,MADHYA PRADESH||KATNI
35,34,3,37,0,6,1,27,190,225,103,30,5,16,6,17,137,15,61,0,105,719,2557,267,173,551,21,30,0.1044192412983965,2003,0.1021462639109697,2004,MADHYA PRADESH,KATNI,MADHYA PRADESH||KATNI
33,18,2,30,0,4,0,14,172,186,68,29,5,24,8,19,130,11,67,0,95,705,2516,257,130,448,29,29,0.1021462639109697,2004,0.0947119179163378,2005,MADHYA PRADESH,KATNI,MADHYA PRADESH||KATNI
33,25,0,46,0,3,4,16,150,201,88,25,11,20,9,30,104,10,50,0,120,720,2534,240,152,464,31,25,0.0947119179163378,2005,0.0874259839777081,2006,MADHYA PRADESH,KATNI,MADHYA PRADESH||KATNI
49,33,3,32,0,7,1,11,132,195,89,24,5,46,10,18,142,11,48,0,100,922,2871,251,160,437,51,24,0.0874259839777081,2006,0.0905039424065821,2007,MADHYA PRADESH,KATNI,MADHYA PRADESH||KATNI
37,22,2,44,0,15,1,14,106,186,93,18,7,33,7,22,129,11,58,0,119,878,2917,264,153,406,40,18,0.0905039424065821,2007,0.0765856950067476,2008,MADHYA PRADESH,KATNI,MADHYA PRADESH||KATNI
33,26,4,48,0,7,0,14,117,217,94,30,7,32,7,18,97,7,57,0,119,904,2964,227,162,449,39,30,0.0765856950067476,2008,0.0954575378538512,2009,MADHYA PRADESH,KATNI,MADHYA PRADESH||KATNI
41,46,0,63,0,14,5,11,311,290,44,64,9,44,9,11,184,15,49,0,58,2602,3911,322,244,665,53,64,0.0823318844285349,2001,0.0926437358774792,2002,MADHYA PRADESH,KHANDWA,MADHYA PRADESH||KHANDWA
33,41,0,71,0,17,4,12,337,370,80,60,17,31,16,11,214,14,59,0,59,2526,3983,369,238,815,48,60,0.0926437358774792,2002,0.093156574704407,2003,MADHYA PRADESH,KHANDWA,MADHYA PRADESH||KHANDWA
31,30,0,53,0,20,2,9,225,222,48,37,9,23,6,6,157,21,23,0,45,1835,2791,260,182,510,32,37,0.093156574704407,2003,0.0904774465840147,2004,MADHYA PRADESH,KHANDWA,MADHYA PRADESH||KHANDWA
36,38,0,57,0,14,6,26,281,290,76,39,16,23,9,12,188,37,49,0,79,2549,3791,343,216,682,39,39,0.0904774465840147,2004,0.0780821917808219,2005,MADHYA PRADESH,KHANDWA,MADHYA PRADESH||KHANDWA
38,53,0,56,0,36,12,19,386,443,105,60,11,23,14,8,197,22,59,0,81,2820,4380,342,274,967,34,60,0.0780821917808219,2005,0.0820205051262815,2006,MADHYA PRADESH,KHANDWA,MADHYA PRADESH||KHANDWA
30,55,0,60,0,21,3,18,421,444,92,55,9,23,9,8,179,20,61,0,96,2442,3999,328,242,984,32,55,0.0820205051262815,2006,0.0977917981072555,2007,MADHYA PRADESH,KHANDWA,MADHYA PRADESH||KHANDWA
19,45,2,64,0,14,1,15,279,408,92,62,9,15,9,4,152,30,60,0,89,1852,3170,310,222,803,24,62,0.0977917981072555,2007,0.0847718865598027,2008,MADHYA PRADESH,KHANDWA,MADHYA PRADESH||KHANDWA
36,35,0,52,0,12,4,18,234,317,102,53,6,9,8,5,154,27,37,0,91,2103,3244,275,210,679,15,53,0.0847718865598027,2008,0.0889803673210893,2009,MADHYA PRADESH,KHANDWA,MADHYA PRADESH||KHANDWA
47,41,5,47,0,15,5,21,171,533,24,80,16,16,17,5,164,29,21,0,3,1714,3499,266,261,766,32,80,0.076021720491569,2001,0.0849567099567099,2002,MADHYA PRADESH,KHARGON,MADHYA PRADESH||KHARGON
37,39,43,50,0,27,7,16,201,472,38,83,32,20,9,7,162,30,65,0,119,2138,3696,314,302,736,52,83,0.0849567099567099,2002,0.0752223023311703,2003,MADHYA PRADESH,KHARGON,MADHYA PRADESH||KHARGON
37,36,7,50,0,13,5,18,259,646,34,77,31,27,6,5,184,31,43,0,151,2125,4161,313,243,963,58,77,0.0752223023311703,2003,0.0849553469200824,2004,MADHYA PRADESH,KHARGON,MADHYA PRADESH||KHARGON
32,39,4,63,0,18,4,22,263,755,63,76,19,27,16,12,194,25,77,0,87,1331,4367,371,258,1119,46,76,0.0849553469200824,2004,0.0722557905337361,2005,MADHYA PRADESH,KHARGON,MADHYA PRADESH||KHARGON
40,42,1,61,0,9,8,18,232,556,65,72,31,23,11,21,151,21,32,1,108,2100,3972,287,251,882,54,72,0.0722557905337361,2005,0.0701888718734047,2006,MADHYA PRADESH,KHARGON,MADHYA PRADESH||KHARGON
44,25,1,47,0,8,1,18,235,620,83,41,13,14,9,26,139,24,39,0,135,2025,3918,275,185,965,27,41,0.0701888718734047,2006,0.0752380952380952,2007,MADHYA PRADESH,KHARGON,MADHYA PRADESH||KHARGON
45,49,0,63,0,12,1,13,173,501,92,73,10,128,18,27,154,20,52,0,136,2171,4200,316,256,797,138,73,0.0752380952380952,2007,0.0740830115830115,2008,MADHYA PRADESH,KHARGON,MADHYA PRADESH||KHARGON
49,45,2,65,0,8,2,23,164,596,155,97,13,17,16,23,154,23,42,0,127,2398,4144,307,291,954,30,97,0.0740830115830115,2008,0.0617798480019612,2009,MADHYA PRADESH,KHARGON,MADHYA PRADESH||KHARGON
35,13,0,64,0,9,2,11,190,116,20,18,2,29,15,4,151,19,46,0,40,914,2122,284,152,352,31,18,0.1338360037700282,2001,0.1124520021941854,2002,MADHYA PRADESH,MANDLA,MADHYA PRADESH||MANDLA
21,26,0,43,0,5,0,6,114,98,11,23,3,10,8,0,107,11,44,0,43,895,1823,205,124,237,13,23,0.1124520021941854,2002,0.1131811830461108,2003,MADHYA PRADESH,MANDLA,MADHYA PRADESH||MANDLA
37,15,1,39,0,2,0,5,92,113,16,20,4,17,4,4,143,13,44,0,51,1199,2147,243,119,230,21,20,0.1131811830461108,2003,0.1037783375314861,2004,MADHYA PRADESH,MANDLA,MADHYA PRADESH||MANDLA
22,11,0,44,0,4,0,10,85,65,4,16,1,14,5,6,110,16,30,0,60,1128,1985,206,107,169,15,16,0.1037783375314861,2004,0.1101231190150478,2005,MADHYA PRADESH,MANDLA,MADHYA PRADESH||MANDLA
44,15,0,61,0,8,1,8,69,63,10,6,2,9,4,4,75,3,18,0,45,694,1462,161,143,154,11,6,0.1101231190150478,2005,0.1154586273252084,2006,MADHYA PRADESH,MANDLA,MADHYA PRADESH||MANDLA
27,19,1,62,0,7,0,5,73,61,24,13,3,12,6,4,81,9,24,0,92,760,1559,180,134,169,15,13,0.1154586273252084,2006,0.0967937084089534,2007,MADHYA PRADESH,MANDLA,MADHYA PRADESH||MANDLA
27,8,0,47,0,6,1,5,100,72,21,8,0,10,5,3,87,8,15,0,77,862,1653,160,102,203,10,8,0.0967937084089534,2007,0.0920915712799167,2008,MADHYA PRADESH,MANDLA,MADHYA PRADESH||MANDLA
34,16,0,47,0,3,1,4,78,59,14,4,0,10,2,4,87,14,25,0,74,1113,1922,177,109,157,10,4,0.0920915712799167,2008,0.0822249093107617,2009,MADHYA PRADESH,MANDLA,MADHYA PRADESH||MANDLA
28,33,1,41,0,15,3,32,197,444,96,56,14,27,27,4,102,11,30,0,76,1128,2616,188,209,796,41,56,0.0718654434250764,2001,0.087126600284495,2002,MADHYA PRADESH,MANDSAUR,MADHYA PRADESH||MANDSAUR
34,38,0,45,0,17,0,14,185,406,102,68,25,28,18,7,129,15,49,0,74,1315,2812,245,216,725,53,68,0.087126600284495,2002,0.0873821609862219,2003,MADHYA PRADESH,MANDSAUR,MADHYA PRADESH||MANDSAUR
30,27,0,45,0,12,3,33,231,413,86,52,24,33,21,4,126,12,54,0,64,1265,2758,241,202,784,57,52,0.0873821609862219,2003,0.088088088088088,2004,MADHYA PRADESH,MANDSAUR,MADHYA PRADESH||MANDSAUR
27,35,0,40,0,17,0,35,199,503,114,34,18,18,17,8,128,20,68,0,68,1397,2997,264,188,868,36,34,0.088088088088088,2004,0.0853578463558765,2005,MADHYA PRADESH,MANDSAUR,MADHYA PRADESH||MANDSAUR
38,27,1,31,0,18,1,35,178,378,99,38,14,23,32,7,129,14,79,0,55,1587,3046,260,189,722,37,38,0.0853578463558765,2005,0.0805687203791469,2006,MADHYA PRADESH,MANDSAUR,MADHYA PRADESH||MANDSAUR
18,25,0,37,0,18,2,31,131,391,113,55,13,29,13,11,130,15,62,0,71,1750,3165,255,186,679,42,55,0.0805687203791469,2006,0.0764038048481129,2007,MADHYA PRADESH,MANDSAUR,MADHYA PRADESH||MANDSAUR
30,37,0,40,0,21,2,38,142,287,82,59,28,19,30,6,132,9,62,0,79,1921,3259,249,227,579,47,59,0.0764038048481129,2007,0.0723214285714285,2008,MADHYA PRADESH,MANDSAUR,MADHYA PRADESH||MANDSAUR
45,32,0,40,0,19,6,36,120,332,66,54,33,13,21,15,128,4,56,0,144,1999,3360,243,232,575,46,54,0.0723214285714285,2008,0.0824383164005805,2009,MADHYA PRADESH,MANDSAUR,MADHYA PRADESH||MANDSAUR
63,99,2,35,0,35,16,76,381,564,88,198,4,13,19,29,77,2,34,0,111,2539,5229,177,524,1128,17,198,0.033849684452094,2001,0.03690036900369,2002,MADHYA PRADESH,MORENA,MADHYA PRADESH||MORENA
62,116,3,46,0,27,10,79,366,533,79,154,11,19,20,28,73,2,41,0,116,2167,5149,190,497,1077,30,154,0.03690036900369,2002,0.0445732114998885,2003,MADHYA PRADESH,MORENA,MADHYA PRADESH||MORENA
57,65,4,40,0,32,6,42,248,458,80,167,0,29,14,23,93,3,41,0,104,2274,4487,200,413,842,29,167,0.0445732114998885,2003,0.0486334405144694,2004,MADHYA PRADESH,MORENA,MADHYA PRADESH||MORENA
66,144,3,55,0,15,7,42,208,375,78,168,6,31,15,33,89,3,62,0,129,2468,4976,242,500,718,37,168,0.0486334405144694,2004,0.0448028673835125,2005,MADHYA PRADESH,MORENA,MADHYA PRADESH||MORENA
62,105,3,32,0,30,9,70,214,464,165,181,2,38,14,27,89,3,74,0,135,2092,5022,225,492,927,40,181,0.0448028673835125,2005,0.0397540983606557,2006,MADHYA PRADESH,MORENA,MADHYA PRADESH||MORENA
66,85,2,34,0,30,5,48,167,405,176,151,0,26,13,21,77,3,59,0,134,1780,4880,194,421,809,26,151,0.0397540983606557,2006,0.0488235294117647,2007,MADHYA PRADESH,MORENA,MADHYA PRADESH||MORENA
47,92,3,39,0,38,15,67,220,409,218,139,2,36,13,26,104,2,78,0,140,1788,5100,249,440,927,38,139,0.0488235294117647,2007,0.0404978269458711,2008,MADHYA PRADESH,MORENA,MADHYA PRADESH||MORENA
59,75,2,26,0,35,5,74,182,490,272,115,2,23,5,32,73,1,73,0,128,1742,5062,205,391,1023,25,115,0.0404978269458711,2008,0.0454918032786885,2009,MADHYA PRADESH,MORENA,MADHYA PRADESH||MORENA
38,49,0,70,0,7,1,11,121,149,26,32,1,10,24,22,156,16,40,0,51,680,2311,304,208,331,11,32,0.1315447858070099,2001,0.1420384772820302,2002,MADHYA PRADESH,NARSINGHPUR,MADHYA PRADESH||NARSINGHPUR
48,53,2,88,0,7,1,10,134,163,40,46,5,5,28,23,174,16,46,0,53,701,2443,347,255,375,10,46,0.1420384772820302,2002,0.1127679403541472,2003,MADHYA PRADESH,NARSINGHPUR,MADHYA PRADESH||NARSINGHPUR
44,39,2,40,0,3,0,19,101,127,31,28,3,11,15,15,134,19,34,0,56,557,2146,242,175,293,14,28,0.1127679403541472,2003,0.1055768412090251,2004,MADHYA PRADESH,NARSINGHPUR,MADHYA PRADESH||NARSINGHPUR
33,49,0,42,0,4,1,6,110,136,22,21,4,13,15,18,130,10,48,0,87,601,2349,248,156,289,17,21,0.1055768412090251,2004,0.1163413700727133,2005,MADHYA PRADESH,NARSINGHPUR,MADHYA PRADESH||NARSINGHPUR
34,50,6,65,0,2,0,17,76,128,45,21,7,8,15,21,156,10,52,0,85,692,2613,304,195,281,15,21,0.1163413700727133,2005,0.1267748478701825,2006,MADHYA PRADESH,NARSINGHPUR,MADHYA PRADESH||NARSINGHPUR
32,41,3,65,0,4,0,13,67,101,37,12,4,6,19,14,122,11,38,0,97,556,1972,250,170,237,10,12,0.1267748478701825,2006,0.1108732876712328,2007,MADHYA PRADESH,NARSINGHPUR,MADHYA PRADESH||NARSINGHPUR
31,34,0,49,0,5,0,11,62,155,50,20,2,6,16,22,134,15,39,0,101,674,2336,259,150,294,8,20,0.1108732876712328,2007,0.0953346855983772,2008,MADHYA PRADESH,NARSINGHPUR,MADHYA PRADESH||NARSINGHPUR
48,41,5,61,0,5,0,26,104,197,76,22,2,21,18,14,100,16,44,0,115,633,2465,235,208,421,23,22,0.0953346855983772,2008,0.0907400520639643,2009,MADHYA PRADESH,NARSINGHPUR,MADHYA PRADESH||NARSINGHPUR
17,18,0,37,0,16,5,15,203,376,52,65,24,32,18,1,83,18,62,0,51,773,2208,201,173,664,56,65,0.0910326086956521,2001,0.0976158344579397,2002,MADHYA PRADESH,NEEMUCH,MADHYA PRADESH||NEEMUCH
19,23,2,26,0,13,1,28,158,310,77,45,21,18,4,3,75,23,90,0,52,1003,2223,217,157,577,39,45,0.0976158344579397,2002,0.082703213610586,2003,MADHYA PRADESH,NEEMUCH,MADHYA PRADESH||NEEMUCH
13,15,2,31,0,9,4,18,225,313,110,36,31,20,11,4,65,10,65,0,45,878,2116,175,128,677,51,36,0.082703213610586,2003,0.0721415607985481,2004,MADHYA PRADESH,NEEMUCH,MADHYA PRADESH||NEEMUCH
18,23,1,23,0,6,2,15,201,319,95,50,43,17,9,4,62,10,60,0,51,885,2204,159,138,639,60,50,0.0721415607985481,2004,0.0774193548387096,2005,MADHYA PRADESH,NEEMUCH,MADHYA PRADESH||NEEMUCH
13,18,2,27,0,9,0,16,148,314,91,26,35,21,8,1,68,7,41,0,58,673,1860,144,111,577,56,26,0.0774193548387096,2005,0.060022026431718,2006,MADHYA PRADESH,NEEMUCH,MADHYA PRADESH||NEEMUCH
17,14,0,22,0,8,2,6,102,268,75,21,33,18,5,4,34,7,42,0,55,734,1816,109,90,456,51,21,0.060022026431718,2006,0.0605680868838763,2007,MADHYA PRADESH,NEEMUCH,MADHYA PRADESH||NEEMUCH
18,9,0,20,0,11,1,10,147,310,91,41,34,21,10,3,70,12,40,0,58,889,2394,145,110,568,55,41,0.0605680868838763,2007,0.0509125840537944,2008,MADHYA PRADESH,NEEMUCH,MADHYA PRADESH||NEEMUCH
24,14,2,19,0,12,0,9,134,274,102,73,47,25,7,0,45,14,28,0,75,630,2082,106,153,526,72,73,0.0509125840537944,2008,0.0622549019607843,2009,MADHYA PRADESH,NEEMUCH,MADHYA PRADESH||NEEMUCH
24,26,0,44,0,11,1,10,145,99,4,54,1,10,11,19,104,2,31,0,26,1240,1921,200,170,269,11,54,0.1041124414367516,2001,0.0949330227140361,2002,MADHYA PRADESH,PANNA,MADHYA PRADESH||PANNA
35,30,1,35,0,12,1,18,110,105,8,12,3,9,10,17,74,6,31,0,32,1109,1717,163,144,251,12,12,0.0949330227140361,2002,0.1060049019607843,2003,MADHYA PRADESH,PANNA,MADHYA PRADESH||PANNA
36,16,1,32,0,7,0,15,100,122,12,14,5,5,9,21,92,2,26,0,36,1021,1632,173,121,258,10,14,0.1060049019607843,2003,0.1026011560693641,2004,MADHYA PRADESH,PANNA,MADHYA PRADESH||PANNA
41,37,1,34,0,10,4,13,110,84,10,7,1,4,13,15,65,0,28,0,31,816,1384,142,147,230,5,7,0.1026011560693641,2004,0.0981842636180228,2005,MADHYA PRADESH,PANNA,MADHYA PRADESH||PANNA
32,28,0,33,0,12,1,13,117,88,24,16,7,6,11,14,85,0,13,1,39,875,1487,146,135,253,13,16,0.0981842636180228,2005,0.0951430472388556,2006,MADHYA PRADESH,PANNA,MADHYA PRADESH||PANNA
30,31,1,41,0,8,4,11,95,74,17,15,5,8,7,14,68,0,20,0,45,921,1503,143,141,204,13,15,0.0951430472388556,2006,0.075208913649025,2007,MADHYA PRADESH,PANNA,MADHYA PRADESH||PANNA
34,38,0,26,0,12,4,20,133,77,16,7,3,5,24,7,77,6,19,0,40,889,1795,135,141,270,8,7,0.075208913649025,2007,0.0868544600938967,2008,MADHYA PRADESH,PANNA,MADHYA PRADESH||PANNA
34,17,0,28,0,7,0,14,148,86,22,3,1,6,9,17,77,0,26,0,62,866,1704,148,103,279,7,3,0.0868544600938967,2008,0.0957193816884661,2009,MADHYA PRADESH,PANNA,MADHYA PRADESH||PANNA
39,79,9,79,0,11,5,27,116,187,12,59,6,7,18,20,194,31,50,0,10,1601,3009,374,308,360,13,59,0.1242937853107344,2001,0.1571428571428571,2002,MADHYA PRADESH,RAISEN,MADHYA PRADESH||RAISEN
34,70,0,98,0,10,1,23,148,169,18,45,8,11,22,16,296,16,58,0,0,1526,3080,484,281,380,19,45,0.1571428571428571,2002,0.0930094786729857,2003,MADHYA PRADESH,RAISEN,MADHYA PRADESH||RAISEN
35,50,0,75,0,8,1,16,153,208,38,33,4,10,7,17,176,0,46,0,97,2209,3376,314,218,422,14,33,0.0930094786729857,2003,0.103037522334723,2004,MADHYA PRADESH,RAISEN,MADHYA PRADESH||RAISEN
44,55,0,67,0,11,0,12,115,208,45,38,3,20,1,15,198,0,66,0,129,2064,3358,346,227,381,23,38,0.103037522334723,2004,0.0982779097387173,2005,MADHYA PRADESH,RAISEN,MADHYA PRADESH||RAISEN
46,55,0,97,0,14,1,20,136,205,52,70,2,12,11,8,154,15,57,0,92,2031,3368,331,303,424,14,70,0.0982779097387173,2005,0.0905875952121871,2006,MADHYA PRADESH,RAISEN,MADHYA PRADESH||RAISEN
51,46,0,74,0,14,1,23,129,252,60,23,1,14,7,18,172,17,52,0,117,2273,3676,333,232,471,15,23,0.0905875952121871,2006,0.0800216274668829,2007,MADHYA PRADESH,RAISEN,MADHYA PRADESH||RAISEN
45,70,0,75,0,12,5,20,120,241,63,37,1,15,6,15,148,16,42,0,148,2303,3699,296,264,450,16,37,0.0800216274668829,2007,0.0807749627421758,2008,MADHYA PRADESH,RAISEN,MADHYA PRADESH||RAISEN
42,42,0,67,0,24,0,17,93,223,53,34,0,2,6,19,150,0,35,0,155,2072,3355,271,226,392,2,34,0.0807749627421758,2008,0.0920276852089208,2009,MADHYA PRADESH,RAISEN,MADHYA PRADESH||RAISEN
42,68,1,95,0,12,4,35,135,218,34,161,7,13,51,7,196,26,49,0,93,1967,3718,373,418,473,20,161,0.100322754168908,2001,0.0832364566379911,2002,MADHYA PRADESH,RAJGARH,MADHYA PRADESH||RAJGARH
36,57,0,80,0,11,2,27,149,290,44,186,3,14,56,4,179,27,68,0,126,2662,4301,358,399,566,17,186,0.0832364566379911,2002,0.087555336940482,2003,MADHYA PRADESH,RAJGARH,MADHYA PRADESH||RAJGARH
31,48,1,88,0,9,1,35,214,328,35,121,9,10,35,2,163,20,83,0,111,2389,4066,356,334,647,19,121,0.087555336940482,2003,0.088662220478619,2004,MADHYA PRADESH,RAJGARH,MADHYA PRADESH||RAJGARH
30,45,2,98,0,19,13,41,281,458,68,119,4,11,85,4,193,31,126,0,89,3033,5098,452,367,933,15,119,0.088662220478619,2004,0.0801246383262853,2005,MADHYA PRADESH,RAJGARH,MADHYA PRADESH||RAJGARH
26,47,0,75,0,19,3,22,154,406,86,140,15,11,54,4,158,31,92,0,89,2741,4493,360,332,722,26,140,0.0801246383262853,2005,0.0858388799632774,2006,MADHYA PRADESH,RAJGARH,MADHYA PRADESH||RAJGARH
28,29,0,83,0,12,0,31,162,361,86,101,13,8,49,9,146,35,101,0,83,2799,4357,374,284,689,21,101,0.0858388799632774,2006,0.0963294205328861,2007,MADHYA PRADESH,RAJGARH,MADHYA PRADESH||RAJGARH
25,58,0,100,0,22,27,45,153,402,94,91,25,16,87,12,227,34,144,0,122,3394,5367,517,368,781,41,91,0.0963294205328861,2007,0.0921925133689839,2008,MADHYA PRADESH,RAJGARH,MADHYA PRADESH||RAJGARH
38,63,1,83,0,28,2,19,115,323,88,98,11,18,50,10,166,36,136,0,138,3001,4675,431,332,595,29,98,0.0921925133689839,2008,0.074734703093249,2009,MADHYA PRADESH,RAJGARH,MADHYA PRADESH||RAJGARH
58,60,0,70,0,21,5,54,233,468,102,42,13,37,17,4,125,28,53,0,69,1530,3342,280,310,874,50,42,0.0837821663674446,2001,0.0924369747899159,2002,MADHYA PRADESH,RATLAM,MADHYA PRADESH||RATLAM
36,47,1,67,0,10,0,39,222,403,95,46,17,18,27,7,138,17,79,0,89,1641,3332,308,246,786,35,46,0.0924369747899159,2002,0.076008123005512,2003,MADHYA PRADESH,RATLAM,MADHYA PRADESH||RATLAM
45,46,3,62,0,14,2,18,169,443,111,24,22,37,19,5,132,13,50,0,84,1936,3447,262,214,760,59,24,0.076008123005512,2003,0.0751160885004097,2004,MADHYA PRADESH,RATLAM,MADHYA PRADESH||RATLAM
42,35,2,71,0,19,1,11,148,392,99,40,18,37,20,5,109,30,60,0,77,2229,3661,275,221,670,55,40,0.0751160885004097,2004,0.0782196470898077,2005,MADHYA PRADESH,RATLAM,MADHYA PRADESH||RATLAM
47,37,3,74,0,13,1,27,148,443,109,29,33,31,14,10,127,30,56,0,105,2297,3797,297,231,741,64,29,0.0782196470898077,2005,0.0804535637149028,2006,MADHYA PRADESH,RATLAM,MADHYA PRADESH||RATLAM
40,55,0,62,0,20,4,33,148,417,108,35,21,37,17,9,125,24,78,0,90,2185,3704,298,249,723,58,35,0.0804535637149028,2006,0.0991801110817244,2007,MADHYA PRADESH,RATLAM,MADHYA PRADESH||RATLAM
35,40,1,85,0,14,5,34,138,355,110,36,34,32,21,5,165,35,85,0,97,2126,3781,375,250,658,66,36,0.0991801110817244,2007,0.0708142201834862,2008,MADHYA PRADESH,RATLAM,MADHYA PRADESH||RATLAM
43,44,0,63,0,16,2,29,112,290,92,42,63,26,24,11,105,11,57,0,112,2072,3488,247,239,547,89,42,0.0708142201834862,2008,0.0764366235908716,2009,MADHYA PRADESH,RATLAM,MADHYA PRADESH||RATLAM
53,54,0,31,0,26,6,67,706,410,110,149,1,23,31,18,105,2,56,0,127,2291,4603,212,386,1324,24,149,0.046056919400391,2001,0.0459619172685489,2002,MADHYA PRADESH,REWA,MADHYA PRADESH||REWA
68,40,1,32,0,36,7,91,760,436,153,87,2,18,27,26,95,3,54,0,137,2108,4569,210,362,1467,20,87,0.0459619172685489,2002,0.0505617977528089,2003,MADHYA PRADESH,REWA,MADHYA PRADESH||REWA
57,46,0,41,0,36,8,59,723,393,149,49,7,16,26,28,110,2,44,0,107,2109,4450,225,296,1350,23,49,0.0505617977528089,2003,0.0596248325145154,2004,MADHYA PRADESH,REWA,MADHYA PRADESH||REWA
65,28,0,52,0,36,3,74,707,486,155,76,4,23,31,39,123,3,50,0,144,1900,4478,267,334,1453,27,76,0.0596248325145154,2004,0.0642062689585439,2005,MADHYA PRADESH,REWA,MADHYA PRADESH||REWA
53,46,1,64,0,26,4,42,464,397,128,74,8,41,30,42,107,2,39,0,126,1480,3956,254,310,1061,49,74,0.0642062689585439,2005,0.0607759587351424,2006,MADHYA PRADESH,REWA,MADHYA PRADESH||REWA
45,28,0,47,0,23,3,49,454,432,113,65,7,47,23,46,125,2,51,0,128,2075,4459,271,260,1071,54,65,0.0607759587351424,2006,0.0609938153124333,2007,MADHYA PRADESH,REWA,MADHYA PRADESH||REWA
40,30,0,66,0,25,2,56,409,461,154,61,12,45,26,26,119,3,72,0,173,2258,4689,286,280,1106,57,61,0.0609938153124333,2007,0.0590847653987256,2008,MADHYA PRADESH,REWA,MADHYA PRADESH||REWA
52,42,0,82,0,27,0,56,509,606,232,65,19,54,24,26,124,7,67,0,190,2355,5179,306,324,1427,73,65,0.0590847653987256,2008,0.0618456766188445,2009,MADHYA PRADESH,REWA,MADHYA PRADESH||REWA
84,122,0,141,0,30,4,53,473,497,22,151,10,56,51,29,509,0,142,0,106,2553,7681,821,585,1096,66,151,0.1068871240723864,2001,0.1058469122278515,2002,MADHYA PRADESH,SAGAR,MADHYA PRADESH||SAGAR
81,120,0,136,0,30,0,39,414,501,75,183,12,46,43,26,425,22,164,0,113,2605,7303,773,589,1072,58,183,0.1058469122278515,2002,0.0991831971995332,2003,MADHYA PRADESH,SAGAR,MADHYA PRADESH||SAGAR
59,109,0,121,0,30,0,32,411,521,38,103,6,34,35,27,388,17,127,0,107,2688,6856,680,454,1037,40,103,0.0991831971995332,2003,0.0988380232395352,2004,MADHYA PRADESH,SAGAR,MADHYA PRADESH||SAGAR
69,89,0,141,0,30,0,40,348,449,75,87,12,20,28,40,338,26,161,0,105,2569,7143,706,456,940,32,87,0.0988380232395352,2004,0.0895705521472392,2005,MADHYA PRADESH,SAGAR,MADHYA PRADESH||SAGAR
76,105,0,110,0,31,2,49,445,491,94,86,14,23,29,34,362,24,127,0,141,2694,7335,657,459,1108,37,86,0.0895705521472392,2005,0.082903040734366,2006,MADHYA PRADESH,SAGAR,MADHYA PRADESH||SAGAR
76,95,0,116,0,31,3,49,363,520,127,62,7,22,43,28,284,19,131,0,147,2403,6972,578,432,1102,29,62,0.082903040734366,2006,0.0785940932389553,2007,MADHYA PRADESH,SAGAR,MADHYA PRADESH||SAGAR
80,101,0,115,0,32,0,50,453,557,119,80,10,24,56,30,345,29,125,0,164,2913,8194,644,458,1235,34,80,0.0785940932389553,2007,0.085322560900967,2008,MADHYA PRADESH,SAGAR,MADHYA PRADESH||SAGAR
83,90,0,119,0,31,2,61,421,551,203,101,6,26,47,37,349,38,154,0,200,2815,8169,697,487,1283,32,101,0.085322560900967,2008,0.0822858472998137,2009,MADHYA PRADESH,SAGAR,MADHYA PRADESH||SAGAR
49,48,0,58,0,16,3,52,588,495,125,87,4,12,34,19,157,6,65,0,125,2121,4763,305,313,1294,16,87,0.0640352718874658,2001,0.0723961803242282,2002,MADHYA PRADESH,SATNA,MADHYA PRADESH||SATNA
62,72,0,66,0,29,4,47,437,356,121,54,6,22,20,37,173,3,47,0,146,1992,4503,326,334,981,28,54,0.0723961803242282,2002,0.0751597972228344,2003,MADHYA PRADESH,SATNA,MADHYA PRADESH||SATNA
61,59,0,59,0,18,1,38,330,362,119,34,5,17,21,33,187,5,57,0,175,2163,4537,341,270,870,22,34,0.0751597972228344,2003,0.0711502973139224,2004,MADHYA PRADESH,SATNA,MADHYA PRADESH||SATNA
60,65,2,64,0,17,4,43,421,407,149,35,14,22,27,33,180,6,64,0,187,2223,4877,347,290,1047,36,35,0.0711502973139224,2004,0.0723144438084335,2005,MADHYA PRADESH,SATNA,MADHYA PRADESH||SATNA
78,53,3,75,0,18,3,44,396,413,156,43,10,28,27,34,195,9,66,0,202,2571,5241,379,317,1036,38,43,0.0723144438084335,2005,0.0716771050800278,2006,MADHYA PRADESH,SATNA,MADHYA PRADESH||SATNA
74,52,0,72,0,18,8,30,482,413,144,40,11,37,27,39,198,11,92,0,226,2949,5748,412,294,1096,48,40,0.0716771050800278,2006,0.0801599390708301,2007,MADHYA PRADESH,SATNA,MADHYA PRADESH||SATNA
90,46,2,84,0,27,4,61,422,497,228,65,7,22,23,38,191,7,101,0,235,2380,5252,421,379,1231,29,65,0.0801599390708301,2007,0.0839944808554674,2008,MADHYA PRADESH,SATNA,MADHYA PRADESH||SATNA
62,50,2,102,0,20,5,64,418,577,275,40,9,22,23,32,207,9,137,0,259,2770,5798,487,345,1357,31,40,0.0839944808554674,2008,0.0892356241234221,2009,MADHYA PRADESH,SATNA,MADHYA PRADESH||SATNA
40,25,3,52,0,3,1,6,122,161,19,49,8,19,7,10,106,23,25,0,73,1065,2143,216,179,315,27,49,0.1007932804479701,2001,0.0976447497546614,2002,MADHYA PRADESH,SEONI,MADHYA PRADESH||SEONI
40,15,2,44,0,4,0,7,98,144,12,32,4,29,9,3,116,12,24,0,86,1018,2038,199,144,270,33,32,0.0976447497546614,2002,0.0923482849604221,2003,MADHYA PRADESH,SEONI,MADHYA PRADESH||SEONI
27,24,2,54,0,1,0,13,103,93,22,28,5,14,5,6,86,4,25,0,86,944,1895,175,149,236,19,28,0.0923482849604221,2003,0.1062335381913959,2004,MADHYA PRADESH,SEONI,MADHYA PRADESH||SEONI
21,24,3,74,0,10,0,8,126,111,21,22,7,13,10,17,117,11,23,0,72,1204,2278,242,162,276,20,22,0.1062335381913959,2004,0.1096169519152404,2005,MADHYA PRADESH,SEONI,MADHYA PRADESH||SEONI
23,14,4,57,0,10,0,10,107,111,28,24,1,6,8,22,142,11,37,0,96,1399,2454,269,142,264,7,24,0.1096169519152404,2005,0.0879254457050243,2006,MADHYA PRADESH,SEONI,MADHYA PRADESH||SEONI
36,23,0,57,0,6,1,11,117,116,34,41,9,11,6,11,105,9,35,0,98,1422,2468,217,175,284,20,41,0.0879254457050243,2006,0.0764751552795031,2007,MADHYA PRADESH,SEONI,MADHYA PRADESH||SEONI
40,28,3,51,0,7,1,4,96,148,52,37,8,30,7,8,96,23,19,0,104,1486,2576,197,171,307,38,37,0.0764751552795031,2007,0.0807526460211681,2008,MADHYA PRADESH,SEONI,MADHYA PRADESH||SEONI
41,23,1,61,0,16,0,7,110,109,35,32,4,18,5,7,103,14,21,0,117,1567,2551,206,181,266,22,32,0.0807526460211681,2008,0.0744996293550778,2009,MADHYA PRADESH,SEONI,MADHYA PRADESH||SEONI
57,28,4,63,0,13,2,34,464,390,52,44,17,19,26,9,216,3,87,0,0,2252,4162,378,245,966,36,44,0.0908217203267659,2001,0.1054076890578791,2002,MADHYA PRADESH,SHAHDOL,MADHYA PRADESH||SHAHDOL
51,34,1,72,0,13,7,47,390,392,41,38,7,25,20,11,259,24,133,0,0,2802,4734,499,263,890,32,38,0.1054076890578791,2002,0.1046818727490996,2003,MADHYA PRADESH,SHAHDOL,MADHYA PRADESH||SHAHDOL
60,21,8,68,0,12,0,31,340,301,37,29,7,15,28,13,221,14,120,0,0,2555,4165,436,229,737,22,29,0.1046818727490996,2003,0.1040508339952343,2004,MADHYA PRADESH,SHAHDOL,MADHYA PRADESH||SHAHDOL
36,18,0,47,0,10,0,19,230,227,33,12,1,8,11,8,135,0,72,0,0,1415,2518,262,142,520,9,12,0.1040508339952343,2004,0.1089341692789968,2005,MADHYA PRADESH,SHAHDOL,MADHYA PRADESH||SHAHDOL
44,17,3,43,0,6,0,21,240,216,42,21,2,32,20,13,156,9,57,0,0,1390,2552,278,155,539,34,21,0.1089341692789968,2005,0.1207865168539325,2006,MADHYA PRADESH,SHAHDOL,MADHYA PRADESH||SHAHDOL
33,22,1,67,0,4,1,21,207,171,42,27,5,22,9,16,140,9,69,0,0,1408,2492,301,176,450,27,27,0.1207865168539325,2006,0.1075058639562158,2007,MADHYA PRADESH,SHAHDOL,MADHYA PRADESH||SHAHDOL
29,18,1,50,0,8,1,29,196,166,37,15,7,18,10,10,128,9,78,0,0,1541,2558,275,151,438,25,15,0.1075058639562158,2007,0.0905711388982764,2008,MADHYA PRADESH,SHAHDOL,MADHYA PRADESH||SHAHDOL
31,12,4,47,0,13,2,36,219,200,49,17,6,21,11,16,139,9,57,0,0,1882,2959,268,162,515,27,17,0.0905711388982764,2008,0.0858248329229686,2009,MADHYA PRADESH,SHAHDOL,MADHYA PRADESH||SHAHDOL
42,46,1,90,0,13,1,47,273,588,95,92,11,28,35,8,153,36,65,0,59,1328,3663,352,332,1038,39,92,0.0960960960960961,2001,0.0900398406374502,2002,MADHYA PRADESH,SHAJAPUR,MADHYA PRADESH||SHAJAPUR
42,57,4,84,0,18,1,84,319,647,91,126,19,25,39,9,144,18,84,0,59,1316,3765,339,416,1180,44,126,0.0900398406374502,2002,0.0973641742872512,2003,MADHYA PRADESH,SHAJAPUR,MADHYA PRADESH||SHAJAPUR
31,51,3,71,0,13,3,43,268,535,62,103,18,23,31,10,166,36,79,0,78,1118,3718,362,318,939,41,103,0.0973641742872512,2003,0.0983729662077597,2004,MADHYA PRADESH,SHAJAPUR,MADHYA PRADESH||SHAJAPUR
40,53,1,74,0,15,6,63,277,639,93,114,20,15,35,15,180,28,96,0,75,1081,3995,393,366,1107,35,114,0.0983729662077597,2004,0.0946778711484593,2005,MADHYA PRADESH,SHAJAPUR,MADHYA PRADESH||SHAJAPUR
31,45,1,73,0,15,3,58,221,542,91,73,35,11,26,6,173,22,64,0,96,895,3570,338,299,938,46,73,0.0946778711484593,2005,0.0869074492099322,2006,MADHYA PRADESH,SHAJAPUR,MADHYA PRADESH||SHAJAPUR
28,41,3,58,0,19,6,61,244,585,139,51,20,20,33,11,150,27,62,0,102,811,3544,308,267,1062,40,51,0.0869074492099322,2006,0.0886243386243386,2007,MADHYA PRADESH,SHAJAPUR,MADHYA PRADESH||SHAJAPUR
35,46,4,67,0,15,3,68,198,460,134,62,25,26,20,7,163,33,65,0,141,1118,3780,335,300,880,51,62,0.0886243386243386,2007,0.089477827341905,2008,MADHYA PRADESH,SHAJAPUR,MADHYA PRADESH||SHAJAPUR
27,44,4,57,0,16,4,44,167,464,128,59,15,25,34,12,161,34,77,0,118,1155,3811,341,255,837,40,59,0.089477827341905,2008,0.0865306122448979,2009,MADHYA PRADESH,SHAJAPUR,MADHYA PRADESH||SHAJAPUR
24,30,2,21,0,18,4,10,54,94,9,38,7,8,4,6,52,0,14,0,15,327,1053,93,147,171,15,38,0.0883190883190883,2001,0.09260642270351,2002,MADHYA PRADESH,SHEOPUR,MADHYA PRADESH||SHEOPUR
20,36,0,28,0,20,4,13,100,93,9,41,6,4,3,5,68,2,21,0,20,522,1339,124,162,218,10,41,0.09260642270351,2002,0.0653907496012759,2003,MADHYA PRADESH,SHEOPUR,MADHYA PRADESH||SHEOPUR
15,28,0,19,0,4,3,7,58,96,9,37,5,9,2,1,51,0,11,0,16,663,1254,82,113,172,14,37,0.0653907496012759,2003,0.0921177587844254,2004,MADHYA PRADESH,SHEOPUR,MADHYA PRADESH||SHEOPUR
12,14,0,21,0,5,0,4,53,90,12,27,2,4,4,3,51,0,22,0,13,416,1053,97,83,163,6,27,0.0921177587844254,2004,0.0754070265638389,2005,MADHYA PRADESH,SHEOPUR,MADHYA PRADESH||SHEOPUR
13,17,0,21,0,4,2,6,53,86,16,27,0,12,2,1,42,0,24,0,28,549,1167,88,90,163,12,27,0.0754070265638389,2005,0.0742018981880931,2006,MADHYA PRADESH,SHEOPUR,MADHYA PRADESH||SHEOPUR
12,13,0,19,0,8,2,3,34,121,14,26,0,3,1,2,34,0,31,0,28,558,1159,86,83,173,3,26,0.0742018981880931,2006,0.0679530201342281,2007,MADHYA PRADESH,SHEOPUR,MADHYA PRADESH||SHEOPUR
19,23,0,13,0,6,0,11,40,81,21,35,0,15,6,3,38,0,27,0,33,617,1192,81,107,159,15,35,0.0679530201342281,2007,0.0532687651331719,2008,MADHYA PRADESH,SHEOPUR,MADHYA PRADESH||SHEOPUR
9,19,0,13,0,10,0,17,32,59,16,38,1,21,6,0,32,2,19,0,29,433,1239,66,106,130,22,38,0.0532687651331719,2008,0.0493343774471417,2009,MADHYA PRADESH,SHEOPUR,MADHYA PRADESH||SHEOPUR
88,63,2,72,0,20,5,48,272,255,217,140,11,27,38,14,172,2,26,0,162,2101,4321,286,438,830,38,140,0.0661883823189076,2001,0.0677353804470535,2002,MADHYA PRADESH,SHIVPURI,MADHYA PRADESH||SHIVPURI
71,77,0,73,0,18,3,23,172,227,26,115,2,19,29,6,180,0,41,0,120,2439,4429,300,380,477,21,115,0.0677353804470535,2002,0.0702562625971782,2003,MADHYA PRADESH,SHIVPURI,MADHYA PRADESH||SHIVPURI
60,66,0,69,0,47,0,21,191,210,60,109,15,16,12,13,130,0,32,0,99,1983,3473,244,372,494,31,109,0.0702562625971782,2003,0.0567468619246861,2004,MADHYA PRADESH,SHIVPURI,MADHYA PRADESH||SHIVPURI
78,49,0,61,0,28,7,32,196,304,68,53,1,14,22,7,113,0,36,0,101,2328,3824,217,308,622,15,53,0.0567468619246861,2004,0.0509022353891731,2005,MADHYA PRADESH,SHIVPURI,MADHYA PRADESH||SHIVPURI
73,86,0,58,0,22,3,30,142,310,73,52,12,25,25,2,99,0,30,0,85,2248,3713,189,324,580,37,52,0.0509022353891731,2005,0.0738269479121825,2006,MADHYA PRADESH,SHIVPURI,MADHYA PRADESH||SHIVPURI
72,65,2,83,0,22,5,39,241,319,99,70,14,22,37,33,170,7,50,0,115,2521,4646,343,358,735,36,70,0.0738269479121825,2006,0.0725227381522259,2007,MADHYA PRADESH,SHIVPURI,MADHYA PRADESH||SHIVPURI
64,70,5,91,0,29,5,52,217,312,267,71,10,38,33,23,152,1,36,0,163,1985,4178,303,387,881,48,71,0.0725227381522259,2007,0.0643274853801169,2008,MADHYA PRADESH,SHIVPURI,MADHYA PRADESH||SHIVPURI
74,47,2,64,0,31,4,46,205,257,88,58,12,16,37,16,128,3,53,0,171,1781,4104,264,326,633,28,58,0.0643274853801169,2008,0.0600879335613092,2009,MADHYA PRADESH,SHIVPURI,MADHYA PRADESH||SHIVPURI
36,21,2,42,0,33,9,15,315,346,18,33,2,25,23,27,105,2,66,0,89,1753,3508,242,191,717,27,33,0.0689851767388825,2001,0.0715474209650582,2002,MADHYA PRADESH,SIDHI,MADHYA PRADESH||SIDHI
48,25,3,46,0,17,3,21,296,345,29,28,3,15,12,36,131,3,42,0,91,2007,3606,258,191,703,18,28,0.0715474209650582,2002,0.0551520043045466,2003,MADHYA PRADESH,SIDHI,MADHYA PRADESH||SIDHI
44,19,5,38,0,26,2,16,342,303,21,32,4,27,18,17,121,2,27,0,91,2136,3717,205,182,700,31,32,0.0551520043045466,2003,0.0779779510621134,2004,MADHYA PRADESH,SIDHI,MADHYA PRADESH||SIDHI
61,19,2,51,0,27,1,29,358,263,29,31,14,20,13,17,161,2,59,0,115,1910,3719,290,221,692,34,31,0.0779779510621134,2004,0.0677410543567331,2005,MADHYA PRADESH,SIDHI,MADHYA PRADESH||SIDHI
50,9,7,47,0,22,4,12,327,251,47,29,8,20,13,23,132,4,42,0,119,1847,3661,248,180,650,28,29,0.0677410543567331,2005,0.0640715667311412,2006,MADHYA PRADESH,SIDHI,MADHYA PRADESH||SIDHI
72,25,1,66,0,31,2,27,296,317,50,34,13,55,12,21,129,2,47,0,126,2237,4136,265,258,702,68,34,0.0640715667311412,2006,0.0825369244135534,2007,MADHYA PRADESH,SIDHI,MADHYA PRADESH||SIDHI
61,25,3,82,0,44,4,31,335,307,36,59,9,41,13,24,184,10,80,0,138,2514,4604,380,309,722,50,59,0.0825369244135534,2007,0.0730882974228981,2008,MADHYA PRADESH,SIDHI,MADHYA PRADESH||SIDHI
30,12,0,37,0,17,0,20,172,170,18,51,1,13,5,18,83,5,30,0,97,1225,2367,173,167,385,14,51,0.0730882974228981,2008,0.076007326007326,2009,MADHYA PRADESH,SIDHI,MADHYA PRADESH||SIDHI
35,54,1,59,0,29,1,19,355,364,59,53,17,26,23,5,130,17,45,0,68,1755,3389,256,251,820,43,53,0.0755385069341988,2001,0.06286887349243,2002,MADHYA PRADESH,SIHORE,MADHYA PRADESH||SIHORE
21,61,2,63,0,51,5,13,364,362,43,37,12,39,20,5,115,13,49,0,109,2107,3897,245,253,802,51,37,0.06286887349243,2002,0.0694271481942714,2003,MADHYA PRADESH,SIHORE,MADHYA PRADESH||SIHORE
32,32,2,86,0,6,0,24,154,336,45,24,13,21,12,6,87,12,32,0,91,1873,3212,223,206,571,34,24,0.0694271481942714,2003,0.071663379355687,2004,MADHYA PRADESH,SIHORE,MADHYA PRADESH||SIHORE
31,30,1,62,0,5,6,11,129,384,56,18,6,15,17,6,90,14,46,0,97,1669,3042,218,164,597,21,18,0.071663379355687,2004,0.0750760906323977,2005,MADHYA PRADESH,SIHORE,MADHYA PRADESH||SIHORE
42,54,1,73,0,11,6,13,143,403,76,39,6,13,10,14,76,14,45,0,126,1570,2957,222,239,645,19,39,0.0750760906323977,2005,0.0698231944860653,2006,MADHYA PRADESH,SIHORE,MADHYA PRADESH||SIHORE
31,47,1,66,0,14,2,24,174,375,95,46,13,21,10,14,99,6,48,0,128,1927,3337,233,231,678,34,46,0.0698231944860653,2006,0.0651898734177215,2007,MADHYA PRADESH,SIHORE,MADHYA PRADESH||SIHORE
35,45,0,56,0,17,3,14,168,317,75,54,4,16,14,9,94,9,38,0,137,1674,3160,206,224,588,20,54,0.0651898734177215,2007,0.0667058477813693,2008,MADHYA PRADESH,SIHORE,MADHYA PRADESH||SIHORE
28,47,1,57,0,20,7,18,136,332,92,41,4,26,21,8,89,16,57,0,146,1956,3403,227,219,599,30,41,0.0667058477813693,2008,0.0668264908600539,2009,MADHYA PRADESH,SIHORE,MADHYA PRADESH||SIHORE
26,17,2,40,0,13,2,5,131,171,21,25,3,10,5,22,87,1,27,0,77,1093,2102,177,130,333,13,25,0.0842055185537583,2008,0.1113290828837665,2009,MADHYA PRADESH,SINGRAULI,MADHYA PRADESH||SINGRAULI
53,46,3,86,0,7,6,46,154,172,11,90,0,12,26,15,177,2,27,0,64,1212,3078,307,337,409,12,90,0.0997400909681611,2001,0.0854938271604938,2002,MADHYA PRADESH,TIKAMGARH,MADHYA PRADESH||TIKAMGARH
45,58,3,51,0,13,1,34,151,204,24,82,6,19,38,20,161,5,40,0,52,1367,3240,277,287,451,25,82,0.0854938271604938,2002,0.0724421209858103,2003,MADHYA PRADESH,TIKAMGARH,MADHYA PRADESH||TIKAMGARH
40,31,0,50,0,15,1,14,169,154,17,47,1,14,23,20,98,5,21,0,60,1002,2678,194,198,377,15,47,0.0724421209858103,2003,0.0834758809442353,2004,MADHYA PRADESH,TIKAMGARH,MADHYA PRADESH||TIKAMGARH
59,42,0,43,0,11,0,22,189,214,26,27,3,18,22,24,133,7,37,0,46,1123,2923,244,204,473,21,27,0.0834758809442353,2004,0.0713509597971749,2005,MADHYA PRADESH,TIKAMGARH,MADHYA PRADESH||TIKAMGARH
47,43,1,40,0,15,1,23,189,187,30,45,3,13,18,18,106,5,28,0,67,922,2761,197,215,447,16,45,0.0713509597971749,2005,0.0788961038961039,2006,MADHYA PRADESH,TIKAMGARH,MADHYA PRADESH||TIKAMGARH
37,31,0,52,0,9,4,28,156,170,29,43,2,11,49,22,131,4,34,0,95,1168,3080,243,204,432,13,43,0.0788961038961039,2006,0.0751708428246013,2007,MADHYA PRADESH,TIKAMGARH,MADHYA PRADESH||TIKAMGARH
56,35,1,63,0,18,4,35,175,207,32,69,3,20,32,14,148,0,39,0,80,1498,3512,264,281,481,23,69,0.0751708428246013,2007,0.0675453047775947,2008,MADHYA PRADESH,TIKAMGARH,MADHYA PRADESH||TIKAMGARH
46,28,3,35,0,13,4,30,145,160,46,55,8,13,28,25,107,2,36,0,86,1461,3035,205,214,409,21,55,0.0675453047775947,2008,0.0828828828828828,2009,MADHYA PRADESH,TIKAMGARH,MADHYA PRADESH||TIKAMGARH
84,163,1,59,0,44,6,79,826,1387,265,133,24,64,38,7,161,33,109,0,52,3623,7641,369,569,2595,88,133,0.0482921083627797,2001,0.0475964391691394,2002,MADHYA PRADESH,UJJAIN,MADHYA PRADESH||UJJAIN
54,172,0,68,0,47,3,100,783,1528,288,164,30,51,50,9,156,28,140,0,82,4240,8425,401,608,2749,81,164,0.0475964391691394,2002,0.0510872412889703,2003,MADHYA PRADESH,UJJAIN,MADHYA PRADESH||UJJAIN
58,146,1,59,0,40,8,73,602,1174,201,91,30,48,44,7,172,27,125,0,81,4030,7634,390,476,2094,78,91,0.0510872412889703,2003,0.0567645365572826,2004,MADHYA PRADESH,UJJAIN,MADHYA PRADESH||UJJAIN
62,136,0,65,0,36,10,58,617,1592,278,100,20,48,29,13,187,36,192,0,117,4655,8685,493,467,2574,68,100,0.0567645365572826,2004,0.0648487315153981,2005,MADHYA PRADESH,UJJAIN,MADHYA PRADESH||UJJAIN
55,134,0,74,0,28,7,91,447,1058,226,72,25,69,29,17,172,41,173,1,125,3953,7371,478,461,1851,94,72,0.0648487315153981,2005,0.0619469026548672,2006,MADHYA PRADESH,UJJAIN,MADHYA PRADESH||UJJAIN
65,128,0,79,0,39,8,86,413,1111,292,87,32,110,35,12,175,39,157,0,121,4052,7458,462,492,1937,142,87,0.0619469026548672,2006,0.0639834881320949,2007,MADHYA PRADESH,UJJAIN,MADHYA PRADESH||UJJAIN
70,131,4,79,0,33,7,123,387,970,299,102,36,72,24,14,168,36,199,0,130,4442,7752,496,549,1803,108,102,0.0639834881320949,2007,0.0583067092651757,2008,MADHYA PRADESH,UJJAIN,MADHYA PRADESH||UJJAIN
60,122,3,78,0,32,9,147,415,1154,437,158,22,76,34,23,215,37,158,0,174,4695,8764,511,609,2187,98,158,0.0583067092651757,2008,0.0560532965770732,2009,MADHYA PRADESH,UJJAIN,MADHYA PRADESH||UJJAIN
19,12,0,25,0,3,2,19,130,127,1,30,4,16,12,2,61,5,21,0,0,1231,1849,114,110,289,20,30,0.0616549486208761,2001,0.10062893081761,2002,MADHYA PRADESH,UMARIYA,MADHYA PRADESH||UMARIYA
28,7,0,20,0,1,0,25,87,83,9,20,3,5,6,7,65,5,31,0,7,738,1272,128,101,210,8,20,0.10062893081761,2002,0.087620578778135,2003,MADHYA PRADESH,UMARIYA,MADHYA PRADESH||UMARIYA
27,4,34,20,0,0,1,16,111,69,0,17,0,8,8,5,59,3,22,0,6,690,1244,109,119,204,8,17,0.087620578778135,2003,0.108085808580858,2004,MADHYA PRADESH,UMARIYA,MADHYA PRADESH||UMARIYA
23,14,32,30,0,2,2,10,115,95,0,14,0,18,5,6,63,8,24,0,5,553,1212,131,127,225,18,14,0.108085808580858,2004,0.0943708609271523,2005,MADHYA PRADESH,UMARIYA,MADHYA PRADESH||UMARIYA
18,14,27,34,0,3,1,8,95,84,10,11,0,18,8,1,55,5,19,0,8,604,1208,114,116,205,18,11,0.0943708609271523,2005,0.0784627702161729,2006,MADHYA PRADESH,UMARIYA,MADHYA PRADESH||UMARIYA
26,9,33,21,0,0,2,4,115,98,22,10,1,6,10,4,56,4,13,0,3,623,1249,98,105,249,7,10,0.0784627702161729,2006,0.1087689713322091,2007,MADHYA PRADESH,UMARIYA,MADHYA PRADESH||UMARIYA
13,12,39,37,0,2,0,6,92,81,24,28,2,11,9,3,68,1,20,0,5,594,1186,129,137,212,13,28,0.1087689713322091,2007,0.0873709293089753,2008,MADHYA PRADESH,UMARIYA,MADHYA PRADESH||UMARIYA
22,10,50,25,0,6,0,4,72,95,30,14,3,10,9,5,60,7,13,0,4,687,1259,110,131,210,13,14,0.0873709293089753,2008,0.1033333333333333,2009,MADHYA PRADESH,UMARIYA,MADHYA PRADESH||UMARIYA
47,56,0,112,0,10,0,20,174,268,41,77,5,26,35,13,245,22,56,0,49,1536,3635,448,322,538,31,77,0.1232462173314993,2001,0.1087289433384379,2002,MADHYA PRADESH,VIDISHA,MADHYA PRADESH||VIDISHA
42,54,0,114,0,19,3,15,226,286,52,86,8,18,35,8,231,19,54,0,50,1920,3918,426,333,614,26,86,0.1087289433384379,2002,0.098921832884097,2003,MADHYA PRADESH,VIDISHA,MADHYA PRADESH||VIDISHA
41,48,0,94,0,9,23,20,275,286,49,122,10,11,60,12,197,24,40,0,43,1789,3710,367,357,690,21,122,0.098921832884097,2003,0.1011410788381742,2004,MADHYA PRADESH,VIDISHA,MADHYA PRADESH||VIDISHA
48,56,2,100,0,11,0,14,211,272,64,57,7,24,21,11,203,18,58,0,55,1964,3856,390,288,582,31,57,0.1011410788381742,2004,0.0955882352941176,2005,MADHYA PRADESH,VIDISHA,MADHYA PRADESH||VIDISHA
43,49,2,97,0,15,0,31,219,281,69,74,12,17,25,27,199,9,45,0,56,1910,3944,377,311,625,29,74,0.0955882352941176,2005,0.0885947046843177,2006,MADHYA PRADESH,VIDISHA,MADHYA PRADESH||VIDISHA
45,60,3,85,0,17,7,25,244,331,97,48,9,36,19,15,180,23,45,0,53,1954,3928,348,290,716,45,48,0.0885947046843177,2006,0.1014932337844143,2007,MADHYA PRADESH,VIDISHA,MADHYA PRADESH||VIDISHA
48,58,7,100,0,22,0,22,261,394,102,72,14,64,25,20,212,18,85,0,81,2169,4286,435,329,804,78,72,0.1014932337844143,2007,0.0941879163795083,2008,MADHYA PRADESH,VIDISHA,MADHYA PRADESH||VIDISHA
40,45,2,93,0,14,2,19,243,379,117,54,12,43,15,24,205,25,63,0,110,2180,4353,410,269,773,55,54,0.0941879163795083,2008,0.098675194152581,2009,MADHYA PRADESH,VIDISHA,MADHYA PRADESH||VIDISHA
97,41,1,44,0,37,20,104,312,715,168,266,37,59,44,0,74,2,496,0,479,975,4391,616,610,1343,96,266,0.1402869505807333,2001,0.0905459387483355,2002,MAHARASHTRA,AHMEDNAGAR,MAHARASHTRA||AHMEDNAGAR
82,45,6,45,0,27,19,97,352,841,239,296,56,69,38,8,75,0,280,0,445,1050,4506,408,617,1567,125,296,0.0905459387483355,2002,0.0940955069395436,2003,MAHARASHTRA,AHMEDNAGAR,MAHARASHTRA||AHMEDNAGAR
101,38,2,44,0,27,17,102,302,786,232,254,29,77,44,15,51,3,287,0,480,998,4251,400,585,1466,106,254,0.0940955069395436,2003,0.0825242718446602,2004,MAHARASHTRA,AHMEDNAGAR,MAHARASHTRA||AHMEDNAGAR
98,57,0,41,0,25,30,108,309,969,289,175,25,114,35,0,73,0,277,0,452,1321,4738,391,534,1710,139,175,0.0825242718446602,2004,0.0925395916809769,2005,MAHARASHTRA,AHMEDNAGAR,MAHARASHTRA||AHMEDNAGAR
92,56,1,56,0,33,29,84,392,1025,279,206,36,142,26,0,91,0,338,0,474,1373,5241,485,557,1806,178,206,0.0925395916809769,2005,0.107565203304714,2006,MAHARASHTRA,AHMEDNAGAR,MAHARASHTRA||AHMEDNAGAR
86,49,3,68,0,36,36,100,400,1341,334,277,33,107,46,0,129,0,467,0,538,1741,6173,664,655,2221,140,277,0.107565203304714,2006,0.1002517399674218,2007,MAHARASHTRA,AHMEDNAGAR,MAHARASHTRA||AHMEDNAGAR
99,73,2,55,0,37,49,107,458,1344,425,397,44,135,54,3,132,12,475,0,575,1918,6753,677,819,2388,179,397,0.1002517399674218,2007,0.1011315417256011,2008,MAHARASHTRA,AHMEDNAGAR,MAHARASHTRA||AHMEDNAGAR
134,107,1,49,0,51,55,117,558,1472,506,553,41,226,49,0,125,4,537,0,623,1617,7070,715,1067,2702,267,553,0.1011315417256011,2008,0.1099540581929555,2009,MAHARASHTRA,AHMEDNAGAR,MAHARASHTRA||AHMEDNAGAR
64,41,0,15,0,15,9,41,298,735,81,99,15,59,48,2,109,7,189,0,116,1306,4020,322,284,1203,74,99,0.0800995024875621,2001,0.0692228512609366,2002,MAHARASHTRA,AKOLA,MAHARASHTRA||AKOLA
59,34,0,28,0,21,8,41,314,729,82,120,19,37,40,4,70,11,156,0,116,1269,3886,269,311,1206,56,120,0.0692228512609366,2002,0.0653846153846153,2003,MAHARASHTRA,AKOLA,MAHARASHTRA||AKOLA
48,38,0,29,0,29,10,45,298,727,86,89,15,70,28,9,80,5,132,0,116,1294,3900,255,288,1184,85,89,0.0653846153846153,2003,0.0689021589343132,2004,MAHARASHTRA,AKOLA,MAHARASHTRA||AKOLA
55,45,0,38,0,23,15,57,314,957,99,108,23,88,30,6,94,15,147,0,102,1387,4354,300,341,1457,111,108,0.0689021589343132,2004,0.0661732694819329,2005,MAHARASHTRA,AKOLA,MAHARASHTRA||AKOLA
46,40,2,21,0,24,10,56,285,1225,140,136,25,97,27,3,82,14,184,0,88,1396,4594,304,335,1733,122,136,0.0661732694819329,2005,0.063950734249171,2006,MAHARASHTRA,AKOLA,MAHARASHTRA||AKOLA
47,52,0,25,0,28,4,39,305,995,126,134,23,80,36,1,95,14,135,0,130,1231,4222,270,329,1501,103,134,0.063950734249171,2006,0.0796656011802311,2007,MAHARASHTRA,AKOLA,MAHARASHTRA||AKOLA
38,43,1,22,0,17,14,55,257,898,121,117,23,56,28,3,86,48,165,0,125,1246,4067,324,307,1359,79,117,0.0796656011802311,2007,0.0866408518877057,2008,MAHARASHTRA,AKOLA,MAHARASHTRA||AKOLA
54,72,2,26,0,35,8,54,249,1002,119,157,24,102,38,7,111,61,153,0,116,1128,4132,358,408,1462,126,157,0.0866408518877057,2008,0.0761769576531819,2009,MAHARASHTRA,AKOLA,MAHARASHTRA||AKOLA
44,29,3,23,0,27,10,48,259,812,163,95,10,41,15,10,43,26,55,0,60,796,2837,157,279,1297,51,95,0.0553401480437081,2001,0.0589118198874296,2002,MAHARASHTRA,AMRAVATI COMMR.,MAHARASHTRA||AMRAVATI COMMR
27,25,1,18,0,12,2,42,275,791,127,50,18,52,16,4,35,32,68,0,65,655,2665,157,177,1251,70,50,0.0589118198874296,2002,0.0569323509711989,2003,MAHARASHTRA,AMRAVATI COMMR.,MAHARASHTRA||AMRAVATI COMMR
31,25,2,26,0,15,6,35,316,948,157,85,21,38,20,3,45,19,77,0,71,760,2986,170,225,1476,59,85,0.0569323509711989,2003,0.0481751824817518,2004,MAHARASHTRA,AMRAVATI COMMR.,MAHARASHTRA||AMRAVATI COMMR
19,20,4,17,0,21,0,45,242,838,172,95,19,37,20,1,40,20,54,0,63,764,2740,132,221,1317,56,95,0.0481751824817518,2004,0.0516906335017489,2005,MAHARASHTRA,AMRAVATI COMMR.,MAHARASHTRA||AMRAVATI COMMR
30,25,2,23,0,11,0,15,169,782,105,83,12,63,14,2,31,20,57,0,57,777,2573,133,189,1085,75,83,0.0516906335017489,2005,0.0617522192203782,2006,MAHARASHTRA,AMRAVATI COMMR.,MAHARASHTRA||AMRAVATI COMMR
27,14,0,21,0,17,5,26,196,735,136,81,18,55,9,3,36,24,76,0,67,747,2591,160,191,1102,73,81,0.0617522192203782,2006,0.0510783200908059,2007,MAHARASHTRA,AMRAVATI COMMR.,MAHARASHTRA||AMRAVATI COMMR
30,22,0,7,0,18,6,45,237,691,118,99,13,52,11,3,35,16,74,0,76,808,2643,135,227,1102,65,99,0.0510783200908059,2007,0.066420664206642,2008,MAHARASHTRA,AMRAVATI COMMR.,MAHARASHTRA||AMRAVATI COMMR
18,30,1,22,0,10,4,35,228,633,133,89,26,50,4,4,41,10,85,0,78,704,2439,162,209,1033,76,89,0.066420664206642,2008,0.0650437428680106,2009,MAHARASHTRA,AMRAVATI COMMR.,MAHARASHTRA||AMRAVATI COMMR
72,23,0,42,0,29,1,36,359,1031,26,112,12,31,23,4,99,38,92,0,126,640,3655,275,315,1475,43,112,0.0752393980848153,2001,0.0803161652218256,2002,MAHARASHTRA,AMRAVATI RURAL,MAHARASHTRA||AMRAVATI RURAL
58,36,3,66,0,22,15,47,392,1052,42,85,16,26,59,5,130,19,95,0,142,880,3922,315,332,1592,42,85,0.0803161652218256,2002,0.0919479138984852,2003,MAHARASHTRA,AMRAVATI RURAL,MAHARASHTRA||AMRAVATI RURAL
53,38,3,47,0,17,11,31,343,902,41,138,19,29,70,8,118,22,151,0,132,772,3763,346,338,1387,48,138,0.0919479138984852,2003,0.087431693989071,2004,MAHARASHTRA,AMRAVATI RURAL,MAHARASHTRA||AMRAVATI RURAL
60,28,7,56,0,20,7,21,305,888,40,95,10,26,62,9,127,24,104,0,124,847,3660,320,294,1316,36,95,0.087431693989071,2004,0.0979480164158686,2005,MAHARASHTRA,AMRAVATI RURAL,MAHARASHTRA||AMRAVATI RURAL
78,23,2,60,0,18,11,21,241,927,47,93,19,39,35,10,122,34,132,0,140,886,3655,358,306,1271,58,93,0.0979480164158686,2005,0.0872306883867577,2006,MAHARASHTRA,AMRAVATI RURAL,MAHARASHTRA||AMRAVATI RURAL
67,32,2,44,0,22,3,24,266,845,51,89,11,56,60,4,118,35,131,0,134,1066,3806,332,283,1246,67,89,0.0872306883867577,2006,0.0926327193932827,2007,MAHARASHTRA,AMRAVATI RURAL,MAHARASHTRA||AMRAVATI RURAL
51,36,2,58,0,26,8,26,214,761,62,113,8,54,47,11,118,32,123,0,171,1011,3692,342,320,1110,62,113,0.0926327193932827,2007,0.0881927710843373,2008,MAHARASHTRA,AMRAVATI RURAL,MAHARASHTRA||AMRAVATI RURAL
75,27,3,47,0,18,10,33,238,1003,76,119,24,35,58,3,137,33,146,0,194,1116,4150,366,332,1408,59,119,0.0881927710843373,2008,0.0841054882394868,2009,MAHARASHTRA,AMRAVATI RURAL,MAHARASHTRA||AMRAVATI RURAL
36,27,0,14,0,19,3,40,239,503,179,130,26,108,3,4,33,12,102,0,109,569,2351,165,269,964,134,130,0.0701829008932369,2001,0.0688524590163934,2002,MAHARASHTRA,AURANGABAD COMMR.,MAHARASHTRA||AURANGABAD COMMR
32,18,0,8,0,20,8,58,248,535,198,124,12,96,12,7,30,13,110,0,108,590,2440,168,268,1051,108,124,0.0688524590163934,2002,0.0774278215223097,2003,MAHARASHTRA,AURANGABAD COMMR.,MAHARASHTRA||AURANGABAD COMMR
28,26,1,8,0,19,17,49,234,506,167,126,16,111,11,4,25,10,130,0,102,515,2286,177,274,967,127,126,0.0774278215223097,2003,0.0760963026655202,2004,MAHARASHTRA,AURANGABAD COMMR.,MAHARASHTRA||AURANGABAD COMMR
31,17,0,12,0,15,13,36,194,603,192,114,8,106,3,5,21,7,132,0,127,550,2326,177,238,1028,114,114,0.0760963026655202,2004,0.0646203554119547,2005,MAHARASHTRA,AURANGABAD COMMR.,MAHARASHTRA||AURANGABAD COMMR
22,27,0,26,0,12,10,55,183,649,214,123,8,107,10,2,31,8,93,0,136,647,2476,160,275,1111,115,123,0.0646203554119547,2005,0.0737527114967462,2006,MAHARASHTRA,AURANGABAD COMMR.,MAHARASHTRA||AURANGABAD COMMR
31,24,0,33,0,22,11,73,224,666,213,144,33,158,15,3,39,22,107,0,133,637,2766,204,338,1191,191,144,0.0737527114967462,2006,0.091283676703645,2007,MAHARASHTRA,AURANGABAD COMMR.,MAHARASHTRA||AURANGABAD COMMR
37,27,0,18,0,29,11,67,276,762,246,157,19,121,10,11,57,31,171,0,167,777,3155,288,346,1361,140,157,0.091283676703645,2007,0.0666280417149478,2008,MAHARASHTRA,AURANGABAD COMMR.,MAHARASHTRA||AURANGABAD COMMR
39,38,0,21,0,38,2,71,245,975,355,241,25,128,11,4,51,16,138,0,131,791,3452,230,450,1657,153,241,0.0666280417149478,2008,0.0719077005634558,2009,MAHARASHTRA,AURANGABAD COMMR.,MAHARASHTRA||AURANGABAD COMMR
61,12,0,28,0,16,14,49,193,273,30,139,13,35,24,6,53,12,247,0,172,580,2708,346,319,569,48,139,0.1277695716395864,2001,0.1080281169071402,2002,MAHARASHTRA,AURANGABAD RURAL,MAHARASHTRA||AURANGABAD RURAL
50,29,0,12,0,11,13,32,131,291,41,158,10,26,53,24,36,12,208,0,199,613,2703,292,305,548,36,158,0.1080281169071402,2002,0.1091588785046729,2003,MAHARASHTRA,AURANGABAD RURAL,MAHARASHTRA||AURANGABAD RURAL
60,24,0,14,0,4,10,47,110,281,54,165,9,35,53,32,48,8,190,0,200,584,2675,292,324,545,44,165,0.1091588785046729,2003,0.1181130716600648,2004,MAHARASHTRA,AURANGABAD RURAL,MAHARASHTRA||AURANGABAD RURAL
41,21,0,10,0,11,22,44,123,330,39,157,10,28,33,20,57,16,225,0,205,647,2777,328,306,569,38,157,0.1181130716600648,2004,0.1296500920810313,2005,MAHARASHTRA,AURANGABAD RURAL,MAHARASHTRA||AURANGABAD RURAL
46,17,1,9,0,6,12,30,124,337,59,195,17,37,34,26,44,10,263,0,202,559,2715,352,316,584,54,195,0.1296500920810313,2005,0.1435739096873794,2006,MAHARASHTRA,AURANGABAD RURAL,MAHARASHTRA||AURANGABAD RURAL
42,17,1,10,0,11,12,29,139,314,53,192,15,34,24,39,56,12,255,0,212,503,2591,372,314,559,49,192,0.1435739096873794,2006,0.1299472295514512,2007,MAHARASHTRA,AURANGABAD RURAL,MAHARASHTRA||AURANGABAD RURAL
57,19,2,14,0,15,9,45,165,376,55,237,9,37,46,39,71,14,256,0,269,601,3032,394,398,687,46,237,0.1299472295514512,2007,0.1075590080669256,2008,MAHARASHTRA,AURANGABAD RURAL,MAHARASHTRA||AURANGABAD RURAL
56,36,2,21,0,11,21,50,215,487,109,285,13,53,36,39,65,9,226,0,260,690,3347,360,482,897,66,285,0.1075590080669256,2008,0.1169052488070893,2009,MAHARASHTRA,AURANGABAD RURAL,MAHARASHTRA||AURANGABAD RURAL
68,43,1,22,0,25,16,62,264,499,70,272,14,41,38,2,78,15,177,0,174,820,3644,294,509,933,55,272,0.0806805708013172,2001,0.0739051094890511,2002,MAHARASHTRA,BEED,MAHARASHTRA||BEED
69,51,0,25,0,23,18,64,198,431,65,313,31,43,38,2,51,7,158,0,202,677,3288,243,563,796,74,313,0.0739051094890511,2002,0.073835863133522,2003,MAHARASHTRA,BEED,MAHARASHTRA||BEED
72,55,1,25,0,17,23,73,282,599,103,318,24,47,53,10,58,8,186,0,186,849,3887,287,584,1110,71,318,0.073835863133522,2003,0.09375,2004,MAHARASHTRA,BEED,MAHARASHTRA||BEED
57,42,1,24,0,19,41,59,294,727,143,391,21,45,39,4,82,13,246,0,187,678,3936,369,634,1262,66,391,0.09375,2004,0.0973635522664199,2005,MAHARASHTRA,BEED,MAHARASHTRA||BEED
62,52,1,25,0,26,21,67,305,783,115,417,22,52,55,7,99,15,275,0,198,752,4324,421,671,1325,74,417,0.0973635522664199,2005,0.1036529680365296,2006,MAHARASHTRA,BEED,MAHARASHTRA||BEED
63,46,1,24,0,34,28,94,379,753,171,439,18,56,40,12,98,10,310,0,257,710,4380,454,729,1437,74,439,0.1036529680365296,2006,0.1099417823555754,2007,MAHARASHTRA,BEED,MAHARASHTRA||BEED
69,50,0,23,0,48,34,88,303,645,164,484,24,43,82,18,91,6,353,0,259,841,4466,491,796,1282,67,484,0.1099417823555754,2007,0.1048888888888888,2008,MAHARASHTRA,BEED,MAHARASHTRA||BEED
61,34,4,26,0,39,45,85,336,617,188,485,25,75,52,11,92,11,332,0,270,881,4500,472,779,1278,100,485,0.1048888888888888,2008,0.119870908252651,2009,MAHARASHTRA,BEED,MAHARASHTRA||BEED
32,22,3,39,0,4,2,15,195,402,27,63,12,19,55,5,71,37,60,0,90,733,2252,212,180,694,31,63,0.0941385435168739,2001,0.0881310894596988,2002,MAHARASHTRA,BHANDARA,MAHARASHTRA||BHANDARA
36,13,2,32,0,16,1,14,228,340,37,66,14,25,43,3,57,37,70,0,113,744,2258,199,180,662,39,66,0.0881310894596988,2002,0.0856031128404669,2003,MAHARASHTRA,BHANDARA,MAHARASHTRA||BHANDARA
30,7,1,41,0,7,3,12,224,361,33,73,13,19,30,7,54,27,69,0,117,840,2313,198,174,660,32,73,0.0856031128404669,2003,0.076078431372549,2004,MAHARASHTRA,BHANDARA,MAHARASHTRA||BHANDARA
22,11,6,36,0,16,1,12,206,492,51,77,5,15,49,1,66,39,52,0,113,866,2550,194,181,810,20,77,0.076078431372549,2004,0.0763135946622185,2005,MAHARASHTRA,BHANDARA,MAHARASHTRA||BHANDARA
27,11,3,15,0,17,1,12,175,475,37,52,15,39,43,3,64,34,67,0,113,886,2398,183,138,742,54,52,0.0763135946622185,2005,0.0836236933797909,2006,MAHARASHTRA,BHANDARA,MAHARASHTRA||BHANDARA
35,18,2,40,0,15,0,16,183,443,41,94,17,31,53,4,54,29,89,0,142,947,2583,216,220,736,48,94,0.0836236933797909,2006,0.066953797963978,2007,MAHARASHTRA,BHANDARA,MAHARASHTRA||BHANDARA
30,10,3,19,0,7,3,18,177,547,80,94,16,23,37,2,55,27,68,0,146,909,2554,171,184,859,39,94,0.066953797963978,2007,0.0653778558875219,2008,MAHARASHTRA,BHANDARA,MAHARASHTRA||BHANDARA
28,14,3,26,0,14,7,19,218,617,76,107,17,102,29,0,69,18,73,0,146,948,2845,186,218,959,119,107,0.0653778558875219,2008,0.0588756086764054,2009,MAHARASHTRA,BHANDARA,MAHARASHTRA||BHANDARA
49,32,1,22,0,22,11,27,227,749,45,246,17,46,69,35,118,21,223,0,155,877,3701,419,410,1117,63,246,0.1132126452310186,2001,0.0919508867667121,2002,MAHARASHTRA,BULDHANA,MAHARASHTRA||BULDHANA
50,35,2,30,0,18,22,42,259,728,44,169,21,43,87,17,107,21,162,0,175,924,3665,337,368,1160,64,169,0.0919508867667121,2002,0.1036377911541481,2003,MAHARASHTRA,BULDHANA,MAHARASHTRA||BULDHANA
53,33,4,39,0,17,17,40,239,723,62,167,19,69,86,61,106,26,164,0,180,944,3821,396,370,1150,88,167,0.1036377911541481,2003,0.1055330634278002,2004,MAHARASHTRA,BULDHANA,MAHARASHTRA||BULDHANA
48,35,2,39,0,20,23,38,183,745,93,131,23,57,71,18,106,33,195,0,166,986,3705,391,336,1130,80,131,0.1055330634278002,2004,0.1018867924528302,2005,MAHARASHTRA,BULDHANA,MAHARASHTRA||BULDHANA
51,62,0,42,0,23,8,33,181,863,86,163,29,182,72,53,110,40,187,0,136,1282,4240,432,382,1235,211,163,0.1018867924528302,2005,0.0956165703275529,2006,MAHARASHTRA,BULDHANA,MAHARASHTRA||BULDHANA
53,64,2,23,0,10,7,32,214,704,101,177,25,89,68,13,128,41,192,0,177,1224,4152,397,368,1119,114,177,0.0956165703275529,2006,0.1222222222222222,2007,MAHARASHTRA,BULDHANA,MAHARASHTRA||BULDHANA
56,41,3,39,0,22,17,28,220,633,100,210,14,39,57,12,124,31,256,0,180,1064,3780,462,416,1038,53,210,0.1222222222222222,2007,0.1083667111704494,2008,MAHARASHTRA,BULDHANA,MAHARASHTRA||BULDHANA
54,47,1,36,0,28,23,44,266,851,119,262,43,60,68,9,153,39,250,0,217,1241,4494,487,495,1348,103,262,0.1083667111704494,2008,0.1075117370892018,2009,MAHARASHTRA,BULDHANA,MAHARASHTRA||BULDHANA
49,26,4,43,0,10,8,36,253,572,57,110,21,35,39,2,102,28,144,0,180,922,3123,319,286,957,56,110,0.1021453730387448,2001,0.0828282828282828,2002,MAHARASHTRA,CHANDRAPUR,MAHARASHTRA||CHANDRAPUR
52,19,6,29,0,24,5,28,249,471,54,128,31,50,42,3,89,9,116,0,187,886,2970,246,291,844,81,128,0.0828282828282828,2002,0.0811078140454995,2003,MAHARASHTRA,CHANDRAPUR,MAHARASHTRA||CHANDRAPUR
41,21,8,36,0,13,8,29,295,574,77,116,21,47,27,3,85,21,101,0,189,888,3033,246,272,1002,68,116,0.0811078140454995,2003,0.0700762927380616,2004,MAHARASHTRA,CHANDRAPUR,MAHARASHTRA||CHANDRAPUR
59,19,5,31,0,18,11,24,326,673,75,126,18,59,39,3,93,27,94,0,205,1078,3539,248,293,1137,77,126,0.0700762927380616,2004,0.0792222867092281,2005,MAHARASHTRA,CHANDRAPUR,MAHARASHTRA||CHANDRAPUR
61,18,0,41,0,17,9,29,323,704,91,116,23,51,38,2,93,27,110,0,188,1010,3446,273,291,1185,74,116,0.0792222867092281,2005,0.0775047258979206,2006,MAHARASHTRA,CHANDRAPUR,MAHARASHTRA||CHANDRAPUR
42,20,1,30,0,17,7,27,377,774,112,122,19,55,49,6,81,47,123,0,236,1004,3703,287,266,1339,74,122,0.0775047258979206,2006,0.104387656702025,2007,MAHARASHTRA,CHANDRAPUR,MAHARASHTRA||CHANDRAPUR
59,23,4,35,0,25,7,34,383,815,153,129,31,70,70,5,115,109,169,0,258,1140,4148,433,316,1455,101,129,0.104387656702025,2007,0.1189407540394973,2008,MAHARASHTRA,CHANDRAPUR,MAHARASHTRA||CHANDRAPUR
51,47,6,37,0,34,5,37,257,920,133,145,30,55,64,14,112,146,221,0,256,1344,4456,530,362,1411,85,145,0.1189407540394973,2008,0.1146553647111309,2009,MAHARASHTRA,CHANDRAPUR,MAHARASHTRA||CHANDRAPUR
48,25,1,16,0,6,7,13,96,360,56,86,20,36,22,6,17,8,127,0,189,616,2040,174,202,547,56,86,0.0852941176470588,2001,0.0805025593299209,2002,MAHARASHTRA,DHULE,MAHARASHTRA||DHULE
46,25,1,16,0,8,4,14,96,355,73,82,21,40,23,7,20,6,124,0,194,673,2149,173,196,561,61,82,0.0805025593299209,2002,0.0701254275940707,2003,MAHARASHTRA,DHULE,MAHARASHTRA||DHULE
32,13,2,7,0,5,2,3,82,219,70,61,17,38,3,2,18,6,90,0,223,636,1754,123,125,377,55,61,0.0701254275940707,2003,0.0690499510284035,2004,MAHARASHTRA,DHULE,MAHARASHTRA||DHULE
32,16,3,11,0,3,10,8,98,266,57,88,25,42,1,1,24,9,96,0,223,748,2042,141,171,430,67,88,0.0690499510284035,2004,0.074844995571302,2005,MAHARASHTRA,DHULE,MAHARASHTRA||DHULE
47,30,0,15,0,9,5,15,110,317,79,108,21,42,8,10,27,7,110,0,204,792,2258,169,229,529,63,108,0.074844995571302,2005,0.1001589825119236,2006,MAHARASHTRA,DHULE,MAHARASHTRA||DHULE
38,33,4,12,0,8,10,19,131,357,72,102,24,78,13,6,33,12,189,0,228,804,2516,252,226,592,102,102,0.1001589825119236,2006,0.1115255501678478,2007,MAHARASHTRA,DHULE,MAHARASHTRA||DHULE
49,23,1,15,0,5,13,24,124,397,92,170,21,84,8,10,37,14,223,0,229,808,2681,299,300,645,105,170,0.1115255501678478,2007,0.0894717930291052,2008,MAHARASHTRA,DHULE,MAHARASHTRA||DHULE
54,38,1,10,0,8,64,19,215,384,123,226,9,75,14,3,32,8,196,0,255,775,2783,249,420,755,84,226,0.0894717930291052,2008,0.1284748309541698,2009,MAHARASHTRA,DHULE,MAHARASHTRA||DHULE
47,24,3,27,0,7,11,15,127,124,15,28,3,12,51,0,55,17,57,0,49,461,1364,156,162,332,15,28,0.1143695014662756,2001,0.1147540983606557,2002,MAHARASHTRA,GADCHIROLI,MAHARASHTRA||GADCHIROLI
51,33,4,22,0,9,12,11,113,113,7,33,17,17,42,0,59,15,65,0,62,440,1403,161,175,286,34,33,0.1147540983606557,2002,0.1265822784810126,2003,MAHARASHTRA,GADCHIROLI,MAHARASHTRA||GADCHIROLI
58,28,4,30,0,17,9,7,113,131,10,21,21,8,51,2,57,20,81,0,60,500,1501,190,174,312,29,21,0.1265822784810126,2003,0.0987564008778346,2004,MAHARASHTRA,GADCHIROLI,MAHARASHTRA||GADCHIROLI
47,49,1,31,0,8,5,11,126,152,15,26,18,18,49,3,44,11,46,0,58,391,1367,135,178,353,36,26,0.0987564008778346,2004,0.10347551342812,2005,MAHARASHTRA,GADCHIROLI,MAHARASHTRA||GADCHIROLI
60,45,3,22,0,5,14,24,97,140,6,36,15,4,48,1,62,4,42,0,68,291,1266,131,209,315,19,36,0.10347551342812,2005,0.0938967136150234,2006,MAHARASHTRA,GADCHIROLI,MAHARASHTRA||GADCHIROLI
59,52,4,14,0,10,12,8,100,124,8,28,9,18,45,2,52,5,47,0,75,372,1278,120,187,285,27,28,0.0938967136150234,2006,0.0748829953198128,2007,MAHARASHTRA,GADCHIROLI,MAHARASHTRA||GADCHIROLI
53,47,5,11,0,8,6,7,98,162,15,39,8,9,27,3,31,7,44,0,77,440,1282,96,176,309,17,39,0.0748829953198128,2007,0.0895397489539749,2008,MAHARASHTRA,GADCHIROLI,MAHARASHTRA||GADCHIROLI
56,33,1,22,0,13,4,11,88,123,17,23,17,12,56,2,30,7,46,0,81,356,1195,107,163,295,29,23,0.0895397489539749,2008,0.058080808080808,2009,MAHARASHTRA,GADCHIROLI,MAHARASHTRA||GADCHIROLI
41,17,3,23,0,17,4,13,238,326,30,20,18,30,20,4,85,22,80,0,94,617,2006,214,138,627,48,20,0.106679960119641,2001,0.0959673302705462,2002,MAHARASHTRA,GONDIA,MAHARASHTRA||GONDIA
44,16,0,25,0,21,5,14,217,318,42,23,15,24,8,4,74,15,70,0,91,595,1959,188,148,599,39,23,0.0959673302705462,2002,0.1194666666666666,2003,MAHARASHTRA,GONDIA,MAHARASHTRA||GONDIA
41,13,1,25,0,12,7,9,214,300,27,27,10,13,15,6,93,26,74,0,82,545,1875,224,135,565,23,27,0.1194666666666666,2003,0.09536354056902,2004,MAHARASHTRA,GONDIA,MAHARASHTRA||GONDIA
27,11,1,30,0,21,5,23,179,317,36,47,6,18,20,2,85,10,54,0,94,588,1898,181,165,575,24,47,0.09536354056902,2004,0.0981973434535104,2005,MAHARASHTRA,GONDIA,MAHARASHTRA||GONDIA
29,21,0,22,0,18,4,16,209,376,39,41,8,23,23,1,106,19,59,0,102,648,2108,207,151,663,31,41,0.0981973434535104,2005,0.0875435540069686,2006,MAHARASHTRA,GONDIA,MAHARASHTRA||GONDIA
31,13,2,23,0,22,12,25,220,398,49,63,17,27,41,5,106,12,55,0,122,707,2296,201,191,733,44,63,0.0875435540069686,2006,0.097573567372225,2007,MAHARASHTRA,GONDIA,MAHARASHTRA||GONDIA
34,14,1,32,0,13,9,22,188,314,40,58,6,31,30,3,71,32,51,0,88,607,1937,189,183,594,37,58,0.097573567372225,2007,0.1028175976272862,2008,MAHARASHTRA,GONDIA,MAHARASHTRA||GONDIA
35,14,0,38,0,14,3,18,177,355,86,61,17,45,35,3,84,25,58,0,121,568,2023,208,183,671,62,61,0.1028175976272862,2008,0.0900052328623757,2009,MAHARASHTRA,GONDIA,MAHARASHTRA||GONDIA
36,27,0,20,0,9,4,39,119,241,24,96,6,20,33,2,44,4,134,0,61,473,1841,204,231,456,26,96,0.1108093427485062,2001,0.0988336402701043,2002,MAHARASHTRA,HINGOLI,MAHARASHTRA||HINGOLI
32,15,1,17,0,7,7,34,103,163,16,74,18,21,18,6,36,4,98,0,58,431,1629,161,187,334,39,74,0.0988336402701043,2002,0.0974063400576368,2003,MAHARASHTRA,HINGOLI,MAHARASHTRA||HINGOLI
28,29,1,14,0,7,4,44,98,142,21,107,6,31,25,1,36,6,112,0,77,479,1735,169,234,330,37,107,0.0974063400576368,2003,0.0822972172883362,2004,MAHARASHTRA,HINGOLI,MAHARASHTRA||HINGOLI
35,25,2,13,0,15,10,34,113,202,19,83,10,27,29,1,29,11,85,0,91,391,1689,139,217,397,37,83,0.0822972172883362,2004,0.0922431865828092,2005,MAHARASHTRA,HINGOLI,MAHARASHTRA||HINGOLI
34,11,1,15,0,15,9,41,119,243,26,153,9,13,38,2,45,8,106,0,53,396,1908,176,279,467,22,153,0.0922431865828092,2005,0.0927374301675977,2006,MAHARASHTRA,HINGOLI,MAHARASHTRA||HINGOLI
41,25,2,15,0,12,8,38,93,234,28,112,2,29,28,8,41,2,100,0,72,521,1790,166,253,421,31,112,0.0927374301675977,2006,0.1008140262993112,2007,MAHARASHTRA,HINGOLI,MAHARASHTRA||HINGOLI
29,16,0,9,0,8,6,24,81,167,35,121,6,30,18,3,45,6,98,0,83,396,1597,161,213,325,36,121,0.1008140262993112,2007,0.1045117075956596,2008,MAHARASHTRA,HINGOLI,MAHARASHTRA||HINGOLI
43,29,3,17,0,10,13,34,82,166,27,143,4,33,21,7,54,6,99,0,110,469,1751,183,292,330,37,143,0.1045117075956596,2008,0.0923815236952609,2009,MAHARASHTRA,HINGOLI,MAHARASHTRA||HINGOLI
83,44,0,19,0,16,16,30,238,557,72,157,41,119,22,5,76,31,389,0,259,1186,4014,520,365,919,160,157,0.12954658694569,2001,0.0832171083217108,2002,MAHARASHTRA,JALGAON,MAHARASHTRA||JALGAON
81,39,2,22,0,21,20,29,316,626,100,184,46,55,13,10,78,29,219,0,289,1421,4302,358,398,1084,101,184,0.0832171083217108,2002,0.0980392156862745,2003,MAHARASHTRA,JALGAON,MAHARASHTRA||JALGAON
82,39,3,38,0,20,13,28,228,475,103,135,65,147,19,8,79,21,239,0,276,1186,3927,385,358,853,212,135,0.0980392156862745,2003,0.1120848708487084,2004,MAHARASHTRA,JALGAON,MAHARASHTRA||JALGAON
83,39,2,36,0,12,13,40,218,652,121,169,57,211,20,6,83,38,323,0,316,1242,4336,486,394,1051,268,169,0.1120848708487084,2004,0.1049747972824896,2005,MAHARASHTRA,JALGAON,MAHARASHTRA||JALGAON
74,55,2,52,0,26,8,37,217,733,130,200,85,311,12,4,92,30,301,0,295,1321,4563,479,454,1129,396,200,0.1049747972824896,2005,0.1141120864280891,2006,MAHARASHTRA,JALGAON,MAHARASHTRA||JALGAON
75,53,4,52,0,21,25,37,229,624,128,206,78,208,12,14,111,25,305,0,336,1387,4443,507,473,1030,286,206,0.1141120864280891,2006,0.1274190041313329,2007,MAHARASHTRA,JALGAON,MAHARASHTRA||JALGAON
94,38,1,52,0,27,20,49,211,667,138,264,60,255,16,20,75,19,420,0,338,1299,4599,586,545,1081,315,264,0.1274190041313329,2007,0.133034074678637,2008,MAHARASHTRA,JALGAON,MAHARASHTRA||JALGAON
83,57,0,42,0,29,19,47,214,777,162,304,72,228,27,18,107,29,456,0,367,1344,4901,652,581,1227,300,304,0.133034074678637,2008,0.1289845894025754,2009,MAHARASHTRA,JALGAON,MAHARASHTRA||JALGAON
43,24,0,16,0,12,13,46,209,345,48,120,13,38,38,5,56,7,172,0,109,587,2529,256,274,686,51,120,0.1012257809410834,2001,0.1079105760963026,2002,MAHARASHTRA,JALNA,MAHARASHTRA||JALNA
48,28,1,14,0,11,10,38,187,272,37,128,16,47,28,5,25,8,199,0,116,558,2326,251,278,562,63,128,0.1079105760963026,2002,0.1209876543209876,2003,MAHARASHTRA,JALNA,MAHARASHTRA||JALNA
53,25,1,8,0,15,7,43,165,309,63,146,16,44,28,15,53,14,204,0,100,538,2430,294,298,608,60,146,0.1209876543209876,2003,0.1233192470226661,2004,MAHARASHTRA,JALNA,MAHARASHTRA||JALNA
53,30,0,10,0,10,15,39,199,338,67,151,10,52,36,24,49,12,226,0,131,583,2603,321,308,679,62,151,0.1233192470226661,2004,0.1090277777777777,2005,MAHARASHTRA,JALNA,MAHARASHTRA||JALNA
37,40,2,20,0,13,19,58,153,391,82,176,11,63,42,21,53,5,215,0,116,907,2880,314,365,726,74,176,0.1090277777777777,2005,0.1169046828296247,2006,MAHARASHTRA,JALNA,MAHARASHTRA||JALNA
52,25,0,19,0,13,10,51,178,454,109,174,13,59,20,19,58,8,248,0,133,910,3011,352,344,812,72,174,0.1169046828296247,2006,0.1400928792569659,2007,MAHARASHTRA,JALNA,MAHARASHTRA||JALNA
52,22,1,17,0,17,7,36,152,361,75,184,8,85,26,31,43,5,266,0,152,620,2584,362,336,650,93,184,0.1400928792569659,2007,0.1454802259887005,2008,MAHARASHTRA,JALNA,MAHARASHTRA||JALNA
58,33,0,16,0,13,15,56,169,346,84,196,13,114,26,27,53,7,309,0,157,687,2832,412,387,681,127,196,0.1454802259887005,2008,0.1568560734943858,2009,MAHARASHTRA,JALNA,MAHARASHTRA||JALNA
54,33,3,26,0,21,11,32,299,561,164,129,35,71,20,19,46,7,80,0,279,915,3162,178,309,1076,106,129,0.0562934851359898,2001,0.0538461538461538,2002,MAHARASHTRA,KOLHAPUR,MAHARASHTRA||KOLHAPUR
65,42,3,17,0,15,16,17,220,472,162,138,46,70,18,20,46,8,70,0,284,870,2990,161,313,889,116,138,0.0538461538461538,2002,0.0470518165574746,2003,MAHARASHTRA,KOLHAPUR,MAHARASHTRA||KOLHAPUR
66,40,7,15,0,18,5,24,229,508,178,148,93,304,16,25,47,7,64,0,286,883,3358,158,323,955,397,148,0.0470518165574746,2003,0.0545977011494252,2004,MAHARASHTRA,KOLHAPUR,MAHARASHTRA||KOLHAPUR
54,54,4,15,0,20,6,28,215,621,202,127,53,70,19,29,34,15,78,0,238,923,3132,171,308,1085,123,127,0.0545977011494252,2004,0.0534618755477651,2005,MAHARASHTRA,KOLHAPUR,MAHARASHTRA||KOLHAPUR
65,62,2,26,0,25,7,27,258,690,250,167,98,184,10,22,47,12,76,0,281,808,3423,183,381,1235,282,167,0.0534618755477651,2005,0.0729965617561491,2006,MAHARASHTRA,KOLHAPUR,MAHARASHTRA||KOLHAPUR
65,45,3,33,0,29,18,27,294,742,261,182,100,188,15,25,71,15,132,0,287,981,3781,276,402,1339,288,182,0.0729965617561491,2006,0.0616695913762847,2007,MAHARASHTRA,KOLHAPUR,MAHARASHTRA||KOLHAPUR
65,47,1,30,0,16,7,35,242,766,268,231,104,231,11,16,51,24,125,0,349,1046,3989,246,432,1322,335,231,0.0616695913762847,2007,0.0666211914506594,2008,MAHARASHTRA,KOLHAPUR,MAHARASHTRA||KOLHAPUR
59,26,2,34,0,30,33,47,289,943,335,302,99,232,21,17,76,13,153,0,339,1092,4398,293,533,1635,331,302,0.0666211914506594,2008,0.0661220321674751,2009,MAHARASHTRA,KOLHAPUR,MAHARASHTRA||KOLHAPUR
42,17,0,7,0,22,3,31,157,281,58,211,20,45,28,38,50,7,150,0,134,805,3044,252,333,555,65,211,0.0827858081471747,2001,0.0677966101694915,2002,MAHARASHTRA,LATUR,MAHARASHTRA||LATUR
39,27,2,4,0,19,8,45,102,264,55,166,32,41,30,5,53,5,125,0,147,846,2832,192,310,496,73,166,0.0677966101694915,2002,0.0595315549772283,2003,MAHARASHTRA,LATUR,MAHARASHTRA||LATUR
56,34,0,21,0,15,4,34,100,291,42,175,25,58,37,31,49,2,80,0,154,956,3074,183,339,504,83,175,0.0595315549772283,2003,0.0529272619751626,2004,MAHARASHTRA,LATUR,MAHARASHTRA||LATUR
61,31,4,22,0,19,7,31,224,366,57,188,21,50,30,39,36,0,82,0,162,926,3382,179,363,708,71,188,0.0529272619751626,2004,0.0695472033145901,2005,MAHARASHTRA,LATUR,MAHARASHTRA||LATUR
49,40,1,24,0,22,11,36,220,401,76,175,18,55,35,40,61,3,107,0,152,959,3379,235,358,768,73,175,0.0695472033145901,2005,0.0722706304459251,2006,MAHARASHTRA,LATUR,MAHARASHTRA||LATUR
54,40,0,15,0,22,7,45,276,391,112,194,20,58,33,65,53,5,144,0,210,1305,3902,282,377,857,78,194,0.0722706304459251,2006,0.0685431326557206,2007,MAHARASHTRA,LATUR,MAHARASHTRA||LATUR
73,37,0,17,0,26,10,53,249,452,134,191,16,64,44,66,73,0,107,0,210,1175,3837,263,407,932,80,191,0.0685431326557206,2007,0.097799511002445,2008,MAHARASHTRA,LATUR,MAHARASHTRA||LATUR
74,28,0,22,0,29,16,46,235,503,158,261,15,75,47,77,74,0,187,0,222,926,3681,360,476,989,90,261,0.097799511002445,2008,0.0751394188435573,2009,MAHARASHTRA,LATUR,MAHARASHTRA||LATUR
295,200,6,127,0,148,61,406,2863,11564,3095,196,393,1270,6,18,274,44,198,0,709,6095,28968,661,1439,17934,1663,196,0.0228182822424744,2001,0.0248896331252854,2002,MAHARASHTRA,MUMBAI,MAHARASHTRA||MUMBAI
252,134,7,128,0,119,33,291,2597,10166,3101,143,342,1155,5,18,254,40,214,0,753,5950,26276,654,1107,16160,1497,143,0.0248896331252854,2002,0.0259285213735108,2003,MAHARASHTRA,MUMBAI,MAHARASHTRA||MUMBAI
242,115,8,133,0,150,30,239,2550,9793,2883,131,392,1178,7,8,282,44,199,0,632,5865,25686,666,1048,15472,1570,131,0.0259285213735108,2003,0.0287576817302142,2004,MAHARASHTRA,MUMBAI,MAHARASHTRA||MUMBAI
253,127,4,187,0,178,42,302,2978,11510,3247,213,510,1427,10,13,321,78,248,0,735,6451,29453,847,1306,18047,1937,213,0.0287576817302142,2004,0.0327691524560957,2005,MAHARASHTRA,MUMBAI,MAHARASHTRA||MUMBAI
239,135,5,165,0,190,29,292,3111,11685,3552,278,510,1701,15,17,357,102,327,1,778,7138,31070,969,1333,18655,2211,278,0.0311876408110717,2006,0.0343820740789344,2007,MAHARASHTRA,MUMBAI COMMR.,MAHARASHTRA||MUMBAI COMMR
230,116,2,174,0,179,31,265,2886,11670,3621,260,470,1735,13,17,365,112,380,0,778,6862,30481,1048,1257,18455,2205,260,0.0343820740789344,2007,0.0393042416844675,2008,MAHARASHTRA,MUMBAI COMMR.,MAHARASHTRA||MUMBAI COMMR
210,132,0,218,0,189,35,328,2846,12972,4068,377,481,2025,22,11,436,121,502,0,709,6850,32770,1288,1489,20236,2506,377,0.0393042416844675,2008,0.0362100953233958,2009,MAHARASHTRA,MUMBAI COMMR.,MAHARASHTRA||MUMBAI COMMR
12,9,1,2,0,1,0,29,3,1756,0,13,26,34,0,0,5,0,0,0,2,97,2023,7,67,1788,60,13,0.0034602076124567,2001,0.0041194644696189,2002,MAHARASHTRA,MUMBAI RLY.,MAHARASHTRA||MUMBAI RLY
3,3,0,2,0,7,1,22,4,1694,2,8,12,35,0,0,4,2,0,0,2,102,1942,8,46,1722,47,8,0.0041194644696189,2002,0.0119500271591526,2003,MAHARASHTRA,MUMBAI RLY.,MAHARASHTRA||MUMBAI RLY
9,8,0,4,0,2,1,32,3,1589,1,9,10,36,0,1,16,1,0,0,0,89,1841,22,65,1625,46,9,0.0119500271591526,2003,0.0064356435643564,2004,MAHARASHTRA,MUMBAI RLY.,MAHARASHTRA||MUMBAI RLY
7,4,2,1,0,2,2,29,5,1772,2,8,13,31,0,0,9,3,0,0,2,93,2020,13,55,1808,44,8,0.0064356435643564,2004,0.0099009900990099,2005,MAHARASHTRA,MUMBAI RLY.,MAHARASHTRA||MUMBAI RLY
5,1,0,2,0,7,0,29,5,1574,1,16,6,39,0,0,12,4,0,0,1,77,1818,18,60,1609,45,16,0.0099009900990099,2005,0.0115972588297311,2006,MAHARASHTRA,MUMBAI RLY.,MAHARASHTRA||MUMBAI RLY
16,0,2,5,0,5,0,28,1,1678,0,9,4,22,0,0,17,0,0,0,0,72,1897,22,65,1707,26,9,0.0115972588297311,2006,0.0030518819938962,2007,MAHARASHTRA,MUMBAI RLY.,MAHARASHTRA||MUMBAI RLY
4,5,1,1,0,1,3,39,3,1721,2,6,5,22,0,0,5,0,0,0,2,105,1966,6,60,1765,27,6,0.0030518819938962,2007,0.0076507650765076,2008,MAHARASHTRA,MUMBAI RLY.,MAHARASHTRA||MUMBAI RLY
8,1,0,4,0,8,5,36,0,1938,0,24,7,29,0,1,12,0,0,0,0,100,2222,17,86,1974,36,24,0.0076507650765076,2008,0.0085215168299957,2009,MAHARASHTRA,MUMBAI RLY.,MAHARASHTRA||MUMBAI RLY
112,70,2,39,0,64,14,171,1388,2666,797,235,74,263,15,7,75,56,218,0,223,3076,9912,395,707,5037,337,235,0.0398506860371267,2001,0.0417335473515248,2002,MAHARASHTRA,NAGPUR COMMR.,MAHARASHTRA||NAGPUR COMMR
98,54,0,49,0,50,12,146,1307,2511,845,254,50,235,23,4,63,38,210,0,218,2408,8722,364,663,4832,285,254,0.0417335473515248,2002,0.0323501427212178,2003,MAHARASHTRA,NAGPUR COMMR.,MAHARASHTRA||NAGPUR COMMR
104,40,0,26,0,36,16,172,1079,2022,722,165,46,151,14,4,36,36,136,0,224,2214,7357,238,559,4009,197,165,0.0323501427212178,2003,0.0351021366517962,2004,MAHARASHTRA,NAGPUR COMMR.,MAHARASHTRA||NAGPUR COMMR
112,56,2,41,0,49,21,178,1107,2447,919,199,37,194,22,9,41,52,156,0,228,2613,8518,299,658,4673,231,199,0.0351021366517962,2004,0.0384174908901613,2005,MAHARASHTRA,NAGPUR COMMR.,MAHARASHTRA||NAGPUR COMMR
106,68,3,52,0,57,16,184,1236,2733,939,246,59,272,26,4,76,52,185,0,249,2961,9605,369,732,5118,331,246,0.0384174908901613,2005,0.0352317085376839,2006,MAHARASHTRA,NAGPUR COMMR.,MAHARASHTRA||NAGPUR COMMR
85,51,4,51,0,58,22,169,1275,2602,882,247,57,326,14,7,72,42,180,0,283,3389,9991,352,687,4942,383,247,0.0352317085376839,2006,0.0464712491063221,2007,MAHARASHTRA,NAGPUR COMMR.,MAHARASHTRA||NAGPUR COMMR
73,60,5,50,0,66,27,357,1141,2354,899,242,73,309,20,7,96,51,251,0,280,3261,9791,455,880,4771,382,242,0.0464712491063221,2007,0.0529961898164184,2008,MAHARASHTRA,NAGPUR COMMR.,MAHARASHTRA||NAGPUR COMMR
100,57,4,53,0,43,14,321,941,2062,871,258,77,336,16,7,91,71,237,0,269,2869,8661,459,850,4211,413,258,0.0529961898164184,2008,0.0491971740526653,2009,MAHARASHTRA,NAGPUR COMMR.,MAHARASHTRA||NAGPUR COMMR
12,1,0,2,0,0,6,20,2,762,8,18,5,7,2,2,4,0,0,0,3,170,1056,8,59,794,12,18,0.0075757575757575,2001,0.0028517110266159,2002,MAHARASHTRA,NAGPUR RLY.,MAHARASHTRA||NAGPUR RLY
7,2,1,0,0,0,8,16,2,797,9,8,5,2,1,0,2,1,0,0,2,166,1052,3,42,825,7,8,0.0028517110266159,2002,0.0059880239520958,2003,MAHARASHTRA,NAGPUR RLY.,MAHARASHTRA||NAGPUR RLY
8,2,0,1,0,2,1,12,3,940,7,4,3,2,0,0,5,1,0,0,2,139,1169,7,30,962,5,4,0.0059880239520958,2003,0.0064051240992794,2004,MAHARASHTRA,NAGPUR RLY.,MAHARASHTRA||NAGPUR RLY
5,1,0,2,0,2,2,13,1,1024,8,10,4,4,0,0,5,1,0,0,2,137,1249,8,35,1046,8,10,0.0064051240992794,2004,0.009009009009009,2005,MAHARASHTRA,NAGPUR RLY.,MAHARASHTRA||NAGPUR RLY
9,2,1,1,0,3,9,16,3,903,15,4,1,9,0,0,7,2,0,0,3,104,1110,10,45,937,10,4,0.009009009009009,2005,0.0073461891643709,2006,MAHARASHTRA,NAGPUR RLY.,MAHARASHTRA||NAGPUR RLY
7,3,0,0,0,2,9,24,1,874,7,16,1,5,3,1,5,2,0,0,4,109,1089,8,61,909,6,16,0.0073461891643709,2006,0.008729388942774,2007,MAHARASHTRA,NAGPUR RLY.,MAHARASHTRA||NAGPUR RLY
4,1,0,0,0,2,5,22,0,878,17,5,4,1,0,0,8,1,0,0,3,63,1031,9,39,917,5,5,0.008729388942774,2007,0.0088211708099438,2008,MAHARASHTRA,NAGPUR RLY.,MAHARASHTRA||NAGPUR RLY
5,7,0,1,0,3,10,17,1,1010,13,19,1,8,0,0,8,2,0,0,1,116,1247,11,62,1041,9,19,0.0088211708099438,2008,0.0086206896551724,2009,MAHARASHTRA,NAGPUR RLY.,MAHARASHTRA||NAGPUR RLY
101,56,6,81,0,23,7,58,501,1074,62,180,27,37,81,3,131,294,141,0,254,1574,5680,650,512,1776,64,180,0.1144366197183098,2001,0.0684741737581634,2002,MAHARASHTRA,NAGPUR RURAL,MAHARASHTRA||NAGPUR RURAL
95,35,1,66,0,25,10,61,401,998,76,132,24,38,90,7,114,61,98,0,306,1574,5053,346,425,1626,62,132,0.0684741737581634,2002,0.0656761412575366,2003,MAHARASHTRA,NAGPUR RURAL,MAHARASHTRA||NAGPUR RURAL
73,28,5,52,0,23,4,63,341,860,66,112,28,47,62,5,95,42,111,0,309,1613,4644,305,360,1392,75,112,0.0656761412575366,2003,0.0587633087633087,2004,MAHARASHTRA,NAGPUR RURAL,MAHARASHTRA||NAGPUR RURAL
71,27,7,48,0,27,5,49,321,1075,93,128,20,49,54,8,104,44,83,0,353,1573,4884,287,362,1592,69,128,0.0587633087633087,2004,0.0610591900311526,2005,MAHARASHTRA,NAGPUR RURAL,MAHARASHTRA||NAGPUR RURAL
67,28,7,51,0,19,14,60,283,1167,93,168,18,47,48,8,113,36,86,0,348,1565,4815,294,414,1651,65,168,0.0610591900311526,2005,0.0607000443066016,2006,MAHARASHTRA,NAGPUR RURAL,MAHARASHTRA||NAGPUR RURAL
74,24,1,37,0,24,9,40,239,948,72,144,21,67,44,5,120,45,67,0,371,1584,4514,274,353,1343,88,144,0.0607000443066016,2006,0.0538773669972948,2007,MAHARASHTRA,NAGPUR RURAL,MAHARASHTRA||NAGPUR RURAL
71,24,1,39,0,24,5,47,232,843,82,117,28,66,43,7,92,41,60,0,422,1610,4436,239,328,1247,94,117,0.0538773669972948,2007,0.0569301510838624,2008,MAHARASHTRA,NAGPUR RURAL,MAHARASHTRA||NAGPUR RURAL
77,45,5,37,0,24,11,37,236,891,118,138,37,66,43,7,89,32,95,0,471,1529,4567,260,374,1325,103,138,0.0569301510838624,2008,0.0542304795380366,2009,MAHARASHTRA,NAGPUR RURAL,MAHARASHTRA||NAGPUR RURAL
80,66,4,23,0,41,21,93,426,539,73,217,40,128,67,21,85,22,202,0,127,1655,5348,353,545,1198,168,217,0.0660059835452505,2001,0.0660458699775823,2002,MAHARASHTRA,NANDED,MAHARASHTRA||NANDED
83,85,0,29,0,40,20,100,373,542,84,191,21,110,72,24,83,6,241,0,137,2072,5799,383,548,1171,131,191,0.0660458699775823,2002,0.0622748327328872,2003,MAHARASHTRA,NANDED,MAHARASHTRA||NANDED
71,90,1,33,0,24,25,74,362,518,76,219,19,131,73,16,78,7,229,0,131,2211,5829,363,537,1103,150,219,0.0622748327328872,2003,0.0589062774749428,2004,MAHARASHTRA,NANDED,MAHARASHTRA||NANDED
91,82,3,31,0,23,24,68,395,619,96,235,23,79,72,16,78,12,198,0,152,1974,5687,335,557,1250,102,235,0.0589062774749428,2004,0.0723247232472324,2005,MAHARASHTRA,NANDED,MAHARASHTRA||NANDED
70,112,3,41,0,42,31,85,325,624,119,285,25,112,52,17,85,10,239,0,122,1769,5420,392,669,1205,137,285,0.0723247232472324,2005,0.0729080364540182,2006,MAHARASHTRA,NANDED,MAHARASHTRA||NANDED
71,73,7,33,0,35,17,74,344,518,123,330,14,119,74,16,82,0,221,0,157,1350,4828,352,640,1133,133,330,0.0729080364540182,2006,0.0762784701332187,2007,MAHARASHTRA,NANDED,MAHARASHTRA||NANDED
83,82,6,33,0,40,18,54,317,514,128,307,26,121,54,19,83,7,213,0,198,1332,4654,355,623,1067,147,307,0.0762784701332187,2007,0.0766010883214734,2008,MAHARASHTRA,NANDED,MAHARASHTRA||NANDED
88,57,5,23,0,29,32,64,345,477,143,311,17,117,41,8,77,6,252,0,213,1479,4778,366,609,1070,134,311,0.0766010883214734,2008,0.095171308355039,2009,MAHARASHTRA,NANDED,MAHARASHTRA||NANDED
44,20,0,16,0,6,4,5,68,132,19,80,12,13,4,2,27,1,78,0,59,268,1079,124,175,228,25,80,0.1149212233549582,2001,0.1281833616298811,2002,MAHARASHTRA,NANDURBAR,MAHARASHTRA||NANDURBAR
26,9,0,28,0,5,5,14,103,146,23,82,15,27,9,2,41,5,75,0,71,277,1178,151,169,295,42,82,0.1281833616298811,2002,0.1052221356196414,2003,MAHARASHTRA,NANDURBAR,MAHARASHTRA||NANDURBAR
43,13,0,10,0,10,10,11,89,134,21,91,9,23,5,2,34,12,77,0,94,335,1283,135,188,260,32,91,0.1052221356196414,2003,0.111467522052927,2004,MAHARASHTRA,NANDURBAR,MAHARASHTRA||NANDURBAR
35,17,0,20,0,9,5,5,78,197,33,68,12,29,5,1,30,6,82,0,89,320,1247,139,159,318,41,68,0.111467522052927,2004,0.1061643835616438,2005,MAHARASHTRA,NANDURBAR,MAHARASHTRA||NANDURBAR
27,22,0,19,0,3,5,6,56,168,21,65,14,43,2,3,21,8,73,0,88,309,1168,124,147,253,57,65,0.1061643835616438,2005,0.1145339652448657,2006,MAHARASHTRA,NANDURBAR,MAHARASHTRA||NANDURBAR
26,14,1,21,0,9,8,7,62,156,27,95,5,44,3,0,22,6,96,0,104,354,1266,145,181,255,49,95,0.1145339652448657,2006,0.0867637745408486,2007,MAHARASHTRA,NANDURBAR,MAHARASHTRA||NANDURBAR
32,19,1,14,0,3,8,13,55,213,41,90,14,39,7,3,24,2,94,0,117,533,1579,137,180,329,53,90,0.0867637745408486,2007,0.0886075949367088,2008,MAHARASHTRA,NANDURBAR,MAHARASHTRA||NANDURBAR
30,14,1,11,0,10,3,21,49,224,69,111,11,35,5,1,21,7,93,0,130,463,1501,133,201,368,46,111,0.0886075949367088,2008,0.105457227138643,2009,MAHARASHTRA,NANDURBAR,MAHARASHTRA||NANDURBAR
25,14,2,9,0,14,7,16,263,529,188,139,18,61,19,3,19,2,99,0,138,572,2195,132,226,1015,79,139,0.060136674259681,2001,0.0721935739785799,2002,MAHARASHTRA,NASIK COMMR.,MAHARASHTRA||NASIK COMMR
25,9,2,12,0,17,5,32,369,612,211,131,23,98,4,3,20,11,136,0,143,592,2521,182,233,1228,121,131,0.0721935739785799,2002,0.0641227380015735,2003,MAHARASHTRA,NASIK COMMR.,MAHARASHTRA||NASIK COMMR
27,20,1,11,0,14,13,31,375,705,241,86,25,101,4,4,18,14,116,0,153,586,2542,163,203,1356,126,86,0.0641227380015735,2003,0.0713737528779739,2004,MAHARASHTRA,NASIK COMMR.,MAHARASHTRA||NASIK COMMR
19,13,4,15,0,17,6,17,350,808,295,80,15,148,6,4,26,15,126,0,144,563,2606,186,171,1476,163,80,0.0713737528779739,2004,0.0684438040345821,2005,MAHARASHTRA,NASIK COMMR.,MAHARASHTRA||NASIK COMMR
28,17,2,21,0,16,4,19,387,836,365,97,15,168,5,0,35,13,121,0,160,586,2776,190,204,1612,183,97,0.0684438040345821,2005,0.0630294815316841,2006,MAHARASHTRA,NASIK COMMR.,MAHARASHTRA||NASIK COMMR
38,14,1,14,0,32,5,48,438,925,368,135,19,128,5,2,36,15,119,0,172,575,2951,186,287,1784,147,135,0.0630294815316841,2006,0.0577849117174959,2007,MAHARASHTRA,NASIK COMMR.,MAHARASHTRA||NASIK COMMR
33,26,1,7,0,21,5,50,460,1018,452,153,21,127,12,1,34,11,127,0,270,500,3115,180,296,1992,148,153,0.0577849117174959,2007,0.055599265670076,2008,MAHARASHTRA,NASIK COMMR.,MAHARASHTRA||NASIK COMMR
43,31,0,14,0,34,22,78,523,1353,668,186,28,166,10,5,42,10,141,0,293,545,3813,212,408,2632,194,186,0.055599265670076,2008,0.0542911332385016,2009,MAHARASHTRA,NASIK COMMR.,MAHARASHTRA||NASIK COMMR
92,54,1,39,0,17,40,36,280,447,90,518,57,54,69,7,74,37,339,0,495,1297,4880,496,797,922,111,518,0.101639344262295,2001,0.1210537319673844,2002,MAHARASHTRA,NASIK RURAL,MAHARASHTRA||NASIK RURAL
90,44,1,38,0,14,21,37,301,481,97,365,40,53,45,8,101,57,375,0,432,1252,4783,579,610,961,93,365,0.1210537319673844,2002,0.1208941605839416,2003,MAHARASHTRA,NASIK RURAL,MAHARASHTRA||NASIK RURAL
110,46,5,54,0,20,25,51,260,447,81,277,43,95,41,3,84,31,358,0,411,1201,4384,530,588,880,138,277,0.1208941605839416,2003,0.1252302025782689,2004,MAHARASHTRA,NASIK RURAL,MAHARASHTRA||NASIK RURAL
97,41,2,33,0,24,13,29,240,462,97,293,37,130,17,11,86,43,371,0,469,1122,4344,544,532,845,167,293,0.1252302025782689,2004,0.1251938843341458,2005,MAHARASHTRA,NASIK RURAL,MAHARASHTRA||NASIK RURAL
105,31,1,50,0,25,16,42,317,551,140,293,62,111,17,8,102,30,375,0,456,1137,4513,565,563,1067,173,293,0.1251938843341458,2005,0.118732955737361,2006,MAHARASHTRA,NASIK RURAL,MAHARASHTRA||NASIK RURAL
77,40,2,62,0,28,19,56,226,605,137,345,45,111,21,7,123,43,331,0,515,1262,4767,566,629,1045,156,345,0.118732955737361,2006,0.1065523576240049,2007,MAHARASHTRA,NASIK RURAL,MAHARASHTRA||NASIK RURAL
80,56,3,44,0,29,27,35,226,559,134,406,60,86,13,8,91,53,326,0,580,1364,4899,522,680,967,146,406,0.1065523576240049,2007,0.0921875,2008,MAHARASHTRA,NASIK RURAL,MAHARASHTRA||NASIK RURAL
90,55,1,36,0,33,32,36,175,559,156,374,56,113,11,5,61,24,287,0,560,1195,4480,413,657,937,169,374,0.0921875,2008,0.0909090909090909,2009,MAHARASHTRA,NASIK RURAL,MAHARASHTRA||NASIK RURAL
34,18,0,17,0,19,15,62,375,893,318,80,88,148,3,5,23,5,57,0,228,617,3063,107,245,1651,236,80,0.0349330721514854,2001,0.0322370563334418,2002,MAHARASHTRA,NAVI MUMBAI,MAHARASHTRA||NAVI MUMBAI
48,21,1,24,0,18,14,50,333,890,320,66,68,197,3,6,28,7,34,0,269,652,3071,99,242,1596,265,66,0.0322370563334418,2002,0.0391471513456833,2003,MAHARASHTRA,NAVI MUMBAI,MAHARASHTRA||NAVI MUMBAI
50,19,0,16,0,17,10,49,318,782,330,67,52,145,1,6,28,7,55,0,291,606,2861,112,228,1480,197,67,0.0391471513456833,2003,0.0292841648590021,2004,MAHARASHTRA,NAVI MUMBAI,MAHARASHTRA||NAVI MUMBAI
61,32,0,17,0,19,30,99,323,1086,518,97,41,174,4,2,33,5,51,0,369,776,3688,108,355,2030,215,97,0.0292841648590021,2004,0.0374707259953161,2005,MAHARASHTRA,NAVI MUMBAI,MAHARASHTRA||NAVI MUMBAI
51,21,2,19,0,15,21,71,395,1121,534,110,42,187,8,9,42,11,63,0,359,843,3843,144,310,2129,229,110,0.0374707259953161,2005,0.0335503254882323,2006,MAHARASHTRA,NAVI MUMBAI,MAHARASHTRA||NAVI MUMBAI
59,20,0,18,0,19,14,109,423,1226,629,121,56,164,9,7,39,11,59,0,384,798,3994,134,360,2396,220,121,0.0335503254882323,2006,0.0242295430393198,2007,MAHARASHTRA,NAVI MUMBAI,MAHARASHTRA||NAVI MUMBAI
45,22,1,17,0,16,35,118,452,1704,806,187,66,169,12,5,32,7,53,0,440,828,4705,114,441,3092,235,187,0.0242295430393198,2007,0.0271020059752454,2008,MAHARASHTRA,NAVI MUMBAI,MAHARASHTRA||NAVI MUMBAI
61,39,0,12,0,26,20,118,430,1722,918,194,58,199,5,1,31,11,72,0,376,840,4686,127,470,3193,257,194,0.0271020059752454,2008,0.0367104183757178,2009,MAHARASHTRA,NAVI MUMBAI,MAHARASHTRA||NAVI MUMBAI
48,13,1,16,0,8,8,29,189,349,45,101,17,34,26,2,52,6,102,0,171,626,2702,178,224,638,51,101,0.0658771280532938,2001,0.0775602409638554,2002,MAHARASHTRA,OSMANABAD,MAHARASHTRA||OSMANABAD
46,17,3,28,0,15,10,26,143,277,17,173,22,30,32,0,53,10,115,0,166,661,2656,206,318,495,52,173,0.0775602409638554,2002,0.0618268847227762,2003,MAHARASHTRA,OSMANABAD,MAHARASHTRA||OSMANABAD
38,16,2,12,0,7,6,17,191,329,41,153,20,25,15,3,37,11,92,0,176,629,2507,155,251,593,45,153,0.0618268847227762,2003,0.0727874276261373,2004,MAHARASHTRA,OSMANABAD,MAHARASHTRA||OSMANABAD
46,15,1,26,0,12,9,22,168,331,44,134,9,58,8,1,35,9,105,0,170,640,2418,176,265,573,67,134,0.0727874276261373,2004,0.0630987776676577,2005,MAHARASHTRA,OSMANABAD,MAHARASHTRA||OSMANABAD
41,19,0,22,0,7,15,23,207,434,42,111,7,58,23,1,42,8,118,0,199,1043,3027,191,238,729,65,111,0.0630987776676577,2005,0.0780911062906724,2006,MAHARASHTRA,OSMANABAD,MAHARASHTRA||OSMANABAD
58,27,0,37,0,10,26,39,257,506,59,177,27,98,23,3,57,5,150,0,212,751,3227,252,374,884,125,177,0.0780911062906724,2006,0.0917030567685589,2007,MAHARASHTRA,OSMANABAD,MAHARASHTRA||OSMANABAD
44,24,2,29,0,23,27,43,209,447,78,178,21,125,46,2,84,7,172,0,229,880,3206,294,370,823,146,178,0.0917030567685589,2007,0.095703125,2008,MAHARASHTRA,OSMANABAD,MAHARASHTRA||OSMANABAD
53,25,1,22,0,22,37,28,174,395,100,171,23,136,33,2,80,7,183,0,223,911,3072,294,359,730,159,171,0.095703125,2008,0.0924962852897474,2009,MAHARASHTRA,OSMANABAD,MAHARASHTRA||OSMANABAD
49,28,0,25,0,22,5,43,143,230,18,148,14,42,31,1,57,10,120,0,70,440,2475,213,320,465,56,148,0.086060606060606,2001,0.0929839391377852,2002,MAHARASHTRA,PARBHANI,MAHARASHTRA||PARBHANI
55,31,0,19,0,11,7,68,141,229,45,143,9,38,24,5,55,4,137,0,91,342,2366,220,334,507,47,143,0.0929839391377852,2002,0.0948936170212765,2003,MAHARASHTRA,PARBHANI,MAHARASHTRA||PARBHANI
52,30,1,13,0,12,26,56,151,205,38,131,7,60,25,7,49,5,149,0,77,325,2350,223,321,475,67,131,0.0948936170212765,2003,0.0822422258592471,2004,MAHARASHTRA,PARBHANI,MAHARASHTRA||PARBHANI
42,31,1,13,0,12,12,51,171,292,50,109,14,44,24,4,45,7,132,0,95,358,2444,201,271,588,58,109,0.0822422258592471,2004,0.083088543852287,2005,MAHARASHTRA,PARBHANI,MAHARASHTRA||PARBHANI
39,33,2,14,0,13,15,31,159,344,74,167,8,74,30,10,40,3,131,0,89,323,2383,198,314,638,82,167,0.083088543852287,2005,0.1062898089171974,2006,MAHARASHTRA,PARBHANI,MAHARASHTRA||PARBHANI
69,47,0,18,0,18,18,48,183,292,80,120,9,72,18,10,73,4,162,0,104,358,2512,267,338,621,81,120,0.1062898089171974,2006,0.0995260663507109,2007,MAHARASHTRA,PARBHANI,MAHARASHTRA||PARBHANI
47,39,3,22,0,14,26,53,181,290,75,114,14,57,30,8,54,6,183,0,126,322,2743,273,318,629,71,114,0.0995260663507109,2007,0.1058908565233104,2008,MAHARASHTRA,PARBHANI,MAHARASHTRA||PARBHANI
49,37,4,12,0,17,22,71,228,355,101,201,13,56,31,15,56,6,204,0,129,288,2767,293,413,786,69,201,0.1058908565233104,2008,0.1152141802067946,2009,MAHARASHTRA,PARBHANI,MAHARASHTRA||PARBHANI
71,44,3,56,0,46,14,98,840,2508,1277,903,84,347,16,2,54,105,147,1,300,2275,8936,365,1235,4739,431,903,0.0408460161145926,2001,0.0403339604891815,2002,MAHARASHTRA,PUNE COMMR.,MAHARASHTRA||PUNE COMMR
95,42,0,51,0,36,8,80,836,2447,1197,702,72,346,13,5,59,97,131,0,332,2088,8504,343,1014,4573,418,702,0.0403339604891815,2002,0.0409622149097923,2003,MAHARASHTRA,PUNE COMMR.,MAHARASHTRA||PUNE COMMR
110,54,4,40,0,46,11,97,868,2740,1568,531,63,462,7,2,61,92,166,0,368,2093,8813,361,893,5280,525,531,0.0409622149097923,2003,0.0373814394643853,2004,MAHARASHTRA,PUNE COMMR.,MAHARASHTRA||PUNE COMMR
100,76,3,63,0,70,24,130,843,3905,2076,524,67,433,9,0,67,98,174,0,427,2573,10754,402,990,6963,500,524,0.0373814394643853,2004,0.0408733181010408,2005,MAHARASHTRA,PUNE COMMR.,MAHARASHTRA||PUNE COMMR
106,85,7,79,0,102,27,190,1201,4322,2165,474,72,609,16,1,107,95,201,0,407,2418,11817,483,1070,7894,681,474,0.0408733181010408,2005,0.0444096133751306,2006,MAHARASHTRA,PUNE COMMR.,MAHARASHTRA||PUNE COMMR
104,99,4,77,0,108,31,219,1047,4068,2181,497,81,533,13,6,104,87,236,0,454,2443,11484,510,1139,7528,614,497,0.0444096133751306,2006,0.0372913090965829,2007,MAHARASHTRA,PUNE COMMR.,MAHARASHTRA||PUNE COMMR
126,126,8,66,0,122,37,232,1369,4653,2492,457,74,517,18,6,79,77,250,0,537,2726,12818,478,1174,8764,591,457,0.0372913090965829,2007,0.0385705398493122,2008,MAHARASHTRA,PUNE COMMR.,MAHARASHTRA||PUNE COMMR
137,141,5,92,0,110,37,379,1395,5509,3262,530,82,600,21,7,113,73,273,0,642,2924,14467,558,1431,10566,682,530,0.0385705398493122,2008,0.0347342576545349,2009,MAHARASHTRA,PUNE COMMR.,MAHARASHTRA||PUNE COMMR
4,1,2,0,0,0,1,4,0,302,1,3,1,3,0,0,3,0,0,0,0,52,386,3,15,307,4,3,0.0077720207253886,2001,0.0073349633251833,2002,MAHARASHTRA,PUNE RLY.,MAHARASHTRA||PUNE RLY
1,3,0,2,1,1,0,7,0,321,0,1,3,5,0,0,0,0,0,0,0,63,409,3,15,328,8,1,0.0073349633251833,2002,0.0153256704980842,2003,MAHARASHTRA,PUNE RLY.,MAHARASHTRA||PUNE RLY
0,0,0,3,0,0,0,4,0,192,1,2,0,3,1,0,1,0,0,0,2,50,261,4,9,198,3,2,0.0153256704980842,2003,0.0053763440860215,2004,MAHARASHTRA,PUNE RLY.,MAHARASHTRA||PUNE RLY
4,0,0,0,0,0,1,4,0,132,0,3,1,0,0,0,0,1,0,0,1,34,186,1,12,136,1,3,0.0053763440860215,2004,0.0144230769230769,2005,MAHARASHTRA,PUNE RLY.,MAHARASHTRA||PUNE RLY
1,1,0,0,0,0,2,5,0,159,2,3,2,1,0,0,2,1,0,0,0,28,208,3,12,166,3,3,0.0144230769230769,2005,0.0103448275862068,2006,MAHARASHTRA,PUNE RLY.,MAHARASHTRA||PUNE RLY
3,0,0,1,0,1,5,9,0,229,0,2,1,1,0,0,1,1,0,0,3,28,290,3,21,238,2,2,0.0103448275862068,2006,0.0,2007,MAHARASHTRA,PUNE RLY.,MAHARASHTRA||PUNE RLY
6,0,0,0,0,1,4,7,0,316,0,5,2,2,0,0,0,0,0,0,0,36,392,0,23,323,4,5,0.0,2007,0.0109890109890109,2008,MAHARASHTRA,PUNE RLY.,MAHARASHTRA||PUNE RLY
2,2,0,1,0,1,4,10,1,378,0,7,0,5,0,1,3,0,0,0,1,33,455,5,27,389,5,7,0.0109890109890109,2008,0.0018484288354898,2009,MAHARASHTRA,PUNE RLY.,MAHARASHTRA||PUNE RLY
119,41,6,42,0,24,23,70,301,635,168,150,35,46,28,5,64,11,165,0,698,1379,4380,287,475,1202,81,150,0.0655251141552511,2001,0.065294378043382,2002,MAHARASHTRA,PUNE RURAL,MAHARASHTRA||PUNE RURAL
141,37,7,42,0,16,16,61,296,706,251,185,33,41,23,4,60,14,175,0,757,1301,4518,295,505,1337,74,185,0.065294378043382,2002,0.0589417280643,2003,MAHARASHTRA,PUNE RURAL,MAHARASHTRA||PUNE RURAL
127,26,6,29,0,26,13,58,283,661,247,143,41,87,21,7,55,8,165,0,782,1364,4479,264,428,1270,128,143,0.0589417280643,2003,0.0579710144927536,2004,MAHARASHTRA,PUNE RURAL,MAHARASHTRA||PUNE RURAL
132,31,7,31,0,26,32,70,360,854,310,137,42,120,20,10,72,13,154,0,728,1477,4830,280,466,1614,162,137,0.0579710144927536,2004,0.0552124274752012,2005,MAHARASHTRA,PUNE RURAL,MAHARASHTRA||PUNE RURAL
123,43,2,46,0,33,39,75,382,983,322,181,69,141,32,6,57,14,172,0,759,1564,5343,295,542,1794,210,181,0.0552124274752012,2005,0.0584963215503319,2006,MAHARASHTRA,PUNE RURAL,MAHARASHTRA||PUNE RURAL
124,62,3,38,0,40,45,85,378,920,350,185,46,148,34,15,93,19,161,0,870,1677,5573,326,582,1767,194,185,0.0584963215503319,2006,0.0634208840486867,2007,MAHARASHTRA,PUNE RURAL,MAHARASHTRA||PUNE RURAL
130,51,12,59,0,41,37,73,377,1078,455,272,74,186,29,17,101,16,203,0,961,1832,6244,396,675,2012,260,272,0.0634208840486867,2007,0.0559654740359181,2008,MAHARASHTRA,PUNE RURAL,MAHARASHTRA||PUNE RURAL
146,77,26,66,0,46,34,89,588,1400,696,357,59,191,23,13,104,30,189,0,1027,1822,7183,402,841,2796,250,357,0.0559654740359181,2008,0.0593074167440626,2009,MAHARASHTRA,PUNE RURAL,MAHARASHTRA||PUNE RURAL
53,11,0,20,0,8,13,27,200,296,54,104,16,44,10,1,29,7,55,0,275,764,2218,112,236,587,60,104,0.0504959422903516,2001,0.0684039087947882,2002,MAHARASHTRA,RAIGAD,MAHARASHTRA||RAIGAD
43,21,0,29,0,12,24,38,169,278,49,144,19,54,17,13,40,11,54,0,283,619,2149,147,311,551,73,144,0.0684039087947882,2002,0.0610371730151445,2003,MAHARASHTRA,RAIGAD,MAHARASHTRA||RAIGAD
50,22,1,25,0,19,17,26,156,274,46,129,15,47,14,2,42,7,57,0,308,680,2179,133,289,516,62,129,0.0610371730151445,2003,0.0568876351669017,2004,MAHARASHTRA,RAIGAD,MAHARASHTRA||RAIGAD
61,14,0,19,0,13,24,19,148,253,41,146,37,46,12,2,50,3,47,0,264,693,2127,121,296,473,83,146,0.0568876351669017,2004,0.0628768303186907,2005,MAHARASHTRA,RAIGAD,MAHARASHTRA||RAIGAD
41,22,0,25,0,8,29,20,164,391,55,140,26,50,5,4,47,7,63,0,274,674,2322,146,285,635,76,140,0.0628768303186907,2005,0.0544611819235225,2006,MAHARASHTRA,RAIGAD,MAHARASHTRA||RAIGAD
54,27,3,25,0,15,27,28,198,480,66,159,31,56,9,0,43,15,58,0,306,709,2589,141,338,781,87,159,0.0544611819235225,2006,0.0631534922626516,2007,MAHARASHTRA,RAIGAD,MAHARASHTRA||RAIGAD
37,28,1,29,0,13,22,25,192,426,49,170,30,67,8,4,39,7,72,0,320,617,2391,151,325,700,97,170,0.0631534922626516,2007,0.0514313440077632,2008,MAHARASHTRA,RAIGAD,MAHARASHTRA||RAIGAD
43,31,3,17,0,6,15,14,112,320,68,143,27,59,2,5,33,10,41,0,321,592,2061,106,272,516,86,143,0.0514313440077632,2008,0.0487092060399415,2009,MAHARASHTRA,RAIGAD,MAHARASHTRA||RAIGAD
17,5,1,10,0,8,3,14,97,256,34,69,18,20,17,0,32,19,62,0,119,429,1431,123,127,418,38,69,0.0859538784067086,2001,0.0761047463175122,2002,MAHARASHTRA,RATNAGIRI,MAHARASHTRA||RATNAGIRI
26,6,0,13,0,5,1,12,144,175,23,49,11,22,19,0,41,16,23,0,103,343,1222,93,112,373,33,49,0.0761047463175122,2002,0.0786163522012578,2003,MAHARASHTRA,RATNAGIRI,MAHARASHTRA||RATNAGIRI
20,14,3,16,0,5,2,5,154,178,31,48,18,43,17,0,27,10,47,0,112,357,1272,100,113,385,61,48,0.0786163522012578,2003,0.0922367409684857,2004,MAHARASHTRA,RATNAGIRI,MAHARASHTRA||RATNAGIRI
16,8,1,23,0,6,2,12,154,196,27,76,20,34,23,1,40,12,44,0,126,318,1301,120,144,412,54,76,0.0922367409684857,2004,0.0946502057613168,2005,MAHARASHTRA,RATNAGIRI,MAHARASHTRA||RATNAGIRI
21,3,0,27,0,7,4,15,167,274,28,79,21,52,19,2,40,29,40,0,110,350,1458,138,156,503,73,79,0.0946502057613168,2005,0.0820073439412484,2006,MAHARASHTRA,RATNAGIRI,MAHARASHTRA||RATNAGIRI
16,7,2,25,0,9,5,9,194,273,51,105,33,48,20,1,32,24,52,0,128,440,1634,134,178,547,81,105,0.0820073439412484,2006,0.081875,2007,MAHARASHTRA,RATNAGIRI,MAHARASHTRA||RATNAGIRI
19,4,5,17,0,9,8,10,152,274,21,97,24,39,35,2,33,31,48,0,128,453,1600,131,169,492,63,97,0.081875,2007,0.0903267136450993,2008,MAHARASHTRA,RATNAGIRI,MAHARASHTRA||RATNAGIRI
18,15,1,26,0,15,4,10,118,236,45,91,27,61,27,0,33,27,55,0,152,447,1561,141,180,436,88,91,0.0903267136450993,2008,0.0819228165199729,2009,MAHARASHTRA,RATNAGIRI,MAHARASHTRA||RATNAGIRI
85,24,1,32,0,18,8,27,225,515,97,128,31,55,47,12,54,22,96,0,263,787,2999,216,323,911,86,128,0.0720240080026675,2001,0.0543154761904761,2002,MAHARASHTRA,SANGLI,MAHARASHTRA||SANGLI
97,29,0,33,0,22,13,22,225,446,104,107,25,90,29,4,38,8,63,0,289,734,2688,146,323,826,115,107,0.0543154761904761,2002,0.0692959823074087,2003,MAHARASHTRA,SANGLI,MAHARASHTRA||SANGLI
78,24,5,47,0,24,9,19,187,498,136,93,32,153,33,7,39,8,87,0,297,644,2713,188,299,873,185,93,0.0692959823074087,2003,0.061823802163833,2004,MAHARASHTRA,SANGLI,MAHARASHTRA||SANGLI
69,26,0,30,0,14,15,21,240,566,117,122,32,158,18,3,31,11,85,0,205,554,2588,160,297,962,190,122,0.061823802163833,2004,0.0677966101694915,2005,MAHARASHTRA,SANGLI,MAHARASHTRA||SANGLI
77,12,1,34,0,32,9,41,245,721,198,128,25,169,23,7,55,7,105,0,262,684,3068,208,334,1228,194,128,0.0677966101694915,2005,0.0697151424287856,2006,MAHARASHTRA,SANGLI,MAHARASHTRA||SANGLI
61,34,1,24,0,21,10,22,226,519,150,128,28,171,19,8,51,4,99,0,297,566,2668,186,301,936,199,128,0.0697151424287856,2006,0.0867597133157299,2007,MAHARASHTRA,SANGLI,MAHARASHTRA||SANGLI
74,24,0,28,0,18,11,23,182,518,134,148,19,132,30,11,72,3,116,0,304,535,2651,230,326,887,151,148,0.0867597133157299,2007,0.094534204193881,2008,MAHARASHTRA,SANGLI,MAHARASHTRA||SANGLI
46,27,6,42,0,21,5,25,217,615,217,176,19,166,28,12,67,14,140,0,316,573,2909,275,348,1102,185,176,0.094534204193881,2008,0.0612171407994238,2009,MAHARASHTRA,SANGLI,MAHARASHTRA||SANGLI
57,19,0,32,0,12,6,20,266,464,127,93,43,91,24,13,49,9,179,0,387,1210,3465,282,239,901,134,93,0.0813852813852813,2001,0.0757258305896438,2002,MAHARASHTRA,SATARA,MAHARASHTRA||SATARA
83,17,4,31,0,14,11,26,218,442,111,97,41,72,20,13,51,2,156,0,360,1189,3341,253,283,817,113,97,0.0757258305896438,2002,0.0720606826801517,2003,MAHARASHTRA,SATARA,MAHARASHTRA||SATARA
61,20,0,17,0,14,20,34,213,506,136,88,31,79,16,8,42,5,156,0,340,1097,3164,228,254,905,110,88,0.0720606826801517,2003,0.0742092457420924,2004,MAHARASHTRA,SATARA,MAHARASHTRA||SATARA
59,28,1,22,0,20,15,36,242,589,166,111,26,48,23,7,38,8,169,0,316,1094,3288,244,292,1056,74,111,0.0742092457420924,2004,0.0741329097167063,2005,MAHARASHTRA,SATARA,MAHARASHTRA||SATARA
59,32,7,31,0,26,17,43,339,753,168,144,31,96,30,6,61,2,180,0,328,1128,3777,280,359,1333,127,144,0.0741329097167063,2005,0.0852896833943571,2006,MAHARASHTRA,SATARA,MAHARASHTRA||SATARA
64,40,6,34,1,41,20,74,373,1043,221,167,45,82,36,8,88,10,255,0,365,1386,4643,396,446,1747,127,167,0.0852896833943571,2006,0.0876585928489042,2007,MAHARASHTRA,SATARA,MAHARASHTRA||SATARA
75,26,5,43,0,38,19,73,381,966,249,179,35,110,24,9,59,13,256,0,377,1157,4335,380,458,1693,145,179,0.0876585928489042,2007,0.0623651273198101,2008,MAHARASHTRA,SATARA,MAHARASHTRA||SATARA
60,27,6,30,0,21,24,73,404,1099,351,252,62,134,32,3,66,26,164,0,427,1226,4634,289,493,1959,196,252,0.0623651273198101,2008,0.0517241379310344,2009,MAHARASHTRA,SATARA,MAHARASHTRA||SATARA
14,4,1,7,0,2,1,4,125,106,17,17,12,13,11,0,20,13,8,0,66,225,821,48,50,263,25,17,0.0584652862362971,2001,0.0486555697823303,2002,MAHARASHTRA,SINDHUDURG,MAHARASHTRA||SINDHUDURG
18,7,0,11,0,4,6,8,97,96,16,43,8,9,16,1,14,1,11,0,73,205,781,38,97,233,17,43,0.0486555697823303,2002,0.0382716049382716,2003,MAHARASHTRA,SINDHUDURG,MAHARASHTRA||SINDHUDURG
14,4,1,8,0,8,4,8,97,93,13,38,17,9,10,1,16,3,3,0,56,239,810,31,85,221,26,38,0.0382716049382716,2003,0.0429835651074589,2004,MAHARASHTRA,SINDHUDURG,MAHARASHTRA||SINDHUDURG
10,4,2,5,0,5,0,11,74,105,15,45,4,12,11,0,18,5,6,0,80,261,791,34,82,216,16,45,0.0429835651074589,2004,0.0468933177022274,2005,MAHARASHTRA,SINDHUDURG,MAHARASHTRA||SINDHUDURG
15,8,2,4,0,4,7,4,119,110,15,45,9,12,14,0,20,12,4,0,62,259,853,40,89,262,21,45,0.0468933177022274,2005,0.0588235294117647,2006,MAHARASHTRA,SINDHUDURG,MAHARASHTRA||SINDHUDURG
15,6,2,9,0,4,1,3,80,126,21,39,12,44,11,3,13,10,13,0,75,222,816,48,79,241,56,39,0.0588235294117647,2006,0.0613810741687979,2007,MAHARASHTRA,SINDHUDURG,MAHARASHTRA||SINDHUDURG
17,3,1,9,0,4,0,6,101,132,9,48,9,20,11,4,13,14,8,0,68,196,782,48,88,259,29,48,0.0613810741687979,2007,0.0893081761006289,2008,MAHARASHTRA,SINDHUDURG,MAHARASHTRA||SINDHUDURG
6,7,1,8,0,2,0,4,85,120,18,36,10,23,15,0,34,15,14,0,73,220,795,71,64,242,33,36,0.0893081761006289,2008,0.0435779816513761,2009,MAHARASHTRA,SINDHUDURG,MAHARASHTRA||SINDHUDURG
30,14,1,16,0,15,7,32,165,306,98,70,7,49,3,6,15,4,62,0,82,449,1567,103,185,604,56,70,0.0657306955966815,2001,0.0695053224796493,2002,MAHARASHTRA,SOLAPUR COMMR.,MAHARASHTRA||SOLAPUR COMMR
27,39,2,30,0,13,31,18,203,313,85,109,7,42,10,4,10,5,62,0,68,420,1597,111,269,629,49,109,0.0695053224796493,2002,0.0671819262782401,2003,MAHARASHTRA,SOLAPUR COMMR.,MAHARASHTRA||SOLAPUR COMMR
22,15,2,15,0,15,9,45,160,351,104,66,19,116,10,4,19,3,72,0,76,463,1682,113,189,670,135,66,0.0671819262782401,2003,0.0552677029360967,2004,MAHARASHTRA,SOLAPUR COMMR.,MAHARASHTRA||SOLAPUR COMMR
20,13,0,19,0,10,6,39,207,360,103,55,8,121,3,2,13,2,60,0,81,517,1737,96,162,712,129,55,0.0552677029360967,2004,0.0583941605839416,2005,MAHARASHTRA,SOLAPUR COMMR.,MAHARASHTRA||SOLAPUR COMMR
24,15,0,20,0,10,11,38,214,344,150,89,11,102,4,1,17,11,47,0,85,410,1644,96,207,750,113,89,0.0583941605839416,2005,0.0587905935050391,2006,MAHARASHTRA,SOLAPUR COMMR.,MAHARASHTRA||SOLAPUR COMMR
15,28,0,12,0,16,9,49,223,351,131,92,9,115,7,2,22,10,59,0,89,481,1786,105,221,761,124,92,0.0587905935050391,2006,0.0722506393861892,2007,MAHARASHTRA,SOLAPUR COMMR.,MAHARASHTRA||SOLAPUR COMMR
22,24,0,12,0,16,4,34,120,319,122,69,12,88,7,0,15,5,81,0,90,465,1564,113,181,602,100,69,0.0722506393861892,2007,0.0653206650831353,2008,MAHARASHTRA,SOLAPUR COMMR.,MAHARASHTRA||SOLAPUR COMMR
17,15,1,24,0,12,3,32,119,464,212,57,11,97,2,0,17,3,66,0,97,448,1684,110,161,829,108,57,0.0653206650831353,2008,0.0716723549488054,2009,MAHARASHTRA,SOLAPUR COMMR.,MAHARASHTRA||SOLAPUR COMMR
101,30,3,35,0,23,19,29,134,365,65,162,33,30,29,6,40,12,90,0,384,967,3145,183,402,622,63,162,0.0581875993640699,2001,0.0500881834215167,2002,MAHARASHTRA,SOLAPUR RURAL,MAHARASHTRA||SOLAPUR RURAL
79,40,2,33,0,28,9,23,122,309,64,184,31,30,43,1,34,0,74,0,363,868,2835,142,398,561,61,184,0.0500881834215167,2002,0.0712074303405572,2003,MAHARASHTRA,SOLAPUR RURAL,MAHARASHTRA||SOLAPUR RURAL
112,50,6,44,0,22,10,34,173,367,67,153,26,35,30,4,52,0,130,0,395,854,3230,230,431,671,61,153,0.0712074303405572,2003,0.0836120401337792,2004,MAHARASHTRA,SOLAPUR RURAL,MAHARASHTRA||SOLAPUR RURAL
96,43,9,41,0,18,16,34,166,435,113,140,24,23,14,10,55,20,124,0,337,814,2990,250,397,762,47,140,0.0836120401337792,2004,0.0701754385964912,2005,MAHARASHTRA,SOLAPUR RURAL,MAHARASHTRA||SOLAPUR RURAL
97,38,8,40,0,26,20,52,199,465,132,193,26,31,20,6,54,9,127,0,349,969,3363,236,474,868,57,193,0.0701754385964912,2005,0.0758488499452354,2006,MAHARASHTRA,SOLAPUR RURAL,MAHARASHTRA||SOLAPUR RURAL
77,38,1,54,0,32,31,47,210,522,116,243,17,34,31,10,81,29,103,0,395,1086,3652,277,523,926,51,243,0.0758488499452354,2006,0.0611374407582938,2007,MAHARASHTRA,SOLAPUR RURAL,MAHARASHTRA||SOLAPUR RURAL
77,53,5,46,0,35,21,65,255,655,182,270,20,49,38,4,63,17,128,0,444,1288,4220,258,572,1195,69,270,0.0611374407582938,2007,0.0877118644067796,2008,MAHARASHTRA,SOLAPUR RURAL,MAHARASHTRA||SOLAPUR RURAL
88,59,0,63,0,48,27,82,290,682,190,303,30,90,53,9,101,0,241,0,451,1403,4720,414,670,1297,120,303,0.0877118644067796,2008,0.0779024600776866,2009,MAHARASHTRA,SOLAPUR RURAL,MAHARASHTRA||SOLAPUR RURAL
133,81,3,39,0,62,27,146,1022,1774,644,223,76,477,4,6,69,43,212,0,251,624,6616,369,714,3590,553,223,0.0557738814993954,2001,0.054681414550553,2002,MAHARASHTRA,THANE COMMR.,MAHARASHTRA||THANE COMMR
128,68,0,42,0,75,36,124,924,1615,636,229,70,446,32,3,91,40,175,0,247,1023,6419,351,702,3331,516,229,0.054681414550553,2002,0.045169946332737,2003,MAHARASHTRA,THANE COMMR.,MAHARASHTRA||THANE COMMR
111,63,4,51,0,58,23,148,929,1872,650,238,76,570,10,4,66,29,153,0,241,644,6708,303,696,3609,646,238,0.045169946332737,2003,0.0517430688992588,2004,MAHARASHTRA,THANE COMMR.,MAHARASHTRA||THANE COMMR
115,72,1,57,0,67,33,159,1089,2114,831,244,76,523,12,7,87,36,190,0,271,450,7286,377,748,4205,599,244,0.0517430688992588,2004,0.0594989561586638,2005,MAHARASHTRA,THANE COMMR.,MAHARASHTRA||THANE COMMR
106,52,3,60,0,85,29,146,1127,2042,844,288,84,564,17,1,110,39,246,0,283,509,7664,456,769,4176,648,288,0.0594989561586638,2005,0.0639591439688715,2006,MAHARASHTRA,THANE COMMR.,MAHARASHTRA||THANE COMMR
106,89,3,62,0,90,25,162,1156,2285,950,300,86,481,13,4,150,41,269,0,302,1346,8224,526,837,4566,567,300,0.0639591439688715,2006,0.0696891482437436,2007,MAHARASHTRA,THANE COMMR.,MAHARASHTRA||THANE COMMR
120,74,4,78,0,110,32,146,1136,2479,1010,323,97,477,24,20,148,20,355,0,352,1511,8911,621,887,4795,574,323,0.0696891482437436,2007,0.070155079649752,2008,MAHARASHTRA,THANE COMMR.,MAHARASHTRA||THANE COMMR
99,76,2,74,0,103,20,132,1210,2514,1157,381,121,592,20,12,149,46,384,0,390,1703,9479,665,887,5033,713,381,0.070155079649752,2008,0.0694879832810867,2009,MAHARASHTRA,THANE COMMR.,MAHARASHTRA||THANE COMMR
140,33,17,65,0,28,40,53,496,523,147,148,45,83,30,6,76,25,104,0,475,741,3780,276,524,1249,128,148,0.073015873015873,2001,0.0683291770573566,2002,MAHARASHTRA,THANE RURAL,MAHARASHTRA||THANE RURAL
122,41,21,51,0,35,42,81,485,588,195,174,35,79,37,16,100,26,81,0,564,695,4010,274,567,1386,114,174,0.0683291770573566,2002,0.0718562874251497,2003,MAHARASHTRA,THANE RURAL,MAHARASHTRA||THANE RURAL
149,49,7,51,0,32,33,85,476,537,106,208,64,103,20,6,101,23,107,0,519,774,4008,288,614,1224,167,208,0.0718562874251497,2003,0.0743529411764706,2004,MAHARASHTRA,THANE RURAL,MAHARASHTRA||THANE RURAL
144,44,5,60,0,42,37,83,494,623,184,193,54,112,25,10,100,41,105,0,486,818,4250,316,608,1409,166,193,0.0743529411764706,2004,0.0802173913043478,2005,MAHARASHTRA,THANE RURAL,MAHARASHTRA||THANE RURAL
140,51,2,66,0,47,45,86,452,648,219,226,38,137,23,5,132,33,133,0,565,1043,4600,369,663,1428,175,226,0.0802173913043478,2005,0.0806841046277666,2006,MAHARASHTRA,THANE RURAL,MAHARASHTRA||THANE RURAL
152,46,8,68,0,35,46,104,471,700,230,294,52,143,33,6,137,43,147,0,627,1096,4970,401,753,1538,195,294,0.0806841046277666,2006,0.0664514904119992,2007,MAHARASHTRA,THANE RURAL,MAHARASHTRA||THANE RURAL
128,39,6,67,0,46,49,92,513,853,267,300,42,126,22,7,108,29,139,0,679,1234,5267,350,727,1747,168,300,0.0664514904119992,2007,0.0628453038674033,2008,MAHARASHTRA,THANE RURAL,MAHARASHTRA||THANE RURAL
147,39,1,71,0,50,30,70,602,1101,396,310,48,159,37,7,128,24,134,0,709,1264,5792,364,718,2206,207,310,0.0628453038674033,2008,0.0529520295202952,2009,MAHARASHTRA,THANE RURAL,MAHARASHTRA||THANE RURAL
60,25,4,35,0,12,6,20,266,592,30,174,15,29,27,9,98,35,89,0,139,1051,3443,266,336,935,44,174,0.0772582050537322,2001,0.0738620097337532,2002,MAHARASHTRA,WARDHA,MAHARASHTRA||WARDHA
49,31,5,37,0,21,2,42,257,601,51,122,16,43,31,2,110,30,79,0,127,1137,3493,258,309,982,59,122,0.0738620097337532,2002,0.0470526037536346,2003,MAHARASHTRA,WARDHA,MAHARASHTRA||WARDHA
48,26,3,25,0,15,6,27,284,655,45,48,26,50,53,1,81,4,67,0,116,1451,3783,178,198,1064,76,48,0.0470526037536346,2003,0.0587757313109425,2004,MAHARASHTRA,WARDHA,MAHARASHTRA||WARDHA
42,25,3,31,0,25,6,41,241,619,39,65,18,43,63,5,104,7,70,0,135,1303,3692,217,238,1003,61,65,0.0587757313109425,2004,0.0716774514683922,2005,MAHARASHTRA,WARDHA,MAHARASHTRA||WARDHA
45,30,4,35,0,31,4,31,254,535,49,71,14,56,56,4,110,45,94,0,126,1548,4018,288,251,925,70,71,0.0716774514683922,2005,0.0721549636803874,2006,MAHARASHTRA,WARDHA,MAHARASHTRA||WARDHA
49,28,3,31,0,22,6,28,227,643,50,147,24,55,62,2,96,35,134,0,156,1602,4130,298,314,1010,79,147,0.0721549636803874,2006,0.0658221559860904,2007,MAHARASHTRA,WARDHA,MAHARASHTRA||WARDHA
49,32,3,31,0,26,4,37,248,654,66,88,16,48,72,0,107,35,92,0,169,1553,4026,265,270,1077,64,88,0.0658221559860904,2007,0.0711833371480888,2008,MAHARASHTRA,WARDHA,MAHARASHTRA||WARDHA
36,27,3,26,0,26,6,42,258,841,77,158,23,62,74,5,128,36,116,0,176,1513,4369,311,324,1292,85,158,0.0711833371480888,2008,0.0638455827765404,2009,MAHARASHTRA,WARDHA,MAHARASHTRA||WARDHA
29,21,3,15,0,13,7,17,121,409,21,65,5,5,22,10,60,10,116,0,61,441,1826,211,170,590,10,65,0.1155531215772179,2001,0.1018666666666666,2002,MAHARASHTRA,WASHIM,MAHARASHTRA||WASHIM
34,13,0,29,0,9,5,27,122,354,22,71,4,15,22,9,45,9,99,0,73,516,1875,191,188,547,19,71,0.1018666666666666,2002,0.1097498723838693,2003,MAHARASHTRA,WASHIM,MAHARASHTRA||WASHIM
27,24,1,15,0,13,11,21,100,323,18,75,7,21,33,9,60,12,119,0,74,497,1959,215,187,495,28,75,0.1097498723838693,2003,0.1101656963725929,2004,MAHARASHTRA,WASHIM,MAHARASHTRA||WASHIM
28,21,2,19,0,17,6,17,121,418,24,111,9,19,46,5,71,7,144,0,69,604,2233,246,221,626,28,111,0.1101656963725929,2004,0.1102099236641221,2005,MAHARASHTRA,WASHIM,MAHARASHTRA||WASHIM
24,24,1,12,0,15,7,17,115,432,24,102,6,17,25,10,63,7,139,0,74,554,2096,231,202,613,23,102,0.1102099236641221,2005,0.1153654898060666,2006,MAHARASHTRA,WASHIM,MAHARASHTRA||WASHIM
28,19,0,12,0,11,3,25,80,362,51,82,3,23,18,10,64,12,134,0,80,542,2011,232,180,536,26,82,0.1153654898060666,2006,0.1062645011600928,2007,MAHARASHTRA,WASHIM,MAHARASHTRA||WASHIM
22,19,3,14,0,19,6,22,121,395,42,88,9,35,32,8,62,14,131,0,99,566,2155,229,193,612,44,88,0.1062645011600928,2007,0.094059405940594,2008,MAHARASHTRA,WASHIM,MAHARASHTRA||WASHIM
30,29,0,20,0,22,8,36,119,469,50,117,18,33,25,2,59,18,110,0,93,588,2222,209,262,699,51,117,0.094059405940594,2008,0.1018387553041018,2009,MAHARASHTRA,WASHIM,MAHARASHTRA||WASHIM
56,45,10,56,0,37,3,33,232,788,67,106,17,45,25,12,125,27,177,0,179,1204,4157,397,346,1145,62,106,0.095501563627616,2001,0.0800649802738454,2002,MAHARASHTRA,YAVATMAL,MAHARASHTRA||YAVATMAL
76,67,2,65,0,36,5,37,299,780,67,110,23,51,41,17,104,17,142,0,185,1272,4309,345,398,1224,74,110,0.0800649802738454,2002,0.0906938195595548,2003,MAHARASHTRA,YAVATMAL,MAHARASHTRA||YAVATMAL
83,68,6,50,0,38,6,23,218,745,70,58,33,48,50,12,135,16,170,0,161,1304,4223,383,332,1106,81,58,0.0906938195595548,2003,0.0876550742322554,2004,MAHARASHTRA,YAVATMAL,MAHARASHTRA||YAVATMAL
79,62,13,62,0,42,7,33,275,1024,92,86,13,45,63,11,129,23,206,0,183,1374,4917,431,384,1487,58,86,0.0876550742322554,2004,0.0876999448428019,2005,MAHARASHTRA,YAVATMAL,MAHARASHTRA||YAVATMAL
72,73,9,59,0,43,10,64,328,1253,120,153,22,66,48,10,133,42,233,0,189,1566,5439,477,483,1813,88,153,0.0876999448428019,2005,0.0895179801071155,2006,MAHARASHTRA,YAVATMAL,MAHARASHTRA||YAVATMAL
61,87,10,66,0,37,8,66,250,1043,132,186,15,57,46,8,142,51,201,0,213,1673,5228,468,521,1537,72,186,0.0895179801071155,2006,0.0781976156799353,2007,MAHARASHTRA,YAVATMAL,MAHARASHTRA||YAVATMAL
70,50,7,49,0,32,9,66,263,994,141,119,20,63,45,8,129,27,174,0,221,1624,4949,387,402,1509,83,119,0.0781976156799353,2007,0.074300877730149,2008,MAHARASHTRA,YAVATMAL,MAHARASHTRA||YAVATMAL
74,55,5,43,0,34,4,55,259,980,130,147,20,38,56,6,114,30,171,0,280,1565,4899,364,417,1480,58,147,0.074300877730149,2008,0.0886021505376344,2009,MAHARASHTRA,YAVATMAL,MAHARASHTRA||YAVATMAL
29,25,1,1,0,3,3,2,6,11,1,11,3,3,7,0,0,0,1,0,0,98,226,2,75,27,6,11,0.0088495575221238,2001,0.0409556313993174,2002,MANIPUR,BISHNUPUR,MANIPUR||BISHNUPUR
24,23,0,2,0,20,1,0,5,9,0,5,4,8,2,0,9,0,1,0,1,112,293,12,75,16,12,5,0.0409556313993174,2002,0.0656934306569343,2003,MANIPUR,BISHNUPUR,MANIPUR||BISHNUPUR
22,42,1,2,0,10,0,0,6,11,0,8,0,6,1,0,16,0,0,0,0,103,274,18,85,18,6,8,0.0656934306569343,2003,0.03886925795053,2004,MANIPUR,BISHNUPUR,MANIPUR||BISHNUPUR
19,48,0,3,0,14,0,0,5,26,0,14,0,3,29,0,7,0,1,0,0,76,283,11,98,60,3,14,0.03886925795053,2004,0.0205882352941176,2005,MANIPUR,BISHNUPUR,MANIPUR||BISHNUPUR
30,38,0,3,0,7,0,0,5,19,0,6,0,8,4,0,3,0,1,0,0,178,340,7,84,28,8,6,0.0205882352941176,2005,0.0311418685121107,2006,MANIPUR,BISHNUPUR,MANIPUR||BISHNUPUR
14,27,1,1,0,9,0,0,1,18,1,4,8,6,4,0,6,0,2,0,1,149,289,9,56,24,14,4,0.0311418685121107,2006,0.0681198910081744,2007,MANIPUR,BISHNUPUR,MANIPUR||BISHNUPUR
31,31,1,4,0,9,0,0,5,38,6,11,3,9,3,0,21,0,0,0,0,139,367,25,87,52,12,11,0.0681198910081744,2007,0.0703363914373088,2008,MANIPUR,BISHNUPUR,MANIPUR||BISHNUPUR
16,43,0,3,0,14,0,0,9,35,9,6,0,13,2,0,16,0,4,0,0,105,327,23,82,55,13,6,0.0703363914373088,2008,0.044776119402985,2009,MANIPUR,BISHNUPUR,MANIPUR||BISHNUPUR
7,7,0,0,0,1,16,4,2,1,0,0,1,1,1,0,0,0,0,0,0,20,74,0,35,8,2,0,0.0,2001,0.0,2002,MANIPUR,CHANDEL,MANIPUR||CHANDEL
9,4,0,0,0,9,0,5,2,6,0,0,3,2,1,0,0,0,0,0,4,33,98,0,27,14,5,0,0.0,2002,0.0,2003,MANIPUR,CHANDEL,MANIPUR||CHANDEL
17,6,0,0,0,3,0,1,0,5,1,5,1,0,4,0,0,0,0,0,0,31,83,0,32,11,1,5,0.0,2003,0.015625,2004,MANIPUR,CHANDEL,MANIPUR||CHANDEL
6,13,0,1,0,1,0,0,5,4,0,0,0,0,0,0,0,0,0,0,0,32,64,1,21,9,0,0,0.015625,2004,0.0224719101123595,2005,MANIPUR,CHANDEL,MANIPUR||CHANDEL
20,10,0,0,0,1,4,2,2,3,0,0,2,3,11,0,2,0,0,0,0,24,89,2,37,18,5,0,0.0224719101123595,2005,0.0422535211267605,2006,MANIPUR,CHANDEL,MANIPUR||CHANDEL
14,12,0,2,0,2,0,2,1,6,1,2,0,2,4,0,1,0,0,0,0,17,71,3,34,14,2,2,0.0422535211267605,2006,0.0,2007,MANIPUR,CHANDEL,MANIPUR||CHANDEL
16,17,0,0,0,2,0,0,2,7,1,2,0,3,3,0,0,0,0,0,1,19,88,0,37,13,3,2,0.0,2007,0.0,2008,MANIPUR,CHANDEL,MANIPUR||CHANDEL
13,10,0,0,0,2,0,0,2,3,0,0,0,1,4,0,0,0,0,0,0,17,74,0,25,9,1,0,0.0,2008,0.0,2009,MANIPUR,CHANDEL,MANIPUR||CHANDEL
35,21,0,1,0,0,0,0,4,12,1,0,0,3,3,0,0,0,0,0,0,47,132,1,57,20,3,0,0.0075757575757575,2001,0.0092592592592592,2002,MANIPUR,CHURACHANDPUR,MANIPUR||CHURACHANDPUR
30,11,0,0,0,19,0,0,4,4,0,2,0,0,2,0,1,0,0,0,0,28,108,1,62,10,0,2,0.0092592592592592,2002,0.0206185567010309,2003,MANIPUR,CHURACHANDPUR,MANIPUR||CHURACHANDPUR
14,21,0,0,0,4,0,0,3,16,0,0,0,1,0,0,2,0,0,0,0,32,97,2,39,19,1,0,0.0206185567010309,2003,0.0,2004,MANIPUR,CHURACHANDPUR,MANIPUR||CHURACHANDPUR
26,18,2,0,0,7,0,0,3,8,0,0,0,1,0,0,0,0,0,0,0,54,120,0,53,11,1,0,0.0,2004,0.0114285714285714,2005,MANIPUR,CHURACHANDPUR,MANIPUR||CHURACHANDPUR
49,25,1,0,0,4,0,0,4,11,1,1,3,3,1,0,2,0,0,0,0,66,175,2,80,17,6,1,0.0114285714285714,2005,0.0946969696969697,2006,MANIPUR,CHURACHANDPUR,MANIPUR||CHURACHANDPUR
43,30,1,20,0,1,0,0,5,23,0,0,0,1,6,0,5,0,0,0,1,114,264,25,95,34,1,0,0.0946969696969697,2006,0.0063694267515923,2007,MANIPUR,CHURACHANDPUR,MANIPUR||CHURACHANDPUR
28,5,0,1,0,6,0,0,11,46,3,2,1,4,0,0,0,0,0,0,0,51,157,1,42,60,5,2,0.0063694267515923,2007,0.015267175572519,2008,MANIPUR,CHURACHANDPUR,MANIPUR||CHURACHANDPUR
18,5,1,2,0,5,0,0,9,14,6,0,0,6,2,0,0,0,0,0,0,64,131,2,31,31,6,0,0.015267175572519,2008,0.0454545454545454,2009,MANIPUR,CHURACHANDPUR,MANIPUR||CHURACHANDPUR
0,0,0,0,0,0,0,0,0,0,0,0,1,1,0,0,0,0,0,0,0,0,2,0,0,0,2,0,0.0,2008,0.0,2009,MANIPUR,CID,MANIPUR||CID
31,57,0,3,0,26,0,0,8,51,10,9,1,5,39,0,14,0,0,0,0,233,534,17,126,108,6,9,0.0318352059925093,2006,0.0098684210526315,2007,MANIPUR,IMPHAL EAST,MANIPUR||IMPHAL EAST
41,89,0,1,0,28,0,1,7,70,13,13,1,6,15,0,4,0,1,0,0,182,608,6,173,106,7,13,0.0098684210526315,2007,0.0386206896551724,2008,MANIPUR,IMPHAL EAST,MANIPUR||IMPHAL EAST
30,103,1,9,0,43,0,1,15,78,25,4,5,39,4,0,14,0,5,0,0,237,725,28,191,123,44,4,0.0386206896551724,2008,0.0373983739837398,2009,MANIPUR,IMPHAL EAST,MANIPUR||IMPHAL EAST
41,74,0,9,0,51,1,5,34,148,86,22,15,40,39,0,15,0,5,0,0,428,1058,29,203,312,55,22,0.0274102079395085,2006,0.0371567043618739,2007,MANIPUR,IMPHAL WEST,MANIPUR||IMPHAL WEST
61,130,0,7,0,64,1,3,30,228,100,18,11,40,16,0,28,0,11,0,0,408,1238,46,284,377,51,18,0.0371567043618739,2007,0.035264483627204,2008,MANIPUR,IMPHAL WEST,MANIPUR||IMPHAL WEST
42,192,2,12,0,60,0,0,27,219,138,18,17,38,15,1,22,0,7,0,1,376,1191,42,326,399,55,18,0.035264483627204,2008,0.0252100840336134,2009,MANIPUR,IMPHAL WEST,MANIPUR||IMPHAL WEST
29,29,2,7,0,13,0,1,12,28,16,24,6,16,8,0,2,0,1,0,0,128,337,10,105,65,22,24,0.029673590504451,2001,0.0332480818414322,2002,MANIPUR,IMPHAL(EAST),MANIPUR||IMPHAL(EAST)
24,27,3,4,0,25,2,0,7,39,22,8,2,11,6,0,9,0,0,0,0,170,391,13,93,74,13,8,0.0332480818414322,2002,0.0109170305676855,2003,MANIPUR,IMPHAL(EAST),MANIPUR||IMPHAL(EAST)
25,32,1,3,0,18,0,1,9,44,29,18,2,8,5,0,2,0,0,0,0,226,458,5,98,88,10,18,0.0109170305676855,2003,0.019271948608137,2004,MANIPUR,IMPHAL(EAST),MANIPUR||IMPHAL(EAST)
24,30,0,7,0,23,0,1,7,27,9,28,1,85,21,0,2,0,0,0,0,164,467,9,113,65,86,28,0.019271948608137,2004,0.0152963671128107,2005,MANIPUR,IMPHAL(EAST),MANIPUR||IMPHAL(EAST)
44,42,2,7,0,48,1,2,38,121,52,83,18,25,27,0,17,0,3,0,1,521,1084,27,229,240,43,83,0.0249077490774907,2001,0.0386138613861386,2002,MANIPUR,IMPHAL(WEST),MANIPUR||IMPHAL(WEST)
32,51,0,3,0,44,0,0,20,162,92,26,13,29,28,0,31,0,5,0,0,433,1010,39,156,302,42,26,0.0386138613861386,2002,0.0297555791710945,2003,MANIPUR,IMPHAL(WEST),MANIPUR||IMPHAL(WEST)
28,35,1,5,0,41,2,1,37,131,92,32,8,25,25,0,22,0,1,0,4,445,941,28,145,286,33,32,0.0297555791710945,2003,0.0265906932573599,2004,MANIPUR,IMPHAL(WEST),MANIPUR||IMPHAL(WEST)
28,58,1,9,0,38,1,1,40,142,98,55,13,42,25,0,19,0,0,0,34,439,1053,28,191,306,55,55,0.0265906932573599,2004,0.0236294896030245,2005,MANIPUR,IMPHAL(WEST),MANIPUR||IMPHAL(WEST)
27,10,0,0,0,6,0,1,2,9,0,2,3,1,2,0,0,0,0,0,0,111,176,0,46,14,4,2,0.0,2001,0.0,2002,MANIPUR,SENAPATI,MANIPUR||SENAPATI
13,11,0,0,0,1,0,0,2,6,0,2,2,2,0,0,0,0,0,0,0,91,130,0,27,8,4,2,0.0,2002,0.0,2003,MANIPUR,SENAPATI,MANIPUR||SENAPATI
17,13,2,0,0,7,1,1,1,3,0,5,1,4,4,0,0,0,0,0,0,70,132,0,46,9,5,5,0.0,2003,0.0,2004,MANIPUR,SENAPATI,MANIPUR||SENAPATI
7,11,0,0,0,7,0,1,1,8,0,5,6,2,0,0,0,0,0,0,0,69,117,0,31,10,8,5,0.0,2004,0.0,2005,MANIPUR,SENAPATI,MANIPUR||SENAPATI
10,12,0,0,0,3,0,1,1,7,0,0,1,3,19,0,0,0,0,0,1,59,120,0,26,28,4,0,0.0,2005,0.0,2006,MANIPUR,SENAPATI,MANIPUR||SENAPATI
13,7,1,0,0,6,1,1,0,19,2,2,2,0,0,0,0,0,0,0,0,54,108,0,31,22,2,2,0.0,2006,0.0068965517241379,2007,MANIPUR,SENAPATI,MANIPUR||SENAPATI
17,15,0,1,0,8,0,5,0,12,0,6,0,2,14,0,0,0,0,0,0,49,145,1,52,31,2,6,0.0068965517241379,2007,0.014388489208633,2008,MANIPUR,SENAPATI,MANIPUR||SENAPATI
14,6,0,2,0,6,0,3,4,23,2,6,0,0,1,0,0,0,0,0,1,51,139,2,37,33,0,6,0.014388489208633,2008,0.014388489208633,2009,MANIPUR,SENAPATI,MANIPUR||SENAPATI
2,1,0,0,0,0,0,0,1,4,0,0,0,0,3,0,0,0,0,0,1,0,14,0,3,8,0,0,0.0,2001,0.0,2002,MANIPUR,TAMENGLONG,MANIPUR||TAMENGLONG
3,3,0,0,0,4,0,0,0,6,0,0,0,0,2,0,0,0,0,0,0,8,28,0,10,8,0,0,0.0,2002,0.0,2003,MANIPUR,TAMENGLONG,MANIPUR||TAMENGLONG
3,3,0,0,0,0,0,0,0,5,0,0,0,0,1,0,0,0,0,0,0,11,24,0,6,6,0,0,0.0,2003,0.0,2004,MANIPUR,TAMENGLONG,MANIPUR||TAMENGLONG
1,1,0,0,0,5,0,0,0,7,0,0,1,1,0,0,0,0,0,0,0,21,37,0,7,7,2,0,0.0,2004,0.0212765957446808,2005,MANIPUR,TAMENGLONG,MANIPUR||TAMENGLONG
7,2,0,1,0,1,0,0,0,4,0,2,0,1,8,0,0,0,0,0,0,18,47,1,13,12,1,2,0.0212765957446808,2005,0.0,2006,MANIPUR,TAMENGLONG,MANIPUR||TAMENGLONG
9,5,0,0,0,0,0,0,0,6,0,2,0,0,5,0,0,0,0,0,1,11,40,0,16,11,0,2,0.0,2006,0.0,2007,MANIPUR,TAMENGLONG,MANIPUR||TAMENGLONG
3,4,0,0,0,2,0,0,0,5,1,2,0,0,1,0,0,0,0,0,0,20,38,0,11,7,0,2,0.0,2007,0.0,2008,MANIPUR,TAMENGLONG,MANIPUR||TAMENGLONG
3,3,0,0,0,2,0,0,0,4,1,1,0,0,0,0,0,0,0,0,0,10,27,0,9,5,0,1,0.0,2008,0.0,2009,MANIPUR,TAMENGLONG,MANIPUR||TAMENGLONG
32,32,0,4,0,22,0,6,8,20,1,11,2,17,13,0,1,0,0,0,5,156,403,5,107,48,19,11,0.0124069478908188,2001,0.0327868852459016,2002,MANIPUR,THOUBAL,MANIPUR||THOUBAL
27,29,0,4,0,34,0,0,3,18,1,21,3,20,6,0,8,0,4,0,20,181,488,16,115,28,23,21,0.0327868852459016,2002,0.0245901639344262,2003,MANIPUR,THOUBAL,MANIPUR||THOUBAL
22,42,1,8,0,34,0,1,10,33,2,5,4,32,4,0,1,0,3,0,0,188,488,12,113,50,36,5,0.0245901639344262,2003,0.0404624277456647,2004,MANIPUR,THOUBAL,MANIPUR||THOUBAL
38,46,0,11,0,32,0,0,3,14,1,10,3,7,10,0,2,0,1,0,1,125,346,14,137,28,10,10,0.0404624277456647,2004,0.0518672199170124,2005,MANIPUR,THOUBAL,MANIPUR||THOUBAL
46,38,1,7,0,20,0,0,5,27,3,9,12,9,9,0,3,0,15,0,1,207,482,25,121,44,21,9,0.0518672199170124,2005,0.0193965517241379,2006,MANIPUR,THOUBAL,MANIPUR||THOUBAL
36,52,1,5,0,35,0,0,6,18,5,17,10,27,7,0,1,0,3,0,0,167,464,9,146,36,37,17,0.0193965517241379,2006,0.0477941176470588,2007,MANIPUR,THOUBAL,MANIPUR||THOUBAL
39,74,1,6,0,27,1,1,12,40,26,16,2,25,8,0,17,0,3,0,0,175,544,26,165,87,27,16,0.0477941176470588,2007,0.0401234567901234,2008,MANIPUR,THOUBAL,MANIPUR||THOUBAL
46,126,0,9,0,44,1,3,8,62,42,11,1,46,10,0,5,0,12,0,0,148,648,26,240,125,47,11,0.0401234567901234,2008,0.0576131687242798,2009,MANIPUR,THOUBAL,MANIPUR||THOUBAL
4,1,0,0,0,1,0,3,2,11,0,0,0,0,0,0,1,0,0,0,0,16,43,1,9,16,0,0,0.0232558139534883,2001,0.0263157894736842,2002,MANIPUR,UKHRUL,MANIPUR||UKHRUL
3,1,0,1,0,1,0,1,1,5,0,0,1,0,1,0,0,0,0,0,0,18,38,1,7,8,1,0,0.0263157894736842,2002,0.025,2003,MANIPUR,UKHRUL,MANIPUR||UKHRUL
2,5,0,0,0,3,0,1,2,4,0,0,0,0,3,0,1,0,0,0,0,14,40,1,11,10,0,0,0.025,2003,0.0,2004,MANIPUR,UKHRUL,MANIPUR||UKHRUL
10,2,0,0,0,1,1,0,2,8,0,3,1,1,0,0,0,0,0,0,0,19,48,0,17,10,2,3,0.0,2004,0.0,2005,MANIPUR,UKHRUL,MANIPUR||UKHRUL
7,9,1,0,0,1,0,0,1,3,0,0,14,5,25,0,0,0,0,0,0,13,79,0,18,29,19,0,0.0,2005,0.0,2006,MANIPUR,UKHRUL,MANIPUR||UKHRUL
4,1,0,0,0,0,0,0,0,1,0,2,4,1,5,0,0,0,0,0,0,34,56,0,7,6,5,2,0.0,2006,0.0,2007,MANIPUR,UKHRUL,MANIPUR||UKHRUL
4,12,0,0,0,4,1,1,3,8,0,0,1,4,3,0,0,0,0,0,0,31,74,0,22,15,5,0,0.0,2007,0.0117647058823529,2008,MANIPUR,UKHRUL,MANIPUR||UKHRUL
5,10,0,1,0,0,0,0,2,8,0,2,0,17,3,0,0,0,0,0,0,30,85,1,18,13,17,2,0.0117647058823529,2008,0.0144927536231884,2009,MANIPUR,UKHRUL,MANIPUR||UKHRUL
16,9,0,2,0,5,7,14,7,16,0,1,2,1,1,0,2,0,0,0,0,39,134,4,54,38,3,1,0.0298507462686567,2001,0.0272727272727272,2002,MEGHALAYA,GARO HILLS EAST,MEGHALAYA||GARO HILLS EAST
10,13,0,1,0,5,5,5,10,25,0,2,1,2,0,0,2,0,0,0,0,18,110,3,41,40,3,2,0.0272727272727272,2002,0.0075757575757575,2003,MEGHALAYA,GARO HILLS EAST,MEGHALAYA||GARO HILLS EAST
14,16,1,1,0,7,4,6,19,20,0,3,0,3,5,0,0,0,0,0,0,21,132,1,52,50,3,3,0.0075757575757575,2003,0.010204081632653,2004,MEGHALAYA,GARO HILLS EAST,MEGHALAYA||GARO HILLS EAST
7,9,1,0,0,3,5,10,18,18,0,0,1,1,2,0,1,0,0,0,0,20,98,1,35,48,2,0,0.010204081632653,2004,0.0253164556962025,2005,MEGHALAYA,GARO HILLS EAST,MEGHALAYA||GARO HILLS EAST
10,6,1,4,0,7,11,7,11,33,0,9,2,6,7,0,0,0,0,0,0,28,158,4,55,58,8,9,0.0253164556962025,2005,0.0675675675675675,2006,MEGHALAYA,GARO HILLS EAST,MEGHALAYA||GARO HILLS EAST
18,8,2,3,0,6,10,8,9,25,1,0,1,2,1,0,7,0,0,0,0,37,148,10,55,44,3,0,0.0675675675675675,2006,0.0440251572327044,2007,MEGHALAYA,GARO HILLS EAST,MEGHALAYA||GARO HILLS EAST
9,10,1,4,0,6,8,0,20,32,0,22,1,0,6,0,3,0,0,0,0,28,159,7,60,58,1,22,0.0440251572327044,2007,0.0153846153846153,2008,MEGHALAYA,GARO HILLS EAST,MEGHALAYA||GARO HILLS EAST
10,5,3,1,0,10,8,3,10,27,6,2,0,1,0,0,1,0,0,0,0,38,130,2,42,46,1,2,0.0153846153846153,2008,0.059880239520958,2009,MEGHALAYA,GARO HILLS EAST,MEGHALAYA||GARO HILLS EAST
6,3,0,1,0,2,3,4,2,8,0,1,0,0,0,0,0,0,1,0,0,16,49,2,20,14,0,1,0.0408163265306122,2001,0.0175438596491228,2002,MEGHALAYA,GARO HILLS SOUTH,MEGHALAYA||GARO HILLS SOUTH
10,3,0,1,0,2,2,1,5,11,0,0,0,3,0,0,0,0,0,0,0,15,57,1,19,17,3,0,0.0175438596491228,2002,0.0869565217391304,2003,MEGHALAYA,GARO HILLS SOUTH,MEGHALAYA||GARO HILLS SOUTH
7,4,0,3,0,3,2,1,3,7,0,0,0,0,0,0,1,0,0,0,0,15,46,4,20,11,0,0,0.0869565217391304,2003,0.0303030303030303,2004,MEGHALAYA,GARO HILLS SOUTH,MEGHALAYA||GARO HILLS SOUTH
5,2,0,1,0,2,4,1,0,9,0,0,0,0,0,0,0,0,0,0,0,7,33,1,15,10,0,0,0.0303030303030303,2004,0.0408163265306122,2005,MEGHALAYA,GARO HILLS SOUTH,MEGHALAYA||GARO HILLS SOUTH
5,2,0,0,0,2,3,2,1,17,0,0,0,0,1,0,2,0,0,0,0,11,49,2,14,21,0,0,0.0408163265306122,2005,0.0188679245283018,2006,MEGHALAYA,GARO HILLS SOUTH,MEGHALAYA||GARO HILLS SOUTH
3,2,0,0,0,4,4,4,3,18,0,0,1,1,0,0,1,0,0,0,0,8,53,1,17,25,2,0,0.0188679245283018,2006,0.0188679245283018,2007,MEGHALAYA,GARO HILLS SOUTH,MEGHALAYA||GARO HILLS SOUTH
2,5,0,1,0,2,2,4,5,12,0,2,0,1,0,0,0,0,0,0,0,10,53,1,18,21,1,2,0.0188679245283018,2007,0.054054054054054,2008,MEGHALAYA,GARO HILLS SOUTH,MEGHALAYA||GARO HILLS SOUTH
4,1,0,2,0,2,5,1,1,12,0,0,0,1,0,0,0,0,0,0,0,8,37,2,15,14,1,0,0.054054054054054,2008,0.0612244897959183,2009,MEGHALAYA,GARO HILLS SOUTH,MEGHALAYA||GARO HILLS SOUTH
19,3,0,5,0,14,9,4,34,30,3,3,0,4,3,0,8,0,0,0,0,74,235,13,57,74,4,3,0.0553191489361702,2001,0.0663265306122449,2002,MEGHALAYA,GARO HILLS WEST,MEGHALAYA||GARO HILLS WEST
17,6,0,5,0,12,2,2,23,45,0,4,1,4,1,0,8,0,0,0,0,45,196,13,48,71,5,4,0.0663265306122449,2002,0.055,2003,MEGHALAYA,GARO HILLS WEST,MEGHALAYA||GARO HILLS WEST
24,8,12,6,0,18,13,17,21,24,0,0,0,4,3,0,5,0,0,0,0,30,200,11,98,65,4,0,0.055,2003,0.1084905660377358,2004,MEGHALAYA,GARO HILLS WEST,MEGHALAYA||GARO HILLS WEST
17,13,2,12,0,10,14,3,16,31,0,2,4,3,0,1,10,0,0,0,9,27,212,23,73,50,7,2,0.1084905660377358,2004,0.0524344569288389,2005,MEGHALAYA,GARO HILLS WEST,MEGHALAYA||GARO HILLS WEST
11,4,0,3,0,11,14,5,18,47,4,26,0,5,14,0,9,0,2,0,17,41,267,14,74,88,5,26,0.0524344569288389,2005,0.0991735537190082,2006,MEGHALAYA,GARO HILLS WEST,MEGHALAYA||GARO HILLS WEST
15,7,0,10,0,13,8,1,12,41,7,7,0,5,7,0,14,0,0,0,14,47,242,24,61,68,5,7,0.0991735537190082,2006,0.0786516853932584,2007,MEGHALAYA,GARO HILLS WEST,MEGHALAYA||GARO HILLS WEST
13,6,3,4,0,16,10,6,26,57,13,2,3,13,1,0,12,1,4,0,10,46,267,21,60,103,16,2,0.0786516853932584,2007,0.0881801125703564,2008,MEGHALAYA,GARO HILLS WEST,MEGHALAYA||GARO HILLS WEST
16,20,1,10,0,9,11,14,29,142,25,5,3,13,13,0,21,3,13,0,16,114,533,47,86,223,16,5,0.0881801125703564,2008,0.0727580372250423,2009,MEGHALAYA,GARO HILLS WEST,MEGHALAYA||GARO HILLS WEST
35,3,0,7,0,6,17,7,8,30,0,1,2,2,2,0,3,0,0,0,0,70,214,10,76,47,4,1,0.0467289719626168,2001,0.0308370044052863,2002,MEGHALAYA,JAINTIA HILLS,MEGHALAYA||JAINTIA HILLS
39,4,0,2,0,3,6,10,7,43,2,0,0,0,2,0,5,0,0,0,12,73,227,7,64,64,0,0,0.0308370044052863,2002,0.0416666666666666,2003,MEGHALAYA,JAINTIA HILLS,MEGHALAYA||JAINTIA HILLS
52,2,0,11,0,0,8,4,10,41,16,0,4,3,1,0,0,0,0,0,14,78,264,11,77,72,7,0,0.0416666666666666,2003,0.0524590163934426,2004,MEGHALAYA,JAINTIA HILLS,MEGHALAYA||JAINTIA HILLS
32,3,2,11,0,6,14,5,20,61,14,0,2,2,8,0,5,0,0,0,12,83,305,16,73,108,4,0,0.0524590163934426,2004,0.0699300699300699,2005,MEGHALAYA,JAINTIA HILLS,MEGHALAYA||JAINTIA HILLS
43,3,0,10,0,7,11,8,15,62,19,0,4,3,9,0,10,0,0,0,13,64,286,20,82,113,7,0,0.0699300699300699,2005,0.0804195804195804,2006,MEGHALAYA,JAINTIA HILLS,MEGHALAYA||JAINTIA HILLS
51,3,2,19,0,3,7,5,13,41,10,0,4,1,5,0,4,0,0,0,19,71,286,23,90,74,5,0,0.0804195804195804,2006,0.1019108280254777,2007,MEGHALAYA,JAINTIA HILLS,MEGHALAYA||JAINTIA HILLS
43,2,0,26,0,3,10,7,21,56,2,0,2,6,5,0,6,0,0,0,20,85,314,32,91,91,8,0,0.1019108280254777,2007,0.0737463126843657,2008,MEGHALAYA,JAINTIA HILLS,MEGHALAYA||JAINTIA HILLS
38,5,0,18,0,7,5,11,23,86,26,0,9,10,5,0,7,0,0,0,17,56,339,25,84,151,19,0,0.0737463126843657,2008,0.0835509138381201,2009,MEGHALAYA,JAINTIA HILLS,MEGHALAYA||JAINTIA HILLS
50,25,1,5,0,20,27,68,109,142,11,2,15,18,19,0,8,0,3,0,0,207,754,16,198,349,33,2,0.0212201591511936,2001,0.0311284046692607,2002,MEGHALAYA,KHASI HILLS EAST,MEGHALAYA||KHASI HILLS EAST
48,22,3,19,0,22,24,66,98,221,40,3,6,21,17,0,5,0,0,0,0,174,771,24,207,442,27,3,0.0311284046692607,2002,0.0285714285714285,2003,MEGHALAYA,KHASI HILLS EAST,MEGHALAYA||KHASI HILLS EAST
45,19,3,10,0,14,33,84,103,211,86,2,7,20,3,0,7,1,4,0,0,180,770,22,210,487,27,2,0.0285714285714285,2003,0.0472440944881889,2004,MEGHALAYA,KHASI HILLS EAST,MEGHALAYA||KHASI HILLS EAST
33,12,1,17,0,29,28,46,75,228,115,0,16,34,2,1,13,0,5,0,14,192,762,36,166,466,50,0,0.0472440944881889,2004,0.0485564304461942,2005,MEGHALAYA,KHASI HILLS EAST,MEGHALAYA||KHASI HILLS EAST
40,12,0,25,0,19,12,55,89,225,88,7,11,24,30,1,10,0,1,0,22,155,762,37,170,487,35,7,0.0485564304461942,2005,0.0799112097669256,2006,MEGHALAYA,KHASI HILLS EAST,MEGHALAYA||KHASI HILLS EAST
45,16,4,30,0,28,8,35,96,275,109,0,10,64,14,6,23,0,13,0,33,155,901,72,166,529,74,0,0.0799112097669256,2006,0.059244126659857,2007,MEGHALAYA,KHASI HILLS EAST,MEGHALAYA||KHASI HILLS EAST
21,19,3,32,0,22,9,30,108,270,62,3,9,136,21,2,11,0,13,0,38,171,979,58,139,491,145,3,0.059244126659857,2007,0.078125,2008,MEGHALAYA,KHASI HILLS EAST,MEGHALAYA||KHASI HILLS EAST
30,16,2,34,0,19,9,29,96,307,66,0,15,72,8,2,14,1,19,0,31,133,896,70,139,506,87,0,0.078125,2008,0.085820895522388,2009,MEGHALAYA,KHASI HILLS EAST,MEGHALAYA||KHASI HILLS EAST
16,2,0,4,0,0,19,16,0,23,0,0,0,1,0,0,2,0,0,0,0,39,125,6,57,39,1,0,0.048,2001,0.0840336134453781,2002,MEGHALAYA,KHASI HILLS WEST,MEGHALAYA||KHASI HILLS WEST
16,8,0,7,0,4,10,11,8,11,0,0,1,0,0,0,3,0,0,0,0,34,119,10,56,30,1,0,0.0840336134453781,2002,0.0659340659340659,2003,MEGHALAYA,KHASI HILLS WEST,MEGHALAYA||KHASI HILLS WEST
17,9,0,6,0,2,8,9,1,18,0,0,0,0,0,0,0,0,0,0,0,21,91,6,51,28,0,0,0.0659340659340659,2003,0.0975609756097561,2004,MEGHALAYA,KHASI HILLS WEST,MEGHALAYA||KHASI HILLS WEST
14,1,0,9,0,2,6,6,12,25,0,0,1,2,0,0,3,0,0,0,0,30,123,12,38,43,3,0,0.0975609756097561,2004,0.1085714285714285,2005,MEGHALAYA,KHASI HILLS WEST,MEGHALAYA||KHASI HILLS WEST
8,7,0,12,0,0,21,7,12,34,0,0,0,1,0,0,7,0,0,0,0,61,175,19,55,53,1,0,0.1085714285714285,2005,0.0508474576271186,2006,MEGHALAYA,KHASI HILLS WEST,MEGHALAYA||KHASI HILLS WEST
12,5,0,6,0,1,12,7,7,21,0,0,0,4,0,0,0,0,0,0,0,43,118,6,43,35,4,0,0.0508474576271186,2006,0.0787401574803149,2007,MEGHALAYA,KHASI HILLS WEST,MEGHALAYA||KHASI HILLS WEST
16,4,1,8,0,2,13,3,14,20,0,2,1,5,0,0,2,0,0,0,0,36,127,10,49,37,6,2,0.0787401574803149,2007,0.1168831168831168,2008,MEGHALAYA,KHASI HILLS WEST,MEGHALAYA||KHASI HILLS WEST
13,7,0,16,0,5,21,3,8,24,2,1,5,1,0,0,2,0,0,0,0,38,154,18,66,37,6,1,0.1168831168831168,2008,0.1121495327102803,2009,MEGHALAYA,KHASI HILLS WEST,MEGHALAYA||KHASI HILLS WEST
22,2,1,2,0,8,15,12,10,22,2,0,0,3,1,0,2,0,0,0,0,66,176,4,62,47,3,0,0.0227272727272727,2001,0.0163043478260869,2002,MEGHALAYA,RI-BHOI,MEGHALAYA||RI BHOI
27,2,0,3,0,4,15,14,3,36,9,0,0,3,3,0,0,0,0,0,0,60,184,3,65,65,3,0,0.0163043478260869,2002,0.0180722891566265,2003,MEGHALAYA,RI-BHOI,MEGHALAYA||RI BHOI
16,2,1,3,0,5,15,12,3,39,6,0,1,4,4,0,0,0,0,0,27,10,166,3,54,64,5,0,0.0180722891566265,2003,0.0273972602739726,2004,MEGHALAYA,RI-BHOI,MEGHALAYA||RI BHOI
16,2,1,4,0,2,20,10,1,46,9,0,1,2,3,0,2,0,0,0,16,75,219,6,55,69,3,0,0.0273972602739726,2004,0.081967213114754,2005,MEGHALAYA,RI-BHOI,MEGHALAYA||RI BHOI
17,1,1,9,0,2,9,11,2,58,5,0,1,0,9,0,6,0,0,0,9,21,183,15,50,85,1,0,0.081967213114754,2005,0.0748663101604278,2006,MEGHALAYA,RI-BHOI,MEGHALAYA||RI BHOI
13,1,0,6,0,2,8,5,0,49,8,0,0,6,1,0,8,0,0,0,2,77,187,14,35,63,6,0,0.0748663101604278,2006,0.1111111111111111,2007,MEGHALAYA,RI-BHOI,MEGHALAYA||RI BHOI
10,3,0,7,0,1,3,6,9,53,14,2,1,3,3,0,11,0,2,0,0,62,180,20,32,85,4,2,0.1111111111111111,2007,0.0698689956331877,2008,MEGHALAYA,RI-BHOI,MEGHALAYA||RI BHOI
15,1,0,7,0,4,4,4,1,71,12,0,0,6,2,0,9,0,0,0,0,93,229,16,35,90,6,0,0.0698689956331877,2008,0.1208333333333333,2009,MEGHALAYA,RI-BHOI,MEGHALAYA||RI BHOI
12,6,4,26,0,0,0,8,265,562,9,1,16,45,16,0,13,0,1,0,12,94,1126,40,57,860,61,1,0.0355239786856127,2001,0.0468417317246274,2002,MIZORAM,AIZAWL,MIZORAM||AIZAWL
5,18,0,36,0,4,0,2,228,542,17,0,19,58,10,0,28,0,2,0,0,415,1409,66,65,799,77,0,0.0468417317246274,2002,0.0277926242650988,2003,MIZORAM,AIZAWL,MIZORAM||AIZAWL
14,24,1,24,0,4,1,14,264,709,42,3,13,41,11,0,25,0,3,0,0,665,1871,52,85,1040,54,3,0.0277926242650988,2003,0.053731343283582,2004,MIZORAM,AIZAWL,MIZORAM||AIZAWL
10,7,1,6,0,6,3,2,70,350,0,1,6,5,6,0,30,0,0,0,0,150,670,36,36,428,11,1,0.053731343283582,2004,0.0411985018726591,2005,MIZORAM,AIZAWL,MIZORAM||AIZAWL
4,4,2,10,0,5,2,2,90,230,0,9,4,18,7,0,10,2,0,0,2,120,534,22,38,329,22,9,0.0411985018726591,2005,0.0561122244488977,2006,MIZORAM,AIZAWL,MIZORAM||AIZAWL
7,9,5,31,0,2,0,3,200,407,32,0,14,50,12,0,24,0,1,0,20,175,998,56,57,654,64,0,0.0561122244488977,2006,0.0710227272727272,2007,MIZORAM,AIZAWL,MIZORAM||AIZAWL
18,11,3,35,0,3,0,3,216,464,60,1,8,42,22,0,38,0,2,0,21,120,1056,75,74,765,50,1,0.0710227272727272,2007,0.0809426229508196,2008,MIZORAM,AIZAWL,MIZORAM||AIZAWL
12,7,4,39,0,1,0,3,157,393,22,1,23,36,4,0,36,0,4,0,30,173,976,79,67,579,59,1,0.0809426229508196,2008,0.0572519083969465,2009,MIZORAM,AIZAWL,MIZORAM||AIZAWL
2,1,0,7,0,1,0,0,37,51,1,0,2,8,1,0,7,0,0,0,0,69,203,14,11,90,10,0,0.0689655172413793,2001,0.0896226415094339,2002,MIZORAM,CHAMPHAI,MIZORAM||CHAMPHAI
6,1,0,9,0,0,0,1,47,45,2,0,0,5,3,0,10,0,0,0,0,66,212,19,17,98,5,0,0.0896226415094339,2002,0.0950226244343891,2003,MIZORAM,CHAMPHAI,MIZORAM||CHAMPHAI
6,1,1,10,0,1,0,2,39,67,2,0,1,4,1,0,11,0,0,0,0,56,221,21,21,111,5,0,0.0950226244343891,2003,0.0496894409937888,2004,MIZORAM,CHAMPHAI,MIZORAM||CHAMPHAI
6,4,0,3,0,2,1,1,50,50,0,0,4,2,3,0,5,0,0,0,0,20,161,8,17,104,6,0,0.0496894409937888,2004,0.0515021459227467,2005,MIZORAM,CHAMPHAI,MIZORAM||CHAMPHAI
4,3,1,5,0,1,0,0,70,60,0,3,1,3,1,0,7,0,0,0,0,60,233,12,17,131,4,3,0.0515021459227467,2005,0.1052631578947368,2006,MIZORAM,CHAMPHAI,MIZORAM||CHAMPHAI
2,0,1,12,0,0,0,1,42,73,8,0,3,7,4,0,6,0,0,0,6,0,171,18,16,128,10,0,0.1052631578947368,2006,0.0914634146341463,2007,MIZORAM,CHAMPHAI,MIZORAM||CHAMPHAI
5,2,0,12,0,0,0,0,32,65,3,0,1,8,3,0,3,0,0,0,2,19,164,15,19,103,9,0,0.0914634146341463,2007,0.0794701986754966,2008,MIZORAM,CHAMPHAI,MIZORAM||CHAMPHAI
4,1,0,7,0,1,0,0,27,72,0,0,3,4,1,0,5,0,0,0,3,13,151,12,13,100,7,0,0.0794701986754966,2008,0.1117647058823529,2009,MIZORAM,CHAMPHAI,MIZORAM||CHAMPHAI
3,1,1,6,0,0,0,0,19,83,1,1,4,5,6,0,15,0,0,0,7,53,216,21,12,109,9,1,0.0972222222222222,2001,0.05,2002,MIZORAM,KOLASIB,MIZORAM||KOLASIB
4,1,1,5,0,1,2,3,28,87,3,1,4,6,5,0,6,0,1,0,10,62,240,12,18,126,10,1,0.05,2002,0.0632411067193675,2003,MIZORAM,KOLASIB,MIZORAM||KOLASIB
5,2,1,5,0,2,3,3,33,77,4,0,0,2,3,0,11,0,0,0,10,81,253,16,21,120,2,0,0.0632411067193675,2003,0.0851063829787234,2004,MIZORAM,KOLASIB,MIZORAM||KOLASIB
4,2,0,2,0,1,1,1,5,5,0,0,1,2,1,0,2,0,0,0,0,5,47,4,11,12,3,0,0.0851063829787234,2004,0.0131578947368421,2005,MIZORAM,KOLASIB,MIZORAM||KOLASIB
2,1,0,2,0,0,0,0,30,70,0,0,0,2,1,0,0,0,0,0,0,40,152,2,5,101,2,0,0.0131578947368421,2005,0.0553359683794466,2006,MIZORAM,KOLASIB,MIZORAM||KOLASIB
4,1,0,8,0,2,6,0,32,72,0,0,4,6,4,0,6,0,0,0,0,97,253,14,21,108,10,0,0.0553359683794466,2006,0.0725806451612903,2007,MIZORAM,KOLASIB,MIZORAM||KOLASIB
9,1,0,12,0,1,0,1,47,83,0,0,2,3,7,0,6,0,0,0,6,57,248,18,24,138,5,0,0.0725806451612903,2007,0.0967741935483871,2008,MIZORAM,KOLASIB,MIZORAM||KOLASIB
2,1,1,9,0,4,3,1,34,84,0,0,1,3,1,0,11,0,1,0,7,43,217,21,21,120,4,0,0.0967741935483871,2008,0.0772946859903381,2009,MIZORAM,KOLASIB,MIZORAM||KOLASIB
2,0,0,2,0,0,1,0,10,25,0,0,0,2,1,0,0,0,0,0,0,112,160,2,5,36,2,0,0.0125,2001,0.037037037037037,2002,MIZORAM,LAWNGTLAI,MIZORAM||LAWNGTLAI
3,0,0,2,0,0,0,0,14,22,0,0,0,0,0,0,4,0,0,0,0,110,162,6,5,36,0,0,0.037037037037037,2002,0.0486111111111111,2003,MIZORAM,LAWNGTLAI,MIZORAM||LAWNGTLAI
6,3,0,1,0,0,1,0,7,50,1,0,0,1,1,0,6,0,0,0,0,62,144,7,11,59,1,0,0.0486111111111111,2003,0.0606060606060606,2004,MIZORAM,LAWNGTLAI,MIZORAM||LAWNGTLAI
3,1,0,1,0,1,1,1,20,30,0,0,4,3,3,0,5,0,0,0,0,20,99,6,8,54,7,0,0.0606060606060606,2004,0.0441767068273092,2005,MIZORAM,LAWNGTLAI,MIZORAM||LAWNGTLAI
3,3,0,2,0,2,0,1,60,70,0,5,1,10,2,2,6,1,0,0,0,70,249,11,16,133,11,5,0.0441767068273092,2005,0.0344827586206896,2006,MIZORAM,LAWNGTLAI,MIZORAM||LAWNGTLAI
3,0,0,1,0,0,1,0,14,18,18,0,3,1,0,0,2,0,0,0,0,41,87,3,5,50,4,0,0.0344827586206896,2006,0.064516129032258,2007,MIZORAM,LAWNGTLAI,MIZORAM||LAWNGTLAI
5,2,0,3,0,0,0,0,20,27,0,0,1,3,0,0,5,0,0,0,0,48,124,8,10,47,4,0,0.064516129032258,2007,0.0680272108843537,2008,MIZORAM,LAWNGTLAI,MIZORAM||LAWNGTLAI
3,1,0,8,0,0,0,0,18,32,0,0,0,6,1,0,2,0,0,0,0,63,147,10,12,51,6,0,0.0680272108843537,2008,0.0324675324675324,2009,MIZORAM,LAWNGTLAI,MIZORAM||LAWNGTLAI
5,4,0,3,0,0,1,0,47,120,5,0,1,5,0,0,11,0,0,0,0,27,229,14,13,172,6,0,0.0611353711790393,2001,0.0654761904761904,2002,MIZORAM,LUNGLEI,MIZORAM||LUNGLEI
2,2,0,11,0,0,0,0,71,173,4,0,3,10,5,0,11,0,0,0,0,32,336,22,15,253,13,0,0.0654761904761904,2002,0.0591549295774647,2003,MIZORAM,LUNGLEI,MIZORAM||LUNGLEI
6,2,0,6,0,0,0,2,59,205,8,0,4,7,4,0,15,0,0,0,0,25,355,21,16,278,11,0,0.0591549295774647,2003,0.048,2004,MIZORAM,LUNGLEI,MIZORAM||LUNGLEI
4,3,1,2,0,2,2,1,30,100,0,1,5,4,4,0,10,0,0,0,0,70,250,12,16,135,9,1,0.048,2004,0.0299145299145299,2005,MIZORAM,LUNGLEI,MIZORAM||LUNGLEI
4,4,1,6,0,2,1,2,80,200,0,5,2,10,6,0,8,0,0,0,2,120,468,14,25,288,12,5,0.0299145299145299,2005,0.0675105485232067,2006,MIZORAM,LUNGLEI,MIZORAM||LUNGLEI
2,1,0,9,0,0,0,1,78,90,0,0,3,6,1,0,7,0,0,0,0,35,237,16,13,170,9,0,0.0675105485232067,2006,0.0675105485232067,2007,MIZORAM,LUNGLEI,MIZORAM||LUNGLEI
2,1,0,9,0,0,0,1,78,90,0,0,3,6,1,0,7,0,0,0,0,35,237,16,13,170,9,0,0.0675105485232067,2007,0.0792452830188679,2008,MIZORAM,LUNGLEI,MIZORAM||LUNGLEI
8,0,0,8,0,2,0,2,53,100,4,0,5,6,8,0,13,0,0,0,8,34,265,21,20,167,11,0,0.0792452830188679,2008,0.105,2009,MIZORAM,LUNGLEI,MIZORAM||LUNGLEI
4,0,0,0,0,0,1,13,1,12,0,1,0,0,0,0,0,0,15,2,0,20,74,17,19,26,0,1,0.2297297297297297,2001,0.064516129032258,2002,MIZORAM,MAMIT,MIZORAM||MAMIT
1,0,0,4,0,0,1,0,16,18,0,0,0,3,1,0,0,0,0,0,3,8,62,4,6,35,3,0,0.064516129032258,2002,0.010752688172043,2003,MIZORAM,MAMIT,MIZORAM||MAMIT
2,2,0,1,0,0,0,0,18,34,0,0,0,1,1,0,0,0,0,0,0,26,93,1,5,53,1,0,0.010752688172043,2003,0.1052631578947368,2004,MIZORAM,MAMIT,MIZORAM||MAMIT
3,1,0,2,0,1,1,0,5,5,0,0,1,1,1,0,2,0,0,0,0,5,38,4,8,11,2,0,0.1052631578947368,2004,0.0865384615384615,2005,MIZORAM,MAMIT,MIZORAM||MAMIT
4,2,1,6,0,2,0,0,22,15,0,1,0,5,0,0,3,0,0,0,0,38,104,9,16,37,5,1,0.0865384615384615,2005,0.0461538461538461,2006,MIZORAM,MAMIT,MIZORAM||MAMIT
5,4,1,2,0,1,0,3,14,19,0,0,1,0,0,0,1,0,0,0,0,11,65,3,16,36,1,0,0.0461538461538461,2006,0.054054054054054,2007,MIZORAM,MAMIT,MIZORAM||MAMIT
1,2,1,1,0,0,0,0,28,24,0,0,1,1,3,0,3,0,0,0,4,3,74,4,5,55,2,0,0.054054054054054,2007,0.0806451612903225,2008,MIZORAM,MAMIT,MIZORAM||MAMIT
1,0,1,2,0,1,1,0,17,17,0,0,1,1,2,0,3,0,0,0,3,7,62,5,6,36,2,0,0.0806451612903225,2008,0.1346153846153846,2009,MIZORAM,MAMIT,MIZORAM||MAMIT
2,2,0,3,0,0,0,1,29,0,0,0,0,6,0,0,6,0,0,0,0,124,182,9,8,30,6,0,0.0494505494505494,2001,0.0644171779141104,2002,MIZORAM,SAIHA,MIZORAM||SAIHA
2,4,3,7,0,1,1,1,19,88,3,0,0,2,2,0,14,0,0,0,0,163,326,21,19,113,2,0,0.0644171779141104,2002,0.0416666666666666,2003,MIZORAM,SAIHA,MIZORAM||SAIHA
6,1,0,4,0,1,0,0,34,101,0,0,0,3,2,0,11,0,0,0,0,178,360,15,12,137,3,0,0.0416666666666666,2003,0.0774647887323943,2004,MIZORAM,SAIHA,MIZORAM||SAIHA
3,2,0,1,0,1,1,0,20,50,0,0,4,1,3,0,10,0,0,0,0,40,142,11,8,73,5,0,0.0774647887323943,2004,0.0518518518518518,2005,MIZORAM,SAIHA,MIZORAM||SAIHA
2,3,0,2,0,1,0,1,60,107,0,10,2,8,2,2,9,1,0,0,0,50,270,14,19,170,10,10,0.0518518518518518,2005,0.0432432432432432,2006,MIZORAM,SAIHA,MIZORAM||SAIHA
1,0,0,5,0,1,0,1,17,55,1,0,1,5,3,0,3,0,0,0,0,86,185,8,8,77,6,0,0.0432432432432432,2006,0.058252427184466,2007,MIZORAM,SAIHA,MIZORAM||SAIHA
2,0,0,3,0,0,0,0,19,29,0,0,2,0,0,0,3,0,0,0,1,36,103,6,5,48,2,0,0.058252427184466,2007,0.0128205128205128,2008,MIZORAM,SAIHA,MIZORAM||SAIHA
2,0,0,0,0,0,0,0,13,18,0,0,0,1,1,0,1,0,0,0,0,29,78,1,2,32,1,0,0.0128205128205128,2008,0.036144578313253,2009,MIZORAM,SAIHA,MIZORAM||SAIHA
1,1,0,5,0,1,0,1,9,25,1,0,0,0,0,0,0,0,0,1,4,0,56,6,9,36,0,0,0.1071428571428571,2001,0.0273972602739726,2002,MIZORAM,SERCHHIP,MIZORAM||SERCHHIP
6,0,1,2,0,1,1,0,23,24,1,0,0,1,1,0,0,0,0,0,0,8,73,2,11,49,1,0,0.0273972602739726,2002,0.0754716981132075,2003,MIZORAM,SERCHHIP,MIZORAM||SERCHHIP
1,1,0,3,0,0,0,0,33,60,0,0,1,1,0,0,9,0,0,0,1,39,159,12,5,93,2,0,0.0754716981132075,2003,0.0462962962962962,2004,MIZORAM,SERCHHIP,MIZORAM||SERCHHIP
2,1,0,3,0,1,0,0,50,20,0,0,5,2,1,0,2,0,0,0,0,10,108,5,7,71,7,0,0.0462962962962962,2004,0.0684931506849315,2005,MIZORAM,SERCHHIP,MIZORAM||SERCHHIP
1,4,0,4,0,0,0,0,30,25,0,2,1,2,1,0,6,0,0,0,0,60,146,10,11,56,3,2,0.0684931506849315,2005,0.0779220779220779,2006,MIZORAM,SERCHHIP,MIZORAM||SERCHHIP
1,4,0,4,0,0,0,1,25,24,1,0,1,3,1,0,2,0,0,0,0,9,77,6,10,52,4,0,0.0779220779220779,2006,0.1168831168831168,2007,MIZORAM,SERCHHIP,MIZORAM||SERCHHIP
1,2,0,8,0,0,0,0,17,26,1,0,2,3,2,0,1,0,0,0,0,12,77,9,11,46,5,0,0.1168831168831168,2007,0.1182795698924731,2008,MIZORAM,SERCHHIP,MIZORAM||SERCHHIP
3,0,0,4,0,0,0,0,19,31,1,0,1,0,0,0,7,0,0,0,2,16,93,11,7,51,1,0,0.1182795698924731,2008,0.1481481481481481,2009,MIZORAM,SERCHHIP,MIZORAM||SERCHHIP
36,5,4,4,0,13,4,89,55,114,48,0,10,7,0,0,0,0,0,0,14,99,464,4,155,306,17,0,0.0086206896551724,2001,0.0085653104925053,2002,NAGALAND,DIMAPUR,NAGALAND||DIMAPUR
32,7,1,3,0,19,9,91,58,128,52,1,6,3,2,0,1,0,0,0,12,66,467,4,163,331,9,1,0.0085653104925053,2002,0.0126050420168067,2003,NAGALAND,DIMAPUR,NAGALAND||DIMAPUR
15,2,3,2,0,12,2,54,20,74,17,0,1,1,0,0,0,0,0,1,21,9,238,3,90,165,2,0,0.0126050420168067,2003,0.006006006006006,2004,NAGALAND,DIMAPUR,NAGALAND||DIMAPUR
22,5,0,2,0,9,4,93,23,85,7,0,1,8,0,0,0,0,0,0,0,78,333,2,135,208,9,0,0.006006006006006,2004,0.02,2005,NAGALAND,DIMAPUR,NAGALAND||DIMAPUR
23,4,1,7,0,5,5,55,35,117,73,0,5,12,0,0,0,0,0,0,30,42,350,7,100,280,17,0,0.02,2005,0.028235294117647,2006,NAGALAND,DIMAPUR,NAGALAND||DIMAPUR
25,7,0,5,0,15,4,65,21,150,82,0,11,14,10,0,2,2,3,0,24,54,425,12,121,328,25,0,0.028235294117647,2006,0.0215686274509803,2007,NAGALAND,DIMAPUR,NAGALAND||DIMAPUR
30,8,0,5,0,7,2,49,64,209,161,1,4,15,2,0,5,1,0,0,34,62,510,11,102,485,19,1,0.0215686274509803,2007,0.0340501792114695,2008,NAGALAND,DIMAPUR,NAGALAND||DIMAPUR
64,13,1,6,0,31,2,66,66,182,135,0,12,15,6,0,11,0,2,0,30,43,558,19,183,455,27,0,0.0340501792114695,2008,0.0261194029850746,2009,NAGALAND,DIMAPUR,NAGALAND||DIMAPUR
1,0,0,0,0,0,0,0,2,5,0,0,0,0,0,0,0,0,0,0,0,10,18,0,1,7,0,0,0.0,2001,0.0909090909090909,2002,NAGALAND,KIPHIRE,NAGALAND||KIPHIRE
1,0,0,1,0,1,0,1,2,3,0,0,0,0,0,0,0,0,0,0,0,2,11,1,4,6,0,0,0.0909090909090909,2002,0.0625,2003,NAGALAND,KIPHIRE,NAGALAND||KIPHIRE
1,0,0,1,0,1,1,0,2,2,0,0,0,0,0,0,0,0,0,0,0,7,16,1,4,4,0,0,0.0625,2003,0.0,2004,NAGALAND,KIPHIRE,NAGALAND||KIPHIRE
0,1,0,0,0,0,2,1,0,10,0,0,0,0,0,0,0,0,0,0,0,6,21,0,4,11,0,0,0.0,2004,0.0,2005,NAGALAND,KIPHIRE,NAGALAND||KIPHIRE
0,0,1,0,0,0,0,0,2,2,0,0,0,0,0,0,0,0,0,0,0,14,19,0,1,4,0,0,0.0,2005,0.0,2006,NAGALAND,KIPHIRE,NAGALAND||KIPHIRE
1,0,0,0,0,0,0,0,0,1,0,0,0,0,0,0,0,0,0,0,0,6,9,0,1,1,0,0,0.0,2006,0.0,2007,NAGALAND,KIPHIRE,NAGALAND||KIPHIRE
3,1,0,0,0,0,0,0,1,2,0,0,0,1,0,0,0,0,0,0,0,11,19,0,4,3,1,0,0.0,2007,0.0,2008,NAGALAND,KIPHIRE,NAGALAND||KIPHIRE
4,0,0,0,0,0,0,0,0,6,0,0,0,0,0,0,0,0,0,0,0,11,21,0,4,6,0,0,0.0,2008,0.0,2009,NAGALAND,KIPHIRE,NAGALAND||KIPHIRE
25,16,0,6,0,3,2,19,30,66,40,0,7,16,0,0,6,0,0,0,0,131,335,12,71,155,23,0,0.035820895522388,2001,0.0398230088495575,2002,NAGALAND,KOHIMA,NAGALAND||KOHIMA
25,2,0,9,0,0,4,0,19,44,24,0,0,12,0,0,0,0,0,0,0,110,226,9,40,87,12,0,0.0398230088495575,2002,0.036734693877551,2003,NAGALAND,KOHIMA,NAGALAND||KOHIMA
28,10,0,5,0,2,4,16,19,53,13,0,0,5,0,0,4,0,0,0,0,96,245,9,65,101,5,0,0.036734693877551,2003,0.0594059405940594,2004,NAGALAND,KOHIMA,NAGALAND||KOHIMA
12,5,0,10,0,9,3,14,16,36,11,0,4,8,1,0,2,0,0,0,23,51,202,12,53,78,12,0,0.0594059405940594,2004,0.0196850393700787,2005,NAGALAND,KOHIMA,NAGALAND||KOHIMA
19,7,0,5,0,12,5,12,17,61,13,0,5,21,0,0,0,0,0,0,0,83,254,5,60,103,26,0,0.0196850393700787,2005,0.0300751879699248,2006,NAGALAND,KOHIMA,NAGALAND||KOHIMA
31,19,0,8,0,10,6,10,19,67,24,1,2,16,0,0,0,0,0,0,0,75,266,8,85,120,18,1,0.0300751879699248,2006,0.0201612903225806,2007,NAGALAND,KOHIMA,NAGALAND||KOHIMA
24,14,2,4,0,4,4,18,17,63,21,0,2,10,0,0,1,0,0,0,0,78,248,5,70,119,12,0,0.0201612903225806,2007,0.0497237569060773,2008,NAGALAND,KOHIMA,NAGALAND||KOHIMA
27,7,1,6,0,5,2,11,22,43,33,0,3,7,0,0,1,0,2,0,0,32,181,9,59,109,10,0,0.0497237569060773,2008,0.0337078651685393,2009,NAGALAND,KOHIMA,NAGALAND||KOHIMA
1,2,1,0,0,1,0,0,0,0,0,0,0,1,0,0,0,0,0,0,0,7,13,0,5,0,1,0,0.0,2007,0.0,2008,NAGALAND,LONGLENG,NAGALAND||LONGLENG
0,2,0,0,0,0,0,1,2,0,0,0,0,1,0,0,0,0,0,0,0,3,9,0,3,3,1,0,0.0,2008,0.0,2009,NAGALAND,LONGLENG,NAGALAND||LONGLENG
12,2,4,1,0,1,1,5,14,12,1,0,0,3,1,0,0,0,0,0,0,32,93,1,26,33,3,0,0.010752688172043,2001,0.0,2002,NAGALAND,MOKOKCHUNG,NAGALAND||MOKOKCHUNG
11,1,1,0,0,1,1,5,8,7,2,0,0,0,3,0,0,0,0,0,5,19,64,0,20,25,0,0,0.0,2002,0.029126213592233,2003,NAGALAND,MOKOKCHUNG,NAGALAND||MOKOKCHUNG
8,3,1,1,0,10,3,3,7,9,3,3,0,1,5,0,0,2,0,0,8,30,103,3,32,27,1,3,0.029126213592233,2003,0.032258064516129,2004,NAGALAND,MOKOKCHUNG,NAGALAND||MOKOKCHUNG
6,3,0,1,0,1,0,1,8,9,2,0,0,2,2,0,0,1,0,0,5,12,62,2,12,22,2,0,0.032258064516129,2004,0.0212765957446808,2005,NAGALAND,MOKOKCHUNG,NAGALAND||MOKOKCHUNG
3,2,1,0,0,0,0,1,10,9,3,0,1,1,1,0,1,0,0,0,3,8,47,1,7,24,2,0,0.0212765957446808,2005,0.0,2006,NAGALAND,MOKOKCHUNG,NAGALAND||MOKOKCHUNG
9,1,1,0,0,3,0,1,3,13,0,0,0,0,1,0,0,0,0,0,3,4,49,0,15,18,0,0,0.0,2006,0.0119047619047619,2007,NAGALAND,MOKOKCHUNG,NAGALAND||MOKOKCHUNG
17,3,0,1,0,3,1,2,10,13,8,3,0,1,0,0,0,0,0,0,7,18,84,1,30,33,1,3,0.0119047619047619,2007,0.0121951219512195,2008,NAGALAND,MOKOKCHUNG,NAGALAND||MOKOKCHUNG
15,3,8,1,0,3,0,2,12,16,6,2,0,2,1,0,0,0,0,0,8,4,82,1,34,37,2,2,0.0121951219512195,2008,0.0,2009,NAGALAND,MOKOKCHUNG,NAGALAND||MOKOKCHUNG
3,3,1,2,0,2,1,5,13,6,0,0,1,2,0,0,0,0,0,0,3,9,57,2,17,24,3,0,0.0350877192982456,2001,0.0,2002,NAGALAND,MON,NAGALAND||MON
1,1,0,0,0,1,2,3,12,17,2,0,0,3,0,0,0,0,0,0,4,13,64,0,8,34,3,0,0.0,2002,0.0238095238095238,2003,NAGALAND,MON,NAGALAND||MON
7,7,0,2,0,1,6,4,10,21,4,0,0,1,0,0,0,0,0,0,6,13,84,2,27,39,1,0,0.0238095238095238,2003,0.0,2004,NAGALAND,MON,NAGALAND||MON
6,6,0,0,0,2,3,4,2,33,2,0,1,6,0,0,0,0,0,0,2,21,96,0,21,41,7,0,0.0,2004,0.0238095238095238,2005,NAGALAND,MON,NAGALAND||MON
15,3,0,1,0,1,0,5,3,25,2,1,3,1,0,0,1,0,0,0,3,15,84,2,26,35,4,1,0.0238095238095238,2005,0.0259740259740259,2006,NAGALAND,MON,NAGALAND||MON
15,3,5,2,0,2,4,2,6,16,0,0,1,2,3,0,0,0,0,0,0,6,77,2,33,27,3,0,0.0259740259740259,2006,0.0175438596491228,2007,NAGALAND,MON,NAGALAND||MON
9,1,2,0,0,0,0,2,7,10,0,0,1,4,0,0,1,0,0,0,0,13,57,1,14,19,5,0,0.0175438596491228,2007,0.0238095238095238,2008,NAGALAND,MON,NAGALAND||MON
12,5,2,1,0,0,0,2,4,23,2,0,0,2,0,0,1,0,0,0,1,29,84,2,22,31,2,0,0.0238095238095238,2008,0.0,2009,NAGALAND,MON,NAGALAND||MON
0,2,0,0,0,0,0,1,9,4,0,0,0,1,0,0,0,0,0,0,0,11,28,0,3,14,1,0,0.0,2001,0.0,2002,NAGALAND,PEREN,NAGALAND||PEREN
4,9,0,0,0,0,0,0,2,5,0,0,0,1,1,0,0,0,0,0,0,8,31,0,13,8,1,0,0.0,2002,0.037037037037037,2003,NAGALAND,PEREN,NAGALAND||PEREN
4,0,2,1,0,4,0,2,3,5,0,0,0,0,0,0,0,0,0,0,3,1,27,1,13,10,0,0,0.037037037037037,2003,0.1428571428571428,2004,NAGALAND,PEREN,NAGALAND||PEREN
3,1,1,2,0,0,0,0,1,3,0,0,0,1,0,0,0,0,0,0,0,2,14,2,7,4,1,0,0.1428571428571428,2004,0.1666666666666666,2005,NAGALAND,PEREN,NAGALAND||PEREN
5,3,0,1,0,0,0,0,4,8,0,0,0,0,0,0,4,0,0,0,1,4,30,5,9,12,0,0,0.1666666666666666,2005,0.0256410256410256,2006,NAGALAND,PEREN,NAGALAND||PEREN
11,8,1,0,0,0,1,2,2,7,0,0,0,1,0,0,1,0,0,0,0,2,39,1,23,11,1,0,0.0256410256410256,2006,0.0,2007,NAGALAND,PEREN,NAGALAND||PEREN
3,0,0,0,0,1,0,1,5,8,1,0,0,0,1,0,0,0,0,0,0,7,28,0,5,16,0,0,0.0,2007,0.0555555555555555,2008,NAGALAND,PEREN,NAGALAND||PEREN
4,2,0,1,0,0,0,1,3,4,1,0,0,0,0,0,0,0,0,0,1,1,18,1,8,9,0,0,0.0555555555555555,2008,0.081081081081081,2009,NAGALAND,PEREN,NAGALAND||PEREN
7,4,0,1,0,2,2,2,9,7,0,0,0,0,0,0,0,0,0,0,0,12,51,1,18,18,0,0,0.0196078431372549,2001,0.0192307692307692,2002,NAGALAND,PHEK,NAGALAND||PHEK
5,4,3,1,0,4,2,6,2,8,0,0,1,0,0,0,0,0,0,0,0,11,52,1,25,16,1,0,0.0192307692307692,2002,0.0307692307692307,2003,NAGALAND,PHEK,NAGALAND||PHEK
8,4,2,2,0,6,3,5,10,3,0,1,0,0,0,0,0,0,0,0,0,17,65,2,31,18,0,1,0.0307692307692307,2003,0.0454545454545454,2004,NAGALAND,PHEK,NAGALAND||PHEK
6,2,2,1,0,0,0,0,5,4,0,0,1,2,1,0,1,0,0,0,0,13,44,2,11,10,3,0,0.0454545454545454,2004,0.0384615384615384,2005,NAGALAND,PHEK,NAGALAND||PHEK
2,1,1,1,0,2,2,4,5,9,1,0,1,2,1,0,1,0,0,0,0,14,52,2,13,20,3,0,0.0384615384615384,2005,0.0892857142857142,2006,NAGALAND,PHEK,NAGALAND||PHEK
9,2,1,5,0,0,1,2,3,11,1,0,2,2,0,0,0,0,0,0,0,11,56,5,20,17,4,0,0.0892857142857142,2006,0.02,2007,NAGALAND,PHEK,NAGALAND||PHEK
5,5,2,0,0,0,0,2,5,8,0,2,1,0,0,0,1,0,0,0,0,13,50,1,16,15,1,2,0.02,2007,0.0545454545454545,2008,NAGALAND,PHEK,NAGALAND||PHEK
9,8,1,2,0,1,1,0,2,8,0,0,0,1,0,0,1,0,0,0,0,17,55,3,22,10,1,0,0.0545454545454545,2008,0.0238095238095238,2009,NAGALAND,PHEK,NAGALAND||PHEK
1,3,0,0,0,0,1,2,7,5,0,0,2,2,0,0,0,0,0,0,0,18,41,0,7,14,4,0,0.0,2001,0.0222222222222222,2002,NAGALAND,TUENSANG,NAGALAND||TUENSANG
6,5,0,1,0,1,0,4,6,2,0,3,2,0,0,0,0,0,0,0,0,13,45,1,20,12,2,3,0.0222222222222222,2002,0.0,2003,NAGALAND,TUENSANG,NAGALAND||TUENSANG
9,1,0,0,0,0,0,3,9,11,0,4,1,1,0,0,0,0,0,0,0,16,56,0,17,23,2,4,0.0,2003,0.0172413793103448,2004,NAGALAND,TUENSANG,NAGALAND||TUENSANG
10,3,0,1,0,0,0,2,5,9,0,5,1,0,0,0,0,0,0,0,0,21,58,1,21,16,1,5,0.0172413793103448,2004,0.0129870129870129,2005,NAGALAND,TUENSANG,NAGALAND||TUENSANG
9,0,3,1,0,2,0,0,8,5,0,6,1,3,2,0,0,0,0,0,0,36,77,1,21,15,4,6,0.0129870129870129,2005,0.0222222222222222,2006,NAGALAND,TUENSANG,NAGALAND||TUENSANG
4,1,0,1,0,0,0,1,7,5,0,5,0,2,1,0,0,0,0,0,0,15,45,1,12,14,2,5,0.0222222222222222,2006,0.0,2007,NAGALAND,TUENSANG,NAGALAND||TUENSANG
7,4,0,0,0,1,0,0,4,9,0,6,3,1,1,0,0,0,0,0,0,13,51,0,18,14,4,6,0.0,2007,0.0277777777777777,2008,NAGALAND,TUENSANG,NAGALAND||TUENSANG
3,0,0,1,0,0,0,2,5,2,0,0,0,0,1,0,0,0,0,0,0,22,36,1,6,10,0,0,0.0277777777777777,2008,0.0714285714285714,2009,NAGALAND,TUENSANG,NAGALAND||TUENSANG
12,3,0,1,0,2,0,3,11,28,0,2,0,1,0,0,0,0,0,0,2,23,93,1,23,42,1,2,0.010752688172043,2001,0.0101010101010101,2002,NAGALAND,WOKHA,NAGALAND||WOKHA
6,3,0,1,0,0,3,0,11,36,0,1,1,0,0,0,0,0,0,0,3,24,99,1,14,47,1,1,0.0101010101010101,2002,0.0,2003,NAGALAND,WOKHA,NAGALAND||WOKHA
5,6,0,0,0,2,0,3,3,40,0,0,1,2,0,0,0,0,0,0,3,14,85,0,16,46,3,0,0.0,2003,0.0,2004,NAGALAND,WOKHA,NAGALAND||WOKHA
4,4,1,0,0,2,0,0,2,41,2,1,2,1,1,0,0,0,0,0,1,20,85,0,12,46,3,1,0.0,2004,0.0,2005,NAGALAND,WOKHA,NAGALAND||WOKHA
10,4,1,0,0,4,0,2,1,40,1,1,1,0,0,0,0,0,0,0,0,18,86,0,22,44,1,1,0.0,2005,0.0,2006,NAGALAND,WOKHA,NAGALAND||WOKHA
4,2,0,0,0,1,0,1,2,30,1,1,2,0,1,0,0,0,0,0,1,12,64,0,9,35,2,1,0.0,2006,0.0454545454545454,2007,NAGALAND,WOKHA,NAGALAND||WOKHA
8,7,0,3,0,0,0,1,1,23,2,2,0,1,1,0,0,0,0,0,2,6,66,3,21,28,1,2,0.0454545454545454,2007,0.0210526315789473,2008,NAGALAND,WOKHA,NAGALAND||WOKHA
5,5,0,0,0,4,1,1,0,42,2,2,1,2,6,0,1,1,0,0,4,10,95,2,18,51,3,2,0.0210526315789473,2008,0.0689655172413793,2009,NAGALAND,WOKHA,NAGALAND||WOKHA
4,1,0,2,0,0,0,3,13,11,0,0,0,2,0,0,0,0,0,0,0,18,54,2,10,27,2,0,0.037037037037037,2001,0.0181818181818181,2002,NAGALAND,ZUNHEBOTO,NAGALAND||ZUNHEBOTO
9,2,0,1,0,0,0,0,8,7,1,0,0,2,0,0,0,0,0,0,0,26,55,1,12,16,2,0,0.0181818181818181,2002,0.0,2003,NAGALAND,ZUNHEBOTO,NAGALAND||ZUNHEBOTO
6,1,0,0,0,0,0,2,12,3,0,0,0,0,0,0,0,0,0,0,0,31,57,0,9,17,0,0,0.0,2003,0.0144927536231884,2004,NAGALAND,ZUNHEBOTO,NAGALAND||ZUNHEBOTO
1,3,1,1,0,0,2,2,8,25,2,0,1,0,0,0,0,0,0,0,3,15,69,1,10,37,1,0,0.0144927536231884,2004,0.02,2005,NAGALAND,ZUNHEBOTO,NAGALAND||ZUNHEBOTO
1,2,0,1,0,0,0,1,8,18,4,0,0,1,0,0,0,0,0,0,0,18,50,1,5,31,1,0,0.02,2005,0.0273972602739726,2006,NAGALAND,ZUNHEBOTO,NAGALAND||ZUNHEBOTO
14,3,0,2,0,0,0,0,7,27,5,0,0,0,0,0,0,0,0,0,0,16,73,2,19,39,0,0,0.0273972602739726,2006,0.0,2007,NAGALAND,ZUNHEBOTO,NAGALAND||ZUNHEBOTO
4,5,1,0,0,0,0,0,4,15,1,1,2,0,0,0,0,0,0,0,0,14,54,0,11,20,2,1,0.0,2007,0.0158730158730158,2008,NAGALAND,ZUNHEBOTO,NAGALAND||ZUNHEBOTO
0,2,0,1,0,0,0,1,11,19,3,0,0,1,0,0,0,0,0,0,0,20,63,1,4,34,1,0,0.0158730158730158,2008,0.0714285714285714,2009,NAGALAND,ZUNHEBOTO,NAGALAND||ZUNHEBOTO
39,27,5,33,0,5,3,19,85,175,9,62,10,26,22,8,90,0,53,0,184,488,1461,184,193,310,36,62,0.1259411362080766,2001,0.0861214374225526,2002,ODISHA,ANGUL,ODISHA||ANGUL
40,43,2,25,0,15,7,27,69,127,10,105,3,19,16,8,53,4,49,0,133,826,1614,139,264,249,22,105,0.0861214374225526,2002,0.1146220570012391,2003,ODISHA,ANGUL,ODISHA||ANGUL
42,50,1,20,0,9,6,27,74,167,5,83,16,20,19,18,111,0,36,0,145,720,1614,185,238,292,36,83,0.1146220570012391,2003,0.0974060349391212,2004,ODISHA,ANGUL,ODISHA||ANGUL
51,40,0,27,0,10,12,19,92,222,12,94,14,36,13,13,81,0,63,0,197,881,1889,184,253,358,50,94,0.0974060349391212,2004,0.1118710307767464,2005,ODISHA,ANGUL,ODISHA||ANGUL
41,46,1,28,0,15,14,38,94,302,32,112,14,39,12,5,135,0,61,0,348,680,2047,229,295,478,53,112,0.1118710307767464,2005,0.0945817490494296,2006,ODISHA,ANGUL,ODISHA||ANGUL
39,43,1,41,0,16,15,47,107,316,35,144,11,39,12,12,97,13,36,0,130,955,2104,199,346,517,50,144,0.0945817490494296,2006,0.129324546952224,2007,ODISHA,ANGUL,ODISHA||ANGUL
54,71,1,38,0,37,11,61,111,370,68,141,9,22,31,16,199,18,43,0,148,958,2428,314,414,641,31,141,0.129324546952224,2007,0.1262288635469917,2008,ODISHA,ANGUL,ODISHA||ANGUL
53,64,0,47,0,49,17,62,129,380,67,149,9,24,27,16,186,11,61,0,170,1064,2543,321,441,665,33,149,0.1262288635469917,2008,0.1329399514057619,2009,ODISHA,ANGUL,ODISHA||ANGUL
17,10,2,58,0,37,12,43,175,164,17,76,10,27,26,36,92,9,68,0,0,1305,2341,263,255,425,37,76,0.1123451516445963,2001,0.1076305220883534,2002,ODISHA,BALASORE,ODISHA||BALASORE
23,6,0,47,0,35,12,33,148,178,32,73,10,27,27,28,81,26,86,0,0,1474,2490,268,229,418,37,73,0.1076305220883534,2002,0.0821218074656188,2003,ODISHA,BALASORE,ODISHA||BALASORE
45,26,1,49,0,40,6,51,137,186,15,58,12,32,14,30,61,25,44,0,0,1525,2545,209,276,403,44,58,0.0821218074656188,2003,0.1042332268370607,2004,ODISHA,BALASORE,ODISHA||BALASORE
29,21,0,44,0,35,7,32,138,197,34,46,10,21,23,41,129,19,28,0,0,1488,2504,261,214,424,31,46,0.1042332268370607,2004,0.1339009287925696,2005,ODISHA,BALASORE,ODISHA||BALASORE
27,18,3,43,0,41,6,31,151,251,28,55,20,38,21,32,132,17,122,0,0,1303,2584,346,224,482,58,55,0.1339009287925696,2005,0.1017743555406762,2006,ODISHA,BALASORE,ODISHA||BALASORE
35,40,3,59,0,50,3,29,195,261,48,48,17,58,28,46,145,26,28,0,3,1556,2987,304,267,561,75,48,0.1017743555406762,2006,0.0922416875223453,2007,ODISHA,BALASORE,ODISHA||BALASORE
36,33,1,55,0,51,17,40,172,290,45,47,26,31,23,35,113,23,32,0,1,1399,2797,258,280,570,57,47,0.0922416875223453,2007,0.1405636817695326,2008,ODISHA,BALASORE,ODISHA||BALASORE
31,44,1,50,0,47,12,37,201,321,84,34,47,53,29,27,76,24,217,0,3,284,2803,394,256,672,100,34,0.1405636817695326,2008,0.1415565345080763,2009,ODISHA,BALASORE,ODISHA||BALASORE
23,36,9,19,0,8,0,25,90,146,0,80,6,16,12,0,41,2,30,0,83,580,1244,92,200,273,22,80,0.0739549839228295,2001,0.0778395552025417,2002,ODISHA,BARAGARH,ODISHA||BARAGARH
22,36,2,12,0,4,16,19,61,119,17,91,8,15,17,3,50,4,29,0,107,568,1259,98,202,233,23,91,0.0778395552025417,2002,0.1486880466472303,2003,ODISHA,BARAGARH,ODISHA||BARAGARH
27,35,10,30,0,4,7,19,56,124,51,83,19,27,13,10,70,3,91,0,110,594,1372,204,215,263,46,83,0.1486880466472303,2003,0.1386704789135096,2004,ODISHA,BARAGARH,ODISHA||BARAGARH
33,40,2,22,0,14,6,19,58,155,27,81,4,32,12,8,63,11,90,0,93,611,1399,194,217,271,36,81,0.1386704789135096,2004,0.2422960725075528,2005,ODISHA,BARAGARH,ODISHA||BARAGARH
33,54,0,21,0,12,5,21,80,218,32,70,13,45,26,9,112,3,256,0,82,575,1655,401,216,377,58,70,0.2422960725075528,2005,0.1036734693877551,2006,ODISHA,BARAGARH,ODISHA||BARAGARH
37,28,3,17,0,13,11,25,66,133,21,75,5,21,17,17,69,7,17,0,92,535,1225,127,209,262,26,75,0.1036734693877551,2006,0.0738396624472573,2007,ODISHA,BARAGARH,ODISHA||BARAGARH
41,47,2,18,0,14,3,33,71,170,41,103,3,10,20,10,63,5,9,0,163,597,1422,105,261,335,13,103,0.0738396624472573,2007,0.0806345009914078,2008,ODISHA,BARAGARH,ODISHA||BARAGARH
35,77,0,29,0,8,4,29,78,150,25,100,4,39,17,9,64,6,14,0,138,643,1513,122,282,299,43,100,0.0806345009914078,2008,0.1169757489300998,2009,ODISHA,BARAGARH,ODISHA||BARAGARH
23,52,1,10,0,13,7,54,113,143,45,41,13,19,14,4,41,6,29,0,31,418,1270,90,201,369,32,41,0.0708661417322834,2001,0.0718085106382978,2002,ODISHA,BERHAMPUR,ODISHA||BERHAMPUR
30,56,2,10,0,7,7,48,70,126,43,42,6,21,3,7,41,1,22,0,52,341,1128,81,202,290,27,42,0.0718085106382978,2002,0.0765724703737465,2003,ODISHA,BERHAMPUR,ODISHA||BERHAMPUR
13,33,0,12,0,6,7,47,93,120,50,29,7,25,4,4,47,3,18,0,65,380,1097,84,147,314,32,29,0.0765724703737465,2003,0.1119791666666666,2004,ODISHA,BERHAMPUR,ODISHA||BERHAMPUR
18,47,3,16,0,13,4,43,56,164,45,36,8,31,3,6,54,0,53,0,70,518,1152,129,180,311,39,36,0.1119791666666666,2004,0.0984042553191489,2005,ODISHA,BERHAMPUR,ODISHA||BERHAMPUR
17,58,2,6,0,7,6,73,95,212,92,40,9,46,10,1,111,6,24,0,60,648,1504,148,209,482,55,40,0.0984042553191489,2005,0.1047297297297297,2006,ODISHA,BERHAMPUR,ODISHA||BERHAMPUR
18,39,0,12,0,15,11,41,101,173,57,49,7,39,10,9,87,5,11,0,51,412,1184,124,185,382,46,49,0.1047297297297297,2006,0.125,2007,ODISHA,BERHAMPUR,ODISHA||BERHAMPUR
16,36,0,4,0,8,3,27,91,133,52,37,17,47,10,9,98,4,17,0,64,359,1056,132,131,313,64,37,0.125,2007,0.1274787535410765,2008,ODISHA,BERHAMPUR,ODISHA||BERHAMPUR
12,51,0,23,0,22,4,29,77,128,46,45,11,33,20,4,90,9,9,0,71,224,1059,135,186,300,44,45,0.1274787535410765,2008,0.1539179104477611,2009,ODISHA,BERHAMPUR,ODISHA||BERHAMPUR
27,10,0,35,0,20,2,16,81,93,7,53,9,11,10,23,29,5,79,0,45,770,1354,171,163,207,20,53,0.1262924667651403,2001,0.0673281360737066,2002,ODISHA,BHADRAK,ODISHA||BHADRAK
26,36,5,27,0,18,4,16,60,56,10,76,2,15,10,12,35,9,12,0,62,916,1411,95,208,152,17,76,0.0673281360737066,2002,0.1163120567375886,2003,ODISHA,BHADRAK,ODISHA||BHADRAK
17,45,0,25,0,21,5,21,57,82,3,48,5,16,19,21,49,2,67,0,63,824,1410,164,182,182,21,48,0.1163120567375886,2003,0.1125150421179302,2004,ODISHA,BHADRAK,ODISHA||BHADRAK
23,39,0,31,0,17,5,13,56,95,13,39,8,22,14,8,63,15,70,0,55,1079,1662,187,167,191,30,39,0.1125150421179302,2004,0.1610465116279069,2005,ODISHA,BHADRAK,ODISHA||BHADRAK
17,32,0,37,0,18,1,16,61,101,13,34,6,34,16,9,90,25,116,0,61,1028,1720,277,155,207,40,34,0.1610465116279069,2005,0.0980511571254567,2006,ODISHA,BHADRAK,ODISHA||BHADRAK
39,32,0,45,0,20,4,16,61,98,13,31,12,40,15,23,58,18,17,0,64,1033,1642,161,187,203,52,31,0.0980511571254567,2006,0.1009227220299884,2007,ODISHA,BHADRAK,ODISHA||BHADRAK
30,20,0,42,0,21,7,23,59,68,12,37,18,42,15,36,76,10,11,0,74,1117,1734,175,180,177,60,37,0.1009227220299884,2007,0.1347449470644851,2008,ODISHA,BHADRAK,ODISHA||BHADRAK
34,20,13,58,0,46,8,23,68,107,18,36,10,46,18,16,73,27,106,0,60,1272,2078,280,238,234,56,36,0.1347449470644851,2008,0.1496026180458158,2009,ODISHA,BHADRAK,ODISHA||BHADRAK
32,10,4,19,0,16,3,20,56,112,6,51,8,38,10,4,91,11,61,0,0,554,1323,186,155,204,46,51,0.1405895691609977,2001,0.0868658790826963,2002,ODISHA,BOLANGIR,ODISHA||BOLANGIR
33,52,14,15,0,16,1,23,58,98,5,60,15,83,13,4,74,15,17,0,0,531,1439,125,214,197,98,60,0.0868658790826963,2002,0.0989077669902912,2003,ODISHA,BOLANGIR,ODISHA||BOLANGIR
24,48,0,25,0,4,0,26,72,123,5,100,10,48,10,0,95,5,38,0,6,936,1648,163,227,236,58,100,0.0989077669902912,2003,0.1091781643671265,2004,ODISHA,BOLANGIR,ODISHA||BOLANGIR
32,58,0,33,0,6,0,31,83,146,22,92,6,17,7,6,94,6,43,0,53,901,1667,182,252,289,23,92,0.1091781643671265,2004,0.1270820481184454,2005,ODISHA,BOLANGIR,ODISHA||BOLANGIR
39,80,3,37,0,40,0,35,72,171,41,66,5,27,13,11,126,10,22,0,48,786,1621,206,300,332,32,66,0.1270820481184454,2005,0.1306884480746791,2006,ODISHA,BOLANGIR,ODISHA||BOLANGIR
32,29,4,40,0,37,8,26,79,149,24,61,4,40,8,7,140,14,23,0,0,807,1714,224,237,286,44,61,0.1306884480746791,2006,0.1267379679144385,2007,ODISHA,BOLANGIR,ODISHA||BOLANGIR
38,61,0,53,0,26,7,37,71,143,21,102,10,48,14,16,144,6,18,0,67,920,1870,237,324,286,58,102,0.1267379679144385,2007,0.1112322791712104,2008,ODISHA,BOLANGIR,ODISHA||BOLANGIR
30,41,0,34,0,24,7,33,98,161,41,98,9,50,16,12,132,8,18,0,74,839,1834,204,267,349,59,98,0.1112322791712104,2008,0.1457238413760153,2009,ODISHA,BOLANGIR,ODISHA||BOLANGIR
9,6,0,6,0,5,0,5,23,39,0,24,3,4,20,1,21,3,6,0,9,196,415,37,55,87,7,24,0.0891566265060241,2001,0.0794044665012407,2002,ODISHA,BOUDH,ODISHA||BOUDH
12,15,0,2,0,3,0,4,17,28,0,18,3,1,16,1,21,3,5,0,10,197,403,32,54,65,4,18,0.0794044665012407,2002,0.1358024691358024,2003,ODISHA,BOUDH,ODISHA||BOUDH
14,6,0,11,0,6,0,9,23,40,0,15,4,2,9,1,32,1,10,0,11,186,405,55,61,81,6,15,0.1358024691358024,2003,0.1763224181360201,2004,ODISHA,BOUDH,ODISHA||BOUDH
9,4,1,7,0,4,2,3,28,42,0,22,0,2,9,2,41,1,19,0,0,40,397,70,52,82,2,22,0.1763224181360201,2004,0.1295843520782396,2005,ODISHA,BOUDH,ODISHA||BOUDH
16,4,0,7,0,2,0,4,18,31,0,13,1,2,7,3,35,2,6,0,0,122,409,53,46,60,3,13,0.1295843520782396,2005,0.1487068965517241,2006,ODISHA,BOUDH,ODISHA||BOUDH
8,4,0,4,0,3,0,5,23,36,0,15,9,3,7,1,49,6,9,0,0,107,464,69,39,71,12,15,0.1487068965517241,2006,0.1608247422680412,2007,ODISHA,BOUDH,ODISHA||BOUDH
10,4,0,9,0,5,2,4,21,27,1,40,1,0,8,1,59,1,8,0,0,114,485,78,74,61,1,40,0.1608247422680412,2007,0.1749460043196544,2008,ODISHA,BOUDH,ODISHA||BOUDH
10,8,0,5,0,2,1,2,16,23,2,41,8,1,19,3,61,3,9,0,0,71,463,81,69,62,9,41,0.1749460043196544,2008,0.1325301204819277,2009,ODISHA,BOUDH,ODISHA||BOUDH
35,143,0,34,0,43,21,121,306,738,90,33,27,105,28,39,42,1,125,0,0,2416,4258,241,430,1283,132,33,0.056599342414279,2001,0.0572429906542056,2002,ODISHA,CUTTACK,ODISHA||CUTTACK
47,140,0,32,0,38,23,135,287,719,242,78,19,77,26,3,69,10,131,0,545,1823,4280,245,493,1409,96,78,0.0572429906542056,2002,0.0574654956085319,2003,ODISHA,CUTTACK,ODISHA||CUTTACK
47,143,138,32,0,32,17,113,303,576,219,56,26,94,23,47,27,1,122,0,146,1997,3985,229,578,1234,120,56,0.0574654956085319,2003,0.0727410017618927,2004,ODISHA,CUTTACK,ODISHA||CUTTACK
41,120,0,45,0,51,29,129,296,729,303,77,20,84,17,50,64,4,126,0,173,1729,3973,289,492,1474,104,77,0.0727410017618927,2004,0.0619490111984751,2005,ODISHA,CUTTACK,ODISHA||CUTTACK
34,119,0,29,0,71,13,135,317,777,279,82,25,96,11,39,24,6,162,0,153,1765,4197,260,483,1519,121,82,0.0619490111984751,2005,0.0468150422102839,2006,ODISHA,CUTTACK,ODISHA||CUTTACK
44,0,0,46,0,56,8,90,288,652,255,65,22,124,16,49,48,4,36,0,519,1642,3909,183,309,1301,146,65,0.0468150422102839,2006,0.0472059198775197,2007,ODISHA,CUTTACK,ODISHA||CUTTACK
42,40,0,41,0,68,13,136,261,753,261,104,8,79,23,48,47,13,36,0,571,1546,3919,185,444,1434,87,104,0.0472059198775197,2007,0.0908300738809213,2008,ODISHA,CUTTACK,ODISHA||CUTTACK
26,38,0,35,0,35,7,44,117,199,27,37,8,43,22,31,16,3,124,0,271,1178,2301,209,222,409,51,37,0.0908300738809213,2008,0.0912915439629785,2009,ODISHA,CUTTACK,ODISHA||CUTTACK
51,58,2,36,0,45,14,106,334,1216,578,68,13,243,12,23,61,7,38,0,164,783,4056,165,380,2246,256,68,0.040680473372781,2008,0.0378843788437884,2009,ODISHA,DCP BBSR,ODISHA||DCP BBSR
14,21,51,18,0,21,15,66,138,581,248,27,7,51,4,15,18,3,55,0,269,475,1912,109,233,1037,58,27,0.0570083682008368,2008,0.0606751824817518,2009,ODISHA,DCP CTC,ODISHA||DCP CTC
16,2,1,8,0,4,3,7,23,22,0,17,1,2,2,2,33,0,8,0,15,37,363,51,58,54,3,17,0.140495867768595,2001,0.1547344110854503,2002,ODISHA,DEOGARH,ODISHA||DEOGARH
12,9,0,7,0,5,6,2,17,21,3,15,3,4,6,5,44,1,10,0,28,112,433,67,56,49,7,15,0.1547344110854503,2002,0.1434262948207171,2003,ODISHA,DEOGARH,ODISHA||DEOGARH
12,11,0,5,0,11,1,7,32,26,0,21,1,5,4,0,52,3,12,0,17,117,502,72,68,69,6,21,0.1434262948207171,2003,0.1468085106382978,2004,ODISHA,DEOGARH,ODISHA||DEOGARH
15,10,0,13,0,3,3,9,17,40,4,18,3,4,5,1,37,1,17,0,21,123,470,69,71,75,7,18,0.1468085106382978,2004,0.1583476764199655,2005,ODISHA,DEOGARH,ODISHA||DEOGARH
15,15,1,16,0,8,5,20,25,37,1,20,4,4,5,1,60,3,12,0,31,90,581,92,100,88,8,20,0.1583476764199655,2005,0.1648522550544323,2006,ODISHA,DEOGARH,ODISHA||DEOGARH
9,10,0,18,0,7,3,18,40,54,2,21,0,11,11,2,69,4,13,0,35,161,643,106,86,125,11,21,0.1648522550544323,2006,0.166412213740458,2007,ODISHA,DEOGARH,ODISHA||DEOGARH
26,23,0,13,0,8,3,16,32,44,2,17,6,16,4,2,79,5,10,0,37,124,655,109,106,98,22,17,0.166412213740458,2007,0.2230320699708455,2008,ODISHA,DEOGARH,ODISHA||DEOGARH
16,47,0,13,0,8,4,10,21,37,3,26,3,8,9,5,96,3,36,0,42,109,686,153,124,80,11,26,0.2230320699708455,2008,0.1514598540145985,2009,ODISHA,DEOGARH,ODISHA||DEOGARH
25,30,1,15,0,14,2,26,48,84,14,55,8,18,20,14,82,5,31,0,52,571,1156,147,168,192,26,55,0.1271626297577854,2001,0.0934865900383141,2002,ODISHA,DHENKANAL,ODISHA||DHENKANAL
28,35,1,12,0,21,3,26,56,96,9,100,8,12,18,5,69,6,30,0,78,593,1305,122,226,205,20,100,0.0934865900383141,2002,0.0977253580454928,2003,ODISHA,DHENKANAL,ODISHA||DHENKANAL
34,46,0,9,0,9,4,15,71,65,8,62,7,10,24,3,67,10,27,0,81,540,1187,116,179,183,17,62,0.0977253580454928,2003,0.1164057181756296,2004,ODISHA,DHENKANAL,ODISHA||DHENKANAL
35,50,0,19,0,20,9,24,67,112,11,95,8,19,23,12,97,18,25,0,107,645,1469,171,252,237,27,95,0.1164057181756296,2004,0.1358344113842173,2005,ODISHA,DHENKANAL,ODISHA||DHENKANAL
36,56,0,8,0,12,8,20,66,134,31,97,13,36,10,20,139,9,34,0,68,685,1546,210,237,261,49,97,0.1358344113842173,2005,0.130625,2006,ODISHA,DHENKANAL,ODISHA||DHENKANAL
34,14,0,32,0,13,12,49,81,149,12,98,5,24,19,12,130,12,23,0,73,753,1600,209,252,310,29,98,0.130625,2006,0.15,2007,ODISHA,DHENKANAL,ODISHA||DHENKANAL
59,53,0,35,0,26,9,54,61,193,30,109,13,44,30,25,197,8,20,0,85,797,1900,285,345,368,57,109,0.15,2007,0.148471615720524,2008,ODISHA,DHENKANAL,ODISHA||DHENKANAL
50,54,1,26,0,24,11,47,80,155,28,91,5,41,21,19,187,9,31,0,90,824,1832,272,304,331,46,91,0.148471615720524,2008,0.1367673179396092,2009,ODISHA,DHENKANAL,ODISHA||DHENKANAL
19,7,1,10,0,5,2,1,13,40,2,16,2,13,5,1,13,2,7,0,27,233,433,33,61,61,15,16,0.0762124711316397,2001,0.08,2002,ODISHA,GAJAPATI,ODISHA||GAJAPATI
6,10,0,8,0,4,1,3,17,36,1,31,4,8,3,0,18,1,7,0,37,195,425,34,63,60,12,31,0.08,2002,0.0978260869565217,2003,ODISHA,GAJAPATI,ODISHA||GAJAPATI
9,9,0,4,0,5,0,3,15,25,4,14,0,7,7,3,21,1,7,0,19,166,368,36,44,54,7,14,0.0978260869565217,2003,0.099502487562189,2004,ODISHA,GAJAPATI,ODISHA||GAJAPATI
17,6,1,5,0,7,1,1,25,26,5,21,7,7,4,0,23,4,8,0,35,194,402,40,59,61,14,21,0.099502487562189,2004,0.119047619047619,2005,ODISHA,GAJAPATI,ODISHA||GAJAPATI
22,7,3,9,0,6,1,2,40,39,9,22,3,8,3,1,35,2,3,0,29,140,420,50,72,93,11,22,0.119047619047619,2005,0.1083521444695259,2006,ODISHA,GAJAPATI,ODISHA||GAJAPATI
14,0,0,7,0,8,4,6,30,31,4,33,3,9,6,3,30,0,8,0,51,184,443,48,72,77,12,33,0.1083521444695259,2006,0.1061946902654867,2007,ODISHA,GAJAPATI,ODISHA||GAJAPATI
12,6,0,8,0,10,0,1,28,27,5,24,4,11,4,2,30,2,6,0,19,235,452,48,61,65,15,24,0.1061946902654867,2007,0.1476091476091476,2008,ODISHA,GAJAPATI,ODISHA||GAJAPATI
14,15,0,8,0,4,5,3,22,15,4,78,4,6,43,2,52,6,3,0,23,95,481,71,127,87,10,78,0.1476091476091476,2008,0.1767241379310344,2009,ODISHA,GAJAPATI,ODISHA||GAJAPATI
58,92,1,22,0,14,8,31,96,124,10,64,9,14,30,1,102,6,9,0,187,750,1790,140,290,291,23,64,0.0782122905027933,2001,0.1110601193207893,2002,ODISHA,GANJAM,ODISHA||GANJAM
76,117,5,34,0,14,11,41,120,157,10,106,17,35,45,21,124,9,54,0,140,892,2179,242,404,373,52,106,0.1110601193207893,2002,0.1337611056268509,2003,ODISHA,GANJAM,ODISHA||GANJAM
54,88,4,17,0,9,11,33,106,157,23,85,10,27,25,13,185,10,46,0,194,778,2026,271,301,344,37,85,0.1337611056268509,2003,0.1170655567117585,2004,ODISHA,GANJAM,ODISHA||GANJAM
62,77,3,15,0,18,13,37,116,182,30,95,6,22,24,21,155,4,30,0,211,651,1922,225,320,389,28,95,0.1170655567117585,2004,0.1719712525667351,2005,ODISHA,GANJAM,ODISHA||GANJAM
56,66,6,26,0,25,8,41,131,145,18,63,8,13,24,28,179,10,92,0,74,682,1948,335,291,359,21,63,0.1719712525667351,2005,0.1293060409385921,2006,ODISHA,GANJAM,ODISHA||GANJAM
60,56,0,33,0,25,9,47,124,154,21,76,15,24,19,20,176,6,24,0,62,886,2003,259,306,365,39,76,0.1293060409385921,2006,0.141711229946524,2007,ODISHA,GANJAM,ODISHA||GANJAM
66,127,3,34,0,27,7,40,150,149,33,171,20,27,30,20,232,14,18,0,132,605,2244,318,475,402,47,171,0.141711229946524,2007,0.1636876763875823,2008,ODISHA,GANJAM,ODISHA||GANJAM
68,142,2,48,0,45,14,61,163,141,36,133,25,27,34,13,259,16,12,0,133,349,2126,348,513,435,52,133,0.1636876763875823,2008,0.1971988795518207,2009,ODISHA,GANJAM,ODISHA||GANJAM
26,21,6,12,0,21,9,31,72,136,8,23,6,7,8,16,13,2,30,0,32,728,1314,73,149,255,13,23,0.0555555555555555,2001,0.0586835844567803,2002,ODISHA,JAGATSINGHPUR,ODISHA||JAGATSINGHPUR
16,24,4,17,0,17,7,39,78,143,6,4,12,17,6,8,19,1,29,0,181,508,1261,74,128,272,29,4,0.0586835844567803,2002,0.0514592933947772,2003,ODISHA,JAGATSINGHPUR,ODISHA||JAGATSINGHPUR
22,28,6,13,0,23,8,24,71,139,18,16,12,21,9,12,9,4,29,0,138,576,1302,67,140,261,33,16,0.0514592933947772,2003,0.0571640682999257,2004,ODISHA,JAGATSINGHPUR,ODISHA||JAGATSINGHPUR
27,32,3,19,0,29,4,31,73,129,13,24,4,13,13,14,10,2,32,0,148,623,1347,77,169,259,17,24,0.0571640682999257,2004,0.0599343185550082,2005,ODISHA,JAGATSINGHPUR,ODISHA||JAGATSINGHPUR
26,35,5,14,0,11,2,27,74,114,12,24,8,25,7,11,7,6,35,0,179,481,1218,73,144,234,33,24,0.0599343185550082,2005,0.0379426644182124,2006,ODISHA,JAGATSINGHPUR,ODISHA||JAGATSINGHPUR
25,4,3,12,0,21,8,30,60,134,35,21,12,38,11,17,7,1,8,0,149,481,1186,45,124,270,50,21,0.0379426644182124,2006,0.0447987851176917,2007,ODISHA,JAGATSINGHPUR,ODISHA||JAGATSINGHPUR
23,4,0,18,0,13,19,34,69,120,27,39,9,34,10,19,8,2,12,0,155,601,1317,59,150,260,43,39,0.0447987851176917,2007,0.0852601156069364,2008,ODISHA,JAGATSINGHPUR,ODISHA||JAGATSINGHPUR
24,9,0,25,0,29,4,29,78,154,26,33,7,44,9,20,22,0,51,0,149,573,1384,118,153,296,51,33,0.0852601156069364,2008,0.0886332882273342,2009,ODISHA,JAGATSINGHPUR,ODISHA||JAGATSINGHPUR
21,16,0,24,0,14,2,30,103,129,16,21,2,9,8,16,16,3,42,0,85,758,1522,101,128,286,11,21,0.0663600525624178,2001,0.0729104919976289,2002,ODISHA,JAJPUR,ODISHA||JAJPUR
22,21,0,18,0,23,2,23,97,144,19,20,6,15,12,18,18,3,66,0,98,814,1687,123,129,295,21,20,0.0729104919976289,2002,0.0779141104294478,2003,ODISHA,JAJPUR,ODISHA||JAJPUR
23,23,0,17,0,22,10,19,110,173,13,43,8,17,10,19,18,0,73,0,86,704,1630,127,157,325,25,43,0.0779141104294478,2003,0.0725534308211473,2004,ODISHA,JAJPUR,ODISHA||JAJPUR
27,25,0,15,0,21,10,42,102,168,0,72,7,11,13,21,25,4,64,0,98,781,1778,129,212,325,18,72,0.0725534308211473,2004,0.0806270996640537,2005,ODISHA,JAJPUR,ODISHA||JAJPUR
22,28,0,20,0,39,5,44,75,146,17,40,16,20,18,25,37,3,59,0,95,796,1786,144,198,300,36,40,0.0806270996640537,2005,0.0795191863153028,2006,ODISHA,JAJPUR,ODISHA||JAJPUR
48,15,0,35,0,39,7,46,128,198,46,64,13,47,21,29,69,8,31,0,115,904,2163,172,254,439,60,64,0.0795191863153028,2006,0.0878252788104089,2007,ODISHA,JAJPUR,ODISHA||JAJPUR
35,17,0,25,0,32,15,44,103,209,58,112,15,38,11,33,101,5,25,0,92,676,2152,189,280,425,53,112,0.0878252788104089,2007,0.1342342342342342,2008,ODISHA,JAJPUR,ODISHA||JAJPUR
74,66,0,36,0,64,11,47,91,243,61,55,22,39,8,40,98,15,109,0,101,266,2220,298,353,450,61,55,0.1342342342342342,2008,0.1172291296625222,2009,ODISHA,JAJPUR,ODISHA||JAJPUR
15,29,1,12,0,5,4,12,46,81,15,6,6,11,4,4,39,1,13,0,133,280,750,69,84,158,17,6,0.092,2001,0.0718309859154929,2002,ODISHA,JHARSUGUDA,ODISHA||JHARSUGUDA
17,17,1,11,0,4,1,11,32,64,19,14,3,15,3,0,27,0,13,0,127,302,710,51,76,129,18,14,0.0718309859154929,2002,0.0831600831600831,2003,ODISHA,JHARSUGUDA,ODISHA||JHARSUGUDA
22,9,2,15,0,8,2,15,62,81,7,31,1,16,7,0,38,4,23,0,207,402,962,80,104,172,17,31,0.0831600831600831,2003,0.0665163472378805,2004,ODISHA,JHARSUGUDA,ODISHA||JHARSUGUDA
15,14,0,12,0,9,4,4,39,91,21,22,7,7,7,0,41,2,4,0,218,385,887,59,80,162,14,22,0.0665163472378805,2004,0.0812395309882747,2005,ODISHA,JHARSUGUDA,ODISHA||JHARSUGUDA
12,14,0,19,0,6,4,17,71,155,38,45,2,15,17,1,52,3,22,0,74,124,1194,97,117,298,17,45,0.0812395309882747,2005,0.0708782742681047,2006,ODISHA,JHARSUGUDA,ODISHA||JHARSUGUDA
16,19,0,13,0,5,6,18,89,178,36,44,10,13,7,3,63,6,7,0,60,180,1298,92,121,328,23,44,0.0708782742681047,2006,0.0687237026647966,2007,ODISHA,JHARSUGUDA,ODISHA||JHARSUGUDA
21,27,0,11,0,16,18,28,109,251,73,57,6,13,5,1,67,4,15,0,109,156,1426,98,178,466,19,57,0.0687237026647966,2007,0.0836054866100587,2008,ODISHA,JHARSUGUDA,ODISHA||JHARSUGUDA
27,29,7,12,0,12,14,44,102,288,76,59,11,16,15,6,67,8,35,0,105,327,1531,128,204,525,27,59,0.0836054866100587,2008,0.0638132295719844,2009,ODISHA,JHARSUGUDA,ODISHA||JHARSUGUDA
29,34,0,30,0,17,1,34,75,75,7,91,5,12,3,0,22,5,9,0,31,701,1269,66,236,194,17,91,0.0520094562647754,2001,0.0814081408140814,2002,ODISHA,KALAHANDI,ODISHA||KALAHANDI
22,32,0,18,0,9,12,29,59,64,7,75,3,36,3,2,25,10,19,0,53,343,909,74,197,162,39,75,0.0814081408140814,2002,0.0794871794871794,2003,ODISHA,KALAHANDI,ODISHA||KALAHANDI
14,18,2,18,0,9,3,24,45,82,7,48,4,75,3,5,22,6,11,0,45,275,780,62,136,161,79,48,0.0794871794871794,2003,0.0954022988505747,2004,ODISHA,KALAHANDI,ODISHA||KALAHANDI
21,19,2,22,0,11,5,26,58,81,20,59,2,58,6,2,33,6,20,0,38,344,870,83,165,191,60,59,0.0954022988505747,2004,0.1015037593984962,2005,ODISHA,KALAHANDI,ODISHA||KALAHANDI
24,29,3,30,0,11,5,29,55,82,7,94,2,49,9,5,40,1,32,0,53,331,1064,108,225,182,51,94,0.1015037593984962,2005,0.1046959199384141,2006,ODISHA,KALAHANDI,ODISHA||KALAHANDI
30,14,0,49,0,15,4,29,59,88,9,89,7,57,8,12,42,5,28,0,68,575,1299,136,230,193,64,89,0.1046959199384141,2006,0.1052227342549923,2007,ODISHA,KALAHANDI,ODISHA||KALAHANDI
30,15,0,30,0,23,6,24,59,93,11,67,21,77,6,12,68,8,19,0,0,562,1302,137,195,193,98,67,0.1052227342549923,2007,0.1139705882352941,2008,ODISHA,KALAHANDI,ODISHA||KALAHANDI
24,15,0,38,0,29,6,29,55,71,16,95,8,39,13,3,82,5,27,0,61,575,1360,155,236,184,47,95,0.1139705882352941,2008,0.1307634164777022,2009,ODISHA,KALAHANDI,ODISHA||KALAHANDI
24,10,2,34,0,25,2,19,74,115,1,44,11,8,14,4,95,15,29,0,2,104,1000,177,160,223,19,44,0.177,2001,0.1719409282700422,2002,ODISHA,KANDHAMAL,ODISHA||KANDHAMAL
19,13,2,32,0,32,2,13,58,86,2,17,10,6,5,2,72,9,48,0,24,124,948,163,130,164,16,17,0.1719409282700422,2002,0.2148148148148148,2003,ODISHA,KANDHAMAL,ODISHA||KANDHAMAL
25,4,1,35,0,24,1,7,58,78,7,14,6,13,10,2,84,7,75,0,0,15,945,203,111,160,19,14,0.2148148148148148,2003,0.1713244228432563,2004,ODISHA,KANDHAMAL,ODISHA||KANDHAMAL
23,14,0,26,0,17,1,13,70,62,6,22,3,2,12,2,67,4,42,0,0,12,823,141,116,163,5,22,0.1713244228432563,2004,0.1964097148891235,2005,ODISHA,KANDHAMAL,ODISHA||KANDHAMAL
28,11,0,20,0,20,3,10,41,70,6,22,5,13,6,8,111,2,45,0,0,55,947,186,114,133,18,22,0.1964097148891235,2005,0.1797752808988764,2006,ODISHA,KANDHAMAL,ODISHA||KANDHAMAL
19,13,0,28,0,16,2,12,46,62,5,25,6,11,9,2,88,4,38,0,1,120,890,160,115,134,17,25,0.1797752808988764,2006,0.1964285714285714,2007,ODISHA,KANDHAMAL,ODISHA||KANDHAMAL
25,19,0,32,0,14,0,24,42,40,5,82,3,9,23,4,114,5,32,0,1,124,952,187,196,134,12,82,0.1964285714285714,2007,0.0981595092024539,2008,ODISHA,KANDHAMAL,ODISHA||KANDHAMAL
27,30,0,46,0,15,4,16,60,45,1,759,4,82,374,3,70,2,39,0,0,27,1630,160,897,496,86,759,0.0981595092024539,2008,0.1594202898550724,2009,ODISHA,KANDHAMAL,ODISHA||KANDHAMAL
24,36,1,11,0,15,4,21,56,78,10,16,6,10,12,24,66,176,57,0,85,320,1057,334,128,177,16,16,0.3159886471144749,2001,0.0699677072120559,2002,ODISHA,KENDRAPARA,ODISHA||KENDRAPARA
19,52,0,9,0,17,9,7,42,70,8,31,1,10,8,24,13,1,18,0,5,561,929,65,144,135,11,31,0.0699677072120559,2002,0.0516129032258064,2003,ODISHA,KENDRAPARA,ODISHA||KENDRAPARA
26,41,0,10,0,16,2,8,71,83,10,10,7,16,3,12,14,0,12,0,6,574,930,48,113,175,23,10,0.0516129032258064,2003,0.0674044265593561,2004,ODISHA,KENDRAPARA,ODISHA||KENDRAPARA
31,24,0,19,0,8,7,19,56,76,5,18,2,7,11,29,9,0,10,0,0,623,994,67,126,167,9,18,0.0674044265593561,2004,0.0517687661777394,2005,ODISHA,KENDRAPARA,ODISHA||KENDRAPARA
29,42,1,23,0,20,3,27,63,107,9,12,8,15,17,19,13,0,5,0,25,683,1159,60,157,223,23,12,0.0517687661777394,2005,0.0758738277919863,2006,ODISHA,KENDRAPARA,ODISHA||KENDRAPARA
53,6,0,30,0,12,10,33,80,78,9,18,0,25,5,36,10,1,12,0,3,703,1173,89,162,205,25,18,0.0758738277919863,2006,0.0757679180887372,2007,ODISHA,KENDRAPARA,ODISHA||KENDRAPARA
40,13,0,30,0,31,11,40,95,93,18,34,3,15,13,41,11,2,27,0,0,916,1465,111,199,259,18,34,0.0757679180887372,2007,0.1172265904217298,2008,ODISHA,KENDRAPARA,ODISHA||KENDRAPARA
53,8,0,30,0,31,15,41,74,103,22,39,1,21,11,32,8,1,93,0,4,828,1399,164,217,251,22,39,0.1172265904217298,2008,0.047040971168437,2009,ODISHA,KENDRAPARA,ODISHA||KENDRAPARA
62,31,2,38,0,19,4,16,85,154,10,55,12,17,24,4,127,16,41,0,0,1170,1922,226,227,289,29,55,0.1175858480749219,2001,0.1206643869076697,2002,ODISHA,KEONJHAR,ODISHA||KEONJHAR
74,38,4,42,0,23,7,38,106,150,10,96,5,22,29,4,157,19,25,0,197,893,2047,247,322,333,27,96,0.1206643869076697,2002,0.1049163710086163,2003,ODISHA,KEONJHAR,ODISHA||KEONJHAR
76,33,4,37,0,25,12,25,65,157,10,83,9,11,11,14,84,17,55,0,233,947,1973,207,295,268,20,83,0.1049163710086163,2003,0.0843248836006207,2004,ODISHA,KEONJHAR,ODISHA||KEONJHAR
60,39,0,39,0,14,1,24,56,172,26,56,11,14,25,16,87,6,15,0,289,865,1933,163,233,303,25,56,0.0843248836006207,2004,0.0758377425044091,2005,ODISHA,KEONJHAR,ODISHA||KEONJHAR
72,64,1,36,0,21,6,39,96,241,38,62,28,31,21,12,89,15,20,0,355,957,2268,172,301,435,59,62,0.0758377425044091,2005,0.1195180722891566,2006,ODISHA,KEONJHAR,ODISHA||KEONJHAR
84,59,0,53,0,35,12,61,87,187,30,56,21,28,21,10,152,13,20,0,371,780,2075,248,360,386,49,56,0.1195180722891566,2006,0.1628767847699629,2007,ODISHA,KEONJHAR,ODISHA||KEONJHAR
81,85,0,41,0,35,6,54,82,231,57,88,24,38,24,21,211,10,25,0,444,354,1891,308,390,448,62,88,0.1628767847699629,2007,0.1530434782608695,2008,ODISHA,KEONJHAR,ODISHA||KEONJHAR
91,152,0,66,0,58,14,87,78,280,81,92,30,33,18,22,203,27,34,0,471,516,2300,352,560,544,63,92,0.1530434782608695,2008,0.1293238993710692,2009,ODISHA,KEONJHAR,ODISHA||KEONJHAR
46,85,1,65,0,39,24,151,481,953,356,86,27,126,31,11,28,9,171,0,161,1329,5076,284,497,1972,153,86,0.0559495665878644,2001,0.0590145148968678,2002,ODISHA,KHURDA,ODISHA||KHURDA
63,92,0,52,0,53,21,145,489,907,367,104,29,157,25,19,36,15,187,0,171,1403,5236,309,530,1933,186,104,0.0590145148968678,2002,0.0521722633276418,2003,ODISHA,KHURDA,ODISHA||KHURDA
65,109,0,57,0,47,28,151,553,1016,443,111,28,160,24,29,39,19,131,0,161,1338,5271,275,568,2187,188,111,0.0521722633276418,2003,0.0344762975454375,2004,ODISHA,KHURDA,ODISHA||KHURDA
61,62,1,44,0,57,39,174,561,1130,541,69,43,188,20,20,49,7,64,0,167,1383,5337,184,507,2426,231,69,0.0344762975454375,2004,0.031480117820324,2005,ODISHA,KHURDA,ODISHA||KHURDA
43,71,3,57,0,65,14,130,491,1220,614,79,45,247,29,17,42,9,46,0,165,1553,5432,171,462,2484,292,79,0.031480117820324,2005,0.0372898285333777,2006,ODISHA,KHURDA,ODISHA||KHURDA
56,36,1,58,0,62,21,218,469,1192,569,91,36,400,20,35,62,10,59,0,158,1422,6007,224,543,2468,436,91,0.0372898285333777,2006,0.0312293456708526,2007,ODISHA,KHURDA,ODISHA||KHURDA
56,59,4,53,0,79,23,175,475,1310,574,93,25,346,23,20,52,11,53,0,192,1415,6052,189,542,2557,371,93,0.0312293456708526,2007,0.0289855072463768,2008,ODISHA,KHURDA,ODISHA||KHURDA
19,11,0,25,0,33,11,35,86,132,20,26,3,11,6,0,14,1,0,0,0,967,1380,40,160,279,14,26,0.0289855072463768,2008,0.1248339973439575,2009,ODISHA,KHURDA,ODISHA||KHURDA
39,30,7,38,0,13,4,16,92,153,15,64,11,31,8,7,56,124,132,0,0,655,1563,357,211,284,42,64,0.2284069097888675,2001,0.0902203856749311,2002,ODISHA,KORAPUT,ODISHA||KORAPUT
47,34,1,30,0,9,11,12,123,147,26,76,5,17,7,3,53,4,41,0,52,744,1452,131,220,315,22,76,0.0902203856749311,2002,0.1140808344198174,2003,ODISHA,KORAPUT,ODISHA||KORAPUT
41,27,0,38,0,23,4,24,99,162,11,56,4,31,12,0,82,4,51,0,50,785,1534,175,213,308,35,56,0.1140808344198174,2003,0.107750472589792,2004,ODISHA,KORAPUT,ODISHA||KORAPUT
56,29,0,40,0,20,20,28,112,109,16,72,13,20,7,1,82,2,46,0,72,800,1587,171,265,272,33,72,0.107750472589792,2004,0.1502256608639587,2005,ODISHA,KORAPUT,ODISHA||KORAPUT
46,19,2,45,0,27,9,15,102,158,24,66,4,30,14,2,116,6,64,0,76,711,1551,233,229,313,34,66,0.1502256608639587,2005,0.1638381201044386,2006,ODISHA,KORAPUT,ODISHA||KORAPUT
43,35,6,57,0,37,11,23,84,151,18,37,10,36,11,5,130,5,54,0,96,654,1532,251,249,287,46,37,0.1638381201044386,2006,0.1554232804232804,2007,ODISHA,KORAPUT,ODISHA||KORAPUT
42,34,1,41,0,32,2,21,85,141,16,39,6,34,8,4,126,10,54,0,191,579,1512,235,212,271,40,39,0.1554232804232804,2007,0.146358066712049,2008,ODISHA,KORAPUT,ODISHA||KORAPUT
51,52,3,47,0,28,14,35,71,135,23,98,6,24,8,3,113,7,45,0,84,636,1469,215,328,272,30,98,0.146358066712049,2008,0.1754523996852871,2009,ODISHA,KORAPUT,ODISHA||KORAPUT
36,27,2,14,0,6,10,8,25,42,7,23,3,6,5,0,27,0,12,0,14,165,496,53,126,87,9,23,0.1068548387096774,2001,0.0958605664488017,2002,ODISHA,MALKANGIR,ODISHA||MALKANGIR
36,23,3,15,0,6,20,3,22,48,8,16,8,1,2,3,17,1,8,0,9,173,459,44,122,83,9,16,0.0958605664488017,2002,0.0931818181818181,2003,ODISHA,MALKANGIR,ODISHA||MALKANGIR
31,16,9,17,0,5,1,4,17,47,2,5,1,7,3,1,16,1,6,0,15,165,440,41,88,73,8,5,0.0931818181818181,2003,0.1242603550295858,2004,ODISHA,MALKANGIR,ODISHA||MALKANGIR
43,34,2,19,0,2,2,4,22,42,1,7,5,3,8,1,28,3,12,0,21,188,507,63,113,77,8,7,0.1242603550295858,2004,0.0828282828282828,2005,ODISHA,MALKANGIR,ODISHA||MALKANGIR
41,31,4,7,0,7,8,3,21,40,3,30,2,7,4,3,23,2,6,0,18,178,495,41,131,71,9,30,0.0828282828282828,2005,0.1224066390041493,2006,ODISHA,MALKANGIR,ODISHA||MALKANGIR
49,31,2,17,0,8,1,3,19,34,4,14,8,6,3,3,31,0,8,0,16,185,482,59,125,63,14,14,0.1224066390041493,2006,0.1368421052631579,2007,ODISHA,MALKANGIR,ODISHA||MALKANGIR
30,19,0,12,0,9,1,7,11,30,4,29,2,3,3,2,20,6,12,0,24,111,380,52,107,55,5,29,0.1368421052631579,2007,0.15625,2008,ODISHA,MALKANGIR,ODISHA||MALKANGIR
46,34,1,12,0,8,4,5,12,46,11,20,2,5,7,0,33,5,10,0,22,62,384,60,130,81,7,20,0.15625,2008,0.1697530864197531,2009,ODISHA,MALKANGIR,ODISHA||MALKANGIR
74,45,0,77,0,31,16,39,120,199,17,44,19,22,19,19,141,0,74,0,97,975,2029,311,326,394,41,44,0.1532774765894529,2001,0.1604938271604938,2002,ODISHA,MAYURBHANJ,ODISHA||MAYURBHANJ
83,40,2,68,0,29,7,34,113,158,15,42,10,29,17,26,125,0,106,0,109,1007,2025,325,305,337,39,42,0.1604938271604938,2002,0.1554450971531857,2003,ODISHA,MAYURBHANJ,ODISHA||MAYURBHANJ
79,46,1,70,0,28,11,29,110,173,11,41,12,35,12,11,120,8,135,0,114,1162,2213,344,305,335,47,41,0.1554450971531857,2003,0.1486123545210385,2004,ODISHA,MAYURBHANJ,ODISHA||MAYURBHANJ
77,66,1,84,0,26,5,29,115,229,21,25,17,24,12,21,102,0,125,0,152,1101,2234,332,313,406,41,25,0.1486123545210385,2004,0.1934484285081894,2005,ODISHA,MAYURBHANJ,ODISHA||MAYURBHANJ
70,38,4,102,0,40,4,28,95,226,26,27,15,30,14,19,136,0,180,0,116,1091,2259,437,313,389,45,27,0.1934484285081894,2005,0.1620111731843575,2006,ODISHA,MAYURBHANJ,ODISHA||MAYURBHANJ
84,42,8,88,0,38,4,46,113,224,14,17,27,45,18,25,159,15,61,0,114,976,2148,348,327,415,72,17,0.1620111731843575,2006,0.1462612982744453,2007,ODISHA,MAYURBHANJ,ODISHA||MAYURBHANJ
98,54,0,74,0,32,6,47,96,290,29,30,13,48,12,16,176,22,68,0,231,760,2434,356,341,474,61,30,0.1462612982744453,2007,0.1625816993464052,2008,ODISHA,MAYURBHANJ,ODISHA||MAYURBHANJ
83,65,0,90,0,51,10,32,97,252,32,24,16,44,14,27,200,23,58,0,155,742,2448,398,355,427,60,24,0.1625816993464052,2008,0.2144120247568523,2009,ODISHA,MAYURBHANJ,ODISHA||MAYURBHANJ
26,43,1,17,0,23,3,19,36,60,5,37,2,9,15,14,11,3,9,0,35,417,852,54,169,135,11,37,0.0633802816901408,2001,0.0358381502890173,2002,ODISHA,NAYAGARH,ODISHA||NAYAGARH
28,61,0,9,0,14,2,19,51,72,3,36,2,9,12,8,2,1,11,0,31,447,865,31,169,157,11,36,0.0358381502890173,2002,0.0598006644518272,2003,ODISHA,NAYAGARH,ODISHA||NAYAGARH
28,34,2,15,0,18,3,18,57,93,11,20,1,9,11,12,10,2,15,0,72,398,903,54,138,190,10,20,0.0598006644518272,2003,0.0498812351543943,2004,ODISHA,NAYAGARH,ODISHA||NAYAGARH
30,19,1,17,0,20,5,20,48,110,12,11,8,13,8,1,11,3,10,0,28,226,842,42,123,198,21,11,0.0498812351543943,2004,0.048435923309788,2005,ODISHA,NAYAGARH,ODISHA||NAYAGARH
28,7,0,17,0,25,6,13,73,109,14,33,8,30,16,4,10,3,14,0,31,246,991,48,129,225,38,33,0.048435923309788,2005,0.0542704626334519,2006,ODISHA,NAYAGARH,ODISHA||NAYAGARH
35,12,0,17,0,21,4,13,72,125,17,27,5,32,13,12,16,4,12,0,34,285,1124,61,129,240,37,27,0.0542704626334519,2006,0.0589159465828751,2007,ODISHA,NAYAGARH,ODISHA||NAYAGARH
31,26,0,21,0,35,0,16,81,100,20,35,9,27,8,14,13,6,21,0,38,268,1273,75,164,225,36,35,0.0589159465828751,2007,0.1265709156193895,2008,ODISHA,NAYAGARH,ODISHA||NAYAGARH
33,8,0,34,0,25,12,27,57,100,12,35,6,20,13,10,7,5,85,0,7,196,1114,141,174,209,26,35,0.1265709156193895,2008,0.13003663003663,2009,ODISHA,NAYAGARH,ODISHA||NAYAGARH
19,22,1,13,0,11,13,14,46,83,3,74,4,3,24,0,41,7,13,0,0,272,687,74,167,170,7,74,0.1077147016011644,2001,0.0850785340314136,2002,ODISHA,NOWRANGPUR,ODISHA||NOWRANGPUR
25,16,3,17,0,18,10,16,70,82,10,39,4,15,11,0,34,3,11,0,0,336,764,65,144,189,19,39,0.0850785340314136,2002,0.1327683615819209,2003,ODISHA,NOWRANGPUR,ODISHA||NOWRANGPUR
17,24,3,26,0,16,3,9,49,67,10,56,3,7,5,0,44,5,19,0,51,250,708,94,154,140,10,56,0.1327683615819209,2003,0.1127379209370424,2004,ODISHA,NOWRANGPUR,ODISHA||NOWRANGPUR
14,19,1,16,0,13,8,14,53,51,5,40,5,11,6,0,33,4,24,0,22,295,683,77,125,129,16,40,0.1127379209370424,2004,0.1031746031746031,2005,ODISHA,NOWRANGPUR,ODISHA||NOWRANGPUR
29,13,0,18,0,8,4,9,49,58,7,56,2,2,4,2,49,1,8,0,33,334,756,78,137,127,4,56,0.1031746031746031,2005,0.1414965986394558,2006,ODISHA,NOWRANGPUR,ODISHA||NOWRANGPUR
16,5,0,24,0,17,0,8,32,60,11,27,4,9,4,5,53,5,17,0,39,357,735,104,97,115,13,27,0.1414965986394558,2006,0.1398354876615746,2007,ODISHA,NOWRANGPUR,ODISHA||NOWRANGPUR
28,21,2,28,0,22,3,6,30,42,6,42,7,7,4,1,62,11,17,0,58,372,851,119,152,88,14,42,0.1398354876615746,2007,0.1821428571428571,2008,ODISHA,NOWRANGPUR,ODISHA||NOWRANGPUR
26,29,0,26,0,21,5,10,37,83,23,53,4,6,6,0,79,16,32,0,24,337,840,153,170,159,10,53,0.1821428571428571,2008,0.1629542790152403,2009,ODISHA,NOWRANGPUR,ODISHA||NOWRANGPUR
13,2,0,9,0,4,0,11,16,44,3,22,7,5,4,0,16,5,17,0,12,267,466,47,61,78,12,22,0.1008583690987124,2001,0.1120162932790224,2002,ODISHA,NUAPADA,ODISHA||NUAPADA
15,9,0,5,0,9,2,7,17,45,1,27,7,2,3,2,26,5,17,0,20,246,491,55,74,73,9,27,0.1120162932790224,2002,0.099644128113879,2003,ODISHA,NUAPADA,ODISHA||NUAPADA
10,6,0,6,0,4,0,8,17,41,7,19,8,11,5,0,21,13,16,0,33,310,562,56,53,78,19,19,0.099644128113879,2003,0.0667613636363636,2004,ODISHA,NUAPADA,ODISHA||NUAPADA
6,5,1,10,0,7,1,7,24,56,9,36,9,8,1,1,22,4,10,0,17,441,704,47,73,97,17,36,0.0667613636363636,2004,0.0838881491344873,2005,ODISHA,NUAPADA,ODISHA||NUAPADA
11,2,1,6,0,7,7,10,22,82,8,23,0,15,9,2,38,3,14,0,20,424,751,63,67,131,15,23,0.0838881491344873,2005,0.109809663250366,2006,ODISHA,NUAPADA,ODISHA||NUAPADA
13,4,3,9,0,6,2,10,34,70,5,25,7,8,5,6,38,5,17,0,15,391,683,75,72,124,15,25,0.109809663250366,2006,0.102803738317757,2007,ODISHA,NUAPADA,ODISHA||NUAPADA
17,13,0,5,0,14,1,4,30,59,7,20,5,21,7,8,43,4,17,0,24,391,749,77,74,107,26,20,0.102803738317757,2007,0.1611111111111111,2008,ODISHA,NUAPADA,ODISHA||NUAPADA
11,8,0,14,0,17,2,7,42,70,10,30,7,8,7,2,59,4,37,0,30,345,720,116,89,136,15,30,0.1611111111111111,2008,0.1257142857142857,2009,ODISHA,NUAPADA,ODISHA||NUAPADA
25,96,1,41,0,32,11,33,129,236,28,38,12,24,19,29,13,0,32,0,69,1271,2202,115,277,445,36,38,0.0522252497729337,2001,0.0378758297540023,2002,ODISHA,PURI,ODISHA||PURI
47,139,2,41,0,31,9,53,140,195,36,31,5,26,21,23,15,2,16,0,88,1598,2561,97,353,445,31,31,0.0378758297540023,2002,0.0286650286650286,2003,ODISHA,PURI,ODISHA||PURI
49,125,0,39,0,19,5,41,141,211,20,57,8,31,18,0,7,0,24,0,66,1540,2442,70,335,431,39,57,0.0286650286650286,2003,0.040364068064899,2004,ODISHA,PURI,ODISHA||PURI
40,116,0,36,0,30,6,49,134,282,47,44,7,25,16,19,22,8,17,0,79,1508,2527,102,321,528,32,44,0.040364068064899,2004,0.0738796931772305,2005,ODISHA,PURI,ODISHA||PURI
54,134,0,31,0,24,5,49,168,296,69,42,6,27,11,30,24,8,90,0,305,1150,2477,183,339,593,33,42,0.0738796931772305,2005,0.0364963503649635,2006,ODISHA,PURI,ODISHA||PURI
29,9,0,19,0,33,12,67,183,314,56,51,5,32,19,30,17,7,17,0,88,1403,2466,90,220,639,37,51,0.0364963503649635,2006,0.0430758276966892,2007,ODISHA,PURI,ODISHA||PURI
21,32,0,43,0,17,9,90,174,348,66,79,1,39,11,34,19,0,25,0,291,1405,2809,121,291,689,40,79,0.0430758276966892,2007,0.0573378839590443,2008,ODISHA,PURI,ODISHA||PURI
25,33,0,37,0,31,11,125,173,398,95,83,3,53,15,13,24,7,87,0,270,1491,2930,168,345,806,56,83,0.0573378839590443,2008,0.0522496371552975,2009,ODISHA,PURI,ODISHA||PURI
35,17,1,9,0,6,4,3,39,64,1,64,4,11,9,1,33,2,26,0,30,478,850,71,139,116,15,64,0.0835294117647058,2001,0.1011470281543274,2002,ODISHA,RAYAGADA,ODISHA||RAYAGADA
18,33,0,15,0,12,8,1,44,65,6,64,6,16,3,0,56,2,24,0,55,510,959,97,151,119,22,64,0.1011470281543274,2002,0.1044267877412031,2003,ODISHA,RAYAGADA,ODISHA||RAYAGADA
27,17,1,14,0,5,4,9,37,67,6,55,3,27,7,4,44,3,27,0,49,423,881,92,132,126,30,55,0.1044267877412031,2003,0.1219768664563617,2004,ODISHA,RAYAGADA,ODISHA||RAYAGADA
25,20,1,19,0,4,5,5,35,69,3,47,5,17,5,0,59,2,36,0,49,498,951,116,126,117,22,47,0.1219768664563617,2004,0.1088082901554404,2005,ODISHA,RAYAGADA,ODISHA||RAYAGADA
27,20,0,17,0,3,9,14,32,84,5,50,6,12,8,2,44,5,37,0,83,508,965,105,140,143,18,50,0.1088082901554404,2005,0.1344444444444444,2006,ODISHA,RAYAGADA,ODISHA||RAYAGADA
37,16,0,22,0,13,3,18,35,69,12,54,5,15,3,7,53,4,23,12,72,416,900,121,163,137,20,54,0.1344444444444444,2006,0.1560913705583756,2007,ODISHA,RAYAGADA,ODISHA||RAYAGADA
31,22,7,23,0,14,1,7,45,59,9,39,5,29,1,2,71,4,23,0,147,255,788,123,144,121,34,39,0.1560913705583756,2007,0.144055944055944,2008,ODISHA,RAYAGADA,ODISHA||RAYAGADA
24,10,3,19,0,14,8,11,39,72,5,58,9,19,22,6,54,1,23,0,136,186,715,103,147,149,28,58,0.144055944055944,2008,0.1744340878828229,2009,ODISHA,RAYAGADA,ODISHA||RAYAGADA
20,22,0,12,0,6,7,21,131,209,35,11,4,21,2,2,35,13,17,0,0,616,1213,79,99,398,25,11,0.0651277823577906,2001,0.0676998368678629,2002,ODISHA,ROURKELA,ODISHA||ROURKELA
28,24,3,18,0,10,3,17,79,218,36,9,8,24,9,0,44,3,18,0,32,628,1226,83,112,359,32,9,0.0676998368678629,2002,0.0585738539898132,2003,ODISHA,ROURKELA,ODISHA||ROURKELA
23,12,0,10,0,4,0,18,94,181,21,6,6,48,3,1,31,6,21,0,42,518,1178,69,73,317,54,6,0.0585738539898132,2003,0.088119590873328,2004,ODISHA,ROURKELA,ODISHA||ROURKELA
14,30,1,10,0,9,2,19,118,212,75,10,7,29,3,1,56,6,39,0,39,643,1271,112,95,427,36,10,0.088119590873328,2004,0.080680977054034,2005,ODISHA,ROURKELA,ODISHA||ROURKELA
23,19,1,17,0,12,0,18,96,252,46,13,4,36,3,8,51,7,26,0,53,675,1351,109,103,415,40,13,0.080680977054034,2005,0.0922535211267605,2006,ODISHA,ROURKELA,ODISHA||ROURKELA
12,22,0,20,0,18,2,22,66,255,76,14,7,54,0,10,81,10,10,0,51,531,1420,131,110,419,61,14,0.0922535211267605,2006,0.0662905500705218,2007,ODISHA,ROURKELA,ODISHA||ROURKELA
23,15,1,15,0,9,3,31,68,221,56,22,1,46,2,2,60,8,9,0,60,597,1418,94,119,378,47,22,0.0662905500705218,2007,0.0943480195816644,2008,ODISHA,ROURKELA,ODISHA||ROURKELA
54,39,0,38,0,23,2,65,117,316,82,38,11,57,3,5,98,5,66,0,90,870,2247,212,259,583,68,38,0.0943480195816644,2008,0.1040974529346622,2009,ODISHA,ROURKELA,ODISHA||ROURKELA
39,90,0,18,0,13,9,50,201,303,56,56,25,25,7,0,82,9,18,0,88,1032,2159,127,275,617,50,56,0.0588235294117647,2001,0.0614495798319327,2002,ODISHA,SAMBALPUR,ODISHA||SAMBALPUR
41,57,0,15,0,5,13,44,147,214,32,43,11,22,8,5,84,7,6,0,101,1049,1904,117,218,445,33,43,0.0614495798319327,2002,0.0630985915492957,2003,ODISHA,SAMBALPUR,ODISHA||SAMBALPUR
29,48,1,22,0,10,12,36,148,220,38,31,6,37,6,1,61,13,15,0,109,892,1775,112,189,448,43,31,0.0630985915492957,2003,0.0608365019011406,2004,ODISHA,SAMBALPUR,ODISHA||SAMBALPUR
43,49,0,22,0,16,9,38,151,233,37,37,7,19,5,0,57,8,25,0,0,948,1841,112,214,464,26,37,0.0608365019011406,2004,0.0615835777126099,2005,ODISHA,SAMBALPUR,ODISHA||SAMBALPUR
44,84,0,15,0,25,11,44,145,294,43,55,10,17,11,3,76,10,22,0,133,917,2046,126,278,537,27,55,0.0615835777126099,2005,0.0754880694143167,2006,ODISHA,SAMBALPUR,ODISHA||SAMBALPUR
43,59,0,25,0,13,24,64,147,297,50,75,11,31,12,7,106,19,17,0,139,1106,2305,174,303,570,42,75,0.0754880694143167,2006,0.0644099670897978,2007,ODISHA,SAMBALPUR,ODISHA||SAMBALPUR
46,30,0,27,0,15,17,82,169,259,35,80,9,29,16,5,70,6,29,0,82,815,2127,137,297,561,38,80,0.0644099670897978,2007,0.0689945309213294,2008,ODISHA,SAMBALPUR,ODISHA||SAMBALPUR
49,55,0,33,0,13,20,72,172,327,67,95,10,37,14,6,82,4,39,0,139,993,2377,164,337,652,47,95,0.0689945309213294,2008,0.0473660911907923,2009,ODISHA,SAMBALPUR,ODISHA||SAMBALPUR
9,20,2,8,0,4,0,6,30,35,0,17,4,9,3,6,28,4,11,0,19,202,444,57,66,74,13,17,0.1283783783783783,2001,0.1393442622950819,2002,ODISHA,SONEPUR,ODISHA||SONEPUR
7,31,0,6,0,2,2,4,32,33,0,29,4,11,5,0,38,4,20,0,0,238,488,68,81,74,15,29,0.1393442622950819,2002,0.1244635193133047,2003,ODISHA,SONEPUR,ODISHA||SONEPUR
9,5,0,4,0,2,0,2,24,45,0,18,5,9,3,1,44,1,8,0,9,261,466,58,40,74,14,18,0.1244635193133047,2003,0.1173333333333333,2004,ODISHA,SONEPUR,ODISHA||SONEPUR
9,14,0,5,0,1,1,8,21,40,2,9,1,5,2,0,29,3,7,0,5,198,375,44,47,73,6,9,0.1173333333333333,2004,0.1527377521613832,2005,ODISHA,SONEPUR,ODISHA||SONEPUR
10,14,0,4,0,1,0,2,21,30,0,29,2,6,7,0,43,0,6,0,25,128,347,53,60,60,8,29,0.1527377521613832,2005,0.1714285714285714,2006,ODISHA,SONEPUR,ODISHA||SONEPUR
15,16,0,13,0,6,3,9,29,45,8,20,1,10,6,2,58,4,1,0,17,184,455,78,82,97,11,20,0.1714285714285714,2006,0.1845493562231759,2007,ODISHA,SONEPUR,ODISHA||SONEPUR
9,19,0,16,0,12,0,8,24,45,2,27,0,9,3,0,64,2,4,0,12,70,466,86,91,82,9,27,0.1845493562231759,2007,0.1098901098901098,2008,ODISHA,SONEPUR,ODISHA||SONEPUR
7,28,0,15,0,3,1,5,31,71,5,23,3,6,3,1,24,2,8,0,27,183,455,50,82,115,9,23,0.1098901098901098,2008,0.1626984126984127,2009,ODISHA,SONEPUR,ODISHA||SONEPUR
3,3,0,1,0,5,2,8,11,287,8,1,2,2,0,0,5,4,0,0,1,101,461,10,23,314,4,1,0.0216919739696312,2001,0.0159453302961275,2002,ODISHA,SRP(CUTTACK),ODISHA||SRP(CUTTACK)
0,2,0,1,0,4,0,5,12,277,19,1,0,4,1,0,4,0,2,0,0,82,439,7,13,314,4,1,0.0159453302961275,2002,0.0275049115913556,2003,ODISHA,SRP(CUTTACK),ODISHA||SRP(CUTTACK)
3,6,0,1,0,3,0,10,8,335,18,1,0,4,0,0,9,1,3,0,1,103,509,14,24,371,4,1,0.0275049115913556,2003,0.0099502487562189,2004,ODISHA,SRP(CUTTACK),ODISHA||SRP(CUTTACK)
4,0,0,0,0,3,1,8,4,269,18,1,0,2,0,0,3,0,1,0,0,90,402,4,17,299,2,1,0.0099502487562189,2004,0.0164319248826291,2005,ODISHA,SRP(CUTTACK),ODISHA||SRP(CUTTACK)
2,3,0,1,0,1,1,9,6,283,32,1,0,2,1,0,4,0,2,0,2,93,426,7,18,331,2,1,0.0164319248826291,2005,0.0183673469387755,2006,ODISHA,SRP(CUTTACK),ODISHA||SRP(CUTTACK)
5,0,0,1,0,5,2,16,8,303,24,1,0,8,0,0,7,0,1,0,0,105,490,9,30,351,8,1,0.0183673469387755,2006,0.0058309037900874,2007,ODISHA,SRP(CUTTACK),ODISHA||SRP(CUTTACK)
2,0,0,0,0,2,2,11,5,207,41,0,1,4,0,0,1,0,1,0,0,78,343,2,17,264,5,0,0.0058309037900874,2007,0.0138888888888888,2008,ODISHA,SRP(CUTTACK),ODISHA||SRP(CUTTACK)
2,3,0,1,0,4,1,14,8,320,55,0,1,4,0,0,6,0,0,0,0,107,504,7,25,397,5,0,0.0138888888888888,2008,0.0177304964539007,2009,ODISHA,SRP(CUTTACK),ODISHA||SRP(CUTTACK)
7,1,0,2,0,3,2,10,10,135,3,7,0,1,0,0,2,0,0,0,0,81,269,4,32,158,1,7,0.0148698884758364,2001,0.0320284697508896,2002,ODISHA,SRP(ROURKELA),ODISHA||SRP(ROURKELA)
6,2,0,0,0,1,1,4,13,158,2,0,0,0,0,0,6,0,3,0,3,71,281,9,14,177,0,0,0.0320284697508896,2002,0.0189573459715639,2003,ODISHA,SRP(ROURKELA),ODISHA||SRP(ROURKELA)
4,2,0,1,0,1,0,7,6,86,5,1,1,3,0,0,3,0,0,0,3,85,211,4,16,104,4,1,0.0189573459715639,2003,0.0175438596491228,2004,ODISHA,SRP(ROURKELA),ODISHA||SRP(ROURKELA)
7,3,0,2,0,0,1,5,16,86,2,3,0,2,0,0,2,0,0,0,3,92,228,4,21,109,2,3,0.0175438596491228,2004,0.0372093023255813,2005,ODISHA,SRP(ROURKELA),ODISHA||SRP(ROURKELA)
3,1,0,1,0,3,0,3,10,99,8,3,2,1,0,0,6,0,1,0,3,74,215,8,14,120,3,3,0.0372093023255813,2005,0.0263157894736842,2006,ODISHA,SRP(ROURKELA),ODISHA||SRP(ROURKELA)
5,2,1,2,0,3,1,4,3,106,9,6,0,0,0,0,5,0,0,0,5,114,266,7,24,122,0,6,0.0263157894736842,2006,0.0213523131672597,2007,ODISHA,SRP(ROURKELA),ODISHA||SRP(ROURKELA)
6,0,0,1,0,2,2,10,9,103,8,3,1,3,0,0,4,1,0,0,3,130,281,6,24,130,4,3,0.0213523131672597,2007,0.0197368421052631,2008,ODISHA,SRP(ROURKELA),ODISHA||SRP(ROURKELA)
8,2,0,1,0,2,0,9,13,136,25,3,2,1,0,0,3,1,1,0,8,112,304,6,25,183,3,3,0.0197368421052631,2008,0.025943396226415,2009,ODISHA,SRP(ROURKELA),ODISHA||SRP(ROURKELA)
72,46,0,36,0,26,5,38,106,171,13,54,7,19,5,4,82,10,7,0,62,570,1652,139,277,333,26,54,0.0841404358353511,2001,0.0674026728646136,2002,ODISHA,SUNDARGARH,ODISHA||SUNDARGARH
87,57,2,21,0,15,6,44,80,167,14,29,9,22,15,4,55,9,27,0,124,210,1721,116,261,320,31,29,0.0674026728646136,2002,0.072992700729927,2003,ODISHA,SUNDARGARH,ODISHA||SUNDARGARH
83,41,2,21,0,9,5,16,80,131,18,32,4,36,4,5,52,10,22,0,150,116,1507,110,209,249,40,32,0.072992700729927,2003,0.0771028037383177,2004,ODISHA,SUNDARGARH,ODISHA||SUNDARGARH
68,52,1,17,0,11,10,25,92,160,15,33,14,30,9,2,83,13,17,0,192,154,1712,132,217,301,44,33,0.0771028037383177,2004,0.0666666666666666,2005,ODISHA,SUNDARGARH,ODISHA||SUNDARGARH
82,45,4,32,0,8,11,22,73,179,24,35,5,22,2,2,49,7,27,0,236,169,1755,117,239,300,27,35,0.0666666666666666,2005,0.0692177827799662,2006,ODISHA,SUNDARGARH,ODISHA||SUNDARGARH
73,38,1,39,0,18,12,35,82,191,36,43,8,27,7,0,70,6,8,0,254,472,1777,123,259,351,35,43,0.0692177827799662,2006,0.0723204994797086,2007,ODISHA,SUNDARGARH,ODISHA||SUNDARGARH
85,60,0,43,0,42,20,38,84,212,40,34,18,17,9,2,77,5,12,0,256,464,1922,139,322,383,35,34,0.0723204994797086,2007,0.0913780397936624,2008,ODISHA,SUNDARGARH,ODISHA||SUNDARGARH
48,49,0,38,0,17,13,48,65,163,20,40,13,10,12,7,65,8,6,0,144,367,1357,124,253,308,23,40,0.0913780397936624,2008,0.0677257525083612,2009,ODISHA,SUNDARGARH,ODISHA||SUNDARGARH
2,2,1,1,0,5,0,1,18,94,36,41,2,7,10,1,7,4,0,0,42,347,772,13,53,159,9,41,0.0168393782383419,2006,0.0561357702349869,2007,PUDUCHERRY,KARAIKAL,PUDUCHERRY||KARAIKAL
4,9,0,3,0,5,0,0,15,87,39,29,1,6,7,0,33,6,1,0,45,336,766,43,50,148,7,29,0.0561357702349869,2007,0.0440165061898211,2008,PUDUCHERRY,KARAIKAL,PUDUCHERRY||KARAIKAL
5,6,0,1,0,2,0,0,14,71,37,36,0,5,1,0,25,4,2,0,44,335,727,32,50,123,5,36,0.0440165061898211,2008,0.0248618784530386,2009,PUDUCHERRY,KARAIKAL,PUDUCHERRY||KARAIKAL
25,32,1,9,0,4,1,4,111,528,284,100,5,23,31,1,35,27,3,0,166,2324,4068,75,176,958,28,100,0.0184365781710914,2001,0.0236646382691007,2002,PUDUCHERRY,PONDICHERRY,PUDUCHERRY||PONDICHERRY
29,43,2,6,0,10,2,6,129,526,258,193,11,31,22,5,59,26,9,0,190,2042,4437,105,291,941,42,193,0.0236646382691007,2002,0.0199247288023024,2003,PUDUCHERRY,PONDICHERRY,PUDUCHERRY||PONDICHERRY
29,32,0,2,0,18,2,11,126,567,295,159,12,32,18,1,56,27,4,0,182,2185,4517,90,253,1017,44,159,0.0199247288023024,2003,0.0199134199134199,2004,PUDUCHERRY,PONDICHERRY,PUDUCHERRY||PONDICHERRY
25,18,14,4,0,10,0,1,86,634,322,147,7,35,9,6,50,30,2,0,176,2390,4620,92,219,1052,42,147,0.0199134199134199,2004,0.0222950819672131,2005,PUDUCHERRY,PONDICHERRY,PUDUCHERRY||PONDICHERRY
19,24,8,6,0,6,1,5,67,466,235,159,8,41,9,4,60,26,6,0,224,2579,4575,102,228,782,49,159,0.0222950819672131,2005,0.0288633461047254,2006,PUDUCHERRY,PONDICHERRY,PUDUCHERRY||PONDICHERRY
28,22,2,8,0,13,2,2,66,466,284,153,4,29,12,2,49,35,19,0,167,2094,3915,113,230,830,33,153,0.0288633461047254,2006,0.0247201492537313,2007,PUDUCHERRY,PONDICHERRY,PUDUCHERRY||PONDICHERRY
30,29,3,7,0,15,10,10,76,617,406,129,13,48,8,2,40,17,10,0,163,2333,4262,76,233,1117,61,129,0.017832003754106,2008,0.0160331005947763,2009,PUDUCHERRY,PUDUCHERRY,PUDUCHERRY||PUDUCHERRY
36,43,6,9,0,34,0,6,155,141,70,0,23,121,6,7,9,0,77,0,80,315,1244,102,134,378,144,0,0.0819935691318328,2001,0.0772727272727272,2002,PUNJAB,AMRITSAR,PUNJAB||AMRITSAR
51,24,4,5,0,32,4,5,94,132,71,0,24,153,3,9,14,0,74,0,75,436,1320,102,125,305,177,0,0.0772727272727272,2002,0.0520393811533052,2003,PUNJAB,AMRITSAR,PUNJAB||AMRITSAR
49,31,3,11,0,38,0,16,102,161,98,0,20,207,2,4,9,0,50,0,70,460,1422,74,148,379,227,0,0.0520393811533052,2003,0.0657894736842105,2004,PUNJAB,AMRITSAR,PUNJAB||AMRITSAR
48,50,4,25,0,31,1,6,102,181,122,0,24,206,4,7,9,0,54,0,78,416,1444,95,165,415,230,0,0.0657894736842105,2004,0.0507117437722419,2005,PUNJAB,AMRITSAR,PUNJAB||AMRITSAR
47,28,4,5,0,20,0,4,52,121,55,0,15,199,0,2,6,0,44,0,79,372,1124,57,108,232,214,0,0.0507117437722419,2005,0.051735428945645,2006,PUNJAB,AMRITSAR,PUNJAB||AMRITSAR
44,44,5,13,0,25,5,16,138,349,167,0,21,170,0,5,6,0,55,0,102,359,1527,79,152,670,191,0,0.051735428945645,2006,0.0606909430438842,2007,PUNJAB,AMRITSAR,PUNJAB||AMRITSAR
43,46,11,21,0,48,2,21,137,445,152,0,28,267,2,5,20,6,78,0,103,590,2142,130,192,757,295,0,0.0606909430438842,2007,0.0528577567683712,2008,PUNJAB,AMRITSAR,PUNJAB||AMRITSAR
46,71,9,15,0,54,1,21,142,466,211,0,20,321,5,6,25,11,66,0,99,673,2327,123,217,845,341,0,0.0528577567683712,2008,0.0593416782568382,2009,PUNJAB,AMRITSAR,PUNJAB||AMRITSAR
31,24,2,10,0,31,0,3,28,70,10,0,3,83,7,1,9,5,17,0,59,214,744,42,101,118,86,0,0.0564516129032258,2007,0.0721500721500721,2008,PUNJAB,AMRITSAR RURAL,PUNJAB||AMRITSAR RURAL
29,39,2,10,0,23,1,2,40,68,9,0,4,94,6,6,5,2,27,0,61,160,693,50,106,125,98,0,0.0721500721500721,2008,0.067750677506775,2009,PUNJAB,AMRITSAR RURAL,PUNJAB||AMRITSAR RURAL
15,29,1,12,0,16,0,0,30,39,11,0,6,48,5,6,13,0,24,0,51,134,501,55,73,85,54,0,0.1097804391217564,2001,0.0862385321100917,2002,PUNJAB,BARNALA,PUNJAB||BARNALA
10,22,0,11,0,6,0,3,28,46,7,0,14,70,0,3,8,0,25,0,52,175,545,47,52,84,84,0,0.0862385321100917,2002,0.1300160513643659,2003,PUNJAB,BARNALA,PUNJAB||BARNALA
16,23,3,15,0,12,0,3,34,48,14,0,9,82,0,2,12,0,52,0,58,195,623,81,72,99,91,0,0.1300160513643659,2003,0.0759493670886076,2004,PUNJAB,BARNALA,PUNJAB||BARNALA
12,18,11,13,0,8,1,5,40,49,13,0,11,60,0,0,5,0,18,0,41,118,474,36,68,107,71,0,0.0759493670886076,2004,0.0782241014799154,2005,PUNJAB,BARNALA,PUNJAB||BARNALA
11,12,2,11,0,2,0,1,31,29,10,1,8,86,1,3,11,0,12,0,44,134,473,37,40,72,94,1,0.0782241014799154,2005,0.0358490566037735,2006,PUNJAB,BARNALA,PUNJAB||BARNALA
12,9,6,5,0,6,0,3,29,33,15,0,7,67,0,1,7,0,6,0,67,158,530,19,41,80,74,0,0.0358490566037735,2006,0.0502354788069073,2007,PUNJAB,BARNALA,PUNJAB||BARNALA
12,17,7,7,0,6,0,1,29,65,22,1,18,58,1,5,8,0,12,0,71,208,637,32,51,118,76,1,0.0502354788069073,2007,0.0482269503546099,2008,PUNJAB,BARNALA,PUNJAB||BARNALA
24,33,2,12,0,7,1,4,43,60,11,0,7,49,1,1,11,0,10,0,66,222,705,34,83,119,56,0,0.0482269503546099,2008,0.0423861852433281,2009,PUNJAB,BARNALA,PUNJAB||BARNALA
18,24,4,8,0,6,1,2,20,26,7,0,3,44,1,6,1,0,19,0,41,70,393,34,63,56,47,0,0.0865139949109414,2001,0.090625,2002,PUNJAB,BATALA,PUNJAB||BATALA
30,34,4,14,0,14,0,2,18,49,18,0,13,72,0,7,5,0,32,0,39,160,640,58,98,87,85,0,0.090625,2002,0.0741258741258741,2003,PUNJAB,BATALA,PUNJAB||BATALA
34,24,3,13,0,12,0,1,40,60,20,0,7,82,4,6,6,0,28,0,63,200,715,53,87,125,89,0,0.0741258741258741,2003,0.0513274336283185,2004,PUNJAB,BATALA,PUNJAB||BATALA
27,33,1,8,0,8,0,0,36,50,17,0,6,64,0,2,5,0,14,0,41,157,565,29,77,103,70,0,0.0513274336283185,2004,0.0663594470046083,2005,PUNJAB,BATALA,PUNJAB||BATALA
22,30,1,24,0,18,0,1,42,83,20,0,11,127,0,7,7,0,34,0,58,478,1085,72,96,146,138,0,0.0663594470046083,2005,0.0764895330112721,2006,PUNJAB,BATALA,PUNJAB||BATALA
26,26,4,31,0,16,0,0,76,101,18,0,11,187,0,5,15,0,44,0,62,468,1242,95,103,195,198,0,0.0764895330112721,2006,0.0848427073403241,2007,PUNJAB,BATALA,PUNJAB||BATALA
25,36,2,15,0,19,2,0,64,144,31,0,7,170,0,2,18,0,54,0,55,230,1049,89,99,239,177,0,0.0848427073403241,2007,0.1008717310087173,2008,PUNJAB,BATALA,PUNJAB||BATALA
13,12,5,20,0,19,2,2,67,92,28,0,1,113,0,6,9,0,46,0,58,133,803,81,73,189,114,0,0.1008717310087173,2008,0.0882694541231126,2009,PUNJAB,BATALA,PUNJAB||BATALA
25,38,3,13,0,15,2,1,88,94,26,0,19,164,0,4,15,0,57,0,3,295,1080,89,97,209,183,0,0.0824074074074074,2001,0.0710108604845446,2002,PUNJAB,BHATINDA,PUNJAB||BHATINDA
34,30,2,14,0,32,1,3,126,99,33,0,29,135,3,5,25,5,36,0,0,414,1197,85,116,264,164,0,0.0710108604845446,2002,0.0556390977443609,2003,PUNJAB,BHATINDA,PUNJAB||BHATINDA
51,24,2,15,0,16,0,0,119,147,49,0,23,230,4,1,20,2,36,0,0,449,1330,74,108,319,253,0,0.0556390977443609,2003,0.0682335102350265,2004,PUNJAB,BHATINDA,PUNJAB||BHATINDA
36,33,17,22,0,26,0,0,138,124,68,0,17,161,1,5,23,0,40,0,2,437,1319,90,134,331,178,0,0.0682335102350265,2004,0.0652876535229476,2005,PUNJAB,BHATINDA,PUNJAB||BHATINDA
45,52,73,30,0,37,0,4,193,191,88,0,32,150,5,2,23,1,45,0,5,441,1547,101,241,481,182,0,0.0652876535229476,2005,0.0638445523941707,2006,PUNJAB,BHATINDA,PUNJAB||BHATINDA
54,55,15,19,0,27,1,3,127,156,80,0,17,169,5,5,22,1,45,0,1,489,1441,92,174,371,186,0,0.0638445523941707,2006,0.0496566296883254,2007,PUNJAB,BHATINDA,PUNJAB||BHATINDA
41,54,11,27,0,34,1,7,201,309,173,0,15,138,11,6,25,3,33,0,1,688,1893,94,175,701,153,0,0.0496566296883254,2007,0.0439709882139619,2008,PUNJAB,BHATINDA,PUNJAB||BHATINDA
44,63,6,20,0,44,1,15,253,431,214,1,12,134,14,4,29,5,39,0,1,804,2206,97,194,927,146,1,0.0439709882139619,2008,0.0443529949702789,2009,PUNJAB,BHATINDA,PUNJAB||BHATINDA
12,7,1,6,0,11,3,1,29,56,15,0,8,46,6,4,11,0,20,0,0,107,463,41,41,107,54,0,0.0885529157667386,2001,0.0793650793650793,2002,PUNJAB,FARIDKOT,PUNJAB||FARIDKOT
12,12,1,6,0,11,2,3,43,42,18,0,2,72,0,5,6,0,23,0,0,118,504,40,47,106,74,0,0.0793650793650793,2002,0.1229946524064171,2003,PUNJAB,FARIDKOT,PUNJAB||FARIDKOT
12,8,2,10,0,7,0,2,44,55,26,0,7,99,3,2,8,0,49,0,0,153,561,69,41,130,106,0,0.1229946524064171,2003,0.0703764320785597,2004,PUNJAB,FARIDKOT,PUNJAB||FARIDKOT
19,18,0,13,0,15,0,2,48,47,20,0,2,75,0,1,9,1,19,0,0,187,611,43,67,117,77,0,0.0703764320785597,2004,0.0449050086355785,2005,PUNJAB,FARIDKOT,PUNJAB||FARIDKOT
17,36,1,6,0,10,2,0,56,59,26,0,2,71,0,1,10,0,9,0,0,172,579,26,72,141,73,0,0.0449050086355785,2005,0.0655555555555555,2006,PUNJAB,FARIDKOT,PUNJAB||FARIDKOT
18,30,1,9,0,13,0,3,73,125,27,0,6,76,1,5,25,1,19,0,0,321,900,59,74,229,82,0,0.0655555555555555,2006,0.0581068416119962,2007,PUNJAB,FARIDKOT,PUNJAB||FARIDKOT
23,29,1,13,0,17,0,2,108,137,53,0,9,114,4,2,19,0,28,0,3,355,1067,62,85,304,123,0,0.0581068416119962,2007,0.0458100558659217,2008,PUNJAB,FARIDKOT,PUNJAB||FARIDKOT
17,20,2,15,0,13,1,3,65,140,60,0,4,73,3,1,9,0,16,0,1,328,895,41,71,271,77,0,0.0458100558659217,2008,0.0639386189258312,2009,PUNJAB,FARIDKOT,PUNJAB||FARIDKOT
16,23,0,11,0,12,0,5,40,62,15,0,16,44,2,4,4,1,7,0,117,211,671,27,67,124,60,0,0.0402384500745156,2001,0.0265486725663716,2002,PUNJAB,FATEHGARH SAHIB,PUNJAB||FATEHGARH SAHIB
14,13,1,0,0,11,0,3,47,38,14,0,8,33,0,5,5,1,4,0,105,177,565,15,42,102,41,0,0.0265486725663716,2002,0.0580912863070539,2003,PUNJAB,FATEHGARH SAHIB,PUNJAB||FATEHGARH SAHIB
11,4,3,9,0,8,0,3,36,30,7,0,18,62,0,1,2,2,14,0,83,123,482,28,38,76,80,0,0.0580912863070539,2003,0.059245960502693,2004,PUNJAB,FATEHGARH SAHIB,PUNJAB||FATEHGARH SAHIB
26,6,4,4,0,10,0,1,31,46,18,0,15,61,0,4,10,1,14,0,88,145,557,33,51,96,76,0,0.059245960502693,2004,0.0398724082934609,2005,PUNJAB,FATEHGARH SAHIB,PUNJAB||FATEHGARH SAHIB
17,5,1,6,0,6,0,4,34,49,30,0,17,82,0,4,1,1,13,0,109,183,627,25,39,117,99,0,0.0398724082934609,2005,0.0688622754491018,2006,PUNJAB,FATEHGARH SAHIB,PUNJAB||FATEHGARH SAHIB
17,11,4,10,0,4,0,4,33,59,27,0,5,72,0,4,5,0,27,0,117,158,668,46,50,123,77,0,0.0688622754491018,2006,0.03328173374613,2007,PUNJAB,FATEHGARH SAHIB,PUNJAB||FATEHGARH SAHIB
10,15,5,15,0,47,1,3,124,244,93,0,27,137,0,5,17,6,0,0,174,269,1292,43,96,464,164,0,0.03328173374613,2007,0.0501002004008016,2008,PUNJAB,FATEHGARH SAHIB,PUNJAB||FATEHGARH SAHIB
17,11,3,13,0,16,0,2,62,161,42,0,11,91,0,0,5,1,31,0,139,282,998,50,62,267,102,0,0.0501002004008016,2008,0.0429009193054136,2009,PUNJAB,FATEHGARH SAHIB,PUNJAB||FATEHGARH SAHIB
50,53,5,22,0,12,0,5,67,115,44,0,42,87,5,11,17,0,22,0,113,141,1110,72,147,236,129,0,0.0648648648648648,2001,0.0600522193211488,2002,PUNJAB,FEROZEPUR,PUNJAB||FEROZEPUR
39,63,4,27,0,24,1,1,99,168,58,0,16,138,6,9,15,0,41,0,82,254,1532,92,159,332,154,0,0.0600522193211488,2002,0.0539549502357255,2003,PUNJAB,FEROZEPUR,PUNJAB||FEROZEPUR
51,65,5,30,0,20,2,5,158,250,101,0,29,143,6,7,32,0,34,0,80,513,1909,103,178,520,172,0,0.0539549502357255,2003,0.0681511470985155,2004,PUNJAB,FEROZEPUR,PUNJAB||FEROZEPUR
43,38,7,24,0,14,2,0,112,153,70,0,18,112,4,8,10,0,21,0,94,354,1354,63,128,339,130,0,0.0465288035450517,2005,0.0564746149458071,2006,PUNJAB,FEROZPUR,PUNJAB||FEROZPUR
68,47,4,18,0,26,0,1,129,175,59,0,19,218,7,7,0,27,47,0,110,370,1753,99,164,371,237,0,0.0564746149458071,2006,0.0551391862955032,2007,PUNJAB,FEROZPUR,PUNJAB||FEROZPUR
48,48,7,33,0,33,0,0,135,199,70,0,23,145,6,5,21,0,44,0,130,481,1868,103,169,410,168,0,0.0551391862955032,2007,0.0532128514056224,2008,PUNJAB,FEROZPUR,PUNJAB||FEROZPUR
56,68,3,30,0,30,0,6,127,320,162,0,15,169,8,8,29,0,39,0,120,493,1992,106,193,623,184,0,0.0532128514056224,2008,0.0493438320209973,2009,PUNJAB,FEROZPUR,PUNJAB||FEROZPUR
10,0,0,0,0,0,0,3,0,41,6,0,4,81,0,3,1,0,0,0,0,306,482,4,13,50,85,0,0.0082987551867219,2001,0.0102564102564102,2002,PUNJAB,G.R.P,PUNJAB||GRP
5,8,0,0,0,1,0,0,0,27,4,0,1,7,0,2,2,0,0,0,0,326,390,4,14,31,8,0,0.0102564102564102,2002,0.0185676392572944,2003,PUNJAB,G.R.P,PUNJAB||GRP
10,2,2,1,0,1,0,2,0,26,2,0,0,5,1,3,3,0,0,0,0,310,377,7,18,31,5,0,0.0185676392572944,2003,0.0193905817174515,2004,PUNJAB,G.R.P,PUNJAB||GRP
9,2,1,0,0,0,0,1,0,30,4,16,2,20,0,1,6,0,0,0,0,260,361,7,29,35,22,16,0.0193905817174515,2004,0.023728813559322,2005,PUNJAB,G.R.P,PUNJAB||GRP
5,3,0,1,0,1,1,0,0,29,2,0,0,17,1,2,4,0,0,0,0,216,295,7,11,32,17,0,0.023728813559322,2005,0.0198675496688741,2006,PUNJAB,G.R.P,PUNJAB||GRP
12,2,2,1,0,0,0,1,0,51,8,0,2,14,1,3,2,0,0,0,0,195,302,6,18,61,16,0,0.0198675496688741,2006,0.0196078431372549,2007,PUNJAB,G.R.P,PUNJAB||GRP
14,0,2,2,0,1,0,0,3,34,3,0,0,6,0,2,2,0,0,0,0,214,306,6,19,40,6,0,0.0196078431372549,2007,0.0174563591022443,2008,PUNJAB,G.R.P,PUNJAB||GRP
11,2,2,1,0,0,1,1,0,45,10,0,0,15,0,4,2,0,0,0,0,284,401,7,18,56,15,0,0.0174563591022443,2008,0.0064102564102564,2009,PUNJAB,G.R.P,PUNJAB||GRP
22,20,0,12,0,17,1,4,23,38,6,0,11,31,1,6,4,0,21,0,95,180,580,43,76,72,42,0,0.0741379310344827,2001,0.072039072039072,2002,PUNJAB,GURDASPUR,PUNJAB||GURDASPUR
26,24,4,17,0,14,2,5,43,62,23,0,13,57,0,4,10,0,28,0,172,239,819,59,92,133,70,0,0.072039072039072,2002,0.0627802690582959,2003,PUNJAB,GURDASPUR,PUNJAB||GURDASPUR
23,19,4,15,0,5,0,3,27,30,8,0,10,51,1,4,4,0,19,0,131,246,669,42,69,69,61,0,0.0627802690582959,2003,0.0593922651933701,2004,PUNJAB,GURDASPUR,PUNJAB||GURDASPUR
19,15,10,16,0,8,0,2,56,59,23,0,10,28,2,3,6,0,18,0,114,254,724,43,70,142,38,0,0.0593922651933701,2004,0.0648584905660377,2005,PUNJAB,GURDASPUR,PUNJAB||GURDASPUR
25,24,5,16,0,17,2,0,50,79,29,0,5,39,5,6,11,0,22,0,125,312,848,55,89,163,44,0,0.0648584905660377,2005,0.0723742277140335,2006,PUNJAB,GURDASPUR,PUNJAB||GURDASPUR
30,21,11,25,0,16,0,2,46,72,17,0,7,68,2,14,12,0,31,0,138,517,1133,82,105,139,75,0,0.0723742277140335,2006,0.0745454545454545,2007,PUNJAB,GURDASPUR,PUNJAB||GURDASPUR
19,17,11,30,0,26,1,2,66,120,48,0,14,84,1,9,15,0,28,0,160,369,1100,82,106,237,98,0,0.0745454545454545,2007,0.0810234541577825,2008,PUNJAB,GURDASPUR,PUNJAB||GURDASPUR
20,21,37,24,0,25,0,0,45,142,47,0,9,49,0,9,15,0,28,0,159,245,938,76,127,234,58,0,0.0810234541577825,2008,0.0631383472609099,2009,PUNJAB,GURDASPUR,PUNJAB||GURDASPUR
47,30,0,19,0,20,7,10,89,119,30,0,16,120,7,12,13,0,46,0,158,265,1237,90,133,255,136,0,0.0727566693613581,2001,0.0739357729648991,2002,PUNJAB,HOSHIARPUR,PUNJAB||HOSHIARPUR
31,38,2,19,0,16,19,20,80,111,34,0,21,153,10,12,12,1,55,0,163,297,1339,99,145,255,174,0,0.0739357729648991,2002,0.0962655601659751,2003,PUNJAB,HOSHIARPUR,PUNJAB||HOSHIARPUR
38,22,2,30,0,27,7,7,84,107,31,0,3,128,10,7,13,15,51,0,151,296,1205,116,133,239,131,0,0.0962655601659751,2003,0.0731914893617021,2004,PUNJAB,HOSHIARPUR,PUNJAB||HOSHIARPUR
35,27,8,23,0,21,3,3,67,75,23,0,9,119,5,13,11,0,39,0,168,278,1175,86,120,173,128,0,0.0731914893617021,2004,0.0794642857142857,2005,PUNJAB,HOSHIARPUR,PUNJAB||HOSHIARPUR
34,30,10,23,0,19,3,5,59,92,19,0,6,109,5,8,11,1,46,0,156,282,1120,89,124,180,115,0,0.0794642857142857,2005,0.081421169504071,2006,PUNJAB,HOSHIARPUR,PUNJAB||HOSHIARPUR
36,47,5,25,0,25,4,7,81,115,32,0,14,176,5,13,14,1,57,0,167,297,1351,110,149,240,190,0,0.081421169504071,2006,0.072189349112426,2007,PUNJAB,HOSHIARPUR,PUNJAB||HOSHIARPUR
43,39,5,27,0,25,1,2,106,210,57,0,10,168,8,6,18,0,71,0,211,386,1690,122,142,383,178,0,0.072189349112426,2007,0.092871157619359,2008,PUNJAB,HOSHIARPUR,PUNJAB||HOSHIARPUR
33,49,4,35,0,22,2,7,90,181,55,0,7,124,6,13,21,0,73,0,182,320,1529,142,152,339,131,0,0.092871157619359,2008,0.0679953106682297,2009,PUNJAB,HOSHIARPUR,PUNJAB||HOSHIARPUR
27,33,1,19,0,19,1,5,38,90,22,0,11,29,2,7,3,2,27,0,60,151,633,58,105,157,40,0,0.0916271721958925,2001,0.0712121212121212,2002,PUNJAB,JAGRAON,PUNJAB||JAGRAON
15,30,3,13,0,22,2,6,27,76,17,0,6,67,0,3,4,1,26,0,71,163,660,47,91,126,73,0,0.0712121212121212,2002,0.100502512562814,2003,PUNJAB,JAGRAON,PUNJAB||JAGRAON
23,27,3,12,0,10,0,4,50,45,18,0,12,58,4,5,9,0,34,0,57,123,597,60,79,121,70,0,0.100502512562814,2003,0.0530785562632696,2004,PUNJAB,JAGRAON,PUNJAB||JAGRAON
29,28,7,20,0,28,0,4,91,100,24,0,8,68,2,3,11,2,14,0,64,318,942,50,116,221,76,0,0.0530785562632696,2004,0.0356718192627824,2005,PUNJAB,JAGRAON,PUNJAB||JAGRAON
15,24,2,12,0,16,1,4,75,84,26,0,6,33,0,0,9,6,3,0,62,346,841,30,74,189,39,0,0.0356718192627824,2005,0.0579710144927536,2006,PUNJAB,JAGRAON,PUNJAB||JAGRAON
23,30,3,18,0,12,0,1,73,93,24,0,7,69,0,1,11,1,21,0,75,289,897,52,87,191,76,0,0.0579710144927536,2006,0.0606407322654462,2007,PUNJAB,JAGRAON,PUNJAB||JAGRAON
74,72,4,21,0,70,1,6,216,290,149,0,25,271,10,17,16,2,104,0,155,756,2461,160,248,671,296,0,0.0650142218610321,2001,0.0527835051546391,2002,PUNJAB,JALANDHAR,PUNJAB||JALANDHAR
59,64,6,20,0,50,1,11,224,330,189,0,10,249,12,14,12,0,82,0,162,729,2425,128,211,766,259,0,0.0527835051546391,2002,0.0596223915203709,2003,PUNJAB,JALANDHAR,PUNJAB||JALANDHAR
55,79,15,33,0,64,3,9,256,380,184,0,10,507,4,13,27,0,107,0,171,894,3019,180,258,833,517,0,0.0596223915203709,2003,0.0653832183073011,2004,PUNJAB,JALANDHAR,PUNJAB||JALANDHAR
74,85,13,31,0,53,1,6,212,254,118,0,13,364,9,14,26,0,109,0,176,782,2753,180,263,599,377,0,0.0653832183073011,2004,0.0512645249487354,2005,PUNJAB,JALANDHAR,PUNJAB||JALANDHAR
63,83,11,37,0,80,4,9,226,335,128,0,16,454,8,7,27,1,78,0,231,773,2926,150,287,706,470,0,0.0512645249487354,2005,0.0498501770634704,2006,PUNJAB,JALANDHAR,PUNJAB||JALANDHAR
80,122,19,52,0,125,5,24,316,632,243,1,8,436,19,6,30,2,93,0,227,861,3671,183,428,1234,444,1,0.0498501770634704,2006,0.061219195849546,2007,PUNJAB,JALANDHAR,PUNJAB||JALANDHAR
63,118,32,54,0,113,5,11,332,630,285,0,12,537,14,12,48,2,120,0,240,878,3855,236,396,1272,549,0,0.061219195849546,2007,0.0633041688111168,2008,PUNJAB,JALANDHAR,PUNJAB||JALANDHAR
72,105,7,51,0,110,2,15,306,745,303,0,18,401,10,10,52,0,133,0,220,1011,3886,246,362,1379,419,0,0.0633041688111168,2008,0.0655435640958146,2009,PUNJAB,JALANDHAR,PUNJAB||JALANDHAR
20,24,1,8,0,17,2,5,55,64,25,0,1,140,2,2,20,0,34,0,63,204,755,64,77,151,141,0,0.0847682119205298,2001,0.0932017543859649,2002,PUNJAB,KAPURTHALA,PUNJAB||KAPURTHALA
32,18,4,17,0,16,5,2,36,81,26,0,5,196,1,7,14,0,47,0,69,215,912,85,94,146,201,0,0.0932017543859649,2002,0.0597519729425028,2003,PUNJAB,KAPURTHALA,PUNJAB||KAPURTHALA
22,14,3,11,0,11,0,4,57,64,32,0,7,227,1,2,3,0,37,0,85,218,887,53,65,158,234,0,0.0597519729425028,2003,0.0631970260223048,2004,PUNJAB,KAPURTHALA,PUNJAB||KAPURTHALA
22,23,6,12,0,12,0,1,38,62,23,0,4,166,3,5,2,0,32,0,91,200,807,51,76,127,170,0,0.0631970260223048,2004,0.0678952473326867,2005,PUNJAB,KAPURTHALA,PUNJAB||KAPURTHALA
23,26,4,18,0,24,2,2,63,135,51,0,6,119,3,2,21,0,29,0,101,261,1031,70,99,254,125,0,0.0678952473326867,2005,0.04496253122398,2006,PUNJAB,KAPURTHALA,PUNJAB||KAPURTHALA
28,29,1,13,0,21,2,15,105,135,41,0,5,164,5,6,12,0,23,0,100,291,1201,54,109,301,169,0,0.04496253122398,2006,0.0648648648648648,2007,PUNJAB,KAPURTHALA,PUNJAB||KAPURTHALA
29,33,4,22,0,22,0,15,91,210,50,0,8,199,7,7,25,0,42,0,97,434,1480,96,125,373,207,0,0.0648648648648648,2007,0.0503744043567052,2008,PUNJAB,KAPURTHALA,PUNJAB||KAPURTHALA
23,70,5,24,0,23,5,17,125,289,50,0,4,160,1,4,19,0,27,0,103,340,1469,74,167,482,164,0,0.0503744043567052,2008,0.0445205479452054,2009,PUNJAB,KAPURTHALA,PUNJAB||KAPURTHALA
17,17,2,6,0,4,1,6,31,44,19,1,4,36,2,4,0,0,15,0,88,127,486,25,54,102,40,1,0.051440329218107,2001,0.0584307178631051,2002,PUNJAB,KHANNA,PUNJAB||KHANNA
21,13,2,7,0,10,0,1,49,56,23,0,6,58,0,5,7,0,16,0,99,140,599,35,54,129,64,0,0.0584307178631051,2002,0.0490196078431372,2003,PUNJAB,KHANNA,PUNJAB||KHANNA
18,15,0,7,0,10,2,2,48,52,13,0,7,44,1,2,7,0,14,0,93,174,612,30,54,116,51,0,0.0490196078431372,2003,0.0756302521008403,2004,PUNJAB,KHANNA,PUNJAB||KHANNA
20,17,7,8,0,14,0,3,46,65,24,0,8,24,0,4,5,0,10,0,0,104,357,27,69,138,32,0,0.0756302521008403,2004,0.0470711297071129,2005,PUNJAB,KHANNA,PUNJAB||KHANNA
7,36,3,11,0,12,0,8,75,99,20,0,2,38,1,2,12,0,20,0,92,382,956,45,77,203,40,0,0.0470711297071129,2005,0.0188118811881188,2006,PUNJAB,KHANNA,PUNJAB||KHANNA
17,28,3,5,0,13,4,2,72,96,28,0,3,68,3,2,0,0,12,0,127,387,1010,19,72,201,71,0,0.0188118811881188,2006,0.0535549399815327,2007,PUNJAB,KHANNA,PUNJAB||KHANNA
24,21,4,17,0,18,3,7,61,108,47,0,13,112,0,8,0,0,33,0,144,347,1083,58,94,223,125,0,0.0535549399815327,2007,0.0477502295684113,2008,PUNJAB,KHANNA,PUNJAB||KHANNA
21,16,4,12,0,19,6,6,80,177,60,0,3,94,0,7,5,0,28,0,203,269,1089,52,84,323,97,0,0.0477502295684113,2008,0.0560081466395112,2009,PUNJAB,KHANNA,PUNJAB||KHANNA
74,68,6,38,0,88,6,23,250,624,383,0,41,437,3,11,46,13,249,0,208,1311,3785,357,303,1283,478,0,0.0943196829590488,2001,0.0736543909348441,2002,PUNJAB,LUDHIANA,PUNJAB||LUDHIANA
68,77,14,40,0,125,3,12,346,717,369,0,57,405,18,16,88,127,145,0,190,2850,5648,416,339,1462,462,0,0.0736543909348441,2002,0.0877117735363499,2003,PUNJAB,LUDHIANA,PUNJAB||LUDHIANA
64,66,5,38,0,85,1,13,350,756,364,0,49,351,9,8,72,175,116,0,206,2000,4663,409,272,1492,400,0,0.0877117735363499,2003,0.0740354535974974,2004,PUNJAB,LUDHIANA,PUNJAB||LUDHIANA
53,55,12,48,0,70,0,8,145,369,208,0,31,333,2,5,33,23,104,0,288,1046,2877,213,246,732,364,0,0.0740354535974974,2004,0.0676025120059106,2005,PUNJAB,LUDHIANA,PUNJAB||LUDHIANA
61,55,14,42,0,52,0,7,200,368,194,0,30,327,5,5,26,25,85,0,245,922,2707,183,231,774,357,0,0.0676025120059106,2005,0.060900550696469,2006,PUNJAB,LUDHIANA,PUNJAB||LUDHIANA
63,79,8,41,0,100,3,13,197,517,295,0,37,340,6,12,25,17,93,0,256,977,3087,188,307,1028,377,0,0.060900550696469,2006,0.0621883250220005,2007,PUNJAB,LUDHIANA,PUNJAB||LUDHIANA
63,76,8,58,0,120,3,19,273,664,334,0,31,310,6,9,25,13,107,0,285,1039,3409,212,347,1296,341,0,0.0621883250220005,2007,0.065120711562897,2008,PUNJAB,LUDHIANA,PUNJAB||LUDHIANA
73,69,10,46,0,115,5,17,217,577,300,0,23,278,2,10,36,21,92,0,277,963,3148,205,335,1113,301,0,0.065120711562897,2008,0.0579756566303651,2009,PUNJAB,LUDHIANA,PUNJAB||LUDHIANA
16,20,4,14,0,21,0,2,53,120,36,0,9,46,0,4,4,5,19,0,60,255,789,46,77,211,55,0,0.0583016476552598,2008,0.0575176589303733,2009,PUNJAB,LUDHIANA RURAL,PUNJAB||LUDHIANA RURAL
26,25,9,9,0,10,0,1,14,31,8,0,4,37,0,9,8,0,20,0,83,107,500,46,80,54,41,0,0.092,2001,0.0605652759084791,2002,PUNJAB,MAJITHA,PUNJAB||MAJITHA
28,34,9,9,0,14,0,2,28,48,9,0,3,55,4,5,6,0,25,0,84,200,743,45,96,91,58,0,0.0605652759084791,2002,0.0767230169050715,2003,PUNJAB,MAJITHA,PUNJAB||MAJITHA
42,20,3,12,0,12,0,0,28,57,9,0,6,67,3,3,15,0,29,0,86,207,769,59,89,97,73,0,0.0767230169050715,2003,0.0567484662576687,2004,PUNJAB,MAJITHA,PUNJAB||MAJITHA
34,23,8,14,0,16,0,5,30,58,11,0,10,58,2,4,6,0,13,0,76,147,652,37,100,106,68,0,0.0567484662576687,2004,0.0502152080344332,2005,PUNJAB,MAJITHA,PUNJAB||MAJITHA
35,21,2,9,0,18,0,4,37,71,14,0,5,72,5,7,2,1,16,0,78,162,697,35,89,131,77,0,0.0502152080344332,2005,0.0683544303797468,2006,PUNJAB,MAJITHA,PUNJAB||MAJITHA
25,21,1,6,0,5,1,0,31,42,17,0,6,36,2,2,3,0,3,0,0,108,425,14,59,92,42,0,0.0329411764705882,2001,0.0581613508442776,2002,PUNJAB,MANSA,PUNJAB||MANSA
25,23,1,10,0,5,1,2,40,40,14,0,16,39,3,3,7,0,11,0,0,150,533,31,67,99,55,0,0.0581613508442776,2002,0.0677655677655677,2003,PUNJAB,MANSA,PUNJAB||MANSA
17,22,2,11,0,7,1,3,35,53,11,0,12,44,1,6,8,0,12,0,1,177,546,37,63,103,56,0,0.0677655677655677,2003,0.0562180579216354,2004,PUNJAB,MANSA,PUNJAB||MANSA
28,36,6,8,0,5,0,2,40,32,12,0,13,61,0,3,1,0,21,0,0,188,587,33,85,86,74,0,0.0562180579216354,2004,0.0636215334420881,2005,PUNJAB,MANSA,PUNJAB||MANSA
23,23,26,15,0,11,2,1,51,39,12,0,10,59,1,1,5,0,18,0,0,184,613,39,101,104,69,0,0.0636215334420881,2005,0.0548780487804878,2006,PUNJAB,MANSA,PUNJAB||MANSA
27,29,20,17,0,9,0,1,31,46,30,0,8,66,0,1,9,0,9,0,0,229,656,36,103,108,74,0,0.0548780487804878,2006,0.0682110682110682,2007,PUNJAB,MANSA,PUNJAB||MANSA
28,31,6,20,0,8,1,1,47,59,23,0,17,48,4,6,5,0,22,0,0,283,777,53,95,134,65,0,0.0682110682110682,2007,0.0412621359223301,2008,PUNJAB,MANSA,PUNJAB||MANSA
31,42,6,13,0,11,1,3,62,78,28,0,9,41,1,3,6,0,12,0,0,278,824,34,107,172,50,0,0.0412621359223301,2008,0.0575719649561952,2009,PUNJAB,MANSA,PUNJAB||MANSA
23,32,6,11,0,14,7,6,45,64,30,0,21,49,0,6,8,2,25,0,70,125,754,52,99,145,70,0,0.0689655172413793,2001,0.0454545454545454,2002,PUNJAB,MOGA,PUNJAB||MOGA
27,35,4,4,0,14,0,5,39,70,31,1,29,93,2,7,7,0,14,0,67,116,704,32,90,147,122,1,0.0454545454545454,2002,0.0540865384615384,2003,PUNJAB,MOGA,PUNJAB||MOGA
27,27,4,9,0,14,2,7,69,102,43,0,45,68,1,3,16,0,17,0,52,171,832,45,90,222,113,0,0.0540865384615384,2003,0.0547396528704939,2004,PUNJAB,MOGA,PUNJAB||MOGA
35,22,2,11,0,14,1,0,55,61,31,0,20,68,2,7,5,0,18,0,65,161,749,41,85,149,88,0,0.0547396528704939,2004,0.0366552119129438,2005,PUNJAB,MOGA,PUNJAB||MOGA
22,34,10,9,0,18,1,2,65,74,30,0,16,119,0,3,6,1,13,0,58,210,873,32,96,171,135,0,0.0366552119129438,2005,0.0465293668954996,2006,PUNJAB,MOGA,PUNJAB||MOGA
31,42,10,11,0,28,2,10,100,132,30,2,20,221,0,1,24,0,25,0,68,326,1311,61,136,272,241,2,0.0465293668954996,2006,0.0587188612099644,2007,PUNJAB,MOGA,PUNJAB||MOGA
37,34,8,7,0,22,0,4,70,125,44,0,26,155,6,4,20,5,30,0,93,216,1124,66,112,249,181,0,0.0587188612099644,2007,0.0569620253164556,2008,PUNJAB,MOGA,PUNJAB||MOGA
27,29,9,19,0,24,1,7,75,136,46,0,17,106,4,3,19,0,22,0,85,203,1106,63,116,268,123,0,0.0569620253164556,2008,0.0532889258950874,2009,PUNJAB,MOGA,PUNJAB||MOGA
19,27,2,3,0,3,1,1,41,49,14,0,13,36,0,1,2,0,16,0,46,69,432,22,56,105,49,0,0.0509259259259259,2001,0.0686695278969957,2002,PUNJAB,MUKTSAR,PUNJAB||MUKTSAR
18,28,1,8,0,8,1,3,49,38,11,1,16,46,0,8,3,0,13,0,36,66,466,32,68,101,62,1,0.0686695278969957,2002,0.0632411067193675,2003,PUNJAB,MUKTSAR,PUNJAB||MUKTSAR
15,26,2,9,0,6,3,3,40,37,13,0,13,54,0,1,12,0,10,0,48,114,506,32,64,93,67,0,0.0632411067193675,2003,0.0665499124343257,2004,PUNJAB,MUKTSAR,PUNJAB||MUKTSAR
16,22,7,7,0,10,1,1,44,56,24,0,37,53,2,1,6,0,24,0,48,125,571,38,64,127,90,0,0.0665499124343257,2004,0.0945595854922279,2005,PUNJAB,MUKTSAR,PUNJAB||MUKTSAR
26,30,4,18,0,23,0,2,62,85,20,0,23,87,5,3,18,0,34,0,41,176,772,73,103,174,110,0,0.0945595854922279,2005,0.0571827057182705,2006,PUNJAB,MUKTSAR,PUNJAB||MUKTSAR
23,23,5,14,0,17,0,7,64,93,39,0,17,47,3,5,5,0,17,0,44,170,717,41,89,206,64,0,0.0571827057182705,2006,0.0495552731893265,2007,PUNJAB,MUKTSAR,PUNJAB||MUKTSAR
27,32,4,11,0,22,0,2,64,104,44,0,6,36,1,4,11,0,13,0,55,225,787,39,98,215,42,0,0.0495552731893265,2007,0.0510204081632653,2008,PUNJAB,MUKTSAR,PUNJAB||MUKTSAR
25,42,1,12,0,12,0,2,75,115,37,0,9,41,3,3,6,0,19,0,64,183,784,40,94,232,50,0,0.0510204081632653,2008,0.0465116279069767,2009,PUNJAB,MUKTSAR,PUNJAB||MUKTSAR
17,19,2,11,0,13,2,5,52,57,8,0,3,80,0,4,8,0,14,0,48,120,612,37,69,122,83,0,0.0604575163398692,2001,0.0766917293233082,2002,PUNJAB,NAWAN SHAHR,PUNJAB||NAWAN SHAHR
22,9,1,8,0,16,1,3,43,69,24,0,3,93,0,7,5,0,31,0,73,111,665,51,60,139,96,0,0.0766917293233082,2002,0.0705563093622795,2003,PUNJAB,NAWAN SHAHR,PUNJAB||NAWAN SHAHR
15,25,0,14,0,15,0,4,64,85,24,0,0,81,9,1,5,0,32,0,69,114,737,52,73,186,81,0,0.0705563093622795,2003,0.052219321148825,2004,PUNJAB,NAWAN SHAHR,PUNJAB||NAWAN SHAHR
23,20,1,14,0,16,1,11,39,108,34,0,0,60,3,3,7,2,14,0,69,115,766,40,86,195,60,0,0.052219321148825,2004,0.0541176470588235,2005,PUNJAB,NAWAN SHAHR,PUNJAB||NAWAN SHAHR
13,23,2,14,0,12,3,15,92,116,32,0,3,75,2,2,8,1,21,0,85,137,850,46,82,257,78,0,0.0541176470588235,2005,0.0453920220082531,2006,PUNJAB,NAWAN SHAHR,PUNJAB||NAWAN SHAHR
18,31,1,8,0,7,2,10,48,80,21,0,3,81,0,1,5,0,19,0,78,141,727,33,77,159,84,0,0.0453920220082531,2006,0.058252427184466,2007,PUNJAB,NAWAN SHAHR,PUNJAB||NAWAN SHAHR
56,74,17,23,0,60,2,16,391,583,177,0,51,404,0,10,128,19,232,0,300,3173,5973,412,248,1167,455,0,0.0689770634522015,2001,0.0613266583229036,2002,PUNJAB,PATIALA,PUNJAB||PATIALA
46,48,4,18,0,41,0,7,234,316,146,0,32,243,0,14,45,0,119,0,390,1243,3196,196,164,703,275,0,0.0613266583229036,2002,0.0695150898609698,2003,PUNJAB,PATIALA,PUNJAB||PATIALA
49,32,7,33,0,36,4,5,221,325,166,0,15,257,0,6,28,0,138,0,323,1035,2949,205,166,717,272,0,0.0695150898609698,2003,0.0536602700781805,2004,PUNJAB,PATIALA,PUNJAB||PATIALA
49,45,9,20,0,45,0,10,197,304,140,0,10,289,2,9,24,2,96,0,309,941,2814,151,178,653,299,0,0.0536602700781805,2004,0.0506101938262742,2005,PUNJAB,PATIALA,PUNJAB||PATIALA
61,30,10,19,0,24,3,9,181,328,154,0,32,224,0,8,30,2,82,0,302,1019,2786,141,156,672,256,0,0.0506101938262742,2005,0.0416146483562213,2006,PUNJAB,PATIALA,PUNJAB||PATIALA
43,55,12,29,0,26,0,2,163,274,155,0,21,175,8,4,27,1,39,0,283,844,2403,100,167,602,196,0,0.0416146483562213,2006,0.0700164744645799,2007,PUNJAB,PATIALA,PUNJAB||PATIALA
51,55,8,22,0,25,1,3,158,320,153,0,11,164,6,17,22,0,109,0,317,757,2428,170,165,640,175,0,0.0700164744645799,2007,0.0696958028494416,2008,PUNJAB,PATIALA,PUNJAB||PATIALA
42,49,5,35,0,44,1,1,210,373,197,0,11,180,3,13,17,0,116,0,283,812,2597,181,177,784,191,0,0.0696958028494416,2008,0.0721088435374149,2009,PUNJAB,PATIALA,PUNJAB||PATIALA
26,19,4,6,0,24,0,1,65,129,52,0,14,111,5,5,13,4,33,0,207,480,1278,61,80,252,125,0,0.0477308294209702,2001,0.0437956204379562,2002,PUNJAB,ROPAR,PUNJAB||ROPAR
27,13,3,6,0,29,0,1,85,135,67,0,16,112,2,6,17,6,25,0,199,567,1370,60,79,290,128,0,0.0437956204379562,2002,0.0535211267605633,2003,PUNJAB,ROPAR,PUNJAB||ROPAR
24,14,2,10,0,19,2,2,91,122,58,0,6,136,3,8,14,3,41,0,221,558,1420,76,73,276,142,0,0.0535211267605633,2003,0.0451388888888888,2004,PUNJAB,ROPAR,PUNJAB||ROPAR
25,14,3,8,0,12,3,1,72,137,70,0,7,92,3,0,12,3,29,0,186,397,1152,52,66,283,99,0,0.0451388888888888,2004,0.058970099667774,2005,PUNJAB,ROPAR,PUNJAB||ROPAR
27,10,0,18,0,12,0,1,81,139,62,0,6,117,1,6,16,2,29,0,189,414,1204,71,68,284,123,0,0.058970099667774,2005,0.0666666666666666,2006,PUNJAB,ROPAR,PUNJAB||ROPAR
12,1,1,8,0,10,0,1,24,50,14,0,6,60,1,5,9,1,21,0,136,241,660,44,33,90,66,0,0.0666666666666666,2006,0.0489977728285077,2007,PUNJAB,ROPAR,PUNJAB||ROPAR
10,11,3,7,0,9,0,5,78,108,39,0,5,81,4,2,11,0,24,0,126,314,898,44,45,234,86,0,0.0489977728285077,2007,0.0654627539503386,2008,PUNJAB,ROPAR,PUNJAB||ROPAR
9,14,1,10,0,11,0,7,78,109,43,0,5,85,6,2,18,1,27,0,136,276,886,58,52,243,90,0,0.0654627539503386,2008,0.0542986425339366,2009,PUNJAB,ROPAR,PUNJAB||ROPAR
46,45,0,15,0,28,4,13,111,157,54,0,18,111,4,10,18,4,36,0,101,336,1285,83,151,339,129,0,0.0645914396887159,2001,0.0677603423680456,2002,PUNJAB,SANGRUR,PUNJAB||SANGRUR
42,37,0,14,0,23,6,7,116,169,48,0,25,133,4,6,19,4,52,0,113,401,1402,95,129,344,158,0,0.0677603423680456,2002,0.0775602409638554,2003,PUNJAB,SANGRUR,PUNJAB||SANGRUR
33,35,9,19,0,18,3,8,114,154,70,0,30,107,4,12,14,2,56,0,116,399,1328,103,125,350,137,0,0.0775602409638554,2003,0.0655090765588003,2004,PUNJAB,SANGRUR,PUNJAB||SANGRUR
44,50,9,21,0,16,3,7,103,111,37,0,26,141,5,3,13,4,42,0,121,350,1267,83,150,263,167,0,0.0655090765588003,2004,0.0658008658008658,2005,PUNJAB,SANGRUR,PUNJAB||SANGRUR
33,34,19,11,0,21,1,2,66,109,42,0,28,149,3,7,14,1,43,0,79,333,1155,76,121,222,177,0,0.0658008658008658,2005,0.088,2006,PUNJAB,SANGRUR,PUNJAB||SANGRUR
23,32,12,24,0,14,0,2,80,93,40,0,17,136,2,7,18,4,46,0,127,295,1125,99,107,217,153,0,0.088,2006,0.0715137067938021,2007,PUNJAB,SANGRUR,PUNJAB||SANGRUR
36,58,9,31,0,26,3,8,132,210,72,0,9,115,8,5,31,2,51,0,150,553,1678,120,171,430,124,0,0.0715137067938021,2007,0.0642701525054466,2008,PUNJAB,SANGRUR,PUNJAB||SANGRUR
42,53,6,34,0,23,6,13,136,231,80,0,12,105,2,4,15,3,62,0,158,673,1836,118,177,462,117,0,0.0642701525054466,2008,0.0576596947427925,2009,PUNJAB,SANGRUR,PUNJAB||SANGRUR
30,29,9,10,0,15,0,0,190,311,110,0,4,128,0,6,0,2,3,2,477,769,2136,23,93,611,132,0,0.0107677902621722,2006,0.0099875156054931,2007,PUNJAB,SAS NGR,PUNJAB||SAS NGR
11,21,13,16,0,33,2,2,139,312,180,0,6,179,0,0,0,0,0,0,78,660,1602,16,98,633,185,0,0.0099875156054931,2007,0.0136579572446555,2008,PUNJAB,SAS NGR,PUNJAB||SAS NGR
26,10,4,20,0,28,1,3,176,353,119,0,9,190,0,3,0,0,0,0,197,526,1684,23,92,651,199,0,0.0136579572446555,2008,0.0437365010799136,2009,PUNJAB,SAS NGR,PUNJAB||SAS NGR
20,12,4,14,0,7,0,9,49,74,22,0,6,109,0,2,9,0,28,0,88,155,796,53,66,154,115,0,0.0665829145728643,2008,0.0708478513356562,2009,PUNJAB,SBS NAGAR,PUNJAB||SBS NAGAR
37,46,5,10,0,15,3,6,21,68,16,0,8,58,0,8,11,0,27,0,67,113,634,56,122,111,66,0,0.0883280757097791,2001,0.0661290322580645,2002,PUNJAB,TARN TARAN,PUNJAB||TARN TARAN
51,31,5,12,0,17,1,3,34,44,13,0,8,37,0,4,5,0,20,0,69,166,620,41,120,94,45,0,0.0661290322580645,2002,0.0568561872909698,2003,PUNJAB,TARN TARAN,PUNJAB||TARN TARAN
32,20,5,13,0,11,0,2,27,52,14,0,5,33,0,3,7,0,11,0,62,187,598,34,83,95,38,0,0.0568561872909698,2003,0.0705128205128205,2004,PUNJAB,TARN TARAN,PUNJAB||TARN TARAN
42,30,1,14,0,6,1,5,34,44,10,0,10,45,0,10,10,0,10,0,55,147,624,44,99,93,55,0,0.0705128205128205,2004,0.0802377414561664,2005,PUNJAB,TARN TARAN,PUNJAB||TARN TARAN
38,36,5,19,0,11,0,0,30,57,17,0,9,69,0,3,20,0,12,0,50,175,673,54,109,104,78,0,0.0802377414561664,2005,0.0903614457831325,2006,PUNJAB,TARN TARAN,PUNJAB||TARN TARAN
31,40,2,23,0,15,5,9,41,105,27,0,5,76,0,7,18,0,27,0,74,171,830,75,125,182,81,0,0.0903614457831325,2006,0.0691399662731871,2007,PUNJAB,TARN TARAN,PUNJAB||TARN TARAN
41,34,0,26,0,35,10,5,65,147,35,0,13,147,0,6,34,0,16,0,75,318,1186,82,151,252,160,0,0.0691399662731871,2007,0.0707395498392283,2008,PUNJAB,TARN TARAN,PUNJAB||TARN TARAN
32,36,5,18,0,17,2,2,45,80,12,0,11,124,0,2,22,0,24,0,85,234,933,66,112,139,135,0,0.0707395498392283,2008,0.0614136732329084,2009,PUNJAB,TARN TARAN,PUNJAB||TARN TARAN
39,47,2,16,0,133,8,46,447,748,248,112,12,314,27,12,95,0,236,0,339,3848,6618,359,403,1516,326,112,0.0542459957691145,2001,0.0572819704997851,2002,RAJASTHAN,AJMER,RAJASTHAN||AJMER
48,63,3,27,0,124,5,42,457,737,293,91,41,370,36,23,65,0,285,0,274,3595,6983,400,403,1565,411,91,0.0572819704997851,2002,0.0647798742138364,2003,RAJASTHAN,AJMER,RAJASTHAN||AJMER
47,61,3,36,0,100,1,48,372,736,288,57,36,311,15,17,75,0,284,0,345,3101,6360,412,353,1459,347,57,0.0647798742138364,2003,0.0745387453874538,2004,RAJASTHAN,AJMER,RAJASTHAN||AJMER
41,82,2,48,0,101,6,47,378,817,304,60,19,347,18,8,78,0,371,0,337,3400,6775,505,387,1564,366,60,0.0745387453874538,2004,0.0750725132229994,2005,RAJASTHAN,AJMER,RAJASTHAN||AJMER
43,54,2,26,0,89,0,33,339,859,372,46,31,313,18,11,61,3,339,0,352,2859,5861,440,293,1621,344,46,0.0750725132229994,2005,0.0892227502682814,2006,RAJASTHAN,AJMER,RAJASTHAN||AJMER
44,64,4,53,0,90,1,27,282,893,444,69,29,460,9,9,114,1,405,0,393,3242,6523,582,352,1655,489,69,0.0892227502682814,2006,0.1003279666070363,2007,RAJASTHAN,AJMER,RAJASTHAN||AJMER
53,71,1,31,0,89,2,24,270,867,344,55,22,617,13,19,105,3,515,0,447,3218,6708,673,326,1518,639,55,0.1003279666070363,2007,0.108218961981385,2008,RAJASTHAN,AJMER,RAJASTHAN||AJMER
47,36,0,45,0,102,2,31,256,701,303,32,13,650,11,17,108,0,516,0,417,3082,6339,686,295,1302,663,32,0.108218961981385,2008,0.1075697211155378,2009,RAJASTHAN,AJMER,RAJASTHAN||AJMER
85,83,0,34,0,119,1,52,286,964,295,445,34,363,44,43,124,0,235,0,233,1862,7023,436,819,1641,397,445,0.0620817314537946,2001,0.066334018197828,2002,RAJASTHAN,ALWAR,RAJASTHAN||ALWAR
82,96,0,44,0,121,0,43,226,964,342,79,29,392,47,42,115,1,250,0,238,1677,6814,452,465,1622,421,79,0.066334018197828,2002,0.0674346726608598,2003,RAJASTHAN,ALWAR,RAJASTHAN||ALWAR
80,134,0,50,0,81,2,40,222,1121,387,11,20,328,40,42,114,0,274,0,268,2065,7118,480,398,1810,348,11,0.0674346726608598,2003,0.0624040206617339,2004,RAJASTHAN,ALWAR,RAJASTHAN||ALWAR
60,98,0,43,0,86,0,31,203,1138,459,85,23,327,29,30,98,0,276,0,348,2245,7163,447,403,1860,350,85,0.0624040206617339,2004,0.0707990174830226,2005,RAJASTHAN,ALWAR,RAJASTHAN||ALWAR
78,93,5,52,0,86,1,42,143,1094,462,157,33,463,27,31,110,0,297,0,336,1882,6921,490,514,1768,496,157,0.0707990174830226,2005,0.0748308711859726,2006,RAJASTHAN,ALWAR,RAJASTHAN||ALWAR
75,83,4,81,0,102,0,38,160,1093,536,72,31,635,19,36,111,0,314,0,360,1931,7243,542,455,1846,666,72,0.0748308711859726,2006,0.0791559946334918,2007,RAJASTHAN,ALWAR,RAJASTHAN||ALWAR
89,62,4,73,0,109,0,38,178,1241,576,35,56,746,32,43,141,1,391,0,466,2461,8199,649,410,2065,802,35,0.0791559946334918,2007,0.0826634673065386,2008,RAJASTHAN,ALWAR,RAJASTHAN||ALWAR
101,59,8,88,0,142,0,38,233,1272,665,22,28,649,32,38,134,0,429,0,440,2026,8335,689,458,2240,677,22,0.0826634673065386,2008,0.0783789139912802,2009,RAJASTHAN,ALWAR,RAJASTHAN||ALWAR
40,24,3,90,0,61,4,23,96,118,14,427,8,54,51,10,112,1,151,0,56,726,3508,364,672,302,62,427,0.1037628278221208,2001,0.0814930015552099,2002,RAJASTHAN,BANSWARA,RAJASTHAN||BANSWARA
40,26,1,74,0,55,2,23,117,126,32,235,2,42,62,10,92,1,85,0,69,747,3215,262,456,360,44,235,0.0814930015552099,2002,0.0778934090192368,2003,RAJASTHAN,BANSWARA,RAJASTHAN||BANSWARA
35,26,0,53,0,54,4,12,96,128,26,259,6,42,31,3,89,2,100,0,89,757,3171,247,443,293,48,259,0.0778934090192368,2003,0.0700402144772118,2004,RAJASTHAN,BANSWARA,RAJASTHAN||BANSWARA
26,22,1,20,0,54,1,9,86,92,20,142,3,49,28,7,92,4,86,0,89,803,2984,209,275,235,52,142,0.0700402144772118,2004,0.0725474031327287,2005,RAJASTHAN,BANSWARA,RAJASTHAN||BANSWARA
26,15,0,29,0,33,0,9,77,105,33,119,2,53,19,7,83,1,56,0,82,622,2426,176,231,243,55,119,0.0725474031327287,2005,0.0831659300924066,2006,RAJASTHAN,BANSWARA,RAJASTHAN||BANSWARA
29,22,1,27,0,38,0,14,69,91,33,85,3,63,17,5,79,3,93,0,101,647,2489,207,216,224,66,85,0.0831659300924066,2006,0.0904956798544793,2007,RAJASTHAN,BANSWARA,RAJASTHAN||BANSWARA
39,13,1,39,0,46,0,9,64,106,26,95,0,71,23,4,55,1,100,0,106,613,2199,199,242,228,71,95,0.0904956798544793,2007,0.0874458874458874,2008,RAJASTHAN,BANSWARA,RAJASTHAN||BANSWARA
33,18,2,42,0,50,0,10,53,108,28,111,3,68,31,8,66,1,85,0,95,745,2310,202,266,230,71,111,0.0874458874458874,2008,0.100174978127734,2009,RAJASTHAN,BANSWARA,RAJASTHAN||BANSWARA
36,95,3,81,0,96,0,32,204,365,39,167,17,102,47,3,219,5,124,0,50,2398,4333,432,510,687,119,167,0.0996999769213016,2001,0.1104211663066954,2002,RAJASTHAN,BARAN,RAJASTHAN||BARAN
30,89,0,51,0,89,0,13,188,466,67,69,17,126,28,6,188,4,160,0,60,1786,3704,409,341,762,143,69,0.1104211663066954,2002,0.1219162363740677,2003,RAJASTHAN,BARAN,RAJASTHAN||BARAN
25,90,2,50,0,66,0,18,157,398,72,46,15,138,22,3,175,10,187,0,54,1746,3486,425,297,667,153,46,0.1219162363740677,2003,0.1166313238412602,2004,RAJASTHAN,BARAN,RAJASTHAN||BARAN
35,95,4,50,0,63,0,11,114,283,49,25,15,119,18,3,164,5,163,0,82,1777,3301,385,283,475,134,25,0.1166313238412602,2004,0.1279811891165602,2005,RAJASTHAN,BARAN,RAJASTHAN||BARAN
34,80,0,45,0,47,0,9,91,258,66,23,5,122,20,3,121,0,212,0,69,1444,2977,381,238,444,127,23,0.1279811891165602,2005,0.1279843444227006,2006,RAJASTHAN,BARAN,RAJASTHAN||BARAN
33,78,1,37,0,44,0,8,103,243,69,21,11,120,14,5,114,2,169,0,84,1084,2555,327,222,437,131,21,0.1279843444227006,2006,0.1438328646042587,2007,RAJASTHAN,BARAN,RAJASTHAN||BARAN
37,98,0,43,0,28,1,13,92,271,76,8,17,129,17,8,112,1,194,0,98,938,2489,358,228,469,146,8,0.1438328646042587,2007,0.1358839050131926,2008,RAJASTHAN,BARAN,RAJASTHAN||BARAN
37,109,2,52,0,45,4,13,102,285,60,9,29,157,14,10,169,0,181,0,114,1224,3032,412,271,474,186,9,0.1358839050131926,2008,0.1433649289099526,2009,RAJASTHAN,BARAN,RAJASTHAN||BARAN
11,26,0,13,0,21,0,12,108,185,43,67,7,62,21,13,71,0,45,0,61,819,2369,142,150,369,69,67,0.0599409033347404,2001,0.0741195741195741,2002,RAJASTHAN,BARMER,RAJASTHAN||BARMER
18,28,0,24,0,25,1,12,94,182,34,36,6,92,23,8,83,0,66,0,96,882,2442,181,144,345,98,36,0.0741195741195741,2002,0.0693069306930693,2003,RAJASTHAN,BARMER,RAJASTHAN||BARMER
16,16,2,16,0,26,0,12,110,196,69,25,8,95,19,17,72,0,63,0,110,967,2424,168,113,406,103,25,0.0693069306930693,2003,0.073075420085971,2004,RAJASTHAN,BARMER,RAJASTHAN||BARMER
15,22,3,14,0,21,0,7,122,194,73,28,3,138,33,9,95,0,69,0,85,1019,2559,187,110,429,141,28,0.073075420085971,2004,0.0766438079870915,2005,RAJASTHAN,BARMER,RAJASTHAN||BARMER
27,28,1,19,0,26,0,3,88,186,59,20,4,107,15,13,86,0,72,0,125,1009,2479,190,124,351,111,20,0.0766438079870915,2005,0.0685406237966884,2006,RAJASTHAN,BARMER,RAJASTHAN||BARMER
20,24,5,12,0,26,0,3,94,197,70,10,17,146,18,7,85,0,74,0,101,1122,2597,178,100,382,163,10,0.0685406237966884,2006,0.0784534534534534,2007,RAJASTHAN,BARMER,RAJASTHAN||BARMER
26,27,1,19,0,29,0,1,105,178,59,7,13,200,19,9,78,0,103,0,140,1150,2664,209,110,362,213,7,0.0784534534534534,2007,0.0814320814320814,2008,RAJASTHAN,BARMER,RAJASTHAN||BARMER
18,23,0,20,0,24,0,6,99,181,64,6,7,208,23,14,82,0,116,0,178,1336,2849,232,97,373,215,6,0.0814320814320814,2008,0.0935691318327974,2009,RAJASTHAN,BARMER,RAJASTHAN||BARMER
75,98,2,48,0,126,3,41,148,808,177,445,37,304,59,24,77,0,209,0,135,3478,7291,358,838,1233,341,445,0.049101632149225,2001,0.0468236582694414,2002,RAJASTHAN,BHARATPUR,RAJASTHAN||BHARATPUR
87,81,4,59,0,109,0,48,148,709,147,18,47,303,59,27,29,0,227,0,169,4060,7304,342,406,1111,350,18,0.0468236582694414,2002,0.0492282019190654,2003,RAJASTHAN,BHARATPUR,RAJASTHAN||BHARATPUR
91,92,3,41,0,105,1,40,81,841,234,3,68,297,41,30,55,0,228,0,188,3759,7191,354,376,1237,365,3,0.0492282019190654,2003,0.0540648246546227,2004,RAJASTHAN,BHARATPUR,RAJASTHAN||BHARATPUR
92,134,1,44,0,128,7,26,99,821,198,3,40,322,44,16,52,0,295,0,211,3995,7528,407,435,1188,362,3,0.0540648246546227,2004,0.0517707082833133,2005,RAJASTHAN,BHARATPUR,RAJASTHAN||BHARATPUR
91,111,1,46,0,88,4,23,63,772,228,2,16,312,32,35,44,0,220,0,195,3807,6664,345,366,1118,328,2,0.0517707082833133,2005,0.0595044016954678,2006,RAJASTHAN,BHARATPUR,RAJASTHAN||BHARATPUR
75,60,4,35,0,82,3,15,55,768,255,1,17,435,21,16,40,0,274,0,189,3512,6134,365,275,1114,452,1,0.0595044016954678,2006,0.0712739864377434,2007,RAJASTHAN,BHARATPUR,RAJASTHAN||BHARATPUR
69,48,5,62,0,112,32,22,69,772,290,22,16,552,50,30,41,1,360,0,210,3964,6931,494,372,1203,568,22,0.0712739864377434,2007,0.070526169651534,2008,RAJASTHAN,BHARATPUR,RAJASTHAN||BHARATPUR
63,53,0,74,0,100,5,34,58,882,368,5,16,528,20,24,39,0,371,0,212,4028,7203,508,334,1362,544,5,0.070526169651534,2008,0.0706456993090302,2009,RAJASTHAN,BHARATPUR,RAJASTHAN||BHARATPUR
34,54,6,42,0,223,2,49,365,787,233,257,41,354,37,5,126,3,312,0,172,2973,6335,488,667,1471,395,257,0.077032359905288,2001,0.0802366145912331,2002,RAJASTHAN,BHILWARA,RAJASTHAN||BHILWARA
30,46,4,46,0,196,0,48,361,752,281,219,27,355,28,4,134,6,339,0,196,3241,6593,529,589,1470,382,219,0.0802366145912331,2002,0.0755517826825127,2003,RAJASTHAN,BHILWARA,RAJASTHAN||BHILWARA
24,56,0,42,0,148,1,48,262,815,280,159,22,272,23,6,111,0,286,0,224,3261,5890,445,478,1428,294,159,0.0755517826825127,2003,0.0832142289979355,2004,RAJASTHAN,BHILWARA,RAJASTHAN||BHILWARA
37,43,4,44,0,157,2,55,292,846,319,186,15,383,23,11,121,6,342,0,249,3372,6297,524,528,1535,398,186,0.0832142289979355,2004,0.084818805093046,2005,RAJASTHAN,BHILWARA,RAJASTHAN||BHILWARA
35,48,8,39,0,136,3,43,265,829,335,130,8,339,27,14,87,0,293,0,216,2476,5105,433,442,1499,347,130,0.084818805093046,2005,0.0757281553398058,2006,RAJASTHAN,BHILWARA,RAJASTHAN||BHILWARA
36,61,1,40,0,97,0,57,319,679,284,39,4,317,14,9,81,0,221,0,227,2307,4635,351,331,1353,321,39,0.0757281553398058,2006,0.1011017498379779,2007,RAJASTHAN,BHILWARA,RAJASTHAN||BHILWARA
34,46,4,48,0,66,1,47,227,596,302,24,9,379,14,10,80,1,329,0,245,2355,4629,468,270,1186,388,24,0.1011017498379779,2007,0.1044093178036605,2008,RAJASTHAN,BHILWARA,RAJASTHAN||BHILWARA
37,35,0,42,0,68,1,45,212,711,333,32,26,398,18,13,77,0,370,0,283,2393,4808,502,260,1319,424,32,0.1044093178036605,2008,0.122880583409298,2009,RAJASTHAN,BHILWARA,RAJASTHAN||BHILWARA
21,101,0,35,0,36,1,4,158,431,91,108,33,195,26,13,53,0,153,0,102,1519,3952,254,306,710,228,108,0.0642712550607287,2001,0.0694942903752039,2002,RAJASTHAN,BIKANER,RAJASTHAN||BIKANER
40,90,0,24,0,21,0,6,122,367,77,9,24,169,20,13,34,0,142,0,42,1295,3065,213,190,592,193,9,0.0694942903752039,2002,0.0726082004555808,2003,RAJASTHAN,BIKANER,RAJASTHAN||BIKANER
50,88,0,27,0,41,0,12,125,352,98,4,35,196,14,14,50,0,164,0,134,1566,3512,255,222,601,231,4,0.0726082004555808,2003,0.0767081534163068,2004,RAJASTHAN,BIKANER,RAJASTHAN||BIKANER
52,98,0,41,0,31,2,8,152,513,133,1,20,292,21,23,48,0,190,0,164,1758,3937,302,233,827,312,1,0.0767081534163068,2004,0.0901111761263897,2005,RAJASTHAN,BIKANER,RAJASTHAN||BIKANER
39,86,0,30,0,20,2,14,147,362,107,0,12,185,14,12,67,0,199,0,162,1704,3418,308,191,644,197,0,0.0901111761263897,2005,0.1058130190195553,2006,RAJASTHAN,BIKANER,RAJASTHAN||BIKANER
35,102,0,29,0,28,0,10,182,403,106,5,9,303,11,16,63,0,287,0,177,1637,3733,395,209,712,312,5,0.1058130190195553,2006,0.1054811205846528,2007,RAJASTHAN,BIKANER,RAJASTHAN||BIKANER
39,85,0,32,0,36,0,8,124,320,104,2,8,448,5,18,76,0,307,0,192,1794,4105,433,202,561,456,2,0.1054811205846528,2007,0.1085347804637395,2008,RAJASTHAN,BIKANER,RAJASTHAN||BIKANER
38,70,0,48,0,29,2,16,113,367,117,0,14,390,16,12,74,0,306,0,252,1746,4054,440,203,629,404,0,0.1085347804637395,2008,0.1246458923512747,2009,RAJASTHAN,BIKANER,RAJASTHAN||BIKANER
33,72,4,36,0,120,4,33,222,391,67,229,24,106,39,2,164,6,157,0,76,1293,4078,365,531,752,130,229,0.0895046591466405,2001,0.1087458322646832,2002,RAJASTHAN,BUNDI,RAJASTHAN||BUNDI
21,95,9,38,0,109,2,24,216,389,72,135,11,109,31,7,151,3,225,0,97,1249,3899,424,433,732,120,135,0.1087458322646832,2002,0.1085526315789473,2003,RAJASTHAN,BUNDI,RAJASTHAN||BUNDI
28,100,3,42,0,69,1,21,179,364,87,71,17,77,17,4,152,0,198,0,80,1349,3648,396,335,668,94,71,0.1085526315789473,2003,0.1018295618680789,2004,RAJASTHAN,BUNDI,RAJASTHAN||BUNDI
17,102,0,47,0,99,0,17,128,366,96,88,13,128,23,4,141,3,228,0,99,1658,4154,423,370,630,141,88,0.1018295618680789,2004,0.100859051861279,2005,RAJASTHAN,BUNDI,RAJASTHAN||BUNDI
20,75,0,41,0,70,0,8,89,244,89,40,7,80,8,5,105,0,166,0,111,1184,3143,317,254,438,87,40,0.100859051861279,2005,0.1352159468438538,2006,RAJASTHAN,BUNDI,RAJASTHAN||BUNDI
22,52,1,39,0,64,4,13,80,211,80,48,6,170,7,5,103,0,260,0,108,1160,3010,407,243,391,176,48,0.1352159468438538,2006,0.1119246861924686,2007,RAJASTHAN,BUNDI,RAJASTHAN||BUNDI
28,55,0,28,0,57,1,14,98,216,74,24,12,191,8,2,87,0,204,0,109,1126,2868,321,207,410,203,24,0.1119246861924686,2007,0.1154466301193163,2008,RAJASTHAN,BUNDI,RAJASTHAN||BUNDI
17,67,4,33,0,70,0,8,80,243,97,24,9,144,14,3,98,0,224,0,130,1170,3101,358,223,442,153,24,0.1154466301193163,2008,0.1227830832196452,2009,RAJASTHAN,BUNDI,RAJASTHAN||BUNDI
41,59,4,67,0,206,5,47,402,730,132,507,39,283,59,7,112,5,384,0,127,1452,7062,575,936,1370,322,507,0.0814216935712262,2001,0.0822256568778979,2002,RAJASTHAN,CHITTORGARH,RAJASTHAN||CHITTORGARH
46,52,1,73,0,171,3,27,310,701,170,357,25,235,60,7,121,1,330,0,131,1505,6470,532,730,1268,260,357,0.0822256568778979,2002,0.0859446303620322,2003,RAJASTHAN,CHITTORGARH,RAJASTHAN||CHITTORGARH
50,48,6,78,0,191,2,39,329,657,177,244,18,265,43,6,99,3,379,0,173,1615,6574,565,658,1245,283,244,0.0859446303620322,2003,0.1084390030607783,2004,RAJASTHAN,CHITTORGARH,RAJASTHAN||CHITTORGARH
51,46,1,67,0,184,2,40,298,673,225,138,44,284,40,7,165,4,501,0,195,1802,6861,744,529,1276,328,138,0.1084390030607783,2004,0.0919823788546255,2005,RAJASTHAN,CHITTORGARH,RAJASTHAN||CHITTORGARH
52,55,3,61,0,133,1,30,256,557,182,135,19,287,36,7,118,1,335,0,210,1508,5675,522,470,1061,306,135,0.0919823788546255,2005,0.1107226107226107,2006,RAJASTHAN,CHITTORGARH,RAJASTHAN||CHITTORGARH
51,47,6,65,0,154,1,40,269,572,204,103,23,301,34,9,151,3,437,0,216,1608,6006,665,467,1119,324,103,0.1107226107226107,2006,0.1257609740467798,2007,RAJASTHAN,CHITTORGARH,RAJASTHAN||CHITTORGARH
48,48,3,92,0,147,4,38,230,628,170,132,28,301,46,6,155,2,530,0,241,1800,6242,785,512,1112,329,132,0.1257609740467798,2007,0.115155526141628,2008,RAJASTHAN,CHITTORGARH,RAJASTHAN||CHITTORGARH
36,20,0,40,0,104,1,21,162,502,184,71,18,239,43,6,73,1,402,0,226,1353,4533,522,293,912,257,71,0.115155526141628,2008,0.1253681110643668,2009,RAJASTHAN,CHITTORGARH,RAJASTHAN||CHITTORGARH
26,40,1,24,0,26,0,11,129,210,24,198,9,143,24,8,73,3,174,0,65,893,2880,282,326,398,152,198,0.0979166666666666,2001,0.0851138353765324,2002,RAJASTHAN,CHURU,RAJASTHAN||CHURU
26,48,0,22,0,31,2,6,88,233,26,151,12,144,27,8,50,0,163,0,60,836,2855,243,286,380,156,151,0.0851138353765324,2002,0.1001395673412421,2003,RAJASTHAN,CHURU,RAJASTHAN||CHURU
29,34,1,22,0,29,2,1,99,243,27,75,15,228,11,15,76,1,173,0,72,755,2866,287,193,381,243,75,0.1001395673412421,2003,0.0973092517508293,2004,RAJASTHAN,CHURU,RAJASTHAN||CHURU
32,34,1,15,0,31,2,1,118,204,29,34,16,219,16,7,44,0,198,0,80,767,2713,264,150,368,235,34,0.0973092517508293,2004,0.1036315323294951,2005,RAJASTHAN,CHURU,RAJASTHAN||CHURU
19,33,1,18,0,28,1,8,78,144,34,17,8,162,13,7,60,0,149,0,100,725,2258,234,125,277,170,17,0.1036315323294951,2005,0.0990359333917616,2006,RAJASTHAN,CHURU,RAJASTHAN||CHURU
18,22,5,17,0,19,2,2,62,150,26,17,9,184,13,10,16,0,183,0,95,876,2282,226,102,253,193,17,0.0990359333917616,2006,0.1236954000773096,2007,RAJASTHAN,CHURU,RAJASTHAN||CHURU
20,29,2,27,0,27,0,6,106,160,28,8,11,228,8,11,38,0,244,0,134,949,2587,320,119,308,239,8,0.1236954000773096,2007,0.1018484958318231,2008,RAJASTHAN,CHURU,RAJASTHAN||CHURU
16,39,0,37,0,43,1,4,93,205,50,2,1,269,10,16,16,0,212,0,161,1098,2759,281,142,362,270,2,0.1018484958318231,2008,0.1134281200631911,2009,RAJASTHAN,CHURU,RAJASTHAN||CHURU
28,21,0,9,0,40,3,14,148,380,102,717,17,102,18,8,31,0,60,0,140,1669,3546,108,832,662,119,717,0.0304568527918781,2001,0.0309928688974218,2002,RAJASTHAN,DAUSA,RAJASTHAN||DAUSA
21,25,2,16,0,47,0,6,83,383,115,145,24,107,28,5,10,0,82,0,129,2377,3646,113,262,615,131,145,0.0309928688974218,2002,0.0290063182079264,2003,RAJASTHAN,DAUSA,RAJASTHAN||DAUSA
33,17,0,17,0,40,2,5,82,411,178,82,20,116,17,3,20,0,61,0,161,2318,3482,101,196,693,136,82,0.0290063182079264,2003,0.0362694300518134,2004,RAJASTHAN,DAUSA,RAJASTHAN||DAUSA
30,15,0,14,0,50,0,5,97,479,168,87,8,172,17,14,30,0,89,0,167,2734,4053,147,201,766,180,87,0.0362694300518134,2004,0.0347826086956521,2005,RAJASTHAN,DAUSA,RAJASTHAN||DAUSA
27,21,0,12,0,30,2,7,77,552,225,58,13,139,10,13,12,0,83,0,177,2161,3450,120,157,871,152,58,0.0347826086956521,2005,0.0463267543859649,2006,RAJASTHAN,DAUSA,RAJASTHAN||DAUSA
25,17,0,16,0,35,0,10,87,542,246,74,7,204,5,14,34,0,105,0,192,2278,3648,169,177,890,211,74,0.0463267543859649,2006,0.0426698450536352,2007,RAJASTHAN,DAUSA,RAJASTHAN||DAUSA
34,18,1,16,0,67,0,9,108,725,329,28,10,267,27,12,39,0,112,0,197,2524,4195,179,173,1198,277,28,0.0426698450536352,2007,0.0356289376493591,2008,RAJASTHAN,DAUSA,RAJASTHAN||DAUSA
33,32,2,21,0,61,0,18,112,820,431,50,9,266,14,9,34,0,100,0,253,2574,4603,164,217,1395,275,50,0.0356289376493591,2008,0.0373134328358208,2009,RAJASTHAN,DAUSA,RAJASTHAN||DAUSA
42,76,2,24,0,43,2,27,80,240,22,552,14,64,19,21,34,0,93,0,58,588,3096,172,768,388,78,552,0.0555555555555555,2001,0.0611881892564923,2002,RAJASTHAN,DHOLPUR,RAJASTHAN||DHOLPUR
42,89,0,26,0,58,4,18,78,190,32,373,8,74,7,25,43,0,78,0,72,652,2811,172,610,325,82,373,0.0611881892564923,2002,0.066798418972332,2003,RAJASTHAN,DHOLPUR,RAJASTHAN||DHOLPUR
40,67,1,20,0,32,1,17,68,226,58,71,9,52,15,21,36,0,92,0,81,640,2530,169,249,384,61,71,0.066798418972332,2003,0.0722970752546828,2004,RAJASTHAN,DHOLPUR,RAJASTHAN||DHOLPUR
32,50,0,31,0,44,4,22,88,278,64,65,11,92,14,12,50,0,127,0,83,651,3043,220,248,466,103,65,0.0722970752546828,2004,0.0586206896551724,2005,RAJASTHAN,DHOLPUR,RAJASTHAN||DHOLPUR
31,87,1,25,0,53,6,16,50,273,76,39,16,104,13,17,30,0,98,0,107,618,2900,170,258,428,120,39,0.0586206896551724,2005,0.0684977958630044,2006,RAJASTHAN,DHOLPUR,RAJASTHAN||DHOLPUR
42,58,1,28,0,41,0,10,39,312,107,34,8,115,11,25,33,0,116,0,112,690,2949,202,214,479,123,34,0.0684977958630044,2006,0.0649658854939187,2007,RAJASTHAN,DHOLPUR,RAJASTHAN||DHOLPUR
44,68,0,20,0,57,5,12,43,403,146,29,16,115,14,13,22,0,164,0,112,802,3371,219,235,618,131,29,0.0649658854939187,2007,0.0486725663716814,2008,RAJASTHAN,DHOLPUR,RAJASTHAN||DHOLPUR
51,77,3,21,0,64,3,20,51,425,149,12,9,123,9,19,9,0,127,0,125,1005,3616,176,251,654,132,12,0.0486725663716814,2008,0.0625299472927647,2009,RAJASTHAN,DHOLPUR,RAJASTHAN||DHOLPUR
31,9,1,17,0,54,0,8,79,74,28,207,16,40,25,3,56,0,60,0,80,897,1997,136,327,214,56,207,0.0681021532298447,2001,0.0650826446280991,2002,RAJASTHAN,DUNGARPUR,RAJASTHAN||DUNGARPUR
24,16,1,21,0,43,0,13,88,80,19,204,12,27,40,4,58,1,42,0,82,1038,1936,126,322,240,39,204,0.0650826446280991,2002,0.0689655172413793,2003,RAJASTHAN,DUNGARPUR,RAJASTHAN||DUNGARPUR
30,20,2,15,0,29,0,9,59,55,21,105,7,39,24,10,50,1,54,0,88,1148,1885,130,210,168,46,105,0.0689655172413793,2003,0.0722513089005235,2004,RAJASTHAN,DUNGARPUR,RAJASTHAN||DUNGARPUR
26,8,0,17,0,40,1,13,58,76,21,132,8,35,21,5,44,0,72,0,95,1146,1910,138,237,189,43,132,0.0722513089005235,2004,0.0688010899182561,2005,RAJASTHAN,DUNGARPUR,RAJASTHAN||DUNGARPUR
21,11,1,9,0,31,1,9,36,50,11,83,6,35,14,3,39,0,50,0,96,864,1468,101,166,120,41,83,0.0688010899182561,2005,0.0820802005012531,2006,RAJASTHAN,DUNGARPUR,RAJASTHAN||DUNGARPUR
23,14,1,18,0,25,1,6,28,56,13,94,11,27,11,2,64,0,47,0,86,971,1596,131,182,114,38,94,0.0820802005012531,2006,0.0683073832245103,2007,RAJASTHAN,DUNGARPUR,RAJASTHAN||DUNGARPUR
23,17,0,10,0,42,1,10,47,58,24,70,31,62,16,2,58,0,66,0,121,1174,1991,136,173,155,93,70,0.0683073832245103,2007,0.0969011313330054,2008,RAJASTHAN,DUNGARPUR,RAJASTHAN||DUNGARPUR
23,15,0,26,0,50,1,15,45,79,18,100,12,48,23,11,66,0,94,0,116,1145,2033,197,230,180,60,100,0.0969011313330054,2008,0.0970976253298153,2009,RAJASTHAN,DUNGARPUR,RAJASTHAN||DUNGARPUR
51,97,0,55,0,79,2,14,253,408,93,36,56,396,11,13,118,2,375,0,135,2399,5610,563,334,779,452,36,0.1003565062388591,2001,0.1047654366771741,2002,RAJASTHAN,GANGANAGAR,RAJASTHAN||GANGANAGAR
63,94,0,54,0,60,0,9,211,441,121,8,80,435,14,19,100,1,391,0,145,2108,5393,565,288,796,515,8,0.1047654366771741,2002,0.0977845683728036,2003,RAJASTHAN,GANGANAGAR,RAJASTHAN||GANGANAGAR
59,143,0,75,0,51,0,11,230,389,131,10,46,531,9,16,69,0,352,0,130,1897,5236,512,349,770,577,10,0.0977845683728036,2003,0.1030478955007256,2004,RAJASTHAN,GANGANAGAR,RAJASTHAN||GANGANAGAR
58,106,2,50,0,69,0,12,233,480,129,20,58,532,16,20,46,2,450,0,141,1994,5512,568,317,870,590,20,0.1030478955007256,2004,0.1001029866117404,2005,RAJASTHAN,GANGANAGAR,RAJASTHAN||GANGANAGAR
59,114,0,45,0,53,0,17,215,454,118,7,25,469,15,10,58,0,373,0,134,1737,4855,486,295,819,494,7,0.1001029866117404,2005,0.1200332847930101,2006,RAJASTHAN,GANGANAGAR,RAJASTHAN||GANGANAGAR
67,101,0,39,0,38,1,15,185,369,107,10,13,583,9,16,64,1,457,0,146,1669,4807,577,271,685,596,10,0.1200332847930101,2006,0.148491879350348,2007,RAJASTHAN,GANGANAGAR,RAJASTHAN||GANGANAGAR
61,73,1,66,0,56,1,18,191,388,106,0,36,686,6,11,64,2,625,0,157,1769,5172,768,276,709,722,0,0.148491879350348,2007,0.091321243523316,2008,RAJASTHAN,GANGANAGAR,RAJASTHAN||GANGANAGAR
39,71,2,70,0,66,0,7,181,347,89,21,25,564,10,16,59,2,276,0,141,1705,4632,423,276,634,589,21,0.091321243523316,2008,0.1457621018535181,2009,RAJASTHAN,GANGANAGAR,RAJASTHAN||GANGANAGAR
3,2,4,1,0,7,0,12,10,584,17,16,5,7,2,0,14,0,0,0,0,285,962,15,45,625,12,16,0.0155925155925155,2001,0.0305522914218566,2002,RAJASTHAN,G.R.P.,RAJASTHAN||GRP
5,2,1,4,0,3,2,8,4,533,14,4,4,5,0,2,20,0,0,0,2,245,851,26,29,559,9,4,0.0305522914218566,2002,0.0186480186480186,2003,RAJASTHAN,G.R.P.,RAJASTHAN||GRP
5,8,1,0,0,3,6,8,3,536,8,2,3,4,0,2,12,2,0,0,1,258,858,16,33,555,7,2,0.0186480186480186,2003,0.0164609053497942,2004,RAJASTHAN,G.R.P.,RAJASTHAN||GRP
3,4,0,1,0,3,0,3,1,554,13,8,3,6,0,1,13,0,1,0,3,362,972,16,22,571,9,8,0.0164609053497942,2004,0.019650655021834,2005,RAJASTHAN,G.R.P.,RAJASTHAN||GRP
4,3,0,2,0,2,1,9,0,467,14,4,0,7,0,0,15,1,0,0,2,392,916,18,25,490,7,4,0.019650655021834,2005,0.0184108527131782,2006,RAJASTHAN,G.R.P.,RAJASTHAN||GRP
7,5,0,0,0,10,2,11,1,547,13,4,3,4,0,0,19,0,0,0,1,414,1032,19,39,572,7,4,0.0184108527131782,2006,0.0174897119341563,2007,RAJASTHAN,G.R.P.,RAJASTHAN||GRP
4,5,0,0,0,6,1,2,0,483,9,14,5,7,1,1,12,4,0,0,9,407,972,17,32,495,12,14,0.0174897119341563,2007,0.0268456375838926,2008,RAJASTHAN,G.R.P.,RAJASTHAN||GRP
4,4,0,2,0,4,1,6,1,368,27,3,2,9,1,1,17,0,0,0,1,315,745,20,24,403,11,3,0.0268456375838926,2008,0.0129310344827586,2009,RAJASTHAN,G.R.P.,RAJASTHAN||GRP
56,83,0,35,0,49,2,12,196,348,82,135,29,290,25,20,98,0,241,0,91,1498,3956,394,372,663,319,135,0.0995955510616784,2001,0.0987845875355572,2002,RAJASTHAN,HANUMANGARH,RAJASTHAN||HANUMANGARH
65,97,1,40,0,34,1,9,145,343,63,27,23,284,18,19,95,1,227,0,88,1739,3867,382,274,578,307,27,0.0987845875355572,2002,0.1105290728129911,2003,RAJASTHAN,HANUMANGARH,RAJASTHAN||HANUMANGARH
59,92,1,56,0,32,1,15,161,377,69,44,12,252,7,18,93,1,254,0,102,1595,3818,422,300,629,264,44,0.1105290728129911,2003,0.1125845033801352,2004,RAJASTHAN,HANUMANGARH,RAJASTHAN||HANUMANGARH
49,96,3,38,0,35,3,15,104,336,50,11,15,319,11,12,91,0,291,1,97,1793,3846,433,250,516,334,11,0.1125845033801352,2004,0.1070643642072213,2005,RAJASTHAN,HANUMANGARH,RAJASTHAN||HANUMANGARH
48,79,0,36,0,28,0,11,117,238,46,0,10,297,8,12,58,0,235,0,100,1490,3185,341,202,420,307,0,0.1070643642072213,2005,0.1177424586441777,2006,RAJASTHAN,HANUMANGARH,RAJASTHAN||HANUMANGARH
44,61,1,31,0,24,0,13,104,245,53,4,13,381,10,10,65,0,257,0,92,1332,3083,363,178,425,394,4,0.1177424586441777,2006,0.0978781656399726,2007,RAJASTHAN,HANUMANGARH,RAJASTHAN||HANUMANGARH
32,137,1,39,0,24,0,6,91,199,42,0,10,376,7,14,53,1,179,0,109,1377,2922,286,239,345,386,0,0.0978781656399726,2007,0.1043530113297555,2008,RAJASTHAN,HANUMANGARH,RAJASTHAN||HANUMANGARH
55,82,1,33,0,35,0,6,88,201,62,0,13,401,11,17,68,0,232,0,144,1550,3354,350,212,368,414,0,0.1043530113297555,2008,0.1064230045686643,2009,RAJASTHAN,HANUMANGARH,RAJASTHAN||HANUMANGARH
91,90,6,61,0,247,7,79,1110,3207,1036,3181,217,1103,63,29,179,1,453,0,749,8173,20604,723,3762,5495,1320,3181,0.0350902737332556,2001,0.0403295529675024,2002,RAJASTHAN,JAIPUR,RAJASTHAN||JAIPUR
85,116,10,57,0,256,2,78,982,3000,1137,2699,233,1423,65,32,187,0,517,0,765,7653,19663,793,3303,5262,1656,2699,0.0403295529675024,2002,0.0404627358993496,2003,RAJASTHAN,JAIPUR,RAJASTHAN||JAIPUR
92,114,7,57,0,226,4,51,970,3161,1312,1459,226,1357,54,32,188,0,482,0,794,7900,18758,759,2010,5548,1583,1459,0.0404627358993496,2003,0.0444851303874511,2004,RAJASTHAN,JAIPUR,RAJASTHAN||JAIPUR
83,116,10,81,0,227,10,63,939,4032,1886,821,265,1581,35,39,240,3,536,0,890,8511,20209,899,1411,6955,1846,821,0.0444851303874511,2004,0.0432168728132853,2005,RAJASTHAN,JAIPUR,RAJASTHAN||JAIPUR
18,21,1,19,0,55,1,20,289,1628,896,173,50,434,7,6,40,2,156,0,193,2210,5370,223,308,2840,484,173,0.0415270018621973,2006,0.0350850314079975,2007,RAJASTHAN,JAIPUR EAST,RAJASTHAN||JAIPUR EAST
14,31,0,25,0,65,4,102,358,2295,1413,121,52,462,5,7,38,0,159,0,218,2522,6527,229,362,4173,514,121,0.0350850314079975,2007,0.0343919442292796,2008,RAJASTHAN,JAIPUR EAST,RAJASTHAN||JAIPUR EAST
15,27,2,20,0,64,2,110,290,2532,1835,126,35,571,10,6,54,2,140,0,216,2214,6455,222,366,4777,606,126,0.0343919442292796,2008,0.0394853593611357,2009,RAJASTHAN,JAIPUR EAST,RAJASTHAN||JAIPUR EAST
22,25,0,18,0,48,1,12,140,844,460,64,54,381,2,8,42,0,151,0,126,1435,3714,219,190,1458,435,64,0.0589660743134087,2006,0.0630773291105832,2007,RAJASTHAN,JAIPUR NORTH,RAJASTHAN||JAIPUR NORTH
17,27,0,23,0,76,2,24,159,830,457,52,55,430,4,11,37,0,168,0,134,1393,3789,239,221,1474,485,52,0.0630773291105832,2007,0.0582883139038953,2008,RAJASTHAN,JAIPUR NORTH,RAJASTHAN||JAIPUR NORTH
14,37,1,25,0,69,2,26,121,745,437,56,31,475,6,5,26,0,149,0,128,1183,3517,205,230,1335,506,56,0.0582883139038953,2008,0.0678617157490397,2009,RAJASTHAN,JAIPUR NORTH,RAJASTHAN||JAIPUR NORTH
59,38,4,34,0,85,3,15,181,821,314,158,30,635,42,14,98,1,169,0,605,4203,7987,316,396,1373,665,158,0.0395642919744584,2006,0.0447978497032142,2007,RAJASTHAN,JAIPUR RURAL,RAJASTHAN||JAIPUR RURAL
66,25,7,39,0,85,1,24,246,1097,349,105,38,848,44,25,127,5,204,0,698,4605,8929,400,352,1760,886,105,0.0447978497032142,2007,0.0402165506573859,2008,RAJASTHAN,JAIPUR RURAL,RAJASTHAN||JAIPUR RURAL
66,32,1,35,0,110,9,19,236,1137,458,71,53,791,32,11,108,5,205,0,661,4811,9051,364,343,1882,844,71,0.0402165506573859,2008,0.0459566946531153,2009,RAJASTHAN,JAIPUR RURAL,RAJASTHAN||JAIPUR RURAL
19,17,1,21,0,57,3,14,199,1142,592,63,145,620,2,9,28,0,144,0,185,1764,4739,202,195,1949,765,63,0.0426250263768727,2006,0.0393898435991504,2007,RAJASTHAN,JAIPUR SOUTH,RAJASTHAN||JAIPUR SOUTH
21,18,2,14,0,65,1,27,304,1293,736,114,161,721,5,7,26,0,157,0,200,1644,5179,204,262,2365,882,114,0.0393898435991504,2007,0.0390064397424103,2008,RAJASTHAN,JAIPUR SOUTH,RAJASTHAN||JAIPUR SOUTH
17,25,0,15,0,52,2,46,276,1539,1006,61,154,966,7,9,26,0,162,0,168,1529,5435,212,218,2874,1120,61,0.0390064397424103,2008,0.0379023035451723,2009,RAJASTHAN,JAIPUR SOUTH,RAJASTHAN||JAIPUR SOUTH
9,0,0,2,0,8,0,4,51,142,4,28,6,30,6,3,21,0,16,0,27,249,1020,42,51,207,36,28,0.0411764705882352,2001,0.0414394765539803,2002,RAJASTHAN,JAISALMER,RAJASTHAN||JAISALMER
7,0,0,3,0,5,0,6,61,157,11,25,3,22,10,5,13,0,17,0,37,544,917,38,46,245,25,25,0.0414394765539803,2002,0.0517241379310344,2003,RAJASTHAN,JAISALMER,RAJASTHAN||JAISALMER
3,0,0,3,0,10,0,3,32,120,16,13,1,25,8,4,16,0,13,0,30,412,696,36,32,179,26,13,0.0517241379310344,2003,0.0560292326431181,2004,RAJASTHAN,JAISALMER,RAJASTHAN||JAISALMER
5,0,0,2,0,10,0,0,57,156,20,20,2,17,7,3,14,0,27,0,34,467,821,46,37,240,19,20,0.0560292326431181,2004,0.0525606469002695,2005,RAJASTHAN,JAISALMER,RAJASTHAN||JAISALMER
7,0,1,2,0,9,1,3,61,115,19,14,2,31,2,5,16,0,16,0,32,425,742,39,37,200,33,14,0.0525606469002695,2005,0.0423031727379553,2006,RAJASTHAN,JAISALMER,RAJASTHAN||JAISALMER
4,6,0,1,0,7,0,4,52,125,14,16,2,48,6,5,14,0,15,1,45,500,851,36,38,201,50,16,0.0423031727379553,2006,0.044238683127572,2007,RAJASTHAN,JAISALMER,RAJASTHAN||JAISALMER
5,3,0,4,0,13,1,2,39,139,24,24,1,71,5,7,9,0,23,0,53,573,972,43,52,209,72,24,0.044238683127572,2007,0.0574018126888217,2008,RAJASTHAN,JAISALMER,RAJASTHAN||JAISALMER
6,1,0,4,0,11,0,4,47,114,15,17,4,73,7,10,19,0,24,0,45,413,993,57,43,187,77,17,0.0574018126888217,2008,0.0491803278688524,2009,RAJASTHAN,JAISALMER,RAJASTHAN||JAISALMER
17,35,2,10,0,32,2,11,104,156,19,44,8,67,34,12,61,0,96,0,53,1690,2507,179,153,324,75,44,0.0714000797766254,2001,0.0703517587939698,2002,RAJASTHAN,JALORE,RAJASTHAN||JALORE
19,23,2,11,0,32,0,8,111,177,23,30,13,88,37,10,77,0,84,0,75,1737,2587,182,125,356,101,30,0.0703517587939698,2002,0.0665557404326123,2003,RAJASTHAN,JALORE,RAJASTHAN||JALORE
22,21,1,6,0,36,0,8,69,147,27,13,7,87,25,7,72,0,75,0,63,1693,2404,160,107,276,94,13,0.0665557404326123,2003,0.0551638324346744,2004,RAJASTHAN,JALORE,RAJASTHAN||JALORE
30,20,0,5,0,27,0,8,75,124,31,11,8,82,17,8,45,0,75,0,64,1754,2411,133,101,255,90,11,0.0551638324346744,2004,0.0526565464895635,2005,RAJASTHAN,JALORE,RAJASTHAN||JALORE
15,22,0,5,0,22,1,2,75,139,26,10,3,109,15,5,42,0,59,0,86,1452,2108,111,77,257,112,10,0.0526565464895635,2005,0.067426400759734,2006,RAJASTHAN,JALORE,RAJASTHAN||JALORE
21,22,2,10,0,23,0,5,73,156,24,12,12,121,14,10,41,0,81,0,84,1357,2106,142,95,272,133,12,0.067426400759734,2006,0.0794332331472735,2007,RAJASTHAN,JALORE,RAJASTHAN||JALORE
21,22,0,7,0,30,2,3,79,152,34,18,17,110,29,9,62,0,107,0,91,1498,2329,185,103,297,127,18,0.0794332331472735,2007,0.0716019417475728,2008,RAJASTHAN,JALORE,RAJASTHAN||JALORE
24,19,1,13,0,27,0,9,63,149,41,18,12,136,28,8,50,0,106,0,124,1615,2472,177,111,290,148,18,0.0716019417475728,2008,0.0778688524590164,2009,RAJASTHAN,JALORE,RAJASTHAN||JALORE
38,99,8,65,0,89,2,45,220,383,67,206,19,95,55,8,144,10,224,0,61,712,3533,451,552,770,114,206,0.1276535522219077,2001,0.1255002858776443,2002,RAJASTHAN,JHALAWAR,RAJASTHAN||JHALAWAR
44,71,5,61,0,82,2,12,186,356,83,121,9,79,57,7,150,11,210,0,87,881,3498,439,398,694,88,121,0.1255002858776443,2002,0.120784794604537,2003,RAJASTHAN,JHALAWAR,RAJASTHAN||JHALAWAR
32,81,7,50,0,69,1,31,156,325,90,142,4,73,42,11,141,1,191,0,84,712,3262,394,413,644,77,142,0.120784794604537,2003,0.1235018238665971,2004,RAJASTHAN,JHALAWAR,RAJASTHAN||JHALAWAR
46,98,4,40,0,88,0,38,179,438,140,90,8,78,49,4,167,5,258,0,75,1063,3838,474,404,844,86,90,0.1235018238665971,2004,0.1155143338954468,2005,RAJASTHAN,JHALAWAR,RAJASTHAN||JHALAWAR
40,87,1,40,0,68,4,21,127,377,134,106,11,105,53,6,160,6,199,0,103,1017,3558,411,367,712,116,106,0.1155143338954468,2005,0.1260370134014039,2006,RAJASTHAN,JHALAWAR,RAJASTHAN||JHALAWAR
28,80,3,42,0,66,2,17,116,350,132,41,7,92,30,10,151,3,189,0,100,975,3134,395,279,645,99,41,0.1260370134014039,2006,0.1434219985621855,2007,RAJASTHAN,JHALAWAR,RAJASTHAN||JHALAWAR
43,105,2,54,0,49,1,20,78,390,189,67,5,113,26,10,113,0,222,0,139,862,2782,399,341,703,118,67,0.1434219985621855,2007,0.1359857482185273,2008,RAJASTHAN,JHALAWAR,RAJASTHAN||JHALAWAR
58,99,0,44,0,66,5,15,117,395,155,78,13,132,26,6,144,2,262,0,142,1076,3368,458,365,708,145,78,0.1359857482185273,2008,0.1516685845799769,2009,RAJASTHAN,JHALAWAR,RAJASTHAN||JHALAWAR
37,19,0,19,0,45,3,6,163,392,67,262,29,129,35,0,50,0,125,0,91,2599,4102,194,391,663,158,262,0.0472940029254022,2001,0.0509888015248987,2002,RAJASTHAN,JHUNJHUNU,RAJASTHAN||JHUNJHUNU
44,25,0,12,0,49,5,9,138,313,59,252,15,142,45,15,65,0,122,0,128,2670,4197,214,396,564,157,252,0.0509888015248987,2002,0.0515663986692542,2003,RAJASTHAN,JHUNJHUNU,RAJASTHAN||JHUNJHUNU
41,10,0,27,0,47,0,6,122,269,58,87,20,125,20,7,50,0,102,0,99,2383,3607,186,218,475,145,87,0.0515663986692542,2003,0.0579525146796017,2004,RAJASTHAN,JHUNJHUNU,RAJASTHAN||JHUNJHUNU
32,12,0,26,0,40,1,8,109,330,57,86,12,169,31,14,55,0,132,0,131,2547,3917,227,205,535,181,86,0.0579525146796017,2004,0.0551415797317436,2005,RAJASTHAN,JHUNJHUNU,RAJASTHAN||JHUNJHUNU
27,13,0,31,0,29,0,7,119,261,46,81,8,166,33,11,45,0,98,0,126,2159,3355,185,188,466,174,81,0.0551415797317436,2005,0.0709141274238227,2006,RAJASTHAN,JHUNJHUNU,RAJASTHAN||JHUNJHUNU
34,18,0,44,0,20,0,6,125,264,53,29,11,249,24,17,38,0,157,0,118,1883,3610,256,151,472,260,29,0.0709141274238227,2006,0.0738119312436804,2007,RAJASTHAN,JHUNJHUNU,RAJASTHAN||JHUNJHUNU
44,16,1,31,0,34,0,2,135,310,74,33,6,310,33,18,39,0,204,0,161,1838,3956,292,161,554,316,33,0.0738119312436804,2007,0.0865509199274423,2008,RAJASTHAN,JHUNJHUNU,RAJASTHAN||JHUNJHUNU
34,20,0,40,0,44,0,3,109,404,76,36,14,350,18,22,32,0,240,0,157,1476,3859,334,177,610,364,36,0.0865509199274423,2008,0.0880339863110691,2009,RAJASTHAN,JHUNJHUNU,RAJASTHAN||JHUNJHUNU
30,79,3,20,0,78,1,43,319,831,269,172,81,450,37,12,128,3,263,1,193,1057,6535,427,426,1499,531,172,0.0653404743687834,2001,0.0672469465113014,2002,RAJASTHAN,JODHPUR,RAJASTHAN||JODHPUR
38,69,2,33,0,104,2,43,383,938,342,140,66,430,46,17,157,5,267,0,241,1542,7123,479,431,1752,496,140,0.0672469465113014,2002,0.0631594372801875,2003,RAJASTHAN,JODHPUR,RAJASTHAN||JODHPUR
39,68,5,34,0,96,0,25,375,1011,490,101,75,511,46,15,96,4,282,0,252,1468,6824,431,368,1947,586,101,0.0631594372801875,2003,0.0591311927938398,2004,RAJASTHAN,JODHPUR,RAJASTHAN||JODHPUR
49,114,0,19,0,66,3,23,330,1200,620,77,76,570,52,15,101,2,270,0,253,1457,6883,407,351,2225,646,77,0.0591311927938398,2004,0.0571561338289962,2005,RAJASTHAN,JODHPUR,RAJASTHAN||JODHPUR
15,42,0,18,0,37,1,26,237,725,411,19,28,447,7,10,53,3,209,0,132,843,3460,293,158,1406,475,19,0.0846820809248554,2006,0.0826612903225806,2007,RAJASTHAN,JODHPUR CITY,RAJASTHAN||JODHPUR CITY
16,57,2,16,0,55,0,16,207,718,429,20,18,487,11,11,32,1,227,0,156,806,3472,287,182,1381,505,20,0.0826612903225806,2007,0.0830223880597015,2008,RAJASTHAN,JODHPUR CITY,RAJASTHAN||JODHPUR CITY
13,56,3,19,0,43,1,32,141,759,511,22,23,460,5,10,25,1,212,0,112,716,3216,267,189,1448,483,22,0.0830223880597015,2008,0.0828609986504723,2009,RAJASTHAN,JODHPUR CITY,RAJASTHAN||JODHPUR CITY
29,35,2,19,0,21,1,12,98,198,26,26,4,130,17,17,59,0,58,0,169,550,2505,153,145,351,134,26,0.0610778443113772,2006,0.0585402000741015,2007,RAJASTHAN,JODHPUR RURAL,RAJASTHAN||JODHPUR RURAL
23,30,0,24,0,19,2,13,102,232,22,17,11,126,22,15,49,0,70,0,194,702,2699,158,128,391,137,17,0.0585402000741015,2007,0.058435127104655,2008,RAJASTHAN,JODHPUR RURAL,RAJASTHAN||JODHPUR RURAL
14,34,0,32,0,31,4,12,95,251,55,8,4,146,16,17,47,0,81,0,230,894,3029,177,135,429,150,8,0.058435127104655,2008,0.0640055058499655,2009,RAJASTHAN,JODHPUR RURAL,RAJASTHAN||JODHPUR RURAL
35,0,1,21,0,72,0,12,68,298,66,134,14,63,15,10,37,0,66,0,60,1979,2908,134,275,459,77,134,0.046079779917469,2001,0.0506155950752394,2002,RAJASTHAN,KARAULI,RAJASTHAN||KARAULI
19,17,1,21,0,58,1,14,38,260,40,90,10,79,25,15,57,0,55,0,63,2084,2924,148,221,377,89,90,0.0506155950752394,2002,0.0621697233447311,2003,RAJASTHAN,KARAULI,RAJASTHAN||KARAULI
28,27,0,34,0,76,1,10,30,267,52,23,9,97,26,13,80,0,73,0,64,1998,3217,200,199,385,106,23,0.0621697233447311,2003,0.0631485324636821,2004,RAJASTHAN,KARAULI,RAJASTHAN||KARAULI
26,26,0,45,0,75,0,14,33,339,96,3,24,119,25,11,70,0,87,0,85,2198,3373,213,189,507,143,3,0.0631485324636821,2004,0.0606443461781427,2005,RAJASTHAN,KARAULI,RAJASTHAN||KARAULI
26,20,2,22,0,62,1,5,40,380,153,4,10,138,14,14,40,0,116,0,82,2088,3166,192,142,592,148,4,0.0606443461781427,2005,0.056517775752051,2006,RAJASTHAN,KARAULI,RAJASTHAN||KARAULI
21,29,2,29,0,59,0,10,34,361,158,12,5,144,16,19,39,0,99,0,82,2313,3291,186,162,579,149,12,0.056517775752051,2006,0.0535914702581369,2007,RAJASTHAN,KARAULI,RAJASTHAN||KARAULI
37,51,2,28,0,69,0,26,27,424,200,13,17,136,36,18,35,0,110,0,92,2417,3564,191,226,713,153,13,0.0535914702581369,2007,0.0450808804030761,2008,RAJASTHAN,KARAULI,RAJASTHAN||KARAULI
39,34,0,33,0,64,6,19,23,566,257,11,20,156,12,11,27,0,99,0,70,2557,3771,170,206,877,176,11,0.0450808804030761,2008,0.0542315175097276,2009,RAJASTHAN,KARAULI,RAJASTHAN||KARAULI
58,310,1,50,0,146,2,86,456,1213,444,229,43,308,43,17,203,6,319,0,119,2593,7383,595,882,2242,351,229,0.080590545848571,2001,0.0795036764705882,2002,RAJASTHAN,KOTA,RAJASTHAN||KOTA
56,374,4,37,0,160,2,64,381,1058,426,159,44,279,27,6,154,3,319,0,178,2742,6528,519,856,1956,323,159,0.0795036764705882,2002,0.0827529021558872,2003,RAJASTHAN,KOTA,RAJASTHAN||KOTA
35,292,0,35,0,134,0,41,324,987,510,57,38,365,21,9,146,2,307,0,160,2613,6030,499,594,1883,403,57,0.0827529021558872,2003,0.0884918986289987,2004,RAJASTHAN,KOTA,RAJASTHAN||KOTA
47,300,4,42,0,137,1,50,325,1201,600,59,43,409,39,10,186,1,400,0,175,3290,7221,639,640,2215,452,59,0.0884918986289987,2004,0.0828288793739849,2005,RAJASTHAN,KOTA,RAJASTHAN||KOTA
11,134,4,18,0,85,2,40,186,893,531,10,15,340,9,12,49,3,272,0,101,1661,4045,354,304,1659,355,10,0.0875154511742892,2006,0.0923245015023217,2007,RAJASTHAN,KOTA CITY,RAJASTHAN||KOTA CITY
22,154,2,25,0,84,1,62,137,897,589,10,25,384,10,10,41,1,261,0,118,1270,3661,338,360,1695,409,10,0.0923245015023217,2007,0.0977482088024565,2008,RAJASTHAN,KOTA CITY,RAJASTHAN||KOTA CITY
36,132,6,24,0,66,4,75,166,946,703,2,23,363,9,10,40,1,307,0,118,1479,3908,382,345,1899,386,2,0.0977482088024565,2008,0.1076560659599528,2009,RAJASTHAN,KOTA CITY,RAJASTHAN||KOTA CITY
21,90,1,19,0,27,2,9,81,222,79,20,5,88,8,4,91,3,132,0,85,980,2080,249,189,399,93,20,0.1197115384615384,2006,0.1589366515837104,2007,RAJASTHAN,KOTA RURAL,RAJASTHAN||KOTA RURAL
25,37,2,30,0,33,2,23,87,209,109,15,8,109,12,5,73,0,173,0,98,577,1768,281,167,440,117,15,0.1589366515837104,2007,0.1641479937467431,2008,RAJASTHAN,KOTA RURAL,RAJASTHAN||KOTA RURAL
33,41,4,34,0,30,1,17,66,190,70,5,14,112,10,4,76,0,201,0,91,706,1919,315,165,353,126,5,0.1641479937467431,2008,0.155055225148683,2009,RAJASTHAN,KOTA RURAL,RAJASTHAN||KOTA RURAL
48,17,1,22,0,59,2,23,274,407,87,57,18,164,27,14,65,0,102,0,91,2655,4575,203,229,818,182,57,0.0443715846994535,2001,0.0589945990859991,2002,RAJASTHAN,NAGAUR,RAJASTHAN||NAGAUR
43,30,4,39,0,61,1,26,306,446,95,42,16,219,28,14,78,0,153,0,119,2844,4814,284,246,901,235,42,0.0589945990859991,2002,0.0636729222520107,2003,RAJASTHAN,NAGAUR,RAJASTHAN||NAGAUR
45,30,0,32,0,40,2,10,268,399,106,15,14,173,23,10,115,0,128,0,141,2682,4476,285,174,806,187,15,0.0636729222520107,2003,0.0823474831825562,2004,RAJASTHAN,NAGAUR,RAJASTHAN||NAGAUR
54,35,0,25,0,40,2,7,208,400,91,20,6,209,28,16,160,0,154,0,167,2502,4311,355,183,734,215,20,0.0823474831825562,2004,0.086562040215792,2005,RAJASTHAN,NAGAUR,RAJASTHAN||NAGAUR
38,27,4,33,0,43,1,11,169,350,93,8,3,249,25,15,169,0,136,0,171,2449,4078,353,165,648,252,8,0.086562040215792,2005,0.1040162454873646,2006,RAJASTHAN,NAGAUR,RAJASTHAN||NAGAUR
56,31,4,35,0,49,3,19,142,419,91,12,9,275,26,12,193,0,221,0,182,2602,4432,461,209,697,284,12,0.1040162454873646,2006,0.1052236940764808,2007,RAJASTHAN,NAGAUR,RAJASTHAN||NAGAUR
42,46,1,38,0,49,1,20,200,372,103,6,13,347,11,12,119,0,252,0,221,2120,4001,421,203,706,360,6,0.1052236940764808,2007,0.119205298013245,2008,RAJASTHAN,NAGAUR,RAJASTHAN||NAGAUR
36,42,1,33,0,64,0,14,158,367,120,1,18,304,16,18,142,0,257,0,214,1895,3775,450,191,675,322,1,0.119205298013245,2008,0.112975655873316,2009,RAJASTHAN,NAGAUR,RAJASTHAN||NAGAUR
43,53,2,25,0,77,0,14,193,294,70,138,66,185,36,15,115,2,196,0,132,2999,4640,353,352,607,251,138,0.0760775862068965,2001,0.0716683119447186,2002,RAJASTHAN,PALI,RAJASTHAN||PALI
32,74,2,25,0,74,0,34,216,332,81,88,28,244,44,14,116,3,205,0,201,3280,5065,363,329,707,272,88,0.0716683119447186,2002,0.0827128194807808,2003,RAJASTHAN,PALI,RAJASTHAN||PALI
38,54,4,27,0,80,1,29,233,318,95,78,36,184,36,9,184,1,190,0,208,3217,4969,411,311,711,220,78,0.0827128194807808,2003,0.0767498592606492,2004,RAJASTHAN,PALI,RAJASTHAN||PALI
42,59,9,31,0,90,0,19,223,453,143,39,31,221,35,12,127,0,239,0,229,3431,5329,409,289,873,252,39,0.0767498592606492,2004,0.0854464095461325,2005,RAJASTHAN,PALI,RAJASTHAN||PALI
33,35,3,36,0,68,2,14,206,329,74,34,21,199,15,8,145,1,211,0,231,3070,4693,401,225,638,220,34,0.0854464095461325,2005,0.090385058796403,2006,RAJASTHAN,PALI,RAJASTHAN||PALI
35,46,3,30,0,68,1,24,216,364,85,20,30,248,15,10,131,1,220,0,256,2566,4337,392,227,704,278,20,0.090385058796403,2006,0.0887386435664483,2007,RAJASTHAN,PALI,RAJASTHAN||PALI
30,36,5,39,0,71,0,13,220,333,88,26,21,315,12,5,108,0,268,0,256,2939,4733,420,220,666,336,26,0.0887386435664483,2007,0.1054421768707483,2008,RAJASTHAN,PALI,RAJASTHAN||PALI
33,24,1,43,0,96,0,9,169,335,128,12,16,305,8,13,116,1,323,0,283,2874,4704,496,218,649,321,12,0.1054421768707483,2008,0.1027592768791627,2009,RAJASTHAN,PALI,RAJASTHAN||PALI
20,24,1,49,0,54,0,5,35,130,25,35,3,69,12,2,51,0,138,0,65,652,1847,240,188,207,72,35,0.1299404439631835,2008,0.1664726426076833,2009,RAJASTHAN,PRATAPGARH,RAJASTHAN||PRATAPGARH
15,16,2,13,0,63,2,7,81,191,68,303,17,118,27,6,40,1,104,0,99,721,2872,164,421,374,135,303,0.0571030640668523,2001,0.0494781600309238,2002,RAJASTHAN,RAJSAMAND,RAJASTHAN||RAJSAMAND
18,22,0,9,0,60,0,9,91,148,57,203,25,98,26,7,38,0,74,0,139,392,2587,128,321,331,123,203,0.0494781600309238,2002,0.0583554376657824,2003,RAJASTHAN,RAJSAMAND,RAJASTHAN||RAJSAMAND
21,3,0,12,0,58,0,8,87,166,64,122,6,103,17,2,32,2,106,0,141,446,2639,154,224,342,109,122,0.0583554376657824,2003,0.0684273709483793,2004,RAJASTHAN,RAJSAMAND,RAJASTHAN||RAJSAMAND
18,15,0,7,0,38,0,7,72,165,51,58,10,113,10,3,29,1,131,0,135,430,2499,171,143,305,123,58,0.0684273709483793,2004,0.0672993960310612,2005,RAJASTHAN,RAJSAMAND,RAJASTHAN||RAJSAMAND
18,19,0,8,0,47,0,7,70,179,53,36,10,103,12,0,29,2,117,0,141,421,2318,156,135,321,113,36,0.0672993960310612,2005,0.0834690553745928,2006,RAJASTHAN,RAJSAMAND,RAJASTHAN||RAJSAMAND
12,9,2,6,0,36,0,17,107,187,54,35,9,154,16,2,37,1,159,0,141,481,2456,205,117,381,163,35,0.0834690553745928,2006,0.0984946236559139,2007,RAJASTHAN,RAJSAMAND,RAJASTHAN||RAJSAMAND
13,16,0,5,0,43,1,9,91,173,68,41,10,143,7,6,28,1,189,0,142,745,2325,229,128,348,153,41,0.0984946236559139,2007,0.112088930060213,2008,RAJASTHAN,RAJSAMAND,RAJASTHAN||RAJSAMAND
17,7,0,12,0,48,1,12,76,166,55,26,10,100,9,0,35,0,195,0,149,717,2159,242,123,318,110,26,0.112088930060213,2008,0.1086691086691086,2009,RAJASTHAN,RAJSAMAND,RAJASTHAN||RAJSAMAND
23,19,1,19,0,62,1,31,102,310,85,180,10,125,19,6,49,0,97,0,44,1962,3094,171,336,547,135,180,0.055268261150614,2001,0.0649134487350199,2002,RAJASTHAN,SAWAI MADHOPUR,RAJASTHAN||SAWAI MADHOPUR
27,25,1,21,0,52,2,19,104,276,83,47,15,187,24,2,59,0,113,0,48,1922,3004,195,194,506,202,47,0.0649134487350199,2002,0.0642349903163331,2003,RAJASTHAN,SAWAI MADHOPUR,RAJASTHAN||SAWAI MADHOPUR
24,32,1,21,0,42,1,12,110,303,105,20,14,154,12,10,56,0,112,0,41,2102,3098,199,153,542,168,20,0.0642349903163331,2003,0.0618588747280074,2004,RAJASTHAN,SAWAI MADHOPUR,RAJASTHAN||SAWAI MADHOPUR
22,21,1,28,0,50,0,6,83,377,128,4,5,156,20,13,45,0,113,0,66,2165,3217,199,132,614,161,4,0.0618588747280074,2004,0.0565544295521412,2005,RAJASTHAN,SAWAI MADHOPUR,RAJASTHAN||SAWAI MADHOPUR
18,33,1,23,0,36,1,12,92,381,156,2,9,106,11,8,28,0,114,0,68,2097,3059,173,126,652,115,2,0.0565544295521412,2005,0.0593633495841697,2006,RAJASTHAN,SAWAI MADHOPUR,RAJASTHAN||SAWAI MADHOPUR
24,24,1,20,0,47,0,19,104,469,256,5,2,190,10,7,44,0,136,0,76,2264,3487,207,140,858,192,5,0.0593633495841697,2006,0.0568149210903873,2007,RAJASTHAN,SAWAI MADHOPUR,RAJASTHAN||SAWAI MADHOPUR
19,21,3,21,0,48,0,12,81,452,237,16,2,224,16,13,33,0,131,0,68,2313,3485,198,140,798,226,16,0.0568149210903873,2007,0.056768558951965,2008,RAJASTHAN,SAWAI MADHOPUR,RAJASTHAN||SAWAI MADHOPUR
25,31,0,16,0,50,0,17,86,466,295,6,3,212,2,6,29,0,144,0,82,2252,3435,195,145,866,215,6,0.056768558951965,2008,0.0634174985320023,2009,RAJASTHAN,SAWAI MADHOPUR,RAJASTHAN||SAWAI MADHOPUR
46,31,2,13,0,48,0,14,212,379,72,941,21,207,64,15,28,0,114,0,159,1517,4333,170,1095,741,228,941,0.0392337872144011,2001,0.0446472619634928,2002,RAJASTHAN,SIKAR,RAJASTHAN||SIKAR
41,29,5,13,0,52,2,2,206,306,54,577,12,217,49,10,42,0,116,0,155,1755,4054,181,721,617,229,577,0.0446472619634928,2002,0.0526463963963963,2003,RAJASTHAN,SIKAR,RAJASTHAN||SIKAR
33,20,1,15,0,41,0,4,179,276,58,159,12,188,29,17,44,0,111,0,177,1919,3552,187,273,546,200,159,0.0526463963963963,2003,0.0479027053859518,2004,RAJASTHAN,SIKAR,RAJASTHAN||SIKAR
39,27,1,18,0,66,1,6,178,353,72,239,14,165,30,17,38,0,120,0,201,2078,4029,193,397,639,179,239,0.0479027053859518,2004,0.0454653090220222,2005,RAJASTHAN,SIKAR,RAJASTHAN||SIKAR
51,46,0,21,0,68,0,7,176,381,97,102,6,165,37,12,22,0,137,0,228,2347,4223,192,295,698,171,102,0.0454653090220222,2005,0.0563041385948027,2006,RAJASTHAN,SIKAR,RAJASTHAN||SIKAR
45,34,1,29,0,60,0,11,150,340,86,53,7,332,31,9,31,0,165,0,238,2123,4156,234,233,618,339,53,0.0563041385948027,2006,0.0662218927600691,2007,RAJASTHAN,SIKAR,RAJASTHAN||SIKAR
36,35,2,34,0,59,1,8,152,353,93,24,8,373,22,19,32,0,183,0,285,1974,4047,268,199,628,381,24,0.0662218927600691,2007,0.0690147548786292,2008,RAJASTHAN,SIKAR,RAJASTHAN||SIKAR
43,28,2,40,0,48,3,11,152,417,128,27,8,406,24,15,18,0,217,0,292,2130,4202,290,202,732,414,27,0.0690147548786292,2008,0.0774620474892954,2009,RAJASTHAN,SIKAR,RAJASTHAN||SIKAR
31,35,0,22,0,24,0,16,157,122,20,104,33,73,14,8,29,0,79,0,101,798,2185,138,232,329,106,104,0.0631578947368421,2001,0.0553393860786856,2002,RAJASTHAN,SIROHI,RAJASTHAN||SIROHI
28,26,0,9,0,44,4,14,171,147,23,46,18,107,33,3,33,0,83,0,111,952,2313,128,171,388,125,46,0.0553393860786856,2002,0.0734793187347931,2003,RAJASTHAN,SIROHI,RAJASTHAN||SIROHI
27,29,0,11,0,35,0,10,113,140,41,19,25,56,25,6,37,0,97,0,107,750,2055,151,131,329,81,19,0.0734793187347931,2003,0.0684186678749433,2004,RAJASTHAN,SIROHI,RAJASTHAN||SIROHI
44,28,1,14,0,33,6,18,113,188,39,40,15,91,17,6,44,1,86,0,114,689,2207,151,184,375,106,40,0.0684186678749433,2004,0.0853658536585365,2005,RAJASTHAN,SIROHI,RAJASTHAN||SIROHI
30,24,2,23,0,24,1,16,110,167,37,82,11,102,14,4,51,0,104,0,133,578,2132,182,202,344,113,82,0.0853658536585365,2005,0.0965103598691385,2006,RAJASTHAN,SIROHI,RAJASTHAN||SIROHI
17,20,1,20,0,26,1,7,95,130,33,35,16,123,5,7,50,1,99,0,141,645,1834,177,127,270,139,35,0.0965103598691385,2006,0.1106991525423728,2007,RAJASTHAN,SIROHI,RAJASTHAN||SIROHI
22,21,1,23,0,37,0,9,68,164,26,27,17,127,6,5,51,0,130,0,142,600,1888,209,140,273,144,27,0.1106991525423728,2007,0.1079607415485278,2008,RAJASTHAN,SIROHI,RAJASTHAN||SIROHI
26,21,3,17,0,40,0,13,79,140,38,39,16,142,13,5,66,0,110,0,157,579,1834,198,159,283,158,39,0.1079607415485278,2008,0.1077225774717166,2009,RAJASTHAN,SIROHI,RAJASTHAN||SIROHI
19,32,1,17,0,68,1,19,145,298,73,175,17,117,32,7,84,6,142,0,88,1120,3913,256,332,567,134,175,0.0654229491438793,2001,0.063135366506153,2002,RAJASTHAN,TONK,RAJASTHAN||TONK
22,26,1,18,0,90,1,12,101,294,81,165,7,120,24,1,45,3,169,0,111,1207,3738,236,335,512,127,165,0.063135366506153,2002,0.0630701068543132,2003,RAJASTHAN,TONK,RAJASTHAN||TONK
20,27,5,11,0,60,0,13,145,291,79,182,20,139,10,5,45,1,179,1,136,1273,3837,242,318,538,159,182,0.0630701068543132,2003,0.067315277412569,2004,RAJASTHAN,TONK,RAJASTHAN||TONK
27,28,4,14,0,67,1,9,108,318,105,127,18,152,16,5,30,2,205,0,129,1255,3803,256,277,556,170,127,0.067315277412569,2004,0.063735691987513,2005,RAJASTHAN,TONK,RAJASTHAN||TONK
24,26,1,18,0,64,1,7,88,368,142,107,11,179,9,1,37,1,188,0,132,1249,3844,245,248,614,190,107,0.063735691987513,2005,0.0742842403920557,2006,RAJASTHAN,TONK,RAJASTHAN||TONK
17,31,1,12,0,56,0,11,78,334,126,54,15,237,9,5,18,2,249,2,170,1330,3877,288,182,558,252,54,0.0742842403920557,2006,0.0729196454103517,2007,RAJASTHAN,TONK,RAJASTHAN||TONK
23,36,1,19,0,60,0,9,84,271,94,51,15,212,9,3,20,1,212,0,193,1366,3497,255,199,467,227,51,0.0729196454103517,2007,0.0867936309709647,2008,RAJASTHAN,TONK,RAJASTHAN||TONK
15,28,1,22,0,50,0,8,104,314,152,86,8,186,9,6,41,3,206,0,173,1062,3203,278,210,587,194,86,0.0867936309709647,2008,0.0852384984476432,2009,RAJASTHAN,TONK,RAJASTHAN||TONK
67,101,1,43,0,161,0,42,298,545,170,435,29,231,51,9,68,2,127,0,234,2926,6365,249,850,1106,260,435,0.039120188531029,2001,0.0339699436443331,2002,RAJASTHAN,UDAIPUR,RAJASTHAN||UDAIPUR
65,79,4,39,0,112,1,29,250,509,206,334,32,283,62,12,71,0,95,0,262,2550,6388,217,663,1056,315,334,0.0339699436443331,2002,0.0397969210612512,2003,RAJASTHAN,UDAIPUR,RAJASTHAN||UDAIPUR
61,77,5,35,0,91,2,38,224,431,178,294,38,345,42,5,65,2,136,0,277,2227,6106,243,603,913,383,294,0.0397969210612512,2003,0.0520673813169984,2004,RAJASTHAN,UDAIPUR,RAJASTHAN||UDAIPUR
59,76,3,57,0,134,3,75,308,618,219,294,34,437,52,14,102,2,199,0,306,2654,7183,374,701,1272,471,294,0.0520673813169984,2004,0.0565596759114989,2005,RAJASTHAN,UDAIPUR,RAJASTHAN||UDAIPUR
61,75,9,45,0,105,0,43,309,630,209,247,28,343,29,11,101,1,205,0,271,2418,6418,363,585,1220,371,247,0.0565596759114989,2005,0.070817873850621,2006,RAJASTHAN,UDAIPUR,RAJASTHAN||UDAIPUR
55,71,11,74,0,121,1,41,263,546,209,220,24,455,32,7,99,1,258,0,325,2214,6199,439,594,1091,479,220,0.070817873850621,2006,0.0842944610565285,2007,RAJASTHAN,UDAIPUR,RAJASTHAN||UDAIPUR
84,85,7,94,0,135,2,77,267,630,219,273,25,496,44,10,189,2,297,0,344,2661,7023,592,757,1237,521,273,0.0842944610565285,2007,0.0826384752829064,2008,RAJASTHAN,UDAIPUR,RAJASTHAN||UDAIPUR
65,77,3,91,0,174,3,55,188,652,252,147,21,531,36,11,159,0,294,0,357,2599,6716,555,615,1183,552,147,0.0826384752829064,2008,0.0857104593544931,2009,RAJASTHAN,UDAIPUR,RAJASTHAN||UDAIPUR
13,7,5,7,0,4,0,2,59,50,4,1,1,10,1,0,0,8,0,0,3,87,279,15,39,116,11,1,0.053763440860215,2001,0.0494699646643109,2002,SIKKIM,EAST,SIKKIM||EAST
6,1,1,3,0,5,0,4,44,52,4,9,1,28,1,0,9,0,2,0,4,85,283,14,29,105,29,9,0.0494699646643109,2002,0.0607142857142857,2003,SIKKIM,EAST,SIKKIM||EAST
7,4,1,5,0,0,0,3,33,41,3,5,7,10,1,0,11,0,1,0,9,109,280,17,25,81,17,5,0.0607142857142857,2003,0.0481927710843373,2004,SIKKIM,EAST,SIKKIM||EAST
4,3,2,1,0,1,0,4,42,58,6,22,4,15,3,0,15,0,0,0,18,103,332,16,37,113,19,22,0.0481927710843373,2004,0.070110701107011,2005,SIKKIM,EAST,SIKKIM||EAST
5,10,1,8,0,2,0,1,43,43,5,7,3,32,1,0,8,0,3,0,31,34,271,19,34,93,35,7,0.070110701107011,2005,0.0581395348837209,2006,SIKKIM,EAST,SIKKIM||EAST
10,10,1,10,0,5,0,3,48,60,7,5,7,20,1,0,6,0,4,0,17,96,344,20,44,119,27,5,0.0581395348837209,2006,0.0426829268292682,2007,SIKKIM,EAST,SIKKIM||EAST
2,10,2,8,0,5,0,4,52,62,9,9,6,28,1,0,3,0,3,0,18,83,328,14,40,128,34,9,0.0426829268292682,2007,0.037037037037037,2008,SIKKIM,EAST,SIKKIM||EAST
5,5,1,5,0,2,1,1,40,69,5,1,6,39,12,0,5,0,3,0,17,103,351,13,21,127,45,1,0.037037037037037,2008,0.0449826989619377,2009,SIKKIM,EAST,SIKKIM||EAST
1,0,0,0,0,0,0,0,2,3,0,0,0,3,0,0,0,0,0,0,1,22,36,0,1,5,3,0,0.0,2001,0.0434782608695652,2002,SIKKIM,NORTH,SIKKIM||NORTH
1,0,1,0,0,1,0,0,6,4,0,1,0,5,0,0,2,0,0,0,0,20,46,2,4,10,5,1,0.0434782608695652,2002,0.1428571428571428,2003,SIKKIM,NORTH,SIKKIM||NORTH
1,0,0,2,0,0,0,0,3,2,0,0,0,0,0,0,0,0,0,0,0,6,14,2,3,5,0,0,0.1428571428571428,2003,0.0416666666666666,2004,SIKKIM,NORTH,SIKKIM||NORTH
3,0,0,0,0,0,0,0,2,0,0,2,0,1,1,0,1,0,0,0,3,7,24,1,5,3,1,2,0.0416666666666666,2004,0.0625,2005,SIKKIM,NORTH,SIKKIM||NORTH
0,2,0,1,0,0,0,0,3,8,0,1,0,0,1,0,1,0,0,0,4,6,32,2,4,12,0,1,0.0625,2005,0.088235294117647,2006,SIKKIM,NORTH,SIKKIM||NORTH
1,1,0,3,0,0,0,0,4,4,0,0,1,0,0,0,0,0,0,0,3,11,34,3,5,8,1,0,0.088235294117647,2006,0.03125,2007,SIKKIM,NORTH,SIKKIM||NORTH
0,0,1,0,0,0,0,1,3,5,0,0,0,0,0,0,0,0,1,0,3,13,32,1,2,9,0,0,0.03125,2007,0.048780487804878,2008,SIKKIM,NORTH,SIKKIM||NORTH
1,2,0,1,0,0,0,0,2,7,0,1,0,2,0,0,1,0,0,0,4,13,41,2,5,9,2,1,0.048780487804878,2008,0.0,2009,SIKKIM,NORTH,SIKKIM||NORTH
4,3,2,1,0,1,0,0,9,9,0,0,0,0,0,0,0,4,0,0,1,41,79,5,11,18,0,0,0.0632911392405063,2001,0.0561797752808988,2002,SIKKIM,SOUTH,SIKKIM||SOUTH
2,2,0,1,0,1,0,0,8,3,1,3,1,10,1,0,3,0,1,0,1,40,89,5,9,13,11,3,0.0561797752808988,2002,0.0769230769230769,2003,SIKKIM,SOUTH,SIKKIM||SOUTH
3,1,1,1,0,0,1,0,8,19,0,1,0,1,1,0,6,0,0,0,6,30,91,7,8,28,1,1,0.0769230769230769,2003,0.1094890510948905,2004,SIKKIM,SOUTH,SIKKIM||SOUTH
4,4,1,2,0,4,0,0,15,11,0,15,0,4,0,0,12,0,1,0,4,44,137,15,30,26,4,15,0.1094890510948905,2004,0.1618497109826589,2005,SIKKIM,SOUTH,SIKKIM||SOUTH
2,2,0,6,0,1,2,3,30,24,0,9,0,5,0,0,22,0,0,0,7,23,173,28,25,57,5,9,0.1618497109826589,2005,0.06282722513089,2006,SIKKIM,SOUTH,SIKKIM||SOUTH
6,2,0,5,0,2,0,5,18,39,1,6,0,5,0,0,5,0,2,0,10,59,191,12,26,63,5,6,0.06282722513089,2006,0.0944444444444444,2007,SIKKIM,SOUTH,SIKKIM||SOUTH
1,2,0,12,0,1,0,0,18,29,1,5,1,6,0,0,3,0,2,0,7,60,180,17,21,48,7,5,0.0944444444444444,2007,0.0974358974358974,2008,SIKKIM,SOUTH,SIKKIM||SOUTH
1,0,2,9,0,1,0,6,29,26,2,8,0,1,6,0,10,0,0,0,10,56,195,19,27,69,1,8,0.0974358974358974,2008,0.0598290598290598,2009,SIKKIM,SOUTH,SIKKIM||SOUTH
1,1,0,0,0,1,0,1,6,12,2,2,0,0,0,0,0,2,0,0,2,16,50,2,6,21,0,2,0.04,2001,0.0746268656716417,2002,SIKKIM,WEST,SIKKIM||WEST
4,2,0,2,0,2,0,1,8,5,0,2,1,5,0,0,3,0,0,0,2,25,67,5,13,14,6,2,0.0746268656716417,2002,0.1724137931034483,2003,SIKKIM,WEST,SIKKIM||WEST
3,2,1,2,0,0,1,0,4,3,0,4,0,1,0,0,8,0,0,0,3,12,58,10,13,7,1,4,0.1724137931034483,2003,0.0869565217391304,2004,SIKKIM,WEST,SIKKIM||WEST
5,1,0,0,0,0,0,1,5,4,0,37,0,2,3,0,12,0,0,0,4,42,138,12,44,13,2,37,0.0869565217391304,2004,0.1447368421052631,2005,SIKKIM,WEST,SIKKIM||WEST
1,2,1,3,0,0,0,0,9,6,0,2,1,7,1,0,7,0,1,0,11,4,76,11,9,16,8,2,0.1447368421052631,2005,0.0373134328358208,2006,SIKKIM,WEST,SIKKIM||WEST
4,3,1,2,0,1,0,1,14,10,0,1,2,12,0,0,3,0,0,0,9,48,134,5,13,25,14,1,0.0373134328358208,2006,0.0944881889763779,2007,SIKKIM,WEST,SIKKIM||WEST
6,2,0,4,0,3,0,1,10,22,1,1,0,0,0,0,7,0,1,0,6,36,127,12,17,34,0,1,0.0944881889763779,2007,0.0699300699300699,2008,SIKKIM,WEST,SIKKIM||WEST
2,0,0,5,0,1,0,0,10,25,2,7,0,4,5,0,3,0,2,0,9,43,143,10,15,42,4,7,0.0699300699300699,2008,0.0648148148148148,2009,SIKKIM,WEST,SIKKIM||WEST
78,98,0,20,0,8,9,52,454,933,268,119,12,96,0,16,58,8,57,0,521,3793,7035,159,384,1707,108,119,0.0226012793176972,2001,0.0184682237914177,2002,TAMIL NADU,CHENGAI,TAMIL NADU||CHENGAI
67,157,0,27,0,31,10,55,582,1207,329,129,23,170,25,28,69,24,90,0,550,8616,12887,238,476,2198,193,129,0.0184682237914177,2002,0.0245509522520083,2003,TAMIL NADU,CHENGAI,TAMIL NADU||CHENGAI
84,75,0,17,0,39,4,25,477,1170,223,82,17,94,17,15,100,62,78,0,590,7112,11079,272,326,1912,111,82,0.0245509522520083,2003,0.0230891719745222,2004,TAMIL NADU,CHENGAI,TAMIL NADU||CHENGAI
91,298,0,28,0,40,12,127,668,2167,433,105,26,600,0,13,70,209,111,0,675,1239,7292,431,701,3395,626,105,0.0591058694459681,2001,0.1353506920009383,2002,TAMIL NADU,CHENNAI,TAMIL NADU||CHENNAI
90,294,5,26,0,44,14,97,570,2791,444,52,13,644,0,20,61,941,106,0,485,1459,8526,1154,622,3902,657,52,0.1353506920009383,2002,0.0603729603729603,2003,TAMIL NADU,CHENNAI,TAMIL NADU||CHENNAI
71,279,4,38,1,34,6,74,649,3779,959,43,19,627,1,18,90,212,159,0,547,1173,8580,518,549,5462,646,43,0.0603729603729603,2003,0.0362656802830492,2004,TAMIL NADU,CHENNAI,TAMIL NADU||CHENNAI
67,210,4,30,0,37,4,47,430,3263,784,33,25,359,0,23,55,189,154,0,570,6266,12436,451,432,4524,384,33,0.0362656802830492,2004,0.0244944601778705,2005,TAMIL NADU,CHENNAI,TAMIL NADU||CHENNAI
123,175,4,43,0,55,5,59,597,3063,594,78,8,530,0,30,82,102,236,0,1041,12766,20127,493,542,4313,538,78,0.0244944601778705,2005,0.0277709054923305,2006,TAMIL NADU,CHENNAI,TAMIL NADU||CHENNAI
131,193,5,29,0,59,5,58,560,2363,351,130,14,535,1,32,87,88,213,0,1330,9123,16168,449,610,3333,549,130,0.0277709054923305,2006,0.0391325417979161,2007,TAMIL NADU,CHENNAI,TAMIL NADU||CHENNAI
145,247,4,46,0,83,8,74,654,2117,338,115,14,433,11,43,108,126,323,0,1125,9599,16508,646,722,3194,447,115,0.0391325417979161,2007,0.0285738439428523,2008,TAMIL NADU,CHENNAI,TAMIL NADU||CHENNAI
100,130,0,35,0,43,5,41,322,1545,269,55,5,293,0,25,46,67,165,0,613,7478,11829,338,409,2177,298,55,0.0285738439428523,2008,0.0242090784044016,2009,TAMIL NADU,CHENNAI,TAMIL NADU||CHENNAI
5,1,0,0,0,0,1,8,0,154,0,15,0,7,0,0,5,0,2,0,0,271,493,7,30,162,7,15,0.0141987829614604,2001,0.0053667262969588,2002,TAMIL NADU,CHENNAI RLY.,TAMIL NADU||CHENNAI RLY
10,0,0,0,0,0,0,22,2,309,2,10,0,12,0,0,3,0,0,0,4,144,559,3,42,335,12,10,0.0053667262969588,2002,0.0104529616724738,2003,TAMIL NADU,CHENNAI RLY.,TAMIL NADU||CHENNAI RLY
0,1,0,0,0,0,2,15,0,199,3,3,2,2,0,0,4,2,0,0,5,307,574,6,21,217,4,3,0.0104529616724738,2003,0.0062015503875968,2004,TAMIL NADU,CHENNAI RLY.,TAMIL NADU||CHENNAI RLY
1,4,0,0,0,1,0,5,2,222,4,7,6,9,0,1,0,2,1,0,6,362,645,4,18,233,15,7,0.0062015503875968,2004,0.0160857908847185,2005,TAMIL NADU,CHENNAI RLY.,TAMIL NADU||CHENNAI RLY
1,1,0,0,0,0,1,2,3,92,0,9,5,4,0,0,3,1,2,0,4,214,373,6,14,97,9,9,0.0160857908847185,2005,0.0202312138728323,2006,TAMIL NADU,CHENNAI RLY.,TAMIL NADU||CHENNAI RLY
0,0,0,1,0,0,0,2,1,72,0,4,1,4,0,0,2,3,1,0,3,233,346,7,7,75,5,4,0.0202312138728323,2006,0.0083798882681564,2007,TAMIL NADU,CHENNAI RLY.,TAMIL NADU||CHENNAI RLY
4,5,0,0,0,3,0,4,4,113,6,17,0,1,0,1,2,0,0,0,5,169,358,3,33,127,1,17,0.0083798882681564,2007,0.0092764378478664,2008,TAMIL NADU,CHENNAI RLY.,TAMIL NADU||CHENNAI RLY
0,5,0,0,0,1,0,17,1,250,8,9,0,1,0,0,5,0,0,0,2,224,539,5,32,276,1,9,0.0092764378478664,2008,0.0163265306122449,2009,TAMIL NADU,CHENNAI RLY.,TAMIL NADU||CHENNAI RLY
74,76,0,21,0,29,0,16,228,563,117,48,7,66,1,28,42,42,41,0,247,1489,3457,174,264,925,73,48,0.0503326583743129,2008,0.0331180431496495,2009,TAMIL NADU,CHENNAISUBURBAN,TAMIL NADU||CHENNAISUBURBAN
77,49,3,18,0,38,11,41,346,1008,395,455,36,102,30,16,75,25,49,0,672,5015,9115,183,692,1820,138,455,0.0200767964893033,2001,0.0252764612954186,2002,TAMIL NADU,COIMBATORE RURAL,TAMIL NADU||COIMBATORE RURAL
83,54,1,25,0,30,11,36,284,1030,382,476,19,79,5,21,79,25,74,0,712,4701,8862,224,716,1737,98,476,0.0252764612954186,2002,0.0257102733066868,2003,TAMIL NADU,COIMBATORE RURAL,TAMIL NADU||COIMBATORE RURAL
72,61,1,16,0,19,6,35,265,1146,392,321,38,71,20,17,79,29,97,0,725,5208,9257,238,531,1858,109,321,0.0257102733066868,2003,0.0216463414634146,2004,TAMIL NADU,COIMBATORE RURAL,TAMIL NADU||COIMBATORE RURAL
64,43,0,23,0,25,6,31,256,1171,383,295,20,100,18,7,65,51,67,0,728,3854,9840,213,487,1859,120,295,0.0216463414634146,2004,0.0388,2005,TAMIL NADU,COIMBATORE RURAL,TAMIL NADU||COIMBATORE RURAL
87,122,0,33,0,47,4,35,333,1355,523,117,15,168,18,8,165,35,147,0,819,2881,10000,388,445,2264,183,117,0.0388,2005,0.0240753194351042,2006,TAMIL NADU,COIMBATORE RURAL,TAMIL NADU||COIMBATORE RURAL
79,46,0,18,0,36,16,25,171,952,290,91,12,88,0,8,60,26,67,0,807,4364,7435,179,311,1438,100,91,0.0240753194351042,2006,0.0222144846796657,2007,TAMIL NADU,COIMBATORE RURAL,TAMIL NADU||COIMBATORE RURAL
87,62,1,16,0,84,7,27,286,1044,327,190,17,169,17,11,121,8,163,0,867,10400,14360,319,474,1701,186,190,0.0222144846796657,2007,0.0229132569558101,2008,TAMIL NADU,COIMBATORE RURAL,TAMIL NADU||COIMBATORE RURAL
88,77,0,14,0,63,16,48,278,1278,603,210,17,111,30,8,107,8,115,0,1008,6566,10998,252,516,2237,128,210,0.0229132569558101,2008,0.0257124491107778,2009,TAMIL NADU,COIMBATORE RURAL,TAMIL NADU||COIMBATORE RURAL
16,20,0,4,0,14,4,15,179,952,348,79,20,110,1,5,19,38,28,0,187,1643,3490,94,152,1495,130,79,0.0269340974212034,2001,0.0207687538747675,2002,TAMIL NADU,COIMBATORE URBAN,TAMIL NADU||COIMBATORE URBAN
16,22,0,2,0,10,2,12,161,1067,390,93,13,61,4,7,14,16,28,0,185,1382,3226,67,157,1634,74,93,0.0207687538747675,2002,0.0166300596171948,2003,TAMIL NADU,COIMBATORE URBAN,TAMIL NADU||COIMBATORE URBAN
22,17,0,4,0,6,3,29,173,993,374,106,27,69,1,1,18,6,24,0,159,1411,3187,53,187,1570,96,106,0.0166300596171948,2003,0.0193161054554946,2004,TAMIL NADU,COIMBATORE URBAN,TAMIL NADU||COIMBATORE URBAN
17,15,0,4,0,8,3,17,148,1064,410,194,33,66,4,4,16,21,29,0,185,1858,3831,74,258,1643,99,194,0.0193161054554946,2004,0.0171651495448634,2005,TAMIL NADU,COIMBATORE URBAN,TAMIL NADU||COIMBATORE URBAN
19,20,1,6,0,4,2,31,153,896,263,194,32,109,1,3,21,5,31,0,184,2012,3845,66,277,1344,141,194,0.0171651495448634,2005,0.0163563160543532,2006,TAMIL NADU,COIMBATORE URBAN,TAMIL NADU||COIMBATORE URBAN
28,13,0,8,0,7,2,24,181,892,211,14,11,95,1,5,11,11,30,0,261,2198,3974,65,96,1309,106,14,0.0163563160543532,2006,0.0198776758409785,2007,TAMIL NADU,COIMBATORE URBAN,TAMIL NADU||COIMBATORE URBAN
22,15,0,10,0,14,1,8,131,682,126,5,7,92,4,4,12,2,50,0,294,2408,3924,78,75,951,99,5,0.0198776758409785,2007,0.0270334928229665,2008,TAMIL NADU,COIMBATORE URBAN,TAMIL NADU||COIMBATORE URBAN
20,28,0,9,0,17,1,11,78,621,166,24,11,93,4,6,29,7,62,0,307,2444,4180,113,110,880,104,24,0.0270334928229665,2008,0.0196850393700787,2009,TAMIL NADU,COIMBATORE URBAN,TAMIL NADU||COIMBATORE URBAN
60,177,2,16,0,21,4,33,166,547,159,250,12,11,50,9,137,50,21,0,343,5342,8018,233,563,955,23,250,0.0290596158643053,2001,0.0274841437632135,2002,TAMIL NADU,CUDDALORE,TAMIL NADU||CUDDALORE
65,119,8,27,0,42,2,35,173,585,183,165,3,23,46,10,110,21,27,0,386,4432,7095,195,463,1022,26,165,0.0274841437632135,2002,0.0254181698917677,2003,TAMIL NADU,CUDDALORE,TAMIL NADU||CUDDALORE
62,87,2,19,0,21,5,19,121,494,155,113,2,14,59,10,73,18,35,0,363,3999,6098,155,328,848,16,113,0.0254181698917677,2003,0.0218033478688985,2004,TAMIL NADU,CUDDALORE,TAMIL NADU||CUDDALORE
55,102,4,18,0,41,2,17,93,474,150,223,4,22,45,6,53,53,25,0,339,2792,7109,155,462,779,26,223,0.0218033478688985,2004,0.0201300712294828,2005,TAMIL NADU,CUDDALORE,TAMIL NADU||CUDDALORE
60,90,0,32,0,32,2,13,87,455,125,134,0,1,13,13,45,0,40,0,387,4538,6458,130,363,693,1,134,0.0201300712294828,2005,0.0243498426370713,2006,TAMIL NADU,CUDDALORE,TAMIL NADU||CUDDALORE
52,80,0,21,0,33,7,7,64,354,78,139,1,20,20,8,28,65,25,0,362,4203,6037,147,339,523,21,139,0.0243498426370713,2006,0.0321320017368649,2007,TAMIL NADU,CUDDALORE,TAMIL NADU||CUDDALORE
61,114,0,28,0,57,4,28,117,490,141,152,0,32,41,3,28,113,50,0,387,4601,6909,222,444,817,32,152,0.0321320017368649,2007,0.027039483791673,2008,TAMIL NADU,CUDDALORE,TAMIL NADU||CUDDALORE
63,71,0,16,0,56,3,16,89,456,131,176,0,16,17,1,29,80,50,0,428,4289,6509,176,401,709,16,176,0.027039483791673,2008,0.0157052250075505,2009,TAMIL NADU,CUDDALORE,TAMIL NADU||CUDDALORE
88,88,0,17,0,35,7,22,214,427,185,433,6,33,74,6,65,8,18,0,370,2371,5123,114,690,922,39,433,0.0222525863751708,2001,0.0230398899587345,2002,TAMIL NADU,DHARMAPURI,TAMIL NADU||DHARMAPURI
94,49,2,20,0,48,21,31,185,471,177,316,7,45,70,14,62,8,30,0,435,2908,5816,134,581,934,52,316,0.0230398899587345,2002,0.029021151008362,2003,TAMIL NADU,DHARMAPURI,TAMIL NADU||DHARMAPURI
90,58,2,23,0,41,7,19,152,332,131,374,17,38,54,16,91,11,36,0,327,3205,6099,177,614,688,55,374,0.029021151008362,2003,0.0423090713517389,2004,TAMIL NADU,DHARMAPURI,TAMIL NADU||DHARMAPURI
39,16,0,22,0,23,4,10,62,163,66,173,5,38,23,2,57,14,23,0,128,1166,2789,118,287,324,43,173,0.0423090713517389,2004,0.0363036303630363,2005,TAMIL NADU,DHARMAPURI,TAMIL NADU||DHARMAPURI
31,32,2,7,0,31,3,6,52,179,76,131,12,41,27,5,42,4,41,0,152,1265,2727,99,243,340,53,131,0.0363036303630363,2005,0.0307116104868913,2006,TAMIL NADU,DHARMAPURI,TAMIL NADU||DHARMAPURI
33,34,4,9,0,16,2,7,22,133,48,151,4,31,31,4,33,8,28,0,154,1340,2670,82,256,241,35,151,0.0307116104868913,2006,0.0378440366972477,2007,TAMIL NADU,DHARMAPURI,TAMIL NADU||DHARMAPURI
38,46,4,6,0,44,5,2,38,124,52,128,6,39,21,4,77,0,45,0,208,1690,3488,132,273,237,45,128,0.0378440366972477,2007,0.0417376490630323,2008,TAMIL NADU,DHARMAPURI,TAMIL NADU||DHARMAPURI
49,57,8,12,0,49,3,42,57,203,69,215,1,26,29,2,136,3,43,0,253,1918,4696,196,435,400,27,215,0.0417376490630323,2008,0.0278709677419354,2009,TAMIL NADU,DHARMAPURI,TAMIL NADU||DHARMAPURI
72,74,0,14,0,49,4,13,168,479,173,69,7,24,29,8,48,11,8,5,317,2788,4657,94,295,862,31,69,0.020184668241357,2001,0.0224588576960309,2002,TAMIL NADU,DINDIGUL,TAMIL NADU||DINDIGUL
61,38,0,14,0,26,9,18,156,555,195,50,13,30,28,2,33,44,23,0,334,3274,5165,116,216,952,43,50,0.0224588576960309,2002,0.0207171314741035,2003,TAMIL NADU,DINDIGUL,TAMIL NADU||DINDIGUL
62,35,0,18,0,23,4,22,118,467,153,51,15,47,32,3,51,2,30,0,306,3236,5020,104,215,792,62,51,0.0207171314741035,2003,0.0192193382207251,2004,TAMIL NADU,DINDIGUL,TAMIL NADU||DINDIGUL
52,48,1,18,0,26,0,20,116,504,96,35,15,56,29,7,30,4,38,0,329,3256,5047,97,200,765,71,35,0.0192193382207251,2004,0.0188444812590598,2005,TAMIL NADU,DINDIGUL,TAMIL NADU||DINDIGUL
73,51,0,17,0,36,1,13,73,425,99,34,7,73,0,5,33,1,35,0,302,3255,4829,91,225,610,80,34,0.0188444812590598,2005,0.0201271186440677,2006,TAMIL NADU,DINDIGUL,TAMIL NADU||DINDIGUL
40,40,0,11,0,40,2,14,76,378,70,28,2,70,9,4,29,8,43,0,354,3200,4720,95,175,547,72,28,0.0201271186440677,2006,0.027934219418788,2007,TAMIL NADU,DINDIGUL,TAMIL NADU||DINDIGUL
40,79,0,12,0,50,1,10,71,297,63,57,6,71,15,3,28,15,66,0,394,2843,4439,124,249,456,77,57,0.027934219418788,2007,0.037821482602118,2008,TAMIL NADU,DINDIGUL,TAMIL NADU||DINDIGUL
56,71,0,13,0,53,0,10,85,401,74,88,3,103,18,3,47,13,99,0,397,2739,4627,175,291,588,106,88,0.037821482602118,2008,0.0273156705689053,2009,TAMIL NADU,DINDIGUL,TAMIL NADU||DINDIGUL
63,22,0,9,0,45,10,13,218,662,267,63,49,85,39,4,72,16,25,0,479,1988,6631,126,225,1199,134,63,0.0190016588749811,2001,0.0181518151815181,2002,TAMIL NADU,ERODE,TAMIL NADU||ERODE
59,12,1,13,0,49,8,18,173,661,233,74,26,39,32,3,68,6,31,0,486,2193,6666,121,234,1117,65,74,0.0181518151815181,2002,0.0219762062128222,2003,TAMIL NADU,ERODE,TAMIL NADU||ERODE
53,18,2,11,0,46,2,23,194,676,245,40,9,36,26,2,60,10,50,0,458,2122,6052,133,195,1164,45,40,0.0219762062128222,2003,0.0133995037220843,2004,TAMIL NADU,ERODE,TAMIL NADU||ERODE
59,23,0,13,0,22,1,20,150,666,215,24,7,149,25,7,35,5,21,0,449,2264,6045,81,162,1076,156,24,0.0133995037220843,2004,0.0271202382818623,2005,TAMIL NADU,ERODE,TAMIL NADU||ERODE
55,28,0,22,0,22,2,15,114,609,174,32,20,84,18,5,72,11,63,0,498,2413,6379,173,176,930,104,32,0.0271202382818623,2005,0.0150917509861087,2006,TAMIL NADU,ERODE,TAMIL NADU||ERODE
43,19,1,13,0,20,6,8,87,520,104,36,7,46,21,7,35,3,30,0,615,3882,5831,88,146,740,53,36,0.0150917509861087,2006,0.0264227642276422,2007,TAMIL NADU,ERODE,TAMIL NADU||ERODE
54,31,0,20,0,66,5,10,133,603,133,64,18,90,30,5,64,7,99,0,603,4864,7380,195,250,909,108,64,0.0264227642276422,2007,0.0182363227579315,2008,TAMIL NADU,ERODE,TAMIL NADU||ERODE
60,43,0,21,0,57,6,27,172,664,103,44,12,51,20,1,78,16,30,0,666,5378,8006,146,258,986,63,44,0.0182363227579315,2008,0.0121693121693121,2009,TAMIL NADU,ERODE,TAMIL NADU||ERODE
45,61,0,21,0,13,8,10,218,494,92,81,0,19,32,6,30,9,12,9,0,4432,5840,87,239,846,19,81,0.0148972602739726,2001,0.0125810141059855,2002,TAMIL NADU,KANCHIPURAM,TAMIL NADU||KANCHIPURAM
48,43,0,20,0,18,19,14,203,574,78,91,2,26,0,9,41,16,13,0,393,5930,7869,99,253,869,28,91,0.0125810141059855,2002,0.0357774719874189,2003,TAMIL NADU,KANCHIPURAM,TAMIL NADU||KANCHIPURAM
48,62,0,31,0,16,3,3,131,471,92,75,0,31,4,11,57,60,23,0,547,3067,5087,182,238,701,31,75,0.0357774719874189,2003,0.0196856177464374,2004,TAMIL NADU,KANCHIPURAM,TAMIL NADU||KANCHIPURAM
48,52,0,17,0,12,3,9,109,376,57,76,0,5,0,5,65,41,6,0,509,4903,6807,134,217,551,5,76,0.0196856177464374,2004,0.0188790560471976,2005,TAMIL NADU,KANCHIPURAM,TAMIL NADU||KANCHIPURAM
42,62,0,18,0,29,4,19,90,430,70,38,0,0,9,12,43,13,10,0,38,3882,5085,96,212,618,0,38,0.0188790560471976,2005,0.0138812785388127,2006,TAMIL NADU,KANCHIPURAM,TAMIL NADU||KANCHIPURAM
35,64,0,12,0,16,3,24,109,370,71,53,0,12,18,12,25,5,22,0,706,3722,5475,76,207,592,12,53,0.0138812785388127,2006,0.0128524046434494,2007,TAMIL NADU,KANCHIPURAM,TAMIL NADU||KANCHIPURAM
57,97,0,25,0,18,4,16,157,368,91,80,0,32,23,13,27,18,10,0,820,5081,7236,93,297,655,32,80,0.0128524046434494,2007,0.0088201272411798,2008,TAMIL NADU,KANCHIPURAM,TAMIL NADU||KANCHIPURAM
75,76,0,24,0,18,2,7,109,370,76,76,0,21,17,7,20,2,8,0,788,4843,6916,61,278,579,21,76,0.0088201272411798,2008,0.0128227960819234,2009,TAMIL NADU,KANCHIPURAM,TAMIL NADU||KANCHIPURAM
33,65,0,6,0,13,1,4,230,260,51,10,10,16,18,5,27,170,29,0,0,1703,3732,237,132,563,26,10,0.0635048231511254,2001,0.0355104629042485,2002,TAMIL NADU,KANYAKUMARI,TAMIL NADU||KANYAKUMARI
33,67,0,10,0,10,1,5,249,321,39,10,5,32,17,4,43,82,29,0,931,2349,4731,168,136,631,37,10,0.0355104629042485,2002,0.0342661336379211,2003,TAMIL NADU,KANYAKUMARI,TAMIL NADU||KANYAKUMARI
38,36,3,11,0,9,4,7,188,232,33,6,9,46,42,4,22,33,50,0,156,2123,3502,120,114,502,55,6,0.0342661336379211,2003,0.0314808866045615,2004,TAMIL NADU,KANYAKUMARI,TAMIL NADU||KANYAKUMARI
30,43,2,3,0,12,0,7,139,314,45,4,8,46,19,0,22,19,54,0,177,1857,3113,98,101,524,54,4,0.0314808866045615,2004,0.0225269343780607,2005,TAMIL NADU,KANYAKUMARI,TAMIL NADU||KANYAKUMARI
30,41,3,13,0,16,2,3,110,260,21,6,5,124,12,1,15,0,40,0,169,1900,3063,69,114,406,129,6,0.0225269343780607,2005,0.0254818686703691,2006,TAMIL NADU,KANYAKUMARI,TAMIL NADU||KANYAKUMARI
23,34,1,3,0,18,0,5,135,320,28,0,1,74,18,4,21,22,28,0,199,1818,3061,78,84,506,75,0,0.0254818686703691,2006,0.0342368045649072,2007,TAMIL NADU,KANYAKUMARI,TAMIL NADU||KANYAKUMARI
27,51,1,11,0,22,3,6,116,292,32,0,2,100,18,7,11,45,70,0,193,2726,4206,144,121,464,102,0,0.0342368045649072,2007,0.0384371700105596,2008,TAMIL NADU,KANYAKUMARI,TAMIL NADU||KANYAKUMARI
29,58,1,8,0,42,5,18,160,397,56,1,14,158,37,6,27,70,71,0,221,2732,4735,182,162,668,172,1,0.0384371700105596,2008,0.031429745275267,2009,TAMIL NADU,KANYAKUMARI,TAMIL NADU||KANYAKUMARI
28,12,0,4,0,11,4,9,39,226,110,30,7,15,14,2,21,2,14,0,192,1417,2245,43,98,398,22,30,0.0191536748329621,2001,0.0170608763086467,2002,TAMIL NADU,KARUR,TAMIL NADU||KARUR
29,12,0,10,0,16,3,16,48,304,126,23,1,6,9,1,8,1,24,0,206,1661,2579,44,109,503,7,23,0.0170608763086467,2002,0.0157415078707539,2003,TAMIL NADU,KARUR,TAMIL NADU||KARUR
26,14,0,3,0,13,3,3,62,296,94,15,3,11,10,2,5,4,24,0,201,919,2414,38,77,465,14,15,0.0157415078707539,2003,0.0156057494866529,2004,TAMIL NADU,KARUR,TAMIL NADU||KARUR
19,18,1,4,0,6,1,6,35,212,53,26,2,11,6,3,12,6,13,0,176,1738,2435,38,81,312,13,26,0.0156057494866529,2004,0.0181500872600349,2005,TAMIL NADU,KARUR,TAMIL NADU||KARUR
23,25,1,6,0,15,2,9,57,257,72,23,2,19,12,5,8,7,26,0,216,1919,2865,52,104,407,21,23,0.0181500872600349,2005,0.0160824742268041,2006,TAMIL NADU,KARUR,TAMIL NADU||KARUR
19,13,0,5,0,14,0,14,59,231,120,19,2,22,7,0,7,6,21,0,236,1569,2425,39,84,431,24,19,0.0160824742268041,2006,0.0151400454201362,2007,TAMIL NADU,KARUR,TAMIL NADU||KARUR
18,17,0,3,0,14,2,14,37,168,77,29,5,16,2,0,16,4,17,0,183,1920,2642,40,97,298,21,29,0.0151400454201362,2007,0.0137987012987012,2008,TAMIL NADU,KARUR,TAMIL NADU||KARUR
21,16,0,4,0,13,2,11,23,329,141,23,6,15,3,4,10,3,13,0,249,1553,2464,34,90,507,21,23,0.0137987012987012,2008,0.0182357930449533,2009,TAMIL NADU,KARUR,TAMIL NADU||KARUR
46,28,0,9,0,27,4,9,80,292,124,170,5,70,29,8,38,74,31,0,306,2999,4890,160,293,534,75,170,0.032719836400818,2004,0.0256767515923566,2005,TAMIL NADU,KRISHNAGIRI,TAMIL NADU||KRISHNAGIRI
42,21,1,10,0,30,7,14,95,349,175,184,10,60,25,10,47,34,28,0,305,2979,5024,129,309,658,70,184,0.0256767515923566,2005,0.0198221092757306,2006,TAMIL NADU,KRISHNAGIRI,TAMIL NADU||KRISHNAGIRI
47,41,0,14,0,29,3,17,75,409,242,121,18,24,12,7,24,10,23,0,359,2181,3935,78,272,755,42,121,0.0198221092757306,2006,0.0173169662428759,2007,TAMIL NADU,KRISHNAGIRI,TAMIL NADU||KRISHNAGIRI
72,44,0,11,0,38,8,21,40,291,126,163,2,57,17,3,43,6,16,0,445,2656,4562,79,357,495,59,163,0.0173169662428759,2007,0.0173228346456692,2008,TAMIL NADU,KRISHNAGIRI,TAMIL NADU||KRISHNAGIRI
54,65,0,20,0,44,8,36,87,300,143,185,10,37,23,2,40,5,21,0,473,2816,5080,88,412,589,47,185,0.0173228346456692,2008,0.0163934426229508,2009,TAMIL NADU,KRISHNAGIRI,TAMIL NADU||KRISHNAGIRI
64,51,0,13,0,30,13,42,137,351,88,286,24,59,34,5,52,8,69,0,264,1302,4877,147,499,652,83,286,0.0301414804182899,2001,0.0300515810719892,2002,TAMIL NADU,MADURAI RURAL,TAMIL NADU||MADURAI RURAL
65,45,0,15,0,32,11,52,107,318,83,131,6,53,44,8,60,6,45,0,298,2524,4459,134,351,604,59,131,0.0300515810719892,2002,0.0399026763990267,2003,TAMIL NADU,MADURAI RURAL,TAMIL NADU||MADURAI RURAL
48,73,1,22,0,31,6,50,115,383,51,173,7,61,21,13,58,8,63,0,300,792,4110,164,404,620,68,173,0.0399026763990267,2003,0.0331530684222901,2004,TAMIL NADU,MADURAI RURAL,TAMIL NADU||MADURAI RURAL
57,45,0,29,0,29,2,35,131,526,62,102,8,68,15,7,70,9,26,0,312,1433,4253,141,299,769,76,102,0.0331530684222901,2004,0.0263940520446096,2005,TAMIL NADU,MADURAI RURAL,TAMIL NADU||MADURAI RURAL
36,70,0,24,0,36,2,19,100,440,45,89,7,62,15,4,57,13,44,0,286,2786,5380,142,276,619,69,89,0.0263940520446096,2005,0.0285521582733812,2006,TAMIL NADU,MADURAI RURAL,TAMIL NADU||MADURAI RURAL
36,33,1,28,0,60,4,24,99,319,42,100,10,86,10,2,49,10,38,0,314,2849,4448,127,286,494,96,100,0.0285521582733812,2006,0.0424588086185044,2007,TAMIL NADU,MADURAI RURAL,TAMIL NADU||MADURAI RURAL
55,52,0,9,0,36,3,10,77,252,16,133,15,116,14,11,54,30,97,0,394,2848,4734,201,298,369,131,133,0.0424588086185044,2007,0.0365268211229388,2008,TAMIL NADU,MADURAI RURAL,TAMIL NADU||MADURAI RURAL
55,79,0,18,0,32,2,14,77,282,23,187,11,88,23,9,72,1,75,0,391,2831,4791,175,387,419,99,187,0.0365268211229388,2008,0.0390139751552795,2009,TAMIL NADU,MADURAI RURAL,TAMIL NADU||MADURAI RURAL
34,53,0,2,0,26,5,33,198,803,248,90,11,296,4,12,20,52,24,0,109,2066,4161,110,243,1286,307,90,0.0264359528959384,2001,0.049878015722418,2002,TAMIL NADU,MADURAI URBAN,TAMIL NADU||MADURAI URBAN
22,71,0,7,0,26,6,25,176,756,228,77,11,124,12,6,23,123,25,0,104,1841,3689,184,234,1197,135,77,0.049878015722418,2002,0.039963110974485,2003,TAMIL NADU,MADURAI URBAN,TAMIL NADU||MADURAI URBAN
27,39,1,7,0,24,5,12,83,468,82,64,5,115,6,10,29,49,35,0,84,1964,3253,130,179,651,120,64,0.039963110974485,2003,0.0395069532237673,2004,TAMIL NADU,MADURAI URBAN,TAMIL NADU||MADURAI URBAN
16,32,0,8,0,27,2,18,79,529,185,71,10,143,7,5,34,40,38,0,103,1858,3164,125,174,818,153,71,0.0395069532237673,2004,0.0319148936170212,2005,TAMIL NADU,MADURAI URBAN,TAMIL NADU||MADURAI URBAN
21,40,0,5,0,20,1,24,101,430,97,126,5,222,2,3,28,29,43,0,112,2075,3384,108,237,654,227,126,0.0319148936170212,2005,0.0304383116883116,2006,TAMIL NADU,MADURAI URBAN,TAMIL NADU||MADURAI URBAN
23,33,0,9,0,19,3,7,62,439,91,10,10,130,6,4,12,15,35,0,125,1419,2464,75,104,605,140,10,0.0304383116883116,2006,0.0567741935483871,2007,TAMIL NADU,MADURAI URBAN,TAMIL NADU||MADURAI URBAN
27,25,0,4,0,23,3,5,68,334,80,7,23,163,3,10,11,31,76,0,102,1289,2325,132,94,490,186,7,0.0567741935483871,2007,0.025910931174089,2008,TAMIL NADU,MADURAI URBAN,TAMIL NADU||MADURAI URBAN
39,38,0,4,0,24,1,8,65,532,174,19,3,117,5,5,11,2,42,0,139,1299,2470,64,133,784,120,19,0.025910931174089,2008,0.0333333333333333,2009,TAMIL NADU,MADURAI URBAN,TAMIL NADU||MADURAI URBAN
36,74,0,12,0,29,1,2,94,318,94,51,1,15,75,4,55,13,8,0,137,1522,3724,92,205,583,16,51,0.024704618689581,2001,0.0337355331199212,2002,TAMIL NADU,NAGAPATTINAM,TAMIL NADU||NAGAPATTINAM
48,65,0,27,0,33,0,4,100,334,76,83,3,36,29,7,83,6,14,0,119,1823,4061,137,260,543,39,83,0.0337355331199212,2002,0.0253025302530253,2003,TAMIL NADU,NAGAPATTINAM,TAMIL NADU||NAGAPATTINAM
41,57,0,5,0,24,2,5,82,259,48,40,1,16,27,8,50,4,25,0,112,1578,3636,92,174,421,17,40,0.0253025302530253,2003,0.0155172413793103,2004,TAMIL NADU,NAGAPATTINAM,TAMIL NADU||NAGAPATTINAM
32,44,0,9,0,21,0,3,73,265,49,44,1,24,34,5,28,3,9,0,111,1466,3480,54,153,424,25,44,0.0155172413793103,2004,0.0228695888919139,2005,TAMIL NADU,NAGAPATTINAM,TAMIL NADU||NAGAPATTINAM
43,31,1,12,0,20,0,8,62,220,59,41,3,38,18,2,45,6,19,0,145,1521,3673,84,156,367,41,41,0.0228695888919139,2005,0.0282722513089005,2006,TAMIL NADU,NAGAPATTINAM,TAMIL NADU||NAGAPATTINAM
30,42,0,9,0,18,4,6,52,240,30,42,3,67,15,6,73,11,9,0,135,2658,3820,108,151,343,70,42,0.0282722513089005,2006,0.0222524977293369,2007,TAMIL NADU,NAGAPATTINAM,TAMIL NADU||NAGAPATTINAM
39,65,0,14,0,28,0,4,56,205,31,40,3,54,28,4,53,5,22,0,201,3111,4404,98,190,324,57,40,0.0222524977293369,2007,0.0198403097023953,2008,TAMIL NADU,NAGAPATTINAM,TAMIL NADU||NAGAPATTINAM
47,64,1,10,0,28,1,2,49,232,66,41,1,18,15,4,59,1,8,0,179,3003,4133,82,194,364,19,41,0.0198403097023953,2008,0.0188631790744466,2009,TAMIL NADU,NAGAPATTINAM,TAMIL NADU||NAGAPATTINAM
36,31,0,7,0,16,1,6,58,153,71,56,0,15,10,4,39,13,18,0,297,353,2659,81,153,298,15,56,0.0304625799172621,2001,0.0267407995763833,2002,TAMIL NADU,NAMAKKAL,TAMIL NADU||NAMAKKAL
43,25,0,13,0,25,2,6,39,221,77,72,1,10,19,3,41,18,26,0,279,1330,3777,101,186,362,11,72,0.0267407995763833,2002,0.0359752670039347,2003,TAMIL NADU,NAMAKKAL,TAMIL NADU||NAMAKKAL
31,24,0,7,0,22,1,8,56,257,117,67,2,18,14,6,54,20,41,0,264,1520,3558,128,160,452,20,67,0.0359752670039347,2003,0.0293791574279379,2004,TAMIL NADU,NAMAKKAL,TAMIL NADU||NAMAKKAL
31,20,0,7,0,18,4,3,42,196,61,87,1,29,12,8,35,17,39,0,275,1450,3608,106,170,314,30,87,0.0293791574279379,2004,0.0241691842900302,2005,TAMIL NADU,NAMAKKAL,TAMIL NADU||NAMAKKAL
29,26,0,0,0,35,1,6,52,194,70,72,4,19,11,0,39,0,41,0,316,1083,3310,80,169,333,23,72,0.0241691842900302,2005,0.0194925742574257,2006,TAMIL NADU,NAMAKKAL,TAMIL NADU||NAMAKKAL
28,16,1,6,0,18,2,7,35,199,48,42,1,19,7,0,25,14,18,0,298,2214,3232,63,120,296,20,42,0.0194925742574257,2006,0.0218238503507404,2007,TAMIL NADU,NAMAKKAL,TAMIL NADU||NAMAKKAL
26,19,0,12,0,31,4,7,46,230,110,55,2,33,11,3,33,9,27,0,393,2511,3849,84,154,404,35,55,0.0218238503507404,2007,0.0263783783783783,2008,TAMIL NADU,NAMAKKAL,TAMIL NADU||NAMAKKAL
46,34,0,19,0,49,7,29,75,302,95,88,0,79,11,5,49,24,25,0,318,2881,4625,122,272,512,79,88,0.0263783783783783,2008,0.0197278911564625,2009,TAMIL NADU,NAMAKKAL,TAMIL NADU||NAMAKKAL
16,15,0,8,0,5,0,5,109,102,12,39,0,10,0,2,6,5,16,0,31,752,1330,37,88,228,10,39,0.0278195488721804,2001,0.0398550724637681,2002,TAMIL NADU,NILGIRIS,TAMIL NADU||NILGIRIS
21,15,0,6,0,3,2,1,73,135,20,34,5,10,0,0,20,4,25,0,37,728,1380,55,82,229,15,34,0.0398550724637681,2002,0.032520325203252,2003,TAMIL NADU,NILGIRIS,TAMIL NADU||NILGIRIS
18,17,0,9,0,3,0,3,93,144,26,26,3,10,0,0,39,4,0,0,28,921,1599,52,76,266,13,26,0.032520325203252,2003,0.0462800234329232,2004,TAMIL NADU,NILGIRIS,TAMIL NADU||NILGIRIS
14,26,0,14,0,3,0,6,86,150,13,26,3,14,0,2,45,14,4,0,29,995,1707,79,89,255,17,26,0.0462800234329232,2004,0.0300884955752212,2005,TAMIL NADU,NILGIRIS,TAMIL NADU||NILGIRIS
11,21,0,13,0,9,1,2,73,120,8,16,3,12,0,0,32,0,6,0,0,1166,1695,51,73,203,15,16,0.0300884955752212,2005,0.0225035161744022,2006,TAMIL NADU,NILGIRIS,TAMIL NADU||NILGIRIS
17,22,0,5,0,2,0,4,79,120,22,15,3,6,1,1,13,6,7,0,32,914,1422,32,65,226,9,15,0.0225035161744022,2006,0.0205128205128205,2007,TAMIL NADU,NILGIRIS,TAMIL NADU||NILGIRIS
13,8,0,6,0,5,2,2,62,104,18,15,8,12,0,1,13,0,8,0,43,880,1365,28,51,186,20,15,0.0205128205128205,2007,0.024799416484318,2008,TAMIL NADU,NILGIRIS,TAMIL NADU||NILGIRIS
6,10,0,4,0,4,0,6,86,103,16,25,4,9,0,1,20,0,9,0,57,800,1371,34,55,211,13,25,0.024799416484318,2008,0.0164233576642335,2009,TAMIL NADU,NILGIRIS,TAMIL NADU||NILGIRIS
10,16,2,3,0,13,3,2,31,47,20,56,2,27,10,0,18,0,12,0,79,420,1100,33,105,110,29,56,0.03,2001,0.0494711702490617,2002,TAMIL NADU,PERAMBALUR,TAMIL NADU||PERAMBALUR
41,58,5,16,0,30,1,9,79,197,115,104,2,33,26,4,88,15,22,0,142,1214,2931,145,264,426,35,104,0.0494711702490617,2002,0.0545529122231337,2003,TAMIL NADU,PERAMBALUR,TAMIL NADU||PERAMBALUR
31,56,1,13,0,36,0,1,58,204,97,57,6,15,17,3,65,10,42,0,117,964,2438,133,195,377,21,57,0.0545529122231337,2003,0.0471057884231536,2004,TAMIL NADU,PERAMBALUR,TAMIL NADU||PERAMBALUR
33,33,0,15,0,31,1,8,73,162,66,56,3,25,27,4,44,16,39,0,139,1125,2505,118,177,336,28,56,0.0471057884231536,2004,0.0361535594483786,2005,TAMIL NADU,PERAMBALUR,TAMIL NADU||PERAMBALUR
34,34,0,19,0,19,1,12,57,190,71,63,7,37,9,3,51,3,21,0,129,1303,2683,97,182,339,44,63,0.0361535594483786,2005,0.0311526479750778,2006,TAMIL NADU,PERAMBALUR,TAMIL NADU||PERAMBALUR
32,37,0,15,0,16,1,7,46,172,51,30,2,42,17,3,33,3,26,0,174,1697,2568,80,138,293,44,30,0.0311526479750778,2006,0.0479972375690607,2007,TAMIL NADU,PERAMBALUR,TAMIL NADU||PERAMBALUR
32,35,1,26,0,22,1,5,53,172,52,47,3,20,17,3,65,14,31,0,172,1875,2896,139,169,299,23,47,0.0479972375690607,2007,0.0376035691523263,2008,TAMIL NADU,PERAMBALUR,TAMIL NADU||PERAMBALUR
29,50,0,26,0,31,1,2,41,327,145,49,1,41,9,7,70,9,6,0,214,1953,3138,118,188,524,42,49,0.0376035691523263,2008,0.0223684210526315,2009,TAMIL NADU,PERAMBALUR,TAMIL NADU||PERAMBALUR
30,30,0,5,0,27,2,5,81,238,79,198,3,8,23,2,32,4,25,0,166,2281,3416,68,297,426,11,198,0.0199063231850117,2001,0.0297847242701268,2002,TAMIL NADU,PUDUKOTTAI,TAMIL NADU||PUDUKOTTAI
34,19,1,10,0,25,3,6,70,234,64,169,11,14,22,4,49,6,32,0,155,2237,3391,101,267,396,25,169,0.0297847242701268,2002,0.0291232372777437,2003,TAMIL NADU,PUDUKOTTAI,TAMIL NADU||PUDUKOTTAI
32,21,0,8,0,21,1,7,67,185,56,162,13,15,23,2,52,5,28,0,146,2189,3262,95,252,338,28,162,0.0291232372777437,2003,0.0337044839000902,2004,TAMIL NADU,PUDUKOTTAI,TAMIL NADU||PUDUKOTTAI
30,30,0,11,0,22,0,5,71,219,56,161,5,39,18,2,60,4,35,0,140,2160,3323,112,259,369,44,161,0.0337044839000902,2004,0.0351812366737739,2005,TAMIL NADU,PUDUKOTTAI,TAMIL NADU||PUDUKOTTAI
29,33,0,14,0,34,0,10,78,268,68,199,9,22,18,4,55,8,51,0,178,2436,3752,132,319,442,31,199,0.0351812366737739,2005,0.02669133192389,2006,TAMIL NADU,PUDUKOTTAI,TAMIL NADU||PUDUKOTTAI
25,86,0,8,0,32,0,7,64,263,48,41,13,36,23,5,47,2,39,0,221,2580,3784,101,199,405,49,41,0.02669133192389,2006,0.0321739130434782,2007,TAMIL NADU,PUDUKOTTAI,TAMIL NADU||PUDUKOTTAI
34,29,3,14,0,25,0,9,59,257,44,41,14,26,13,6,55,0,36,0,238,2318,3450,111,155,382,40,41,0.0321739130434782,2007,0.0323218997361477,2008,TAMIL NADU,PUDUKOTTAI,TAMIL NADU||PUDUKOTTAI
37,42,2,4,0,34,0,3,53,179,35,38,9,35,13,8,45,2,39,0,257,1978,3032,98,160,283,44,38,0.0323218997361477,2008,0.0160761154855643,2009,TAMIL NADU,PUDUKOTTAI,TAMIL NADU||PUDUKOTTAI
33,52,0,13,0,26,3,4,104,172,16,205,7,24,28,4,59,12,16,0,120,1820,3234,104,336,324,31,205,0.0321583178726035,2001,0.030953885028427,2002,TAMIL NADU,RAMNATHAPURAM,TAMIL NADU||RAMNATHAPURAM
37,50,0,13,0,20,4,8,67,227,7,191,14,15,36,5,51,6,23,0,111,1735,3166,98,323,345,29,191,0.030953885028427,2002,0.0381885772220344,2003,TAMIL NADU,RAMNATHAPURAM,TAMIL NADU||RAMNATHAPURAM
26,23,0,10,0,15,0,5,59,217,34,158,8,20,25,3,49,6,45,0,108,1671,2959,113,237,340,28,158,0.0381885772220344,2003,0.025130890052356,2004,TAMIL NADU,RAMNATHAPURAM,TAMIL NADU||RAMNATHAPURAM
37,42,0,10,0,19,3,6,86,209,27,122,9,26,29,2,48,7,5,0,118,1669,2865,72,239,357,35,122,0.025130890052356,2004,0.0238424326192121,2005,TAMIL NADU,RAMNATHAPURAM,TAMIL NADU||RAMNATHAPURAM
29,28,1,5,0,17,1,3,49,125,24,42,8,56,16,4,28,3,29,0,108,1926,2894,69,126,217,64,42,0.0238424326192121,2005,0.0171306209850107,2006,TAMIL NADU,RAMNATHAPURAM,TAMIL NADU||RAMNATHAPURAM
29,30,0,12,0,24,3,6,49,195,28,63,15,53,15,7,22,6,1,0,142,1761,2802,48,167,293,68,63,0.0171306209850107,2006,0.0191608853650479,2007,TAMIL NADU,RAMNATHAPURAM,TAMIL NADU||RAMNATHAPURAM
37,55,0,8,0,25,0,6,61,187,25,49,1,59,13,3,29,11,7,0,128,1961,3027,58,180,292,60,49,0.0191608853650479,2007,0.0189198486412108,2008,TAMIL NADU,RAMNATHAPURAM,TAMIL NADU||RAMNATHAPURAM
45,95,0,6,0,28,4,20,82,223,31,62,2,43,13,2,34,1,12,0,166,1660,2907,55,260,369,45,62,0.0189198486412108,2008,0.0170538077036165,2009,TAMIL NADU,RAMNATHAPURAM,TAMIL NADU||RAMNATHAPURAM
78,43,1,8,0,35,3,8,66,192,78,170,2,5,34,8,53,7,7,0,367,2248,4225,83,346,378,7,170,0.0196449704142011,2001,0.023075216330153,2002,TAMIL NADU,SALEM RURAL,TAMIL NADU||SALEM RURAL
79,41,2,14,0,26,7,7,72,209,69,228,2,15,29,3,54,6,27,0,372,1452,4507,104,404,386,17,228,0.023075216330153,2002,0.0589540412044374,2003,TAMIL NADU,SALEM RURAL,TAMIL NADU||SALEM RURAL
78,123,2,35,0,69,9,14,138,357,109,306,4,52,36,10,167,9,151,0,334,1597,6310,372,636,654,56,306,0.0589540412044374,2003,0.1144211238997968,2004,TAMIL NADU,SALEM RURAL,TAMIL NADU||SALEM RURAL
73,178,1,56,0,102,6,28,92,245,30,160,4,113,53,12,337,17,254,0,322,1692,5908,676,604,448,117,160,0.1144211238997968,2004,0.0719093744869479,2005,TAMIL NADU,SALEM RURAL,TAMIL NADU||SALEM RURAL
53,172,0,52,0,107,5,16,112,289,66,195,3,71,36,14,218,0,154,0,338,1665,6091,438,600,519,74,195,0.0719093744869479,2005,0.0339181286549707,2006,TAMIL NADU,SALEM RURAL,TAMIL NADU||SALEM RURAL
50,29,0,21,0,45,4,17,46,160,44,110,1,17,30,7,71,7,39,0,380,2468,4275,145,276,297,18,110,0.0339181286549707,2006,0.0432027649769585,2007,TAMIL NADU,SALEM RURAL,TAMIL NADU||SALEM RURAL
67,54,2,25,0,71,8,21,55,202,45,191,0,25,40,6,125,0,69,0,385,2605,5208,225,439,363,25,191,0.0432027649769585,2007,0.0472835659124779,2008,TAMIL NADU,SALEM RURAL,TAMIL NADU||SALEM RURAL
69,103,2,35,0,112,5,19,101,347,60,346,5,35,41,3,217,0,94,0,448,3050,7381,349,691,568,40,346,0.0472835659124779,2008,0.0302715793115377,2009,TAMIL NADU,SALEM RURAL,TAMIL NADU||SALEM RURAL
12,14,0,2,0,10,3,20,70,467,219,42,9,49,0,3,7,13,11,0,122,827,1846,36,103,776,58,42,0.0195016251354279,2001,0.0220440881763527,2002,TAMIL NADU,SALEM URBAN,TAMIL NADU||SALEM URBAN
24,21,0,8,0,7,4,4,55,366,186,21,9,47,0,5,3,13,15,0,134,1108,1996,44,89,611,56,21,0.0220440881763527,2002,0.0246376811594202,2003,TAMIL NADU,SALEM URBAN,TAMIL NADU||SALEM URBAN
15,18,0,11,0,9,3,2,51,337,144,14,1,25,2,3,11,13,13,0,110,1280,2070,51,72,536,26,14,0.0246376811594202,2003,0.0244328097731239,2004,TAMIL NADU,SALEM URBAN,TAMIL NADU||SALEM URBAN
22,14,0,11,0,6,0,3,49,258,66,12,2,42,2,9,5,27,18,0,115,2131,2865,70,68,378,44,12,0.0244328097731239,2004,0.0114285714285714,2005,TAMIL NADU,SALEM URBAN,TAMIL NADU||SALEM URBAN
17,8,0,4,0,12,0,1,34,266,65,2,4,97,1,6,9,9,18,0,110,3305,4025,46,44,367,101,2,0.0114285714285714,2005,0.02265625,2006,TAMIL NADU,SALEM URBAN,TAMIL NADU||SALEM URBAN
15,17,0,7,0,13,0,6,43,291,102,14,2,36,2,6,3,24,18,0,107,1827,2560,58,72,444,38,14,0.02265625,2006,0.0585526315789473,2007,TAMIL NADU,SALEM URBAN,TAMIL NADU||SALEM URBAN
16,30,0,10,0,28,0,5,41,186,53,28,4,50,3,2,14,21,42,0,113,686,1520,89,117,288,54,28,0.0585526315789473,2007,0.0384781668828361,2008,TAMIL NADU,SALEM URBAN,TAMIL NADU||SALEM URBAN
29,40,0,22,0,32,1,18,45,263,132,40,12,71,1,7,16,11,33,0,133,1150,2313,89,182,459,83,40,0.0384781668828361,2008,0.0345257903494176,2009,TAMIL NADU,SALEM URBAN,TAMIL NADU||SALEM URBAN
26,51,0,5,0,16,4,10,159,328,50,88,8,22,34,4,17,2,9,0,124,1162,3030,37,200,581,30,88,0.0122112211221122,2001,0.0296610169491525,2002,TAMIL NADU,SIVAGANGAI,TAMIL NADU||SIVAGANGAI
36,50,0,6,0,16,2,7,134,336,68,73,1,28,31,3,22,9,44,0,147,1476,2832,84,190,576,29,73,0.0296610169491525,2002,0.0242557883131201,2003,TAMIL NADU,SIVAGANGAI,TAMIL NADU||SIVAGANGAI
24,33,1,4,0,25,0,3,67,231,38,41,8,31,14,4,17,7,34,0,148,1691,2721,66,131,353,39,41,0.0242557883131201,2003,0.0377862595419847,2004,TAMIL NADU,SIVAGANGAI,TAMIL NADU||SIVAGANGAI
29,30,0,13,0,21,0,7,91,308,38,31,2,31,5,7,16,23,40,0,109,1537,2620,99,131,449,33,31,0.0377862595419847,2004,0.0233333333333333,2005,TAMIL NADU,SIVAGANGAI,TAMIL NADU||SIVAGANGAI
15,40,2,2,0,9,5,3,78,237,49,15,2,43,9,8,8,10,28,0,114,1514,2400,56,91,376,45,15,0.0233333333333333,2005,0.0264105642256902,2006,TAMIL NADU,SIVAGANGAI,TAMIL NADU||SIVAGANGAI
19,42,0,5,0,23,0,8,58,170,35,17,1,51,11,2,8,19,32,0,147,1636,2499,66,114,282,52,17,0.0264105642256902,2006,0.029340697273041,2007,TAMIL NADU,SIVAGANGAI,TAMIL NADU||SIVAGANGAI
43,50,0,3,0,40,0,9,71,227,33,39,9,70,18,3,4,12,63,0,183,1738,2897,85,184,358,79,39,0.029340697273041,2007,0.0290858725761772,2008,TAMIL NADU,SIVAGANGAI,TAMIL NADU||SIVAGANGAI
34,47,2,1,0,43,2,18,103,264,62,41,9,91,17,4,7,16,56,0,198,1634,2888,84,188,464,100,41,0.0290858725761772,2008,0.0220994475138121,2009,TAMIL NADU,SIVAGANGAI,TAMIL NADU||SIVAGANGAI
49,74,1,0,0,55,3,16,171,435,95,150,6,33,26,0,53,46,31,0,299,1263,3506,130,348,743,39,150,0.0370792926411865,2001,0.0212330519314402,2002,TAMIL NADU,THANJAVUR,TAMIL NADU||THANJAVUR
56,110,0,10,0,40,2,17,143,581,147,115,5,35,31,1,30,19,23,0,287,1734,3909,83,350,919,40,115,0.0212330519314402,2002,0.0406524466750313,2003,TAMIL NADU,THANJAVUR,TAMIL NADU||THANJAVUR
60,78,0,14,0,53,2,8,151,452,101,99,3,18,21,1,100,14,33,0,272,1917,3985,162,314,733,21,99,0.0406524466750313,2003,0.0290076335877862,2004,TAMIL NADU,THANJAVUR,TAMIL NADU||THANJAVUR
48,67,1,12,0,29,1,10,149,475,122,111,4,21,19,5,75,1,21,0,255,1873,3930,114,279,775,25,111,0.0290076335877862,2004,0.0363858363858363,2005,TAMIL NADU,THANJAVUR,TAMIL NADU||THANJAVUR
63,55,0,9,0,45,1,7,155,613,109,88,5,18,27,7,102,5,26,0,263,1957,4095,149,268,911,23,88,0.0363858363858363,2005,0.0261603375527426,2006,TAMIL NADU,THANJAVUR,TAMIL NADU||THANJAVUR
40,52,0,8,0,55,1,16,130,555,103,65,3,55,28,6,80,5,25,0,304,2565,4740,124,237,832,58,65,0.0261603375527426,2006,0.0239852398523985,2007,TAMIL NADU,THANJAVUR,TAMIL NADU||THANJAVUR
68,66,0,5,0,50,4,18,133,588,98,71,6,35,35,9,96,0,46,0,358,4141,6504,156,282,872,41,71,0.0239852398523985,2007,0.0191374663072776,2008,TAMIL NADU,THANJAVUR,TAMIL NADU||THANJAVUR
66,93,0,7,0,29,1,20,158,532,111,68,2,27,30,7,108,0,20,0,418,5003,7420,142,284,851,29,68,0.0191374663072776,2008,0.0125539956803455,2009,TAMIL NADU,THANJAVUR,TAMIL NADU||THANJAVUR
16,17,0,4,0,18,5,9,83,240,27,69,4,58,9,4,29,8,9,0,120,1097,2646,54,138,368,62,69,0.0204081632653061,2001,0.0299217953077184,2002,TAMIL NADU,THENI,TAMIL NADU||THENI
23,58,0,12,0,26,4,14,76,259,42,67,5,39,18,4,52,5,15,0,157,1691,2941,88,204,409,44,67,0.0299217953077184,2002,0.0311067452521283,2003,TAMIL NADU,THENI,TAMIL NADU||THENI
35,47,0,6,0,7,2,14,69,246,45,104,6,51,19,4,53,7,25,0,146,1627,3054,95,215,393,57,104,0.0311067452521283,2003,0.0326700326700326,2004,TAMIL NADU,THENI,TAMIL NADU||THENI
31,62,2,5,0,10,0,8,79,287,46,93,1,56,10,1,64,13,27,0,142,1365,3367,110,211,430,57,93,0.0326700326700326,2004,0.0241710567090176,2005,TAMIL NADU,THENI,TAMIL NADU||THENI
29,51,0,3,0,17,0,2,79,228,48,38,2,72,12,2,50,4,19,0,149,2057,3227,78,140,369,74,38,0.0241710567090176,2005,0.0215802297250261,2006,TAMIL NADU,THENI,TAMIL NADU||THENI
24,30,0,5,0,30,3,6,68,229,57,49,6,72,8,3,21,16,17,0,143,1756,2873,62,147,368,78,49,0.0215802297250261,2006,0.0282866379310344,2007,TAMIL NADU,THENI,TAMIL NADU||THENI
29,62,1,4,0,22,0,9,105,241,51,77,5,74,26,3,42,12,44,0,180,2293,3712,105,204,432,79,77,0.0282866379310344,2007,0.0162259615384615,2008,TAMIL NADU,THENI,TAMIL NADU||THENI
28,55,1,7,0,35,0,21,75,263,30,60,2,88,17,4,30,5,35,0,188,3592,4992,81,207,406,90,60,0.0162259615384615,2008,0.0308784042961258,2009,TAMIL NADU,THENI,TAMIL NADU||THENI
74,124,1,57,0,66,3,27,310,560,35,97,16,51,102,3,155,62,13,0,212,3572,6350,290,449,1034,67,97,0.0456692913385826,2001,0.0402775682606728,2002,TAMIL NADU,THIRUNELVELI RURAL,TAMIL NADU||THIRUNELVELI RURAL
80,103,3,41,0,65,2,30,239,590,38,7,9,59,85,3,143,52,28,0,269,4015,6629,267,331,982,68,7,0.0402775682606728,2002,0.038479660750746,2003,TAMIL NADU,THIRUNELVELI RURAL,TAMIL NADU||THIRUNELVELI RURAL
54,76,0,43,0,30,0,10,150,439,42,2,8,34,65,11,122,28,41,0,224,3582,6367,245,215,706,42,2,0.038479660750746,2003,0.0409598676044683,2004,TAMIL NADU,THIRUNELVELI RURAL,TAMIL NADU||THIRUNELVELI RURAL
63,92,0,30,0,21,2,13,94,460,28,4,5,34,26,5,88,18,57,0,247,2821,4834,198,225,621,39,4,0.0409598676044683,2004,0.0368896925858951,2005,TAMIL NADU,THIRUNELVELI RURAL,TAMIL NADU||THIRUNELVELI RURAL
75,108,4,27,0,26,3,9,83,374,22,0,6,30,19,5,123,1,48,0,230,3090,5530,204,252,507,36,0,0.0368896925858951,2005,0.0393533638145003,2006,TAMIL NADU,THIRUNELVELI RURAL,TAMIL NADU||THIRUNELVELI RURAL
58,146,2,42,0,31,1,26,121,371,45,3,7,27,51,7,86,62,44,0,291,4114,6124,241,309,614,34,3,0.0393533638145003,2006,0.0316688567674113,2007,TAMIL NADU,THIRUNELVELI RURAL,TAMIL NADU||THIRUNELVELI RURAL
80,262,1,35,0,56,1,46,170,416,43,2,7,87,75,5,96,0,105,0,284,5004,7610,241,483,750,94,2,0.0316688567674113,2007,0.0328560470467911,2008,TAMIL NADU,THIRUNELVELI RURAL,TAMIL NADU||THIRUNELVELI RURAL
89,248,1,42,0,68,0,26,213,460,63,4,7,93,59,3,115,0,97,0,318,4912,7822,257,478,821,100,4,0.0328560470467911,2008,0.026485788113695,2009,TAMIL NADU,THIRUNELVELI RURAL,TAMIL NADU||THIRUNELVELI RURAL
12,49,0,3,0,15,2,10,76,227,33,8,6,5,4,0,2,21,6,0,56,996,1569,32,99,350,11,8,0.0203951561504142,2001,0.0336990595611285,2002,TAMIL NADU,THIRUNELVELI URBAN,TAMIL NADU||THIRUNELVELI URBAN
23,37,0,3,0,15,1,8,43,200,41,72,5,9,3,6,10,14,10,0,83,677,1276,43,159,295,14,72,0.0336990595611285,2002,0.0507042253521126,2003,TAMIL NADU,THIRUNELVELI URBAN,TAMIL NADU||THIRUNELVELI URBAN
12,38,0,4,0,10,1,9,39,124,14,40,6,14,4,0,11,18,21,0,68,578,1065,54,114,190,20,40,0.0507042253521126,2003,0.0375478927203065,2004,TAMIL NADU,THIRUNELVELI URBAN,TAMIL NADU||THIRUNELVELI URBAN
19,40,0,3,0,6,1,7,27,161,12,12,0,26,8,2,13,18,13,0,57,840,1305,49,88,215,26,12,0.0375478927203065,2004,0.0377833753148614,2005,TAMIL NADU,THIRUNELVELI URBAN,TAMIL NADU||THIRUNELVELI URBAN
14,43,0,2,0,10,1,4,30,158,20,0,2,50,3,1,7,29,6,0,53,705,1191,45,74,215,52,0,0.0377833753148614,2005,0.0559930008748906,2006,TAMIL NADU,THIRUNELVELI URBAN,TAMIL NADU||THIRUNELVELI URBAN
18,42,0,4,0,5,3,5,49,134,19,2,5,31,7,1,8,27,24,0,48,644,1143,64,79,214,36,2,0.0559930008748906,2006,0.0357653791130186,2007,TAMIL NADU,THIRUNELVELI URBAN,TAMIL NADU||THIRUNELVELI URBAN
16,47,1,6,0,10,0,10,34,196,41,6,4,37,6,1,8,28,7,0,79,813,1398,50,96,287,41,6,0.0357653791130186,2007,0.0463786531130876,2008,TAMIL NADU,THIRUNELVELI URBAN,TAMIL NADU||THIRUNELVELI URBAN
20,45,0,8,0,16,1,15,41,239,47,4,0,27,1,2,7,49,7,0,87,893,1574,73,109,343,27,4,0.0463786531130876,2008,0.0104914411927112,2009,TAMIL NADU,THIRUNELVELI URBAN,TAMIL NADU||THIRUNELVELI URBAN
34,56,3,16,0,24,2,11,106,226,30,201,5,28,28,6,70,17,16,0,196,2094,3468,125,347,401,33,201,0.0360438292964244,2001,0.0456810631229235,2002,TAMIL NADU,THIRUVALLUR,TAMIL NADU||THIRUVALLUR
41,43,0,10,0,34,5,12,98,208,15,159,5,25,17,7,96,24,28,0,192,2222,3612,165,304,350,30,159,0.0456810631229235,2002,0.0417713567839196,2003,TAMIL NADU,THIRUVALLUR,TAMIL NADU||THIRUVALLUR
25,47,0,14,0,23,3,8,71,279,15,140,15,20,24,8,70,13,28,0,213,950,3184,133,260,397,35,140,0.0417713567839196,2003,0.0379386658235852,2004,TAMIL NADU,THIRUVALLUR,TAMIL NADU||THIRUVALLUR
20,11,1,16,0,14,2,5,71,195,20,97,3,10,11,14,46,15,29,0,216,1185,3163,120,166,302,13,97,0.0379386658235852,2004,0.0418163998693237,2005,TAMIL NADU,THIRUVALLUR,TAMIL NADU||THIRUVALLUR
27,19,1,15,0,21,4,7,77,191,23,58,1,12,5,14,58,17,24,0,240,823,3061,128,152,303,13,58,0.0418163998693237,2005,0.0263757733637251,2006,TAMIL NADU,THIRUVALLUR,TAMIL NADU||THIRUVALLUR
23,31,0,10,0,13,2,6,74,188,33,59,1,7,1,2,30,18,21,0,298,1821,3071,81,144,302,8,59,0.0263757733637251,2006,0.0405759162303664,2007,TAMIL NADU,THIRUVALLUR,TAMIL NADU||THIRUVALLUR
23,35,0,7,0,14,2,2,41,161,35,37,0,21,18,3,88,10,16,0,140,2055,3056,124,120,257,21,37,0.0405759162303664,2007,0.0179786200194363,2008,TAMIL NADU,THIRUVALLUR,TAMIL NADU||THIRUVALLUR
35,41,2,17,0,22,4,30,80,232,26,75,6,33,9,9,18,0,30,0,294,2689,4116,74,226,377,39,75,0.0179786200194363,2008,0.014507007622326,2009,TAMIL NADU,THIRUVALLUR,TAMIL NADU||THIRUVALLUR
44,34,0,5,0,40,1,14,162,402,59,218,5,30,14,1,53,9,18,0,198,2806,4749,86,356,651,35,218,0.018109075594862,2001,0.0242277407631738,2002,TAMIL NADU,THIRUVANNAMALAI,TAMIL NADU||THIRUVANNAMALAI
35,39,0,10,0,44,3,17,164,490,75,289,10,28,45,9,54,29,18,0,227,2701,4953,120,437,791,38,289,0.0242277407631738,2002,0.0248164092175234,2003,TAMIL NADU,THIRUVANNAMALAI,TAMIL NADU||THIRUVANNAMALAI
38,17,1,25,0,26,0,10,138,358,57,146,9,28,33,6,37,8,22,0,210,1651,3949,98,263,596,37,146,0.0248164092175234,2003,0.0200416449765747,2004,TAMIL NADU,THIRUVANNAMALAI,TAMIL NADU||THIRUVANNAMALAI
30,20,0,27,0,25,2,9,101,394,73,172,9,30,21,3,27,16,4,0,191,2231,3842,77,285,598,39,172,0.0200416449765747,2004,0.0393806799057556,2005,TAMIL NADU,THIRUVANNAMALAI,TAMIL NADU||THIRUVANNAMALAI
33,18,0,26,0,35,0,5,48,345,43,121,7,88,17,5,17,16,53,0,201,604,2971,117,238,458,95,121,0.0393806799057556,2005,0.0248788368336025,2006,TAMIL NADU,THIRUVANNAMALAI,TAMIL NADU||THIRUVANNAMALAI
36,29,0,10,0,16,0,2,59,175,23,39,7,43,12,1,8,27,31,0,228,1881,3095,77,132,271,50,39,0.0248788368336025,2006,0.0184430624061762,2007,TAMIL NADU,THIRUVANNAMALAI,TAMIL NADU||THIRUVANNAMALAI
45,26,1,14,0,25,1,2,67,195,50,73,6,49,23,4,25,28,15,0,190,3312,4663,86,187,337,55,73,0.0184430624061762,2007,0.0229189189189189,2008,TAMIL NADU,THIRUVANNAMALAI,TAMIL NADU||THIRUVANNAMALAI
32,65,0,20,0,34,3,6,95,289,82,117,0,53,32,3,20,47,16,0,350,2757,4625,106,277,504,53,117,0.0229189189189189,2008,0.0152446520776985,2009,TAMIL NADU,THIRUVANNAMALAI,TAMIL NADU||THIRUVANNAMALAI
31,56,0,7,0,30,0,6,96,182,41,59,1,15,49,4,50,18,2,0,138,1407,3043,81,189,374,16,59,0.0266184686164968,2001,0.0300157977883096,2002,TAMIL NADU,THIRUVARUR,TAMIL NADU||THIRUVARUR
30,32,1,4,0,13,2,3,74,170,44,65,5,13,20,5,50,15,2,0,63,1150,2532,76,150,311,18,65,0.0300157977883096,2002,0.0396253602305475,2003,TAMIL NADU,THIRUVARUR,TAMIL NADU||THIRUVARUR
14,38,2,9,0,11,0,5,75,242,49,70,0,12,30,2,71,9,19,0,88,1188,2776,110,149,401,12,70,0.0396253602305475,2003,0.0338983050847457,2004,TAMIL NADU,THIRUVARUR,TAMIL NADU||THIRUVARUR
24,25,0,7,0,10,0,2,50,215,44,55,4,12,24,2,68,13,10,0,82,1359,2950,100,123,335,16,55,0.0338983050847457,2004,0.0368798955613577,2005,TAMIL NADU,THIRUVARUR,TAMIL NADU||THIRUVARUR
16,20,0,4,0,11,1,2,65,234,38,31,13,23,13,1,72,21,15,0,104,1417,3064,113,85,352,36,31,0.0368798955613577,2005,0.0331811263318112,2006,TAMIL NADU,THIRUVARUR,TAMIL NADU||THIRUVARUR
16,32,0,7,0,17,2,10,46,222,42,45,3,25,11,5,66,18,13,0,116,2255,3285,109,129,331,28,45,0.0331811263318112,2006,0.017906976744186,2007,TAMIL NADU,THIRUVARUR,TAMIL NADU||THIRUVARUR
39,44,1,9,0,30,5,13,121,175,19,81,4,33,10,10,23,10,25,0,361,2770,4300,77,222,338,37,81,0.017906976744186,2007,0.0227436823104693,2008,TAMIL NADU,THIRUVARUR,TAMIL NADU||THIRUVARUR
26,36,0,6,0,14,4,9,53,123,14,34,2,27,18,1,51,2,3,0,105,1241,2770,63,129,217,29,34,0.0227436823104693,2008,0.0094339622641509,2009,TAMIL NADU,THIRUVARUR,TAMIL NADU||THIRUVARUR
69,98,0,12,0,38,4,34,169,484,57,112,11,41,47,1,94,47,36,0,199,3285,5290,190,367,791,52,112,0.0359168241965973,2001,0.0365422396856581,2002,TAMIL NADU,THOOTHUGUDI,TAMIL NADU||THOOTHUGUDI
72,103,1,13,0,26,6,23,169,514,62,129,6,38,38,4,121,0,48,0,212,3074,5090,186,373,806,44,129,0.0365422396856581,2002,0.0386699047263216,2003,TAMIL NADU,THOOTHUGUDI,TAMIL NADU||THOOTHUGUDI
76,104,1,21,0,35,3,20,154,550,49,205,12,64,40,5,76,51,54,0,197,3056,5353,207,465,813,76,205,0.0386699047263216,2003,0.0402020202020202,2004,TAMIL NADU,THOOTHUGUDI,TAMIL NADU||THOOTHUGUDI
59,93,1,35,0,31,3,15,162,516,60,6,8,74,35,2,16,84,62,0,201,3124,4950,199,243,788,82,6,0.0402020202020202,2004,0.0424414788886458,2005,TAMIL NADU,THOOTHUGUDI,TAMIL NADU||THOOTHUGUDI
63,71,2,17,0,25,1,4,135,429,55,3,9,137,22,3,10,105,59,0,191,1908,4571,194,186,645,146,3,0.0424414788886458,2005,0.0413759923021409,2006,TAMIL NADU,THOOTHUGUDI,TAMIL NADU||THOOTHUGUDI
57,83,0,13,0,13,0,10,117,418,31,6,7,77,14,2,5,132,20,0,240,2542,4157,172,182,590,84,6,0.0413759923021409,2006,0.0596182714990349,2007,TAMIL NADU,THOOTHUGUDI,TAMIL NADU||THOOTHUGUDI
62,100,0,19,0,33,0,11,156,411,52,4,16,116,16,2,5,191,61,0,270,2745,4663,278,229,646,132,4,0.0596182714990349,2007,0.0771604938271604,2008,TAMIL NADU,THOOTHUGUDI,TAMIL NADU||THOOTHUGUDI
72,127,0,11,0,48,0,33,198,555,81,2,16,115,10,4,3,343,64,0,280,3121,5508,425,293,877,131,2,0.0771604938271604,2008,0.0112214863870493,2009,TAMIL NADU,THOOTHUGUDI,TAMIL NADU||THOOTHUGUDI
0,0,0,0,0,0,0,1,2,40,3,4,1,0,0,0,0,3,0,0,0,142,206,3,5,46,1,4,0.0145631067961165,2001,0.0172413793103448,2002,TAMIL NADU,TRICHY RLY.,TAMIL NADU||TRICHY RLY
2,1,0,0,0,0,0,1,8,76,1,2,0,1,0,0,2,1,1,0,4,107,232,4,6,86,1,2,0.0172413793103448,2002,0.0056497175141242,2003,TAMIL NADU,TRICHY RLY.,TAMIL NADU||TRICHY RLY
0,0,1,0,0,0,0,0,3,47,1,4,0,2,0,0,0,1,0,0,4,99,177,1,5,51,2,4,0.0056497175141242,2003,0.0095238095238095,2004,TAMIL NADU,TRICHY RLY.,TAMIL NADU||TRICHY RLY
0,1,0,0,0,0,1,3,0,66,0,3,1,3,0,0,2,0,0,0,2,119,210,2,8,69,4,3,0.0095238095238095,2004,0.01,2005,TAMIL NADU,TRICHY RLY.,TAMIL NADU||TRICHY RLY
1,0,0,0,0,0,0,1,2,77,0,2,1,4,0,0,1,0,1,0,3,87,200,2,4,80,5,2,0.01,2005,0.02,2006,TAMIL NADU,TRICHY RLY.,TAMIL NADU||TRICHY RLY
0,2,1,1,0,0,1,1,1,23,0,3,0,0,0,0,0,1,0,0,5,46,100,2,9,25,0,3,0.02,2006,0.0108695652173913,2007,TAMIL NADU,TRICHY RLY.,TAMIL NADU||TRICHY RLY
0,0,0,0,0,0,0,0,0,31,0,2,0,1,0,0,1,0,0,0,6,41,92,1,2,31,1,2,0.0108695652173913,2007,0.0,2008,TAMIL NADU,TRICHY RLY.,TAMIL NADU||TRICHY RLY
1,1,0,0,0,0,0,1,0,38,1,0,0,2,0,0,0,0,0,0,4,47,98,0,3,40,2,0,0.0,2008,0.0117647058823529,2009,TAMIL NADU,TRICHY RLY.,TAMIL NADU||TRICHY RLY
52,40,0,6,0,19,1,0,49,213,90,55,4,14,4,3,22,5,2,0,279,1293,3104,38,173,356,18,55,0.0122422680412371,2001,0.0114526823387582,2002,TAMIL NADU,TRICHY RURAL,TAMIL NADU||TRICHY RURAL
46,50,0,5,0,14,1,2,41,157,57,69,3,10,12,10,14,7,2,0,289,1668,3318,38,187,269,13,69,0.0114526823387582,2002,0.0260125123477115,2003,TAMIL NADU,TRICHY RURAL,TAMIL NADU||TRICHY RURAL
44,39,0,7,0,9,3,9,59,229,78,84,1,19,14,7,16,4,44,1,270,1349,3037,79,195,389,20,84,0.0260125123477115,2003,0.0096180269304754,2004,TAMIL NADU,TRICHY RURAL,TAMIL NADU||TRICHY RURAL
58,29,0,16,0,30,3,5,62,157,53,71,4,35,9,5,9,5,0,0,287,1887,3639,35,212,286,39,71,0.0096180269304754,2004,0.0228274967574578,2005,TAMIL NADU,TRICHY RURAL,TAMIL NADU||TRICHY RURAL
50,35,0,19,0,53,4,21,80,248,75,35,0,20,13,7,12,7,43,0,265,1857,3855,88,217,437,20,35,0.0228274967574578,2005,0.0253333333333333,2006,TAMIL NADU,TRICHY RURAL,TAMIL NADU||TRICHY RURAL
48,24,0,12,0,46,5,7,67,235,53,28,1,26,11,6,22,3,52,0,319,2557,3750,95,170,373,27,28,0.0253333333333333,2006,0.018508132361189,2007,TAMIL NADU,TRICHY RURAL,TAMIL NADU||TRICHY RURAL
49,19,0,12,0,23,0,10,57,184,62,16,0,20,8,4,19,0,31,0,328,2591,3566,66,129,321,20,16,0.018508132361189,2007,0.0166759310728182,2008,TAMIL NADU,TRICHY RURAL,TAMIL NADU||TRICHY RURAL
55,27,0,11,0,28,0,6,53,261,84,25,0,16,8,5,16,0,28,0,318,2563,3598,60,152,412,16,25,0.0166759310728182,2008,0.017131168499105,2009,TAMIL NADU,TRICHY RURAL,TAMIL NADU||TRICHY RURAL
24,19,0,5,0,11,0,6,110,504,147,10,7,58,0,4,9,51,18,0,109,712,2279,87,75,767,65,10,0.0381746379991224,2001,0.0605210420841683,2002,TAMIL NADU,TRICHY URBAN,TAMIL NADU||TRICHY URBAN
21,20,0,2,0,12,0,6,88,544,118,0,0,28,0,7,16,106,20,0,131,1388,2495,151,61,756,28,0,0.0605210420841683,2002,0.0388663967611336,2003,TAMIL NADU,TRICHY URBAN,TAMIL NADU||TRICHY URBAN
17,11,0,6,0,14,1,5,62,449,99,10,1,51,3,0,5,41,44,0,131,1531,2470,96,64,618,52,10,0.0388663967611336,2003,0.055831739961759,2004,TAMIL NADU,TRICHY URBAN,TAMIL NADU||TRICHY URBAN
13,14,1,0,0,6,3,1,82,374,61,5,3,49,2,4,8,102,32,0,108,1753,2615,146,43,520,52,5,0.055831739961759,2004,0.0398637137989778,2005,TAMIL NADU,TRICHY URBAN,TAMIL NADU||TRICHY URBAN
18,10,0,1,0,7,2,11,75,315,58,3,3,74,3,2,17,74,23,0,120,1475,2935,117,52,462,77,3,0.0398637137989778,2005,0.0310618066561014,2006,TAMIL NADU,TRICHY URBAN,TAMIL NADU||TRICHY URBAN
17,19,0,3,0,21,4,17,54,427,76,8,2,71,1,6,4,58,27,0,97,2246,3155,98,89,575,73,8,0.0310618066561014,2006,0.0155376009944064,2007,TAMIL NADU,TRICHY URBAN,TAMIL NADU||TRICHY URBAN
21,22,0,2,0,17,1,18,68,516,125,4,2,80,1,2,7,6,33,0,127,2212,3218,50,85,728,82,4,0.0155376009944064,2007,0.023220287198289,2008,TAMIL NADU,TRICHY URBAN,TAMIL NADU||TRICHY URBAN
13,30,2,2,0,10,1,6,59,444,84,10,0,54,2,5,7,37,25,0,141,2349,3273,76,74,595,54,10,0.023220287198289,2008,0.0386863345393821,2009,TAMIL NADU,TRICHY URBAN,TAMIL NADU||TRICHY URBAN
78,56,2,13,0,16,10,25,309,744,225,440,15,55,50,8,54,16,5,0,342,3424,7941,96,640,1353,70,440,0.0120891575368341,2001,0.0144329896907216,2002,TAMIL NADU,VELLORE,TAMIL NADU||VELLORE
61,73,3,31,0,55,6,11,336,879,242,139,15,94,45,13,48,21,6,0,417,4995,8245,119,379,1513,109,139,0.0144329896907216,2002,0.0160456894207234,2003,TAMIL NADU,VELLORE,TAMIL NADU||VELLORE
87,30,0,20,0,42,0,5,179,591,128,84,9,43,24,6,43,32,17,0,383,3323,7354,118,268,927,52,84,0.0160456894207234,2003,0.0159763313609467,2004,TAMIL NADU,VELLORE,TAMIL NADU||VELLORE
60,36,3,17,0,30,0,6,173,575,117,244,9,66,31,6,46,28,11,0,369,2960,6760,108,396,902,75,244,0.0159763313609467,2004,0.0184058649196693,2005,TAMIL NADU,VELLORE,TAMIL NADU||VELLORE
49,32,2,23,1,37,1,12,151,577,169,26,8,133,26,12,54,0,28,0,357,2650,6411,118,182,935,141,26,0.0184058649196693,2005,0.0288766965059197,2006,TAMIL NADU,VELLORE,TAMIL NADU||VELLORE
80,48,4,27,0,47,2,20,173,462,120,20,2,40,13,7,49,25,92,0,421,4734,6926,200,248,788,42,20,0.0288766965059197,2006,0.0182486722048209,2007,TAMIL NADU,VELLORE,TAMIL NADU||VELLORE
66,36,2,25,0,55,0,11,165,418,129,4,3,52,13,8,26,0,75,0,408,5329,7343,134,199,736,55,4,0.0182486722048209,2007,0.0144680851063829,2008,TAMIL NADU,VELLORE,TAMIL NADU||VELLORE
74,33,4,21,0,53,2,8,139,422,153,14,6,58,26,7,25,0,49,0,678,4753,7050,102,209,748,64,14,0.0144680851063829,2008,0.0118041387350626,2009,TAMIL NADU,VELLORE,TAMIL NADU||VELLORE
67,92,3,37,0,53,8,7,147,339,72,483,9,26,74,14,78,20,42,0,558,4303,7120,191,750,639,35,483,0.0268258426966292,2001,0.0282369146005509,2002,TAMIL NADU,VILLUPURAM,TAMIL NADU||VILLUPURAM
76,82,2,51,0,67,0,4,142,470,141,374,16,27,24,3,92,17,42,0,571,4315,7260,205,656,781,43,374,0.0282369146005509,2002,0.035040831477357,2003,TAMIL NADU,VILLUPURAM,TAMIL NADU||VILLUPURAM
77,54,3,39,0,52,2,14,159,412,162,318,17,23,38,6,100,29,62,0,552,4050,6735,236,559,785,40,318,0.035040831477357,2003,0.0333892361640493,2004,TAMIL NADU,VILLUPURAM,TAMIL NADU||VILLUPURAM
66,56,0,39,0,26,4,5,86,304,88,197,0,15,20,6,52,17,38,0,612,4387,6445,152,393,503,15,197,0.0235841737781225,2006,0.0346870935106229,2007,TAMIL NADU,VILLUPURAM,TAMIL NADU||VILLUPURAM
70,76,5,58,0,64,4,24,89,369,140,282,3,49,35,5,72,22,83,0,630,4312,6919,240,583,657,52,282,0.0346870935106229,2007,0.0381541245664304,2008,TAMIL NADU,VILLUPURAM,TAMIL NADU||VILLUPURAM
82,78,2,58,0,64,6,20,98,311,108,249,10,38,30,6,70,31,88,0,749,4031,6631,253,559,567,48,249,0.0381541245664304,2008,0.0295635197322549,2009,TAMIL NADU,VILLUPURAM,TAMIL NADU||VILLUPURAM
57,53,0,17,0,22,6,19,131,509,63,199,14,55,17,2,81,10,20,0,212,2578,4503,130,373,739,69,199,0.0288696424605818,2001,0.0301401869158878,2002,TAMIL NADU,VIRUDHUNAGAR,TAMIL NADU||VIRUDHUNAGAR
52,55,1,13,0,23,2,17,154,409,77,93,14,59,28,4,64,12,36,0,218,2426,4280,129,256,685,73,93,0.0301401869158878,2002,0.0438213914849428,2003,TAMIL NADU,VIRUDHUNAGAR,TAMIL NADU||VIRUDHUNAGAR
53,37,0,27,0,21,2,13,141,498,85,63,4,61,25,3,77,42,62,0,219,2834,4815,211,216,762,65,63,0.0438213914849428,2003,0.038818201423334,2004,TAMIL NADU,VIRUDHUNAGAR,TAMIL NADU||VIRUDHUNAGAR
36,52,0,18,0,27,1,13,151,486,54,66,9,86,26,3,40,70,49,0,198,2795,4637,180,213,730,95,66,0.038818201423334,2004,0.0470543228768171,2005,TAMIL NADU,VIRUDHUNAGAR,TAMIL NADU||VIRUDHUNAGAR
31,43,0,19,0,58,2,16,96,607,58,56,9,120,29,2,45,87,93,0,208,3242,5228,246,225,806,129,56,0.0470543228768171,2005,0.0384892951647822,2006,TAMIL NADU,VIRUDHUNAGAR,TAMIL NADU||VIRUDHUNAGAR
46,41,0,7,0,28,0,15,82,346,33,44,16,63,8,1,30,71,51,0,209,2727,4157,160,181,484,79,44,0.0384892951647822,2006,0.046979865771812,2007,TAMIL NADU,VIRUDHUNAGAR,TAMIL NADU||VIRUDHUNAGAR
51,53,0,8,0,44,1,18,78,371,37,71,46,96,28,3,39,91,48,0,248,2351,4023,189,246,532,142,71,0.046979865771812,2007,0.0433153828143291,2008,TAMIL NADU,VIRUDHUNAGAR,TAMIL NADU||VIRUDHUNAGAR
41,73,0,17,0,52,3,22,121,419,43,59,37,100,21,3,19,77,69,0,246,2425,4271,185,267,626,137,59,0.0433153828143291,2008,0.0465221318879855,2009,TAMIL NADU,VIRUDHUNAGAR,TAMIL NADU||VIRUDHUNAGAR
35,0,0,11,0,15,1,4,11,7,0,15,0,1,6,2,4,0,11,0,16,31,205,28,81,28,1,15,0.1365853658536585,2001,0.0698254364089775,2002,TRIPURA,DHALAI,TRIPURA||DHALAI
29,7,0,6,0,33,1,4,16,12,0,23,0,2,8,2,11,0,9,0,6,94,401,28,103,40,2,23,0.0698254364089775,2002,0.0471698113207547,2003,TRIPURA,DHALAI,TRIPURA||DHALAI
40,22,0,5,0,36,4,14,16,13,0,35,0,4,12,2,8,0,10,0,24,234,530,25,156,55,4,35,0.0471698113207547,2003,0.132890365448505,2004,TRIPURA,DHALAI,TRIPURA||DHALAI
24,4,0,15,0,16,3,7,20,30,0,35,0,3,4,1,5,0,19,0,12,65,301,40,104,61,3,35,0.132890365448505,2004,0.1768292682926829,2005,TRIPURA,DHALAI,TRIPURA||DHALAI
12,5,0,15,0,21,9,5,19,22,0,30,4,2,2,1,13,0,29,0,21,70,328,58,97,48,6,30,0.1768292682926829,2005,0.1666666666666666,2006,TRIPURA,DHALAI,TRIPURA||DHALAI
21,8,0,16,0,14,3,3,22,24,1,17,1,6,7,2,19,0,22,0,21,109,354,59,82,57,7,17,0.1666666666666666,2006,0.1787709497206704,2007,TRIPURA,DHALAI,TRIPURA||DHALAI
18,3,1,13,0,27,1,8,20,29,1,18,5,6,2,4,19,0,28,0,22,90,358,64,89,60,11,18,0.1787709497206704,2007,0.2158273381294964,2008,TRIPURA,DHALAI,TRIPURA||DHALAI
20,3,0,32,0,18,3,14,24,39,4,18,2,3,6,2,22,0,34,0,9,94,417,90,108,87,5,18,0.2158273381294964,2008,0.1952380952380952,2009,TRIPURA,DHALAI,TRIPURA||DHALAI
38,11,0,29,0,19,4,19,42,47,0,29,1,3,5,3,16,0,60,0,15,162,566,108,149,113,4,29,0.1908127208480565,2001,0.1643258426966292,2002,TRIPURA,NORTH,TRIPURA||NORTH
28,10,0,35,0,16,12,26,36,42,21,28,3,6,11,2,20,0,60,0,14,210,712,117,155,136,9,28,0.1643258426966292,2002,0.2114047287899861,2003,TRIPURA,NORTH,TRIPURA||NORTH
40,15,0,36,0,35,8,27,27,54,2,30,1,5,10,3,38,0,75,0,30,186,719,152,191,120,6,30,0.2114047287899861,2003,0.2306477093206951,2004,TRIPURA,NORTH,TRIPURA||NORTH
26,18,0,46,0,30,6,14,33,56,3,25,4,2,7,0,37,0,63,0,24,145,633,146,165,113,6,25,0.2306477093206951,2004,0.2737276478679505,2005,TRIPURA,NORTH,TRIPURA||NORTH
27,17,1,47,0,19,6,19,47,64,2,30,6,15,11,3,44,0,105,0,25,135,727,199,166,143,21,30,0.2737276478679505,2005,0.2790152403282532,2006,TRIPURA,NORTH,TRIPURA||NORTH
34,19,1,45,0,26,0,24,39,96,1,23,8,24,13,3,47,0,143,0,26,165,853,238,172,173,32,23,0.2790152403282532,2006,0.2181303116147308,2007,TRIPURA,NORTH,TRIPURA||NORTH
21,6,0,26,0,21,1,6,35,72,3,21,9,14,7,0,27,1,100,0,36,184,706,154,102,123,23,21,0.2181303116147308,2007,0.2809667673716012,2008,TRIPURA,NORTH,TRIPURA||NORTH
28,16,0,46,0,27,1,7,41,87,4,19,5,18,6,2,62,0,169,0,36,182,993,279,144,145,23,19,0.2809667673716012,2008,0.3011811023622047,2009,TRIPURA,NORTH,TRIPURA||NORTH
42,4,0,29,0,20,3,8,30,37,4,37,1,3,6,5,18,0,59,0,0,192,586,111,143,85,4,37,0.189419795221843,2001,0.2462585034013605,2002,TRIPURA,SOUTH,TRIPURA||SOUTH
31,9,1,30,0,16,2,12,45,51,0,63,2,4,7,4,57,0,90,0,10,200,735,181,164,115,6,63,0.2462585034013605,2002,0.1861761426978818,2003,TRIPURA,SOUTH,TRIPURA||SOUTH
38,20,0,37,0,18,6,12,43,53,2,81,2,10,26,3,54,0,73,0,26,250,897,167,212,136,12,81,0.1861761426978818,2003,0.2492276004119464,2004,TRIPURA,SOUTH,TRIPURA||SOUTH
42,1,0,51,0,28,6,12,50,63,9,30,10,22,10,8,66,0,117,0,49,241,971,242,170,144,32,30,0.2492276004119464,2004,0.2624867162592986,2005,TRIPURA,SOUTH,TRIPURA||SOUTH
21,14,0,42,0,21,1,11,47,110,21,31,9,15,5,11,65,0,129,0,33,228,941,247,141,194,24,31,0.2624867162592986,2005,0.2555147058823529,2006,TRIPURA,SOUTH,TRIPURA||SOUTH
25,13,0,51,0,19,3,13,47,121,8,36,6,22,7,9,81,0,137,0,38,297,1088,278,160,196,28,36,0.2555147058823529,2006,0.2596685082872928,2007,TRIPURA,SOUTH,TRIPURA||SOUTH
34,35,0,41,0,21,0,27,53,125,19,33,5,37,5,10,106,0,172,0,46,378,1267,329,191,229,42,33,0.2596685082872928,2007,0.2304116865869853,2008,TRIPURA,SOUTH,TRIPURA||SOUTH
35,20,1,45,0,34,2,41,50,150,14,45,15,28,22,6,135,0,161,0,47,410,1506,347,223,277,43,45,0.2304116865869853,2008,0.2699798522498321,2009,TRIPURA,SOUTH,TRIPURA||SOUTH
125,10,0,33,0,39,18,32,115,168,2,57,2,10,14,6,20,0,97,0,0,470,1444,156,314,331,12,57,0.1080332409972299,2001,0.1320293398533007,2002,TRIPURA,WEST,TRIPURA||WEST
113,12,0,37,0,63,14,14,95,165,30,66,7,8,14,8,40,0,77,0,16,345,1227,162,319,318,15,66,0.1320293398533007,2002,0.1198830409356725,2003,TRIPURA,WEST,TRIPURA||WEST
136,30,0,36,0,57,18,16,81,156,6,128,0,6,35,12,27,0,89,0,29,270,1368,164,421,294,6,128,0.1198830409356725,2003,0.1598639455782313,2004,TRIPURA,WEST,TRIPURA||WEST
97,13,0,48,0,25,12,13,63,111,37,58,3,7,3,11,26,0,103,0,0,417,1176,188,266,227,10,58,0.1598639455782313,2004,0.2154411764705882,2005,TRIPURA,WEST,TRIPURA||WEST
61,20,0,58,0,24,6,26,57,129,39,57,13,27,17,19,39,1,176,0,109,378,1360,293,252,268,40,57,0.2154411764705882,2005,0.1987841945288753,2006,TRIPURA,WEST,TRIPURA||WEST
74,12,0,77,0,46,12,31,74,151,21,78,8,32,8,21,60,0,169,0,114,520,1645,327,330,285,40,78,0.1987841945288753,2006,0.2260556127703398,2007,TRIPURA,WEST,TRIPURA||WEST
65,14,1,77,0,44,12,23,85,185,32,70,23,28,9,22,92,3,245,0,99,589,1942,439,306,334,51,70,0.2260556127703398,2007,0.2433884297520661,2008,TRIPURA,WEST,TRIPURA||WEST
72,14,1,81,0,67,7,33,103,223,21,115,20,43,13,6,127,4,371,0,103,641,2420,589,390,393,63,115,0.2433884297520661,2008,0.2471690745802421,2009,TRIPURA,WEST,TRIPURA||WEST
153,162,18,66,0,203,50,171,432,1181,509,377,148,229,14,63,110,114,327,0,234,2085,6662,680,1200,2307,377,377,0.1020714500150105,2001,0.1123375467331315,2002,UTTAR PRADESH,AGRA,UTTAR PRADESH||AGRA
158,159,28,41,0,139,18,107,272,1059,589,260,166,297,19,50,86,82,372,0,353,1370,5617,631,910,2046,463,260,0.1123375467331315,2002,0.1102385107620709,2003,UTTAR PRADESH,AGRA,UTTAR PRADESH||AGRA
126,116,34,27,0,99,22,60,203,724,417,140,83,122,12,55,59,55,183,0,40,896,3438,379,624,1416,205,140,0.1102385107620709,2003,0.1111111111111111,2004,UTTAR PRADESH,AGRA,UTTAR PRADESH||AGRA
125,153,21,32,0,156,10,61,196,1053,570,217,134,174,10,70,87,89,282,0,359,1265,5040,560,775,1890,308,217,0.1111111111111111,2004,0.1127318191289852,2005,UTTAR PRADESH,AGRA,UTTAR PRADESH||AGRA
115,126,34,29,0,120,10,71,169,1087,678,197,97,158,12,38,80,162,232,0,368,1268,4799,541,702,2017,255,197,0.1127318191289852,2005,0.1188914398163332,2006,UTTAR PRADESH,AGRA,UTTAR PRADESH||AGRA
123,190,43,26,0,175,9,76,250,1524,916,216,134,266,14,63,133,152,351,0,403,1492,6098,725,858,2780,400,216,0.1188914398163332,2006,0.1103504482477587,2007,UTTAR PRADESH,AGRA,UTTAR PRADESH||AGRA
123,141,55,30,0,209,11,57,213,1483,1039,218,151,324,4,78,82,107,380,0,409,1635,6135,677,844,2796,475,218,0.1103504482477587,2007,0.11985559566787,2008,UTTAR PRADESH,AGRA,UTTAR PRADESH||AGRA
109,133,40,42,0,229,17,61,208,1826,1233,233,153,339,12,77,123,109,479,0,591,1676,6925,830,864,3340,492,233,0.11985559566787,2008,0.102326968973747,2009,UTTAR PRADESH,AGRA,UTTAR PRADESH||AGRA
229,242,21,50,0,123,39,182,190,727,219,366,120,145,32,44,90,54,258,0,189,1134,4688,496,1252,1350,265,366,0.1058020477815699,2001,0.0828328328328328,2002,UTTAR PRADESH,ALIGARH,UTTAR PRADESH||ALIGARH
178,216,21,31,0,112,20,111,151,576,191,252,78,169,20,38,72,21,169,0,216,1224,3996,331,941,1049,247,252,0.0828328328328328,2002,0.0886021505376344,2003,UTTAR PRADESH,ALIGARH,UTTAR PRADESH||ALIGARH
156,167,42,24,0,92,11,83,93,454,174,105,51,77,71,33,27,14,108,0,113,360,2325,206,680,875,128,105,0.0886021505376344,2003,0.1024716786817713,2004,UTTAR PRADESH,ALIGARH,UTTAR PRADESH||ALIGARH
193,218,26,58,0,128,18,111,114,804,345,192,87,148,72,36,45,31,228,0,307,745,3884,398,944,1446,235,192,0.1024716786817713,2004,0.098655784925588,2005,UTTAR PRADESH,ALIGARH,UTTAR PRADESH||ALIGARH
176,200,20,61,0,112,5,80,123,885,413,226,98,189,62,43,38,43,226,0,245,983,4166,411,880,1563,287,226,0.098655784925588,2005,0.0934822124123604,2006,UTTAR PRADESH,ALIGARH,UTTAR PRADESH||ALIGARH
177,217,37,49,0,122,4,66,110,772,372,206,73,185,13,50,43,39,179,0,74,1118,3851,360,878,1333,258,206,0.0934822124123604,2006,0.1247667288723007,2007,UTTAR PRADESH,ALIGARH,UTTAR PRADESH||ALIGARH
166,154,33,50,0,147,3,67,105,680,326,164,82,197,20,70,74,37,237,0,299,814,3751,468,784,1198,279,164,0.1247667288723007,2007,0.1091177193413615,2008,UTTAR PRADESH,ALIGARH,UTTAR PRADESH||ALIGARH
139,143,30,62,0,162,6,73,137,701,289,176,104,241,18,58,37,74,213,0,281,1085,4069,444,791,1218,345,176,0.1091177193413615,2008,0.0982033839176696,2009,UTTAR PRADESH,ALIGARH,UTTAR PRADESH||ALIGARH
167,224,30,42,0,96,13,81,368,850,176,260,136,25,38,56,85,105,226,0,215,2052,6096,514,913,1513,161,260,0.0843175853018372,2001,0.0729544538492543,2002,UTTAR PRADESH,ALLAHABAD,UTTAR PRADESH||ALLAHABAD
146,188,34,40,0,80,14,51,225,642,205,211,87,295,30,63,57,55,147,0,325,1757,4962,362,764,1153,382,211,0.0729544538492543,2002,0.0704617834394904,2003,UTTAR PRADESH,ALLAHABAD,UTTAR PRADESH||ALLAHABAD
119,97,39,21,0,57,13,44,160,359,168,84,56,104,14,40,12,27,77,0,220,709,2512,177,474,745,160,84,0.0704617834394904,2003,0.0724198839263184,2004,UTTAR PRADESH,ALLAHABAD,UTTAR PRADESH||ALLAHABAD
144,148,40,23,0,79,6,55,238,579,260,174,83,155,26,57,24,35,148,0,301,1294,3963,287,669,1158,238,174,0.0724198839263184,2004,0.0713676428774523,2005,UTTAR PRADESH,ALLAHABAD,UTTAR PRADESH||ALLAHABAD
144,118,48,17,0,67,4,48,198,487,246,120,58,162,25,40,30,47,117,0,272,1224,3517,251,566,1004,220,120,0.0713676428774523,2005,0.0851648351648351,2006,UTTAR PRADESH,ALLAHABAD,UTTAR PRADESH||ALLAHABAD
132,93,39,22,0,75,3,40,187,523,268,83,64,155,11,46,40,46,156,0,310,1321,3640,310,487,1029,219,83,0.0851648351648351,2006,0.0869368349558523,2007,UTTAR PRADESH,ALLAHABAD,UTTAR PRADESH||ALLAHABAD
143,85,43,26,0,100,3,47,217,606,278,106,75,209,6,63,40,48,207,0,257,1775,4417,384,553,1154,284,106,0.0869368349558523,2007,0.1011431893043983,2008,UTTAR PRADESH,ALLAHABAD,UTTAR PRADESH||ALLAHABAD
143,89,33,49,0,144,3,62,245,763,416,177,113,226,3,68,91,55,259,0,364,1834,5161,522,700,1489,339,177,0.1011431893043983,2008,0.0979710144927536,2009,UTTAR PRADESH,ALLAHABAD,UTTAR PRADESH||ALLAHABAD
46,49,7,19,0,29,4,22,95,116,9,64,16,43,13,14,15,9,87,0,38,447,1379,144,240,255,59,64,0.1044234952864394,2001,0.0807392996108949,2002,UTTAR PRADESH,AMBEDKAR NAGAR,UTTAR PRADESH||AMBEDKAR NAGAR
55,38,15,10,0,35,7,13,59,96,10,24,17,41,11,16,16,11,30,0,37,325,1028,83,197,189,58,24,0.0807392996108949,2002,0.1133004926108374,2003,UTTAR PRADESH,AMBEDKAR NAGAR,UTTAR PRADESH||AMBEDKAR NAGAR
12,22,14,7,0,15,0,10,24,59,12,8,16,13,3,10,6,7,16,0,22,111,406,46,88,108,29,8,0.1133004926108374,2003,0.0643127364438839,2004,UTTAR PRADESH,AMBEDKAR NAGAR,UTTAR PRADESH||AMBEDKAR NAGAR
37,47,6,10,0,28,0,28,35,108,22,20,15,20,10,4,6,5,26,0,41,219,793,51,176,203,35,20,0.0643127364438839,2004,0.100451467268623,2005,UTTAR PRADESH,AMBEDKAR NAGAR,UTTAR PRADESH||AMBEDKAR NAGAR
47,41,13,11,0,32,1,25,44,123,28,20,29,33,6,13,14,9,42,0,13,209,886,89,190,226,62,20,0.100451467268623,2005,0.1432896064581231,2006,UTTAR PRADESH,AMBEDKAR NAGAR,UTTAR PRADESH||AMBEDKAR NAGAR
24,43,12,10,0,48,2,19,52,105,19,35,40,20,7,15,20,14,83,0,56,184,991,142,193,202,60,35,0.1432896064581231,2006,0.184031158714703,2007,UTTAR PRADESH,AMBEDKAR NAGAR,UTTAR PRADESH||AMBEDKAR NAGAR
26,20,12,15,0,33,1,19,39,126,17,26,18,53,0,8,10,17,139,0,47,248,1027,189,152,201,71,26,0.184031158714703,2007,0.1961538461538461,2008,UTTAR PRADESH,AMBEDKAR NAGAR,UTTAR PRADESH||AMBEDKAR NAGAR
33,19,12,18,0,51,1,13,27,131,33,23,28,70,1,13,20,20,133,0,34,209,1040,204,170,205,98,23,0.1961538461538461,2008,0.1553030303030303,2009,UTTAR PRADESH,AMBEDKAR NAGAR,UTTAR PRADESH||AMBEDKAR NAGAR
53,53,11,11,0,61,9,24,36,82,10,44,8,14,13,21,13,7,26,0,82,321,1137,78,266,165,22,44,0.0686015831134564,2001,0.1013513513513513,2002,UTTAR PRADESH,AURAIYA,UTTAR PRADESH||AURAIYA
56,46,8,10,0,41,8,24,37,71,17,33,20,19,7,29,20,4,42,0,96,266,1036,105,226,156,39,33,0.1013513513513513,2002,0.0912751677852349,2003,UTTAR PRADESH,AURAIYA,UTTAR PRADESH||AURAIYA
32,16,17,4,0,24,4,4,20,43,10,7,4,50,1,16,11,24,13,0,88,274,745,68,108,78,54,7,0.0912751677852349,2003,0.0651105651105651,2004,UTTAR PRADESH,AURAIYA,UTTAR PRADESH||AURAIYA
47,40,13,4,0,45,2,10,23,56,15,22,7,18,11,20,11,2,16,0,84,242,814,53,183,115,25,22,0.0651105651105651,2004,0.0831600831600831,2005,UTTAR PRADESH,AURAIYA,UTTAR PRADESH||AURAIYA
55,44,5,9,0,36,9,26,31,72,18,31,16,21,12,22,15,8,26,0,74,288,962,80,215,159,37,31,0.0831600831600831,2005,0.0722057368941642,2006,UTTAR PRADESH,AURAIYA,UTTAR PRADESH||AURAIYA
56,46,17,10,0,42,3,29,29,76,21,27,14,23,7,22,13,6,22,0,115,321,1011,73,230,162,37,27,0.0722057368941642,2006,0.0926099158091674,2007,UTTAR PRADESH,AURAIYA,UTTAR PRADESH||AURAIYA
37,34,7,9,0,34,5,22,29,81,36,47,10,30,8,34,17,10,29,0,121,361,1069,99,195,176,40,47,0.0926099158091674,2007,0.097323600973236,2008,UTTAR PRADESH,AURAIYA,UTTAR PRADESH||AURAIYA
26,20,11,11,0,29,4,10,6,94,40,17,18,17,7,12,7,14,36,0,247,155,822,80,128,157,35,17,0.097323600973236,2008,0.1021825396825396,2009,UTTAR PRADESH,AURAIYA,UTTAR PRADESH||AURAIYA
120,103,21,11,0,45,7,80,145,187,32,127,44,72,2,32,14,15,81,0,25,762,2247,153,514,446,116,127,0.0680907877169559,2001,0.0808940926024481,2002,UTTAR PRADESH,AZAMGARH,UTTAR PRADESH||AZAMGARH
111,91,24,7,0,41,4,90,119,160,24,112,50,66,7,23,27,23,72,0,0,536,1879,152,480,400,116,112,0.0808940926024481,2002,0.0883190883190883,2003,UTTAR PRADESH,AZAMGARH,UTTAR PRADESH||AZAMGARH
89,62,21,6,0,26,3,76,76,116,34,54,24,67,0,16,18,39,45,0,38,380,1404,124,337,302,91,54,0.0883190883190883,2003,0.1108386463952918,2004,UTTAR PRADESH,AZAMGARH,UTTAR PRADESH||AZAMGARH
110,63,24,16,0,47,8,90,96,141,44,109,26,69,3,27,23,10,150,0,4,694,2039,226,467,374,95,109,0.1108386463952918,2004,0.1197044334975369,2005,UTTAR PRADESH,AZAMGARH,UTTAR PRADESH||AZAMGARH
84,91,21,10,0,34,7,68,85,185,62,109,32,64,5,27,26,24,156,0,5,702,2030,243,424,405,96,109,0.1197044334975369,2005,0.097029702970297,2006,UTTAR PRADESH,AZAMGARH,UTTAR PRADESH||AZAMGARH
64,58,30,13,0,21,1,57,71,164,59,58,20,34,0,29,13,24,68,0,0,545,1515,147,302,351,54,58,0.097029702970297,2006,0.1039755351681957,2007,UTTAR PRADESH,AZAMGARH,UTTAR PRADESH||AZAMGARH
54,23,31,11,0,34,4,22,53,119,66,29,20,46,0,29,15,26,55,0,0,529,1308,136,208,260,66,29,0.1039755351681957,2007,0.1119318181818181,2008,UTTAR PRADESH,AZAMGARH,UTTAR PRADESH||AZAMGARH
74,37,21,24,0,60,3,30,62,179,60,57,31,74,0,35,17,35,86,0,8,666,1760,197,306,331,105,57,0.1119318181818181,2008,0.1073059360730593,2009,UTTAR PRADESH,AZAMGARH,UTTAR PRADESH||AZAMGARH
239,272,30,47,0,82,26,67,118,306,14,64,39,64,38,62,51,14,76,0,7,845,3064,250,827,543,103,64,0.0815926892950391,2001,0.072984333205961,2002,UTTAR PRADESH,BADAUN,UTTAR PRADESH||BADAUN
206,226,35,31,0,88,19,56,87,271,25,48,27,64,30,44,48,5,63,0,5,740,2617,191,709,469,91,48,0.072984333205961,2002,0.1046892039258451,2003,UTTAR PRADESH,BADAUN,UTTAR PRADESH||BADAUN
182,137,34,31,0,73,9,47,76,175,22,28,28,28,20,28,29,89,15,0,6,590,1834,192,541,340,56,28,0.1046892039258451,2003,0.0754414125200642,2004,UTTAR PRADESH,BADAUN,UTTAR PRADESH||BADAUN
212,215,39,35,0,96,13,60,86,262,30,39,17,33,22,50,47,19,37,0,5,962,2492,188,709,460,50,39,0.0754414125200642,2004,0.0808786819770344,2005,UTTAR PRADESH,BADAUN,UTTAR PRADESH||BADAUN
179,182,32,22,0,77,5,27,42,179,27,32,57,15,18,32,39,22,47,0,7,811,2003,162,556,293,72,32,0.0808786819770344,2005,0.0760755508919202,2006,UTTAR PRADESH,BADAUN,UTTAR PRADESH||BADAUN
169,155,54,29,0,64,1,15,41,161,26,21,19,20,16,33,38,11,34,0,8,838,1906,145,508,259,39,21,0.0760755508919202,2006,0.0622610595303113,2007,UTTAR PRADESH,BADAUN,UTTAR PRADESH||BADAUN
88,110,58,11,0,53,4,17,26,158,28,15,15,41,14,31,29,18,25,0,24,915,1831,114,356,243,56,15,0.0622610595303113,2007,0.0672348484848484,2008,UTTAR PRADESH,BADAUN,UTTAR PRADESH||BADAUN
68,109,40,11,0,53,0,14,24,126,27,15,43,71,4,32,27,47,25,0,9,1183,2112,142,310,195,114,15,0.0672348484848484,2008,0.0678963893249607,2009,UTTAR PRADESH,BADAUN,UTTAR PRADESH||BADAUN
89,160,6,15,0,31,17,54,45,218,34,55,26,43,5,20,18,12,64,0,21,450,1355,129,427,356,69,55,0.0952029520295203,2001,0.0957923008057296,2002,UTTAR PRADESH,BAGHPAT,UTTAR PRADESH||BAGHPAT
95,109,4,15,0,24,3,35,28,126,24,41,14,49,4,17,14,16,45,0,43,432,1117,107,326,217,63,41,0.0957923008057296,2002,0.1434782608695652,2003,UTTAR PRADESH,BAGHPAT,UTTAR PRADESH||BAGHPAT
81,33,4,12,0,17,4,31,15,85,23,13,7,20,3,10,9,45,23,0,30,222,690,99,195,157,27,13,0.1434782608695652,2003,0.1201232032854209,2004,UTTAR PRADESH,BAGHPAT,UTTAR PRADESH||BAGHPAT
85,101,14,11,0,29,6,33,23,118,41,32,18,32,4,16,12,22,56,0,41,287,974,117,311,219,50,32,0.1201232032854209,2004,0.1307385229540918,2005,UTTAR PRADESH,BAGHPAT,UTTAR PRADESH||BAGHPAT
83,69,7,13,0,33,6,31,23,128,55,55,13,30,0,10,15,19,74,0,90,174,1002,131,297,237,43,55,0.1307385229540918,2005,0.1024978466838932,2006,UTTAR PRADESH,BAGHPAT,UTTAR PRADESH||BAGHPAT
95,61,9,12,0,43,6,30,43,154,66,39,13,44,0,12,11,24,60,0,95,286,1161,119,295,293,57,39,0.1024978466838932,2006,0.1175942549371633,2007,UTTAR PRADESH,BAGHPAT,UTTAR PRADESH||BAGHPAT
81,57,8,17,0,35,3,26,26,157,72,40,12,46,2,22,10,22,60,0,159,197,1114,131,267,283,58,40,0.1175942549371633,2007,0.0773229369720597,2008,UTTAR PRADESH,BAGHPAT,UTTAR PRADESH||BAGHPAT
66,70,9,19,0,51,5,51,42,169,56,69,23,74,0,15,16,8,61,0,87,568,1539,119,340,318,97,69,0.0773229369720597,2008,0.0897079276773296,2009,UTTAR PRADESH,BAGHPAT,UTTAR PRADESH||BAGHPAT
43,49,23,14,0,28,5,20,79,169,22,50,32,37,14,19,15,17,62,0,54,408,1316,127,232,304,69,50,0.0965045592705167,2001,0.0449017773620205,2002,UTTAR PRADESH,BAHRAICH,UTTAR PRADESH||BAHRAICH
59,34,21,14,0,23,0,15,61,126,23,34,11,41,18,16,10,8,0,0,53,306,1069,48,200,243,52,34,0.0449017773620205,2002,0.2692307692307692,2003,UTTAR PRADESH,BAHRAICH,UTTAR PRADESH||BAHRAICH
41,21,24,5,0,12,3,12,38,47,11,12,16,23,7,7,8,271,17,0,24,425,1144,308,130,115,39,12,0.2692307692307692,2003,0.0813586097946287,2004,UTTAR PRADESH,BAHRAICH,UTTAR PRADESH||BAHRAICH
45,44,19,16,0,30,4,12,76,126,25,29,18,40,8,16,12,35,24,0,74,504,1266,103,199,247,58,29,0.0813586097946287,2004,0.1073883161512027,2005,UTTAR PRADESH,BAHRAICH,UTTAR PRADESH||BAHRAICH
50,43,19,25,0,41,0,16,55,121,21,44,40,38,10,21,20,38,21,0,65,299,1164,125,238,223,78,44,0.1073883161512027,2005,0.093167701863354,2006,UTTAR PRADESH,BAHRAICH,UTTAR PRADESH||BAHRAICH
56,38,18,21,0,44,4,11,51,134,32,41,26,34,5,24,25,15,35,0,64,451,1288,120,233,233,60,41,0.093167701863354,2006,0.1096725057121096,2007,UTTAR PRADESH,BAHRAICH,UTTAR PRADESH||BAHRAICH
43,30,29,34,0,53,7,26,54,130,36,31,38,70,6,28,20,25,37,0,87,402,1313,144,253,252,108,31,0.1096725057121096,2007,0.1101068200493015,2008,UTTAR PRADESH,BAHRAICH,UTTAR PRADESH||BAHRAICH
46,39,18,24,0,64,5,17,61,130,42,32,33,22,10,27,24,22,37,0,96,359,1217,134,245,260,55,32,0.1101068200493015,2008,0.1075039914848323,2009,UTTAR PRADESH,BAHRAICH,UTTAR PRADESH||BAHRAICH
55,91,13,18,0,24,9,14,125,178,17,119,12,14,2,19,7,22,35,0,10,872,1934,101,343,336,26,119,0.0522233712512926,2001,0.0717270194986072,2002,UTTAR PRADESH,BALLIA,UTTAR PRADESH||BALLIA
43,64,18,7,0,14,4,11,70,123,12,79,9,8,4,16,12,45,23,0,18,687,1436,103,240,220,17,79,0.0717270194986072,2002,0.0782208588957055,2003,UTTAR PRADESH,BALLIA,UTTAR PRADESH||BALLIA
32,36,32,2,0,5,2,7,38,81,24,40,7,10,4,8,8,25,8,0,43,194,652,51,156,154,17,40,0.0782208588957055,2003,0.0688437775816416,2004,UTTAR PRADESH,BALLIA,UTTAR PRADESH||BALLIA
49,68,20,6,0,19,3,12,56,135,40,75,17,45,6,11,15,13,33,0,46,294,1133,78,252,249,62,75,0.0688437775816416,2004,0.0428736964078794,2005,UTTAR PRADESH,BALLIA,UTTAR PRADESH||BALLIA
36,52,21,2,0,8,2,14,51,95,30,67,12,28,5,12,7,5,11,0,67,224,863,37,202,195,40,67,0.0428736964078794,2005,0.077490774907749,2006,UTTAR PRADESH,BALLIA,UTTAR PRADESH||BALLIA
35,53,22,10,0,11,2,8,53,99,33,52,15,26,3,11,8,14,20,0,27,195,813,63,193,196,41,52,0.077490774907749,2006,0.0661764705882353,2007,UTTAR PRADESH,BALLIA,UTTAR PRADESH||BALLIA
32,31,14,10,0,26,1,6,49,105,52,38,20,44,1,13,10,10,11,0,27,266,816,54,158,213,64,38,0.0661764705882353,2007,0.1089743589743589,2008,UTTAR PRADESH,BALLIA,UTTAR PRADESH||BALLIA
32,39,19,12,0,33,1,15,62,149,69,53,14,61,1,20,15,12,43,0,47,172,936,102,204,296,75,53,0.1089743589743589,2008,0.1303879310344827,2009,UTTAR PRADESH,BALLIA,UTTAR PRADESH||BALLIA
26,28,9,8,0,20,3,4,38,81,10,25,19,22,15,12,23,11,30,0,35,199,734,84,123,148,41,25,0.1144414168937329,2001,0.0803738317757009,2002,UTTAR PRADESH,BALRAMPUR,UTTAR PRADESH||BALRAMPUR
25,15,14,13,0,13,0,2,36,45,6,9,14,30,0,5,9,5,11,0,22,163,535,43,91,89,44,9,0.0803738317757009,2002,0.2274509803921568,2003,UTTAR PRADESH,BALRAMPUR,UTTAR PRADESH||BALRAMPUR
15,4,7,3,0,7,0,2,18,24,3,6,7,11,0,3,1,45,6,0,10,65,255,58,44,47,18,6,0.2274509803921568,2003,0.1185897435897435,2004,UTTAR PRADESH,BALRAMPUR,UTTAR PRADESH||BALRAMPUR
22,13,11,5,0,7,0,2,20,28,11,9,10,22,0,3,8,13,8,0,21,62,312,37,69,61,32,9,0.1185897435897435,2004,0.0970873786407767,2005,UTTAR PRADESH,BALRAMPUR,UTTAR PRADESH||BALRAMPUR
16,13,6,6,0,5,1,3,17,44,8,7,8,11,0,4,9,4,7,0,14,79,309,30,57,72,19,7,0.0970873786407767,2005,0.1191709844559585,2006,UTTAR PRADESH,BALRAMPUR,UTTAR PRADESH||BALRAMPUR
14,16,8,8,0,15,1,6,16,46,11,9,5,14,0,9,11,3,15,0,25,113,386,46,77,79,19,9,0.1191709844559585,2006,0.1465346534653465,2007,UTTAR PRADESH,BALRAMPUR,UTTAR PRADESH||BALRAMPUR
20,13,8,10,0,17,4,2,25,58,19,13,9,25,1,10,12,4,38,0,7,185,505,74,87,105,34,13,0.1465346534653465,2007,0.1481481481481481,2008,UTTAR PRADESH,BALRAMPUR,UTTAR PRADESH||BALRAMPUR
15,11,6,12,0,21,0,3,13,48,20,10,9,14,0,5,12,10,13,0,13,110,351,52,78,84,23,10,0.1481481481481481,2008,0.1662650602409638,2009,UTTAR PRADESH,BALRAMPUR,UTTAR PRADESH||BALRAMPUR
75,53,14,27,0,29,7,31,87,108,12,72,20,55,13,21,51,18,50,0,70,674,1722,167,308,251,75,72,0.0969802555168408,2001,0.0841248303934871,2002,UTTAR PRADESH,BANDA,UTTAR PRADESH||BANDA
75,42,17,20,0,23,4,16,70,97,20,82,29,48,12,21,31,9,43,0,4,598,1474,124,279,215,77,82,0.0841248303934871,2002,0.0871313672922252,2003,UTTAR PRADESH,BANDA,UTTAR PRADESH||BANDA
49,23,12,10,0,10,0,9,24,49,6,21,17,52,4,13,15,17,10,0,0,346,746,65,134,92,69,21,0.0871313672922252,2003,0.1037735849056603,2004,UTTAR PRADESH,BANDA,UTTAR PRADESH||BANDA
66,32,19,21,0,19,2,16,61,96,20,21,15,29,8,27,37,8,17,0,0,472,1060,110,196,201,44,21,0.1037735849056603,2004,0.0862239841427155,2005,UTTAR PRADESH,BANDA,UTTAR PRADESH||BANDA
65,34,16,16,0,16,1,13,39,92,21,29,18,51,7,22,32,5,12,0,3,451,1009,87,190,172,69,29,0.0862239841427155,2005,0.0812917594654788,2006,UTTAR PRADESH,BANDA,UTTAR PRADESH||BANDA
50,21,16,15,0,14,1,11,46,90,18,26,20,24,6,17,20,6,15,0,5,399,898,73,154,171,44,26,0.0812917594654788,2006,0.1104294478527607,2007,UTTAR PRADESH,BANDA,UTTAR PRADESH||BANDA
49,22,12,15,0,18,0,10,50,79,17,28,22,42,11,16,49,14,14,0,4,440,978,108,154,167,64,28,0.1104294478527607,2007,0.1240437158469945,2008,UTTAR PRADESH,BANDA,UTTAR PRADESH||BANDA
37,21,24,35,0,40,0,20,84,126,21,64,56,100,13,36,70,19,67,0,88,832,1830,227,241,264,156,64,0.1240437158469945,2008,0.100418410041841,2009,UTTAR PRADESH,BANDA,UTTAR PRADESH||BANDA
88,85,24,41,0,71,22,50,160,349,20,81,69,31,18,35,37,21,188,0,141,760,2578,322,462,597,100,81,0.1249030256012412,2001,0.1219290263876251,2002,UTTAR PRADESH,BARABANKI,UTTAR PRADESH||BARABANKI
78,67,18,32,0,51,10,46,99,260,29,59,47,19,12,27,29,9,171,0,90,776,2198,268,361,446,66,59,0.1219290263876251,2002,0.1122942884801549,2003,UTTAR PRADESH,BARABANKI,UTTAR PRADESH||BARABANKI
55,33,15,12,0,26,5,32,67,114,15,15,39,23,2,16,11,50,27,0,77,289,1033,116,193,230,62,15,0.1122942884801549,2003,0.0824804334738109,2004,UTTAR PRADESH,BARABANKI,UTTAR PRADESH||BARABANKI
49,77,17,25,0,41,3,19,86,211,55,39,42,33,3,25,27,12,48,0,147,536,1661,137,270,374,75,39,0.0824804334738109,2004,0.1062271062271062,2005,UTTAR PRADESH,BARABANKI,UTTAR PRADESH||BARABANKI
49,66,12,30,0,35,7,22,79,197,37,44,42,11,3,21,29,35,59,0,121,555,1638,174,265,338,53,44,0.1062271062271062,2005,0.1138028169014084,2006,UTTAR PRADESH,BARABANKI,UTTAR PRADESH||BARABANKI
79,56,10,21,0,52,3,24,56,174,39,40,55,18,4,25,41,48,67,0,20,732,1775,202,285,297,73,40,0.1138028169014084,2006,0.1180735370274469,2007,UTTAR PRADESH,BARABANKI,UTTAR PRADESH||BARABANKI
62,44,13,25,0,70,13,24,75,161,52,39,81,35,0,35,28,34,106,0,141,740,1931,228,290,312,116,39,0.1180735370274469,2007,0.0897521768251841,2008,UTTAR PRADESH,BARABANKI,UTTAR PRADESH||BARABANKI
54,70,15,23,0,83,0,22,80,209,47,14,134,14,2,47,34,54,110,0,127,1616,2986,268,281,360,148,14,0.0897521768251841,2008,0.0859538784067086,2009,UTTAR PRADESH,BARABANKI,UTTAR PRADESH||BARABANKI
272,331,28,93,0,144,47,138,210,784,144,143,81,186,15,57,110,40,421,0,234,1315,5269,721,1196,1291,267,143,0.1368381096982349,2001,0.116575591985428,2002,UTTAR PRADESH,BAREILLY,UTTAR PRADESH||BAREILLY
237,265,30,65,0,122,42,101,195,678,164,90,65,160,11,62,70,54,261,0,232,1019,4392,512,952,1149,225,90,0.116575591985428,2002,0.1013752455795677,2003,UTTAR PRADESH,BAREILLY,UTTAR PRADESH||BAREILLY
194,122,40,32,0,70,16,44,107,333,121,48,40,91,2,37,27,78,84,0,6,860,2545,258,566,607,131,48,0.1013752455795677,2003,0.1063881467087685,2004,UTTAR PRADESH,BAREILLY,UTTAR PRADESH||BAREILLY
214,200,23,41,0,117,27,97,158,609,188,113,63,187,2,44,76,73,201,3,296,972,4117,438,832,1054,250,113,0.1063881467087685,2004,0.1139303482587064,2005,UTTAR PRADESH,BAREILLY,UTTAR PRADESH||BAREILLY
224,209,32,48,0,107,14,66,119,506,174,108,82,206,11,37,89,74,210,0,252,1163,4020,458,808,876,288,108,0.1139303482587064,2005,0.103019538188277,2006,UTTAR PRADESH,BAREILLY,UTTAR PRADESH||BAREILLY
180,189,35,45,0,93,11,50,118,444,175,99,101,147,8,31,70,64,196,0,270,1475,3941,406,702,795,248,99,0.103019538188277,2006,0.1131568059577989,2007,UTTAR PRADESH,BAREILLY,UTTAR PRADESH||BAREILLY
138,171,37,62,0,126,5,62,104,514,193,97,100,232,0,54,97,99,235,0,20,2476,4834,547,698,873,332,97,0.1131568059577989,2007,0.0945997702029873,2008,UTTAR PRADESH,BAREILLY,UTTAR PRADESH||BAREILLY
130,162,45,46,0,155,15,48,147,622,258,120,110,234,0,47,110,89,202,0,34,2664,5222,494,721,1075,344,120,0.0945997702029873,2008,0.1370558375634517,2009,UTTAR PRADESH,BAREILLY,UTTAR PRADESH||BAREILLY
48,51,13,18,0,28,4,28,101,171,31,106,37,69,5,22,28,12,48,0,32,690,1753,128,296,336,106,106,0.0730176839703365,2001,0.0736543909348441,2002,UTTAR PRADESH,BASTI,UTTAR PRADESH||BASTI
46,54,22,16,0,31,3,14,77,123,25,77,23,39,23,24,13,20,31,0,104,505,1412,104,263,262,62,77,0.0736543909348441,2002,0.1654501216545012,2003,UTTAR PRADESH,BASTI,UTTAR PRADESH||BASTI
38,40,17,5,0,11,7,14,35,76,24,34,10,31,4,14,9,161,15,0,2,600,1233,204,166,153,41,34,0.1654501216545012,2003,0.0871794871794871,2004,UTTAR PRADESH,BASTI,UTTAR PRADESH||BASTI
34,30,11,7,0,21,0,12,40,136,40,35,21,25,3,17,12,28,21,0,108,260,975,85,150,231,46,35,0.0871794871794871,2004,0.0851581508515815,2005,UTTAR PRADESH,BASTI,UTTAR PRADESH||BASTI
25,20,11,13,0,13,2,10,26,107,39,19,18,33,0,7,8,20,22,0,86,250,822,70,113,182,51,19,0.0851581508515815,2005,0.0975903614457831,2006,UTTAR PRADESH,BASTI,UTTAR PRADESH||BASTI
30,23,15,10,0,15,2,9,32,92,36,23,19,41,3,12,8,21,30,0,43,285,830,81,127,172,60,23,0.0975903614457831,2006,0.1070796460176991,2007,UTTAR PRADESH,BASTI,UTTAR PRADESH||BASTI
24,20,19,10,0,22,0,11,29,97,32,34,36,97,0,13,8,39,51,0,74,399,1130,121,140,169,133,34,0.1070796460176991,2007,0.066066066066066,2008,UTTAR PRADESH,BASTI,UTTAR PRADESH||BASTI
26,22,13,7,0,18,0,7,29,82,32,26,32,109,0,15,5,15,24,0,72,375,999,66,119,150,141,26,0.066066066066066,2008,0.0463065049614112,2009,UTTAR PRADESH,BASTI,UTTAR PRADESH||BASTI
124,113,14,38,0,85,13,56,132,352,40,80,58,119,11,31,67,38,230,0,78,802,2487,404,523,591,177,80,0.1624447125050261,2001,0.1480900052328623,2002,UTTAR PRADESH,BIJNOR,UTTAR PRADESH||BIJNOR
107,87,17,26,0,65,8,45,69,274,36,62,35,83,12,34,34,33,156,0,83,569,1911,283,417,436,118,62,0.1480900052328623,2002,0.198501872659176,2003,UTTAR PRADESH,BIJNOR,UTTAR PRADESH||BIJNOR
81,35,17,20,0,33,4,28,50,150,45,29,14,47,4,24,23,254,50,0,92,851,1869,371,247,277,61,29,0.198501872659176,2003,0.1603102779573368,2004,UTTAR PRADESH,BIJNOR,UTTAR PRADESH||BIJNOR
86,68,22,25,0,34,3,26,47,211,53,55,16,92,1,21,23,47,132,0,114,474,1547,248,319,338,108,55,0.1603102779573368,2004,0.1248256624825662,2005,UTTAR PRADESH,BIJNOR,UTTAR PRADESH||BIJNOR
62,51,15,22,0,35,3,20,36,215,63,31,15,70,2,26,26,45,60,0,97,527,1434,179,239,336,85,31,0.1248256624825662,2005,0.1629434954007884,2006,UTTAR PRADESH,BIJNOR,UTTAR PRADESH||BIJNOR
86,67,17,25,0,51,4,22,31,197,57,44,24,64,2,18,25,75,105,0,122,252,1522,248,316,309,88,44,0.1629434954007884,2006,0.1685990338164251,2007,UTTAR PRADESH,BIJNOR,UTTAR PRADESH||BIJNOR
99,51,25,27,0,68,7,35,36,178,75,70,43,152,0,26,33,75,188,0,142,473,2070,349,382,324,195,70,0.1685990338164251,2007,0.175599128540305,2008,UTTAR PRADESH,BIJNOR,UTTAR PRADESH||BIJNOR
93,68,19,30,0,92,5,32,36,228,81,54,51,198,0,19,52,53,249,0,180,404,2295,403,393,377,249,54,0.175599128540305,2008,0.1386475255005667,2009,UTTAR PRADESH,BIJNOR,UTTAR PRADESH||BIJNOR
250,209,16,31,0,94,20,103,109,459,79,150,68,107,23,45,71,219,227,0,183,1510,3972,593,873,773,175,150,0.1492950654582074,2001,0.1383984867591424,2002,UTTAR PRADESH,BULANDSHAHAR,UTTAR PRADESH||BULANDSHAHAR
217,172,21,33,0,94,13,80,99,404,110,159,59,112,29,47,70,104,185,0,150,855,3172,439,789,722,171,159,0.1383984867591424,2002,0.1427807486631016,2003,UTTAR PRADESH,BULANDSHAHAR,UTTAR PRADESH||BULANDSHAHAR
144,98,29,13,0,36,7,37,51,324,117,33,26,52,1,25,26,98,105,0,117,505,1870,267,397,530,78,33,0.1427807486631016,2003,0.1234436143721095,2004,UTTAR PRADESH,BULANDSHAHAR,UTTAR PRADESH||BULANDSHAHAR
199,140,31,40,0,90,3,78,78,411,108,74,32,60,6,36,51,114,106,0,152,1075,2811,347,655,681,92,74,0.1234436143721095,2004,0.1314726404700697,2005,UTTAR PRADESH,BULANDSHAHAR,UTTAR PRADESH||BULANDSHAHAR
198,124,20,33,0,81,5,54,57,347,100,65,28,61,10,41,62,116,106,0,226,783,2723,358,580,568,89,65,0.1314726404700697,2005,0.1278554381179679,2006,UTTAR PRADESH,BULANDSHAHAR,UTTAR PRADESH||BULANDSHAHAR
177,118,19,27,0,69,1,28,49,298,97,67,29,132,1,33,63,150,102,0,219,1024,2933,375,506,473,161,67,0.1278554381179679,2006,0.1253433208489388,2007,UTTAR PRADESH,BULANDSHAHAR,UTTAR PRADESH||BULANDSHAHAR
146,160,24,44,0,120,1,33,63,400,156,105,69,209,2,36,75,120,227,0,163,1588,4005,502,633,654,278,105,0.1253433208489388,2007,0.093329596412556,2008,UTTAR PRADESH,BULANDSHAHAR,UTTAR PRADESH||BULANDSHAHAR
104,98,19,28,0,77,1,11,39,227,67,52,77,181,0,29,51,74,151,0,299,1582,3568,333,390,344,258,52,0.093329596412556,2008,0.1290944123314065,2009,UTTAR PRADESH,BULANDSHAHAR,UTTAR PRADESH||BULANDSHAHAR
35,30,9,4,0,20,0,18,52,84,13,16,22,47,10,16,13,0,22,0,13,240,765,55,132,177,69,16,0.0718954248366013,2001,0.1004784688995215,2002,UTTAR PRADESH,CHANDOLI,UTTAR PRADESH||CHANDOLI
27,21,9,6,0,9,0,15,45,79,10,13,15,29,7,14,11,8,24,0,9,205,627,63,100,156,44,13,0.1004784688995215,2002,0.0923076923076923,2003,UTTAR PRADESH,CHANDOLI,UTTAR PRADESH||CHANDOLI
30,16,5,3,0,5,0,7,17,52,22,3,11,18,2,11,5,14,3,0,3,129,390,36,69,100,29,3,0.0923076923076923,2003,0.0773026315789473,2004,UTTAR PRADESH,CHANDOLI,UTTAR PRADESH||CHANDOLI
23,14,12,5,0,7,2,14,19,54,14,12,20,13,1,10,2,12,18,0,28,286,608,47,89,102,33,12,0.0773026315789473,2004,0.1652892561983471,2005,UTTAR PRADESH,CHANDOLI,UTTAR PRADESH||CHANDOLI
29,24,12,6,0,6,2,7,17,43,18,9,12,18,0,9,5,50,10,0,0,202,484,80,95,85,30,9,0.1652892561983471,2005,0.1581395348837209,2006,UTTAR PRADESH,CHANDOLI,UTTAR PRADESH||CHANDOLI
27,22,16,3,0,15,2,5,18,45,26,8,25,43,0,12,5,41,41,0,0,220,645,102,98,94,68,8,0.1581395348837209,2006,0.1392670157068062,2007,UTTAR PRADESH,CHANDOLI,UTTAR PRADESH||CHANDOLI
17,20,6,6,0,12,2,5,43,51,19,7,30,89,1,22,8,34,63,0,13,387,955,133,75,119,119,7,0.1392670157068062,2007,0.1266607617360496,2008,UTTAR PRADESH,CHANDOLI,UTTAR PRADESH||CHANDOLI
24,27,5,4,0,11,0,8,53,116,56,8,35,70,0,19,10,19,91,0,67,395,1129,143,87,233,105,8,0.1266607617360496,2008,0.1375921375921376,2009,UTTAR PRADESH,CHANDOLI,UTTAR PRADESH||CHANDOLI
28,16,5,8,0,5,2,3,23,27,4,15,8,22,0,8,16,4,2,0,25,91,392,38,82,57,30,15,0.096938775510204,2001,0.1309823677581864,2002,UTTAR PRADESH,CHITRAKOOT DHAM,UTTAR PRADESH||CHITRAKOOT DHAM
25,8,8,8,0,10,0,4,20,33,6,5,5,13,9,9,23,2,10,0,32,148,397,52,68,72,18,5,0.1309823677581864,2002,0.1003344481605351,2003,UTTAR PRADESH,CHITRAKOOT DHAM,UTTAR PRADESH||CHITRAKOOT DHAM
30,7,7,10,0,13,0,3,14,15,4,6,4,1,2,6,7,0,7,0,33,78,299,30,76,38,5,6,0.1003344481605351,2003,0.083743842364532,2004,UTTAR PRADESH,CHITRAKOOT DHAM,UTTAR PRADESH||CHITRAKOOT DHAM
25,11,11,10,0,9,1,1,18,25,11,7,6,5,2,8,9,2,5,0,37,165,406,34,75,57,11,7,0.083743842364532,2004,0.0985221674876847,2005,UTTAR PRADESH,CHITRAKOOT DHAM,UTTAR PRADESH||CHITRAKOOT DHAM
23,10,8,10,0,9,1,1,11,21,9,7,10,9,6,12,12,0,6,0,36,166,406,40,69,48,19,7,0.0985221674876847,2005,0.0979899497487437,2006,UTTAR PRADESH,CHITRAKOOT DHAM,UTTAR PRADESH||CHITRAKOOT DHAM
36,8,7,13,0,7,1,3,25,42,18,11,8,4,3,9,9,0,8,0,34,130,398,39,86,91,12,11,0.0979899497487437,2006,0.1318181818181818,2007,UTTAR PRADESH,CHITRAKOOT DHAM,UTTAR PRADESH||CHITRAKOOT DHAM
23,14,10,23,0,8,3,1,27,39,8,5,17,14,0,7,14,1,13,0,32,180,440,58,87,75,31,5,0.1318181818181818,2007,0.1458333333333333,2008,UTTAR PRADESH,CHITRAKOOT DHAM,UTTAR PRADESH||CHITRAKOOT DHAM
28,14,9,22,0,20,5,10,35,52,14,6,5,36,7,17,21,0,17,0,33,119,528,77,114,118,41,6,0.1458333333333333,2008,0.1391304347826087,2009,UTTAR PRADESH,CHITRAKOOT DHAM,UTTAR PRADESH||CHITRAKOOT DHAM
48,97,17,7,0,39,2,26,87,163,23,196,39,54,8,27,15,15,44,0,46,1279,2402,108,432,307,93,196,0.04496253122398,2001,0.0366624525916561,2002,UTTAR PRADESH,DEORIA,UTTAR PRADESH||DEORIA
39,48,21,5,0,20,1,15,53,96,20,91,20,44,8,15,10,10,18,0,115,667,1582,58,240,192,64,91,0.0366624525916561,2002,0.0639810426540284,2003,UTTAR PRADESH,DEORIA,UTTAR PRADESH||DEORIA
34,43,26,3,0,14,3,14,42,67,14,63,13,19,5,21,7,9,14,0,75,264,844,54,200,142,32,63,0.0639810426540284,2003,0.067378800328677,2004,UTTAR PRADESH,DEORIA,UTTAR PRADESH||DEORIA
44,60,20,12,0,29,2,16,65,86,20,78,29,19,8,16,10,13,31,0,116,437,1217,82,261,195,48,78,0.067378800328677,2004,0.0594339622641509,2005,UTTAR PRADESH,DEORIA,UTTAR PRADESH||DEORIA
39,36,21,7,0,19,0,16,36,100,44,57,22,38,8,17,7,5,27,0,93,383,1060,63,195,204,60,57,0.0594339622641509,2005,0.0603363006923837,2006,UTTAR PRADESH,DEORIA,UTTAR PRADESH||DEORIA
32,29,22,5,0,19,0,14,54,95,39,58,5,38,7,23,8,2,23,0,46,392,1011,61,179,209,43,58,0.0603363006923837,2006,0.0629370629370629,2007,UTTAR PRADESH,DEORIA,UTTAR PRADESH||DEORIA
31,17,26,2,0,21,1,5,40,83,42,40,11,43,0,25,8,3,25,0,22,485,1001,63,143,170,54,40,0.0629370629370629,2007,0.1267252195734002,2008,UTTAR PRADESH,DEORIA,UTTAR PRADESH||DEORIA
33,16,16,15,0,20,0,4,36,81,40,41,6,20,2,36,6,17,27,0,69,270,797,101,145,163,26,41,0.1267252195734002,2008,0.091846298031865,2009,UTTAR PRADESH,DEORIA,UTTAR PRADESH||DEORIA
240,364,12,57,0,118,32,79,136,350,51,259,100,121,5,68,68,24,156,0,13,1913,4521,373,1161,621,221,259,0.0825038708250387,2001,0.0823343848580441,2002,UTTAR PRADESH,ETAH,UTTAR PRADESH||ETAH
210,278,15,37,0,86,36,75,69,237,47,146,57,67,3,81,43,15,85,0,8,1263,3170,261,883,431,124,146,0.0823343848580441,2002,0.0816720257234726,2003,UTTAR PRADESH,ETAH,UTTAR PRADESH||ETAH
137,141,26,18,0,55,7,42,52,131,43,33,25,36,0,38,19,15,37,0,3,519,1555,127,459,268,61,33,0.0816720257234726,2003,0.0827740492170022,2004,UTTAR PRADESH,ETAH,UTTAR PRADESH||ETAH
148,216,29,26,0,63,10,40,67,224,106,67,37,52,19,47,44,7,61,0,138,632,2235,185,599,456,89,67,0.0827740492170022,2004,0.0932509015971148,2005,UTTAR PRADESH,ETAH,UTTAR PRADESH||ETAH
145,183,47,16,0,59,0,24,65,196,111,74,45,40,18,43,34,26,62,0,168,486,1941,181,548,414,85,74,0.0932509015971148,2005,0.0923994038748137,2006,UTTAR PRADESH,ETAH,UTTAR PRADESH||ETAH
138,140,32,28,0,64,4,20,44,229,111,55,26,77,13,46,26,31,55,0,218,610,2013,186,481,417,103,55,0.0923994038748137,2006,0.0888725670216672,2007,UTTAR PRADESH,ETAH,UTTAR PRADESH||ETAH
141,194,28,39,0,107,1,27,81,297,122,116,38,118,17,56,48,22,77,0,215,870,2723,242,653,544,156,116,0.0888725670216672,2007,0.0922379032258064,2008,UTTAR PRADESH,ETAH,UTTAR PRADESH||ETAH
64,82,20,20,0,80,3,23,53,249,103,46,36,94,9,34,41,17,71,0,175,697,1984,183,338,437,130,46,0.0922379032258064,2008,0.0972088546679499,2009,UTTAR PRADESH,ETAH,UTTAR PRADESH||ETAH
82,92,8,20,0,93,14,32,48,166,44,90,45,37,11,29,25,26,52,0,118,751,1942,152,431,301,82,90,0.07826982492276,2001,0.0750670241286863,2002,UTTAR PRADESH,ETAWAH,UTTAR PRADESH||ETAWAH
85,70,5,12,0,47,3,30,57,123,27,57,25,34,10,25,32,11,32,0,119,585,1492,112,309,247,59,57,0.0750670241286863,2002,0.0668316831683168,2003,UTTAR PRADESH,ETAWAH,UTTAR PRADESH||ETAWAH
44,44,9,2,0,30,4,17,43,92,38,15,14,46,6,16,12,6,18,0,123,212,808,54,165,196,60,15,0.0668316831683168,2003,0.0661450924608819,2004,UTTAR PRADESH,ETAWAH,UTTAR PRADESH||ETAWAH
71,75,14,9,0,63,1,27,40,114,52,29,17,27,3,13,15,10,46,0,132,624,1406,93,289,236,44,29,0.0661450924608819,2004,0.0760598503740648,2005,UTTAR PRADESH,ETAWAH,UTTAR PRADESH||ETAWAH
67,59,7,12,0,71,3,25,35,96,59,13,20,50,11,29,20,35,26,0,137,817,1604,122,257,226,70,13,0.0760598503740648,2005,0.0722733245729303,2006,UTTAR PRADESH,ETAWAH,UTTAR PRADESH||ETAWAH
80,60,13,10,0,66,0,35,29,92,58,7,35,39,4,30,18,22,30,0,169,708,1522,110,271,218,74,7,0.0722733245729303,2006,0.1019021739130434,2007,UTTAR PRADESH,ETAWAH,UTTAR PRADESH||ETAWAH
66,69,7,14,0,84,2,32,52,220,106,16,44,73,5,28,31,37,115,0,182,976,2208,225,290,415,117,16,0.1019021739130434,2007,0.0942691029900332,2008,UTTAR PRADESH,ETAWAH,UTTAR PRADESH||ETAWAH
70,72,12,19,0,89,12,27,72,341,211,15,54,103,0,28,43,29,108,0,179,893,2408,227,316,651,157,15,0.0942691029900332,2008,0.0942556634304207,2009,UTTAR PRADESH,ETAWAH,UTTAR PRADESH||ETAWAH
77,48,15,22,0,28,6,44,99,245,38,52,104,2,13,17,24,18,49,0,149,775,1967,130,292,439,106,52,0.0660904931367564,2001,0.0606781677572873,2002,UTTAR PRADESH,FAIZABAD,UTTAR PRADESH||FAIZABAD
62,43,15,15,0,18,10,14,72,169,28,40,101,12,13,12,18,24,33,0,124,623,1681,102,217,296,113,40,0.0606781677572873,2002,0.0909090909090909,2003,UTTAR PRADESH,FAIZABAD,UTTAR PRADESH||FAIZABAD
31,26,15,10,0,11,3,6,35,59,12,10,41,0,5,4,6,42,2,0,68,175,704,64,112,117,41,10,0.0909090909090909,2003,0.0861909175162187,2004,UTTAR PRADESH,FAIZABAD,UTTAR PRADESH||FAIZABAD
50,31,12,12,0,19,0,15,61,131,37,28,60,8,5,14,18,25,24,0,101,313,1079,93,167,249,68,28,0.0861909175162187,2004,0.0946166394779771,2005,UTTAR PRADESH,FAIZABAD,UTTAR PRADESH||FAIZABAD
55,43,13,11,0,35,1,21,66,135,43,35,63,30,6,15,13,29,48,0,113,349,1226,116,214,271,93,35,0.0946166394779771,2005,0.092214663643235,2006,UTTAR PRADESH,FAIZABAD,UTTAR PRADESH||FAIZABAD
45,35,14,14,0,34,2,30,79,185,76,37,37,85,8,12,18,24,54,0,115,358,1323,122,211,378,122,37,0.092214663643235,2006,0.1052631578947368,2007,UTTAR PRADESH,FAIZABAD,UTTAR PRADESH||FAIZABAD
52,29,18,23,0,46,4,12,67,218,78,33,34,74,0,17,23,37,54,0,155,394,1463,154,217,375,108,33,0.1052631578947368,2007,0.1130986728216964,2008,UTTAR PRADESH,FAIZABAD,UTTAR PRADESH||FAIZABAD
43,14,12,23,0,58,1,15,65,208,74,36,52,119,0,18,26,43,86,0,157,569,1733,196,202,362,171,36,0.1130986728216964,2008,0.0705092333519865,2009,UTTAR PRADESH,FAIZABAD,UTTAR PRADESH||FAIZABAD
120,86,14,9,0,63,4,18,48,126,16,73,29,77,9,22,23,28,93,0,73,550,1694,175,387,217,106,73,0.1033057851239669,2001,0.0290162774239207,2002,UTTAR PRADESH,FATEHGARH,UTTAR PRADESH||FATEHGARH
96,62,15,9,0,37,2,14,32,76,26,54,28,49,3,32,0,0,0,0,15,718,1413,41,289,151,77,54,0.0290162774239207,2002,0.1421856639247943,2003,UTTAR PRADESH,FATEHGARH,UTTAR PRADESH||FATEHGARH
72,42,18,7,0,17,2,11,35,66,23,4,13,22,0,18,9,68,19,0,54,325,851,121,173,135,35,4,0.1421856639247943,2003,0.1121833534378769,2004,UTTAR PRADESH,FATEHGARH,UTTAR PRADESH||FATEHGARH
89,85,12,10,0,40,3,34,31,80,36,21,14,35,1,21,13,14,35,0,11,216,829,93,294,182,49,21,0.1121833534378769,2004,0.0941176470588235,2005,UTTAR PRADESH,FATEHGARH,UTTAR PRADESH||FATEHGARH
70,68,8,10,0,31,1,16,21,75,22,16,11,16,0,14,7,15,26,0,2,305,765,72,220,134,27,16,0.0941176470588235,2005,0.0945273631840796,2006,UTTAR PRADESH,FATEHGARH,UTTAR PRADESH||FATEHGARH
85,94,21,9,0,38,2,17,32,99,47,27,13,19,0,37,10,9,30,0,20,365,1005,95,293,195,32,27,0.0945273631840796,2006,0.1239193083573487,2007,UTTAR PRADESH,FATEHGARH,UTTAR PRADESH||FATEHGARH
64,90,11,21,0,71,3,27,38,103,40,32,23,47,1,24,32,16,79,0,21,617,1388,172,319,209,70,32,0.1239193083573487,2007,0.1563154221912072,2008,UTTAR PRADESH,FATEHGARH,UTTAR PRADESH||FATEHGARH
65,60,19,23,0,61,4,13,44,145,55,22,21,39,0,26,35,56,84,0,22,419,1433,224,267,257,60,22,0.1563154221912072,2008,0.1160220994475138,2009,UTTAR PRADESH,FATEHGARH,UTTAR PRADESH||FATEHGARH
132,56,26,28,0,45,11,36,70,132,16,22,31,48,7,46,25,15,59,0,163,729,1946,173,356,261,79,22,0.0889003083247687,2001,0.0684178375076359,2002,UTTAR PRADESH,FATEHPUR,UTTAR PRADESH||FATEHPUR
91,43,28,12,0,29,3,17,60,99,21,13,24,46,5,26,18,12,44,0,137,724,1637,112,236,202,70,13,0.0684178375076359,2002,0.0711938663745892,2003,UTTAR PRADESH,FATEHPUR,UTTAR PRADESH||FATEHPUR
73,31,35,3,0,20,1,14,33,62,19,13,18,26,0,24,4,19,15,0,134,279,913,65,190,128,44,13,0.0711938663745892,2003,0.0737636211232187,2004,UTTAR PRADESH,FATEHPUR,UTTAR PRADESH||FATEHPUR
87,34,34,10,0,20,0,14,33,89,21,7,12,27,0,23,19,19,17,0,154,421,1193,88,206,157,39,7,0.0737636211232187,2004,0.0612959719789842,2005,UTTAR PRADESH,FATEHPUR,UTTAR PRADESH||FATEHPUR
92,41,36,7,0,28,2,16,27,80,22,7,9,22,0,22,11,9,21,0,124,430,1142,70,229,145,31,7,0.0612959719789842,2005,0.0763948497854077,2006,UTTAR PRADESH,FATEHPUR,UTTAR PRADESH||FATEHPUR
87,37,32,9,0,22,1,11,46,79,27,11,19,34,1,27,14,21,18,0,131,457,1165,89,210,164,53,11,0.0763948497854077,2006,0.116983791402396,2007,UTTAR PRADESH,FATEHPUR,UTTAR PRADESH||FATEHPUR
66,30,22,22,0,45,6,18,44,80,28,13,30,74,1,33,29,21,61,0,155,509,1419,166,222,171,104,13,0.116983791402396,2007,0.0940076965365585,2008,UTTAR PRADESH,FATEHPUR,UTTAR PRADESH||FATEHPUR
74,35,39,16,0,53,12,22,76,133,56,8,38,106,0,41,32,15,67,0,194,680,1819,171,259,287,144,8,0.0940076965365585,2008,0.1042566317088217,2009,UTTAR PRADESH,FATEHPUR,UTTAR PRADESH||FATEHPUR
135,169,10,22,0,120,22,72,105,292,89,147,42,69,3,48,33,69,89,0,178,741,2726,261,697,561,111,147,0.0957446808510638,2001,0.0978473581213307,2002,UTTAR PRADESH,FIROZABAD,UTTAR PRADESH||FIROZABAD
138,127,16,26,0,95,6,59,52,229,84,85,59,96,21,36,37,46,105,0,0,944,2555,250,552,445,155,85,0.0978473581213307,2002,0.1253644314868804,2003,UTTAR PRADESH,FIROZABAD,UTTAR PRADESH||FIROZABAD
95,89,25,12,0,63,4,48,36,186,83,44,29,37,8,30,33,89,51,0,4,575,1715,215,380,361,66,44,0.1253644314868804,2003,0.0916129032258064,2004,UTTAR PRADESH,FIROZABAD,UTTAR PRADESH||FIROZABAD
123,127,21,10,0,89,11,70,73,411,177,65,31,42,9,48,33,33,89,0,0,677,2325,213,516,740,73,65,0.0916129032258064,2004,0.0838769804287045,2005,UTTAR PRADESH,FIROZABAD,UTTAR PRADESH||FIROZABAD
122,117,34,17,0,71,4,55,58,358,216,52,26,35,6,48,16,42,57,0,4,709,2146,180,472,693,61,52,0.0838769804287045,2005,0.0951167728237792,2006,UTTAR PRADESH,FIROZABAD,UTTAR PRADESH||FIROZABAD
127,141,35,16,0,92,15,90,65,359,212,89,52,67,8,35,29,38,106,0,3,684,2355,224,605,734,119,89,0.0951167728237792,2006,0.1312217194570135,2007,UTTAR PRADESH,FIROZABAD,UTTAR PRADESH||FIROZABAD
123,143,15,28,0,109,30,74,85,318,161,152,65,80,7,56,58,51,155,0,4,863,2652,348,674,645,145,152,0.1312217194570135,2007,0.0880691259554669,2008,UTTAR PRADESH,FIROZABAD,UTTAR PRADESH||FIROZABAD
121,139,20,27,0,114,14,41,67,442,242,113,62,140,6,41,43,77,77,0,5,1259,3009,265,589,798,202,113,0.0880691259554669,2008,0.0973451327433628,2009,UTTAR PRADESH,FIROZABAD,UTTAR PRADESH||FIROZABAD
92,60,16,16,0,42,11,47,56,729,330,81,51,127,12,17,39,40,54,0,151,674,2443,166,365,1174,178,81,0.067949242734343,2001,0.0578400361500225,2002,UTTAR PRADESH,GAUTAMBUDH NAGAR,UTTAR PRADESH||GAUTAMBUDH NAGAR
72,68,12,19,0,36,7,28,65,652,341,57,42,116,0,17,20,30,42,0,141,770,2213,128,299,1086,158,57,0.0578400361500225,2002,0.0728110599078341,2003,UTTAR PRADESH,GAUTAMBUDH NAGAR,UTTAR PRADESH||GAUTAMBUDH NAGAR
66,44,9,10,0,27,8,22,38,425,239,28,17,47,1,14,13,19,23,0,163,97,1085,79,214,725,64,28,0.0728110599078341,2003,0.0668122270742358,2004,UTTAR PRADESH,GAUTAMBUDH NAGAR,UTTAR PRADESH||GAUTAMBUDH NAGAR
63,60,14,20,0,32,10,39,47,826,442,45,23,89,0,14,24,56,39,0,200,662,2290,153,283,1354,112,45,0.0668122270742358,2004,0.0682342093130474,2005,UTTAR PRADESH,GAUTAMBUDH NAGAR,UTTAR PRADESH||GAUTAMBUDH NAGAR
69,58,15,18,0,51,6,41,88,962,564,64,49,173,1,14,28,43,45,0,252,168,2169,148,322,1656,222,64,0.0682342093130474,2005,0.0791336942940441,2006,UTTAR PRADESH,GAUTAMBUDH NAGAR,UTTAR PRADESH||GAUTAMBUDH NAGAR
87,67,16,26,0,52,6,37,115,946,608,61,52,160,0,13,35,57,59,0,16,571,2401,190,352,1706,212,61,0.0791336942940441,2006,0.0598108025633201,2007,UTTAR PRADESH,GAUTAMBUDH NAGAR,UTTAR PRADESH||GAUTAMBUDH NAGAR
75,71,16,17,0,83,3,47,138,1349,825,83,75,230,0,14,41,51,73,0,16,873,3277,196,395,2359,305,83,0.0598108025633201,2007,0.0516289342904472,2008,UTTAR PRADESH,GAUTAMBUDH NAGAR,UTTAR PRADESH||GAUTAMBUDH NAGAR
65,63,16,22,0,70,0,42,84,1703,1081,70,97,256,0,25,19,53,68,0,190,756,3622,187,348,2910,353,70,0.0516289342904472,2008,0.0499256426598682,2009,UTTAR PRADESH,GAUTAMBUDH NAGAR,UTTAR PRADESH||GAUTAMBUDH NAGAR
230,381,18,31,0,112,10,117,227,1357,656,123,83,258,10,33,54,138,140,0,138,1469,5079,396,1022,2367,341,123,0.0779681039574719,2001,0.0781554449014938,2002,UTTAR PRADESH,GHAZIABAD,UTTAR PRADESH||GHAZIABAD
231,375,18,20,1,99,13,83,191,1274,674,96,95,198,5,21,35,108,176,0,406,1089,4619,361,935,2227,293,96,0.0781554449014938,2002,0.0807004187285877,2003,UTTAR PRADESH,GHAZIABAD,UTTAR PRADESH||GHAZIABAD
176,110,40,15,0,73,3,52,122,931,511,27,64,108,3,17,18,65,97,0,25,586,2627,212,496,1619,172,27,0.0807004187285877,2003,0.0708866247561239,2004,UTTAR PRADESH,GHAZIABAD,UTTAR PRADESH||GHAZIABAD
190,160,36,25,0,118,3,65,135,1523,893,65,95,174,3,35,31,94,142,0,389,1234,4613,327,662,2619,269,65,0.0708866247561239,2004,0.0756578947368421,2005,UTTAR PRADESH,GHAZIABAD,UTTAR PRADESH||GHAZIABAD
183,135,35,24,0,103,6,38,100,1387,844,52,78,277,2,33,26,92,147,0,381,1068,4256,322,576,2371,355,52,0.0756578947368421,2005,0.0900879486570002,2006,UTTAR PRADESH,GHAZIABAD,UTTAR PRADESH||GHAZIABAD
146,143,51,29,0,109,0,44,114,1109,715,70,91,238,5,41,26,93,190,0,386,1252,4207,379,592,1987,329,70,0.0900879486570002,2006,0.0900462962962962,2007,UTTAR PRADESH,GHAZIABAD,UTTAR PRADESH||GHAZIABAD
150,135,46,33,0,158,4,45,117,1031,628,69,181,333,7,37,30,85,204,0,315,1266,4320,389,640,1828,514,69,0.0900462962962962,2007,0.0785597381342062,2008,UTTAR PRADESH,GHAZIABAD,UTTAR PRADESH||GHAZIABAD
143,138,44,30,0,199,7,63,115,1141,733,64,157,267,6,39,30,83,202,0,327,1770,4888,384,688,2058,424,64,0.0785597381342062,2008,0.0799424752559005,2009,UTTAR PRADESH,GHAZIABAD,UTTAR PRADESH||GHAZIABAD
46,58,24,6,0,28,2,17,92,107,11,70,14,32,8,22,18,29,56,0,24,440,1308,131,251,235,46,70,0.1001529051987767,2001,0.0877862595419847,2002,UTTAR PRADESH,GHAZIPUR,UTTAR PRADESH||GHAZIPUR
55,42,27,4,0,16,1,16,46,80,6,32,0,44,2,14,12,12,50,0,0,432,1048,92,193,150,44,32,0.0877862595419847,2002,0.0971168437025796,2003,UTTAR PRADESH,GHAZIPUR,UTTAR PRADESH||GHAZIPUR
48,37,18,2,0,8,0,12,52,62,9,23,0,16,4,11,3,24,24,0,22,193,659,64,148,139,16,23,0.0971168437025796,2003,0.1002892960462873,2004,UTTAR PRADESH,GHAZIPUR,UTTAR PRADESH||GHAZIPUR
61,54,24,4,0,9,4,25,57,101,28,52,22,7,5,17,19,15,49,0,2,321,1037,104,233,216,29,52,0.1002892960462873,2004,0.0951834862385321,2005,UTTAR PRADESH,GHAZIPUR,UTTAR PRADESH||GHAZIPUR
48,45,16,2,0,8,1,27,43,102,44,68,22,35,6,19,7,20,35,0,2,204,872,83,215,222,57,68,0.0951834862385321,2005,0.1113924050632911,2006,UTTAR PRADESH,GHAZIPUR,UTTAR PRADESH||GHAZIPUR
44,46,16,8,0,14,3,18,33,103,50,46,11,35,5,22,8,17,33,0,1,195,790,88,195,209,46,46,0.1113924050632911,2006,0.1215970961887477,2007,UTTAR PRADESH,GHAZIPUR,UTTAR PRADESH||GHAZIPUR
40,39,18,10,0,14,7,23,45,106,43,120,23,55,6,22,11,23,68,0,2,308,1102,134,271,223,78,120,0.1215970961887477,2007,0.1274787535410765,2008,UTTAR PRADESH,GHAZIPUR,UTTAR PRADESH||GHAZIPUR
41,36,28,6,0,25,12,57,39,120,47,121,15,58,4,33,17,15,64,0,4,248,1059,135,326,267,73,121,0.1274787535410765,2008,0.134375,2009,UTTAR PRADESH,GHAZIPUR,UTTAR PRADESH||GHAZIPUR
68,101,25,18,0,34,15,32,118,161,23,64,39,89,9,26,19,13,46,0,72,505,1719,122,357,343,128,64,0.0709714950552646,2001,0.06843853820598,2002,UTTAR PRADESH,GONDA,UTTAR PRADESH||GONDA
23,65,24,11,0,31,5,20,106,155,25,32,19,70,5,29,20,16,27,0,62,521,1505,103,211,311,89,32,0.06843853820598,2002,0.2664473684210526,2003,UTTAR PRADESH,GONDA,UTTAR PRADESH||GONDA
21,22,21,5,0,10,4,11,49,54,16,27,7,15,0,16,3,215,4,0,21,356,912,243,121,130,22,27,0.2664473684210526,2003,0.1086065573770491,2004,UTTAR PRADESH,GONDA,UTTAR PRADESH||GONDA
52,57,25,14,0,23,2,11,72,120,37,30,17,29,1,15,12,63,2,0,64,259,976,106,214,241,46,30,0.1086065573770491,2004,0.081081081081081,2005,UTTAR PRADESH,GONDA,UTTAR PRADESH||GONDA
31,59,32,12,0,18,1,16,66,139,46,34,21,39,3,26,14,23,6,0,0,346,999,81,203,270,60,34,0.081081081081081,2005,0.08359375,2006,UTTAR PRADESH,GONDA,UTTAR PRADESH||GONDA
55,63,19,22,0,44,5,30,77,167,76,36,35,76,4,28,27,23,7,0,64,335,1280,107,274,354,111,36,0.08359375,2006,0.0689375506893755,2007,UTTAR PRADESH,GONDA,UTTAR PRADESH||GONDA
46,46,22,13,0,47,7,23,73,156,73,37,26,79,3,35,18,9,10,0,32,544,1233,85,241,328,105,37,0.0689375506893755,2007,0.0939068100358423,2008,UTTAR PRADESH,GONDA,UTTAR PRADESH||GONDA
49,53,20,27,0,54,8,19,59,142,58,44,34,116,2,43,39,10,12,0,85,334,1395,131,274,280,150,44,0.0939068100358423,2008,0.0652920962199312,2009,UTTAR PRADESH,GONDA,UTTAR PRADESH||GONDA
96,74,29,13,0,60,6,38,137,192,51,117,65,100,12,16,25,36,52,0,136,1015,2598,142,433,430,165,117,0.0546574287913779,2001,0.0611153552330022,2002,UTTAR PRADESH,GORAKHPUR,UTTAR PRADESH||GORAKHPUR
112,74,31,27,0,43,5,46,174,226,68,107,58,109,1,30,28,19,56,0,254,936,2618,160,445,515,167,107,0.0611153552330022,2002,0.0674556213017751,2003,UTTAR PRADESH,GORAKHPUR,UTTAR PRADESH||GORAKHPUR
82,64,39,13,0,37,1,42,136,215,95,78,45,71,0,18,22,25,36,0,158,425,1690,114,356,488,116,78,0.0674556213017751,2003,0.0779272151898734,2004,UTTAR PRADESH,GORAKHPUR,UTTAR PRADESH||GORAKHPUR
98,84,38,24,0,51,8,47,191,357,181,115,59,84,0,25,26,43,79,0,271,662,2528,197,465,776,143,115,0.0779272151898734,2004,0.0478796169630642,2005,UTTAR PRADESH,GORAKHPUR,UTTAR PRADESH||GORAKHPUR
94,67,41,24,0,29,5,39,120,367,166,104,60,61,0,16,22,25,18,0,221,599,2193,105,403,692,121,104,0.0478796169630642,2005,0.0807622504537205,2006,UTTAR PRADESH,GORAKHPUR,UTTAR PRADESH||GORAKHPUR
89,57,36,23,0,44,3,36,98,318,179,97,51,59,2,16,24,45,70,0,248,568,2204,178,385,633,110,97,0.0807622504537205,2006,0.1074181117533718,2007,UTTAR PRADESH,GORAKHPUR,UTTAR PRADESH||GORAKHPUR
75,58,37,19,0,58,0,15,90,348,214,78,58,88,1,23,22,76,83,0,255,431,2076,223,340,668,146,78,0.1074181117533718,2007,0.1307053941908713,2008,UTTAR PRADESH,GORAKHPUR,UTTAR PRADESH||GORAKHPUR
76,38,39,46,0,150,1,49,152,480,294,114,72,190,2,43,30,43,216,0,259,519,2892,378,513,977,262,114,0.1307053941908713,2008,0.1123911930363543,2009,UTTAR PRADESH,GORAKHPUR,UTTAR PRADESH||GORAKHPUR
31,20,0,2,0,4,21,49,4,3141,82,13,37,41,0,1,18,71,1,0,0,868,4352,93,140,3276,78,13,0.0213694852941176,2001,0.0108937855904926,2002,UTTAR PRADESH,G.R.P.,UTTAR PRADESH||GRP
30,12,3,2,0,7,15,46,1,2845,84,10,34,42,0,0,11,31,0,0,2,942,4039,44,125,2976,76,10,0.0108937855904926,2002,0.0100671140939597,2003,UTTAR PRADESH,G.R.P.,UTTAR PRADESH||GRP
19,12,4,3,0,3,13,48,1,2487,79,8,21,40,0,0,6,24,0,0,1,575,3278,33,110,2615,61,8,0.0100671140939597,2003,0.0188614540466392,2004,UTTAR PRADESH,G.R.P.,UTTAR PRADESH||GRP
15,12,2,2,0,5,14,40,1,1966,90,8,48,42,1,0,15,38,0,0,2,690,2916,55,98,2098,90,8,0.0188614540466392,2004,0.0224775224775224,2005,UTTAR PRADESH,G.R.P.,UTTAR PRADESH||GRP
15,16,2,3,0,4,10,32,4,1102,68,13,39,63,0,1,15,26,0,0,2,645,2002,45,95,1206,102,13,0.0224775224775224,2005,0.0255496137849079,2006,UTTAR PRADESH,G.R.P.,UTTAR PRADESH||GRP
18,22,6,1,0,7,5,22,0,761,72,13,24,39,0,0,18,24,0,0,5,707,1683,43,94,855,63,13,0.0255496137849079,2006,0.0181142591732466,2007,UTTAR PRADESH,G.R.P.,UTTAR PRADESH||GRP
20,20,4,2,0,8,11,27,0,1279,63,23,28,31,0,2,12,23,0,0,0,646,2153,39,115,1369,59,23,0.0181142591732466,2007,0.0220364741641337,2008,UTTAR PRADESH,G.R.P.,UTTAR PRADESH||GRP
14,16,8,2,0,11,18,40,4,1521,82,27,14,42,0,0,18,38,0,0,5,836,2632,58,136,1647,56,27,0.0220364741641337,2008,0.0306939501779359,2009,UTTAR PRADESH,G.R.P.,UTTAR PRADESH||GRP
66,33,6,14,0,24,4,31,60,110,9,55,14,18,7,22,32,7,25,0,49,389,1031,100,233,217,32,55,0.0969932104752667,2001,0.1068524970963995,2002,UTTAR PRADESH,HAMIRPUR,UTTAR PRADESH||HAMIRPUR
62,32,13,9,0,19,1,23,33,69,10,17,12,17,0,17,34,4,28,0,53,366,861,92,176,135,29,17,0.1068524970963995,2002,0.1205479452054794,2003,UTTAR PRADESH,HAMIRPUR,UTTAR PRADESH||HAMIRPUR
36,13,26,10,0,7,1,3,11,41,10,7,7,9,0,12,15,5,2,0,0,130,365,44,103,65,16,7,0.1205479452054794,2003,0.0990712074303405,2004,UTTAR PRADESH,HAMIRPUR,UTTAR PRADESH||HAMIRPUR
50,33,16,12,0,13,1,12,35,55,9,13,16,9,0,16,23,6,7,0,0,288,646,64,150,111,25,13,0.0990712074303405,2004,0.0839936608557844,2005,UTTAR PRADESH,HAMIRPUR,UTTAR PRADESH||HAMIRPUR
48,26,23,9,0,14,0,3,29,53,10,19,16,9,0,6,17,11,10,0,0,289,631,53,142,95,25,19,0.0839936608557844,2005,0.1013133208255159,2006,UTTAR PRADESH,HAMIRPUR,UTTAR PRADESH||HAMIRPUR
36,20,18,8,0,6,1,3,16,33,6,11,7,9,0,12,16,7,11,0,0,286,533,54,103,58,16,11,0.1013133208255159,2006,0.0988505747126436,2007,UTTAR PRADESH,HAMIRPUR,UTTAR PRADESH||HAMIRPUR
22,7,21,8,0,12,0,1,9,13,3,3,12,23,0,9,16,5,5,0,49,195,435,43,74,26,35,3,0.0988505747126436,2007,0.1111111111111111,2008,UTTAR PRADESH,HAMIRPUR,UTTAR PRADESH||HAMIRPUR
23,8,21,9,0,21,0,0,13,23,5,9,21,22,0,13,13,5,10,0,57,165,450,50,91,41,43,9,0.1111111111111111,2008,0.1864406779661017,2009,UTTAR PRADESH,HAMIRPUR,UTTAR PRADESH||HAMIRPUR
182,153,30,70,0,75,24,50,89,267,25,92,48,51,12,63,86,21,136,0,141,1004,3078,376,676,443,99,92,0.1221572449642625,2001,0.1140703517587939,2002,UTTAR PRADESH,HARDOI,UTTAR PRADESH||HARDOI
135,103,27,39,0,48,1,20,42,159,18,45,24,55,21,26,54,36,72,0,141,553,1990,227,418,260,79,45,0.1140703517587939,2002,0.1327800829875518,2003,UTTAR PRADESH,HARDOI,UTTAR PRADESH||HARDOI
101,72,27,24,0,38,2,34,40,129,19,21,29,49,15,18,30,83,37,0,100,327,1446,192,319,237,78,21,0.1327800829875518,2003,0.1380133715377268,2004,UTTAR PRADESH,HARDOI,UTTAR PRADESH||HARDOI
116,72,28,37,0,58,1,35,71,229,25,19,22,43,0,44,68,76,64,0,151,632,2094,289,366,360,65,19,0.1380133715377268,2004,0.1055381400208986,2005,UTTAR PRADESH,HARDOI,UTTAR PRADESH||HARDOI
91,52,46,31,0,45,1,24,48,209,43,21,21,63,1,25,51,48,47,0,134,644,1914,202,311,325,84,21,0.1055381400208986,2005,0.1115470852017937,2006,UTTAR PRADESH,HARDOI,UTTAR PRADESH||HARDOI
87,58,38,30,0,42,0,17,38,150,29,10,29,47,6,35,55,26,53,0,142,637,1784,199,282,240,76,10,0.1115470852017937,2006,0.1124031007751938,2007,UTTAR PRADESH,HARDOI,UTTAR PRADESH||HARDOI
86,54,22,33,0,47,1,17,35,163,34,22,49,70,3,42,45,26,57,0,171,601,1806,203,282,252,119,22,0.1124031007751938,2007,0.1215704824976348,2008,UTTAR PRADESH,HARDOI,UTTAR PRADESH||HARDOI
71,53,18,42,0,64,3,18,38,176,33,30,24,54,3,50,67,30,68,0,221,804,2114,257,299,268,78,30,0.1215704824976348,2008,0.0818821785846609,2009,UTTAR PRADESH,HARDOI,UTTAR PRADESH||HARDOI
86,94,15,16,0,50,24,64,91,225,16,150,50,78,9,31,63,26,93,0,76,757,2216,229,499,405,128,150,0.1033393501805054,2001,0.1116531165311653,2002,UTTAR PRADESH,HATHRAS,UTTAR PRADESH||HATHRAS
76,80,9,25,0,49,19,52,57,175,31,116,54,58,4,21,41,12,107,0,74,654,1845,206,426,319,112,116,0.1116531165311653,2002,0.1045421773612112,2003,UTTAR PRADESH,HATHRAS,UTTAR PRADESH||HATHRAS
52,76,9,21,0,38,16,55,39,141,41,75,29,55,0,10,19,21,74,0,0,561,1387,145,342,276,84,75,0.1045421773612112,2003,0.1312394840157038,2004,UTTAR PRADESH,HATHRAS,UTTAR PRADESH||HATHRAS
66,90,14,16,0,40,17,56,70,228,56,99,34,43,0,24,39,21,134,0,6,606,1783,234,398,410,77,99,0.1312394840157038,2004,0.1136087484811664,2005,UTTAR PRADESH,HATHRAS,UTTAR PRADESH||HATHRAS
65,88,11,12,0,29,7,41,49,276,114,92,45,33,2,20,34,35,86,0,50,493,1646,187,345,482,78,92,0.1136087484811664,2005,0.1230263157894736,2006,UTTAR PRADESH,HATHRAS,UTTAR PRADESH||HATHRAS
71,87,15,23,0,45,8,37,51,220,108,63,21,47,0,22,50,28,64,0,95,415,1520,187,349,416,68,63,0.1230263157894736,2006,0.1522086216072379,2007,UTTAR PRADESH,HATHRAS,UTTAR PRADESH||HATHRAS
56,54,18,16,0,71,32,57,51,197,74,88,53,89,0,17,48,26,179,0,104,577,1879,286,392,379,142,88,0.1522086216072379,2007,0.1361437456807187,2008,UTTAR PRADESH,HATHRAS,UTTAR PRADESH||HATHRAS
58,40,24,17,0,62,8,43,33,192,60,37,41,79,0,27,43,18,92,0,132,361,1447,197,289,328,120,37,0.1361437456807187,2008,0.1395069152134696,2009,UTTAR PRADESH,HATHRAS,UTTAR PRADESH||HATHRAS
83,79,4,6,0,36,9,41,92,167,32,75,24,34,5,29,40,21,65,0,37,902,1778,161,333,337,58,75,0.0905511811023622,2001,0.0728534258456201,2002,UTTAR PRADESH,JALAUN,UTTAR PRADESH||JALAUN
79,28,8,4,0,34,3,15,36,134,26,18,19,13,10,22,19,17,22,0,79,569,1153,84,189,221,32,18,0.0728534258456201,2002,0.0912806539509536,2003,UTTAR PRADESH,JALAUN,UTTAR PRADESH||JALAUN
68,23,13,6,0,23,3,11,9,75,21,10,11,21,0,22,11,13,15,0,86,309,734,67,157,116,32,10,0.0912806539509536,2003,0.0867158671586715,2004,UTTAR PRADESH,JALAUN,UTTAR PRADESH||JALAUN
88,55,11,7,0,49,4,21,44,125,44,23,12,23,5,28,17,22,20,0,87,430,1084,94,258,239,35,23,0.0867158671586715,2004,0.0586340206185567,2005,UTTAR PRADESH,JALAUN,UTTAR PRADESH||JALAUN
59,33,12,3,0,14,1,10,31,85,32,17,7,17,4,21,13,37,17,0,77,1087,1552,91,149,162,24,17,0.0586340206185567,2005,0.1328740157480315,2006,UTTAR PRADESH,JALAUN,UTTAR PRADESH||JALAUN
48,37,14,4,0,29,2,6,32,81,33,16,25,19,3,36,31,18,46,0,72,492,1016,135,156,155,44,16,0.1328740157480315,2006,0.1391752577319587,2007,UTTAR PRADESH,JALAUN,UTTAR PRADESH||JALAUN
48,17,9,8,0,27,5,13,24,82,39,14,21,45,5,32,42,37,43,0,81,607,1164,162,141,163,66,14,0.1391752577319587,2007,0.1338155515370705,2008,UTTAR PRADESH,JALAUN,UTTAR PRADESH||JALAUN
43,12,14,6,0,34,1,16,25,74,43,7,12,46,5,37,34,24,47,0,96,561,1106,148,133,163,58,7,0.1338155515370705,2008,0.1290322580645161,2009,UTTAR PRADESH,JALAUN,UTTAR PRADESH||JALAUN
56,85,29,11,0,22,9,33,101,165,26,112,43,70,7,43,21,19,85,0,128,542,1993,179,357,332,113,112,0.0898143502257902,2001,0.0740213523131672,2002,UTTAR PRADESH,JAUNPUR,UTTAR PRADESH||JAUNPUR
51,57,28,8,0,16,4,20,68,122,35,46,23,70,2,23,18,10,45,0,145,401,1405,104,230,247,93,46,0.0740213523131672,2002,0.095667870036101,2003,UTTAR PRADESH,JAUNPUR,UTTAR PRADESH||JAUNPUR
33,32,31,4,0,16,3,21,57,100,38,19,17,47,5,22,6,45,29,0,90,459,1108,106,159,221,64,19,0.095667870036101,2003,0.0889029003783102,2004,UTTAR PRADESH,JAUNPUR,UTTAR PRADESH||JAUNPUR
53,73,26,19,0,22,2,40,77,160,66,55,20,73,0,29,9,21,63,0,26,561,1586,141,290,343,93,55,0.0889029003783102,2004,0.09684857801691,2005,UTTAR PRADESH,JAUNPUR,UTTAR PRADESH||JAUNPUR
41,59,37,13,0,24,1,32,51,150,61,37,22,39,0,26,15,32,40,0,132,367,1301,126,244,294,61,37,0.09684857801691,2005,0.1171477079796264,2006,UTTAR PRADESH,JAUNPUR,UTTAR PRADESH||JAUNPUR
62,51,20,18,0,25,3,29,42,161,60,39,36,83,6,46,26,34,83,0,46,635,1767,207,247,298,119,39,0.1171477079796264,2006,0.097361237488626,2007,UTTAR PRADESH,JAUNPUR,UTTAR PRADESH||JAUNPUR
44,62,26,24,0,47,6,41,62,169,58,84,41,151,3,47,28,44,71,0,42,844,2198,214,334,333,192,84,0.097361237488626,2007,0.1349775784753363,2008,UTTAR PRADESH,JAUNPUR,UTTAR PRADESH||JAUNPUR
40,51,28,19,0,47,5,31,70,187,69,77,38,166,3,44,38,39,161,0,192,527,2230,301,298,360,204,77,0.1349775784753363,2008,0.12018779342723,2009,UTTAR PRADESH,JAUNPUR,UTTAR PRADESH||JAUNPUR
76,48,19,18,0,42,2,35,100,258,82,60,29,62,12,31,32,30,69,0,35,790,1981,180,300,487,91,60,0.0908632004038364,2001,0.0655391120507399,2002,UTTAR PRADESH,JHANSI,UTTAR PRADESH||JHANSI
62,29,33,14,0,28,0,26,43,192,75,32,24,48,1,14,21,2,42,0,3,628,1419,93,224,337,72,32,0.0655391120507399,2002,0.1517150395778364,2003,UTTAR PRADESH,JHANSI,UTTAR PRADESH||JHANSI
54,23,14,4,0,20,1,21,61,123,54,35,12,25,0,8,4,209,5,0,0,808,1516,230,172,259,37,35,0.1517150395778364,2003,0.090311004784689,2004,UTTAR PRADESH,JHANSI,UTTAR PRADESH||JHANSI
70,31,26,16,0,39,4,19,63,158,67,46,17,42,0,25,21,36,53,0,120,793,1672,151,251,307,59,46,0.090311004784689,2004,0.1206896551724138,2005,UTTAR PRADESH,JHANSI,UTTAR PRADESH||JHANSI
50,19,27,3,0,11,0,15,27,126,59,16,13,44,6,13,14,37,38,0,42,303,870,105,141,233,57,16,0.1206896551724138,2005,0.1342200725513905,2006,UTTAR PRADESH,JHANSI,UTTAR PRADESH||JHANSI
47,18,30,8,0,12,1,6,29,128,63,10,15,34,0,21,19,45,18,0,31,302,827,111,132,226,49,10,0.1342200725513905,2006,0.1276415891800507,2007,UTTAR PRADESH,JHANSI,UTTAR PRADESH||JHANSI
66,30,22,10,0,25,0,23,41,178,94,14,21,78,7,28,38,55,20,0,24,457,1183,151,190,343,99,14,0.1276415891800507,2007,0.1127596439169139,2008,UTTAR PRADESH,JHANSI,UTTAR PRADESH||JHANSI
33,21,23,7,0,25,0,10,41,134,66,10,30,61,1,26,24,46,11,0,39,431,1011,114,129,252,91,10,0.1127596439169139,2008,0.1031468531468531,2009,UTTAR PRADESH,JHANSI,UTTAR PRADESH||JHANSI
112,72,6,23,0,47,12,37,36,166,16,85,21,50,10,14,35,22,98,0,82,596,1665,192,394,265,71,85,0.1153153153153153,2001,0.1103948428686543,2002,UTTAR PRADESH,J.P.NAGAR,UTTAR PRADESH||JPNAGAR
85,41,6,15,0,31,3,26,43,98,21,54,10,53,0,10,22,10,80,0,88,531,1241,137,261,188,63,54,0.1103948428686543,2002,0.1575984990619137,2003,UTTAR PRADESH,J.P.NAGAR,UTTAR PRADESH||JPNAGAR
62,28,11,6,0,20,3,22,44,86,20,22,9,30,0,13,4,121,24,0,11,497,1066,168,174,172,39,22,0.1575984990619137,2003,0.1191391237509608,2004,UTTAR PRADESH,J.P.NAGAR,UTTAR PRADESH||JPNAGAR
76,59,12,27,0,24,8,44,57,111,29,44,14,38,1,6,26,30,66,0,189,406,1301,155,294,242,52,44,0.1191391237509608,2004,0.1060070671378091,2005,UTTAR PRADESH,J.P.NAGAR,UTTAR PRADESH||JPNAGAR
66,40,11,22,0,17,3,16,46,131,42,39,11,21,0,8,30,40,20,0,119,449,1132,120,214,235,32,39,0.1060070671378091,2005,0.132890365448505,2006,UTTAR PRADESH,J.P.NAGAR,UTTAR PRADESH||JPNAGAR
72,53,12,21,0,28,3,20,34,131,45,37,17,42,2,14,22,57,46,0,133,433,1204,160,246,232,59,37,0.132890365448505,2006,0.155144694533762,2007,UTTAR PRADESH,J.P.NAGAR,UTTAR PRADESH||JPNAGAR
66,50,13,28,0,34,0,16,39,167,73,95,19,91,0,12,34,34,85,0,149,279,1244,193,302,295,110,95,0.155144694533762,2007,0.1215034965034965,2008,UTTAR PRADESH,J.P.NAGAR,UTTAR PRADESH||JPNAGAR
42,30,10,20,0,38,2,10,26,136,60,28,31,124,0,16,26,37,40,0,129,376,1144,139,180,232,155,28,0.1215034965034965,2008,0.1490845684394071,2009,UTTAR PRADESH,J.P.NAGAR,UTTAR PRADESH||JPNAGAR
66,68,8,8,0,40,6,13,52,106,15,39,26,30,7,22,18,7,63,0,54,543,1254,118,248,193,56,39,0.0940988835725677,2001,0.0760043431053203,2002,UTTAR PRADESH,KANNAUJ,UTTAR PRADESH||KANNAUJ
67,53,10,6,0,24,6,14,32,73,6,16,9,28,4,15,10,2,37,0,73,391,921,70,196,129,37,16,0.0760043431053203,2002,0.1045977011494252,2003,UTTAR PRADESH,KANNAUJ,UTTAR PRADESH||KANNAUJ
64,38,16,4,0,29,2,11,33,48,6,12,16,19,0,16,14,28,29,0,0,487,870,91,176,98,35,12,0.1045977011494252,2003,0.1228600201409869,2004,UTTAR PRADESH,KANNAUJ,UTTAR PRADESH||KANNAUJ
66,39,10,5,0,17,1,19,32,69,18,26,18,36,0,22,22,10,63,0,52,469,993,122,183,138,54,26,0.1228600201409869,2004,0.1182795698924731,2005,UTTAR PRADESH,KANNAUJ,UTTAR PRADESH||KANNAUJ
61,55,16,5,0,38,2,11,31,84,24,22,21,33,4,10,20,13,62,0,106,313,930,110,210,154,54,22,0.1182795698924731,2005,0.1263498920086393,2006,UTTAR PRADESH,KANNAUJ,UTTAR PRADESH||KANNAUJ
45,60,12,6,0,41,1,10,17,97,25,15,12,27,3,19,31,20,41,0,60,384,926,117,190,152,39,15,0.1263498920086393,2006,0.1549815498154981,2007,UTTAR PRADESH,KANNAUJ,UTTAR PRADESH||KANNAUJ
54,40,20,6,0,32,1,16,17,78,26,17,19,44,4,13,32,9,108,0,128,418,1084,168,186,141,63,17,0.1549815498154981,2007,0.1456896551724138,2008,UTTAR PRADESH,KANNAUJ,UTTAR PRADESH||KANNAUJ
37,37,21,11,0,42,3,19,19,70,25,22,35,46,4,31,27,9,91,0,120,489,1160,169,192,137,81,22,0.1456896551724138,2008,0.1307300509337861,2009,UTTAR PRADESH,KANNAUJ,UTTAR PRADESH||KANNAUJ
85,67,12,21,0,50,14,30,48,140,8,72,22,40,12,39,45,7,79,0,103,382,1581,191,351,238,62,72,0.1208096141682479,2001,0.1058495821727019,2002,UTTAR PRADESH,KANPUR DEHAT,UTTAR PRADESH||KANPUR DEHAT
56,45,10,13,0,41,20,33,39,120,7,56,24,37,12,37,26,3,73,0,128,390,1436,152,274,211,61,56,0.1058495821727019,2002,0.1477832512315271,2003,UTTAR PRADESH,KANPUR DEHAT,UTTAR PRADESH||KANPUR DEHAT
37,22,27,6,0,26,5,16,21,107,9,20,14,9,5,22,15,118,19,0,118,471,1218,180,159,158,23,20,0.1477832512315271,2003,0.1016582552271088,2004,UTTAR PRADESH,KANPUR DEHAT,UTTAR PRADESH||KANPUR DEHAT
46,37,19,13,0,49,4,12,37,141,17,48,21,37,8,25,45,19,39,0,135,454,1387,141,228,215,58,48,0.1016582552271088,2004,0.0955983493810178,2005,UTTAR PRADESH,KANPUR DEHAT,UTTAR PRADESH||KANPUR DEHAT
49,34,22,8,0,61,3,11,40,139,17,75,24,30,3,26,32,20,53,0,129,449,1454,139,263,210,54,75,0.0955983493810178,2005,0.131578947368421,2006,UTTAR PRADESH,KANPUR DEHAT,UTTAR PRADESH||KANPUR DEHAT
50,33,7,16,0,31,4,17,34,112,9,44,15,37,4,50,40,18,41,0,153,325,1254,165,202,176,52,44,0.131578947368421,2006,0.1274725274725274,2007,UTTAR PRADESH,KANPUR DEHAT,UTTAR PRADESH||KANPUR DEHAT
41,43,18,13,0,62,4,15,36,114,19,103,41,89,2,37,51,17,114,0,139,610,1820,232,299,186,130,103,0.1274725274725274,2007,0.1583493282149712,2008,UTTAR PRADESH,KANPUR DEHAT,UTTAR PRADESH||KANPUR DEHAT
50,35,15,26,0,67,2,11,36,143,33,96,40,85,1,31,64,24,185,0,65,782,2084,330,302,224,125,96,0.1583493282149712,2008,0.1128491620111731,2009,UTTAR PRADESH,KANPUR DEHAT,UTTAR PRADESH||KANPUR DEHAT
210,198,28,47,0,210,30,128,361,1309,636,240,178,301,27,64,106,213,356,0,385,1374,6808,786,1091,2461,479,240,0.1154524089306698,2001,0.0990182802979011,2002,UTTAR PRADESH,KANPUR NAGAR,UTTAR PRADESH||KANPUR NAGAR
202,166,24,30,0,163,16,106,268,1153,629,156,158,223,17,50,75,123,307,0,419,1581,5908,585,863,2173,381,156,0.0990182802979011,2002,0.1077065923862581,2003,UTTAR PRADESH,KANPUR NAGAR,UTTAR PRADESH||KANPUR NAGAR
187,107,38,24,0,84,7,67,167,830,588,61,71,117,7,43,40,147,94,0,260,537,3231,348,575,1659,188,61,0.1077065923862581,2003,0.1208572691117985,2004,UTTAR PRADESH,KANPUR NAGAR,UTTAR PRADESH||KANPUR NAGAR
149,126,36,20,0,109,5,62,161,938,634,96,98,211,6,46,40,239,202,0,361,1207,4526,547,603,1801,309,96,0.1208572691117985,2004,0.1463152232383001,2005,UTTAR PRADESH,KANPUR NAGAR,UTTAR PRADESH||KANPUR NAGAR
150,91,40,18,0,107,11,45,137,803,526,94,141,218,5,51,43,227,205,0,328,733,3718,544,556,1516,359,94,0.1463152232383001,2005,0.1288006756756756,2006,UTTAR PRADESH,KANPUR NAGAR,UTTAR PRADESH||KANPUR NAGAR
144,97,34,27,0,117,12,63,172,837,605,128,129,250,4,67,64,179,273,0,114,1651,4736,610,622,1681,379,128,0.1288006756756756,2006,0.1304945054945055,2007,UTTAR PRADESH,KANPUR NAGAR,UTTAR PRADESH||KANPUR NAGAR
148,132,46,46,0,291,42,114,264,1204,839,273,252,582,18,59,102,165,673,0,107,2905,8008,1045,1092,2439,834,273,0.1304945054945055,2007,0.1692740574001125,2008,UTTAR PRADESH,KANPUR NAGAR,UTTAR PRADESH||KANPUR NAGAR
168,114,39,72,0,296,24,144,279,1293,821,220,328,645,7,86,136,578,632,0,127,3164,8885,1504,1077,2544,973,220,0.1692740574001125,2008,0.1443041691133294,2009,UTTAR PRADESH,KANPUR NAGAR,UTTAR PRADESH||KANPUR NAGAR
60,54,8,19,0,40,2,7,31,76,18,25,14,19,6,30,31,5,31,0,61,366,905,116,215,138,33,25,0.1281767955801105,2008,0.1016771488469601,2009,UTTAR PRADESH,KANSHIRAM NAGAR,UTTAR PRADESH||KANSHIRAM NAGAR
77,45,11,26,0,31,3,18,116,144,10,60,15,30,17,28,44,9,72,0,102,325,1456,179,271,305,45,60,0.1229395604395604,2001,0.1052631578947368,2002,UTTAR PRADESH,KAUSHAMBI,UTTAR PRADESH||KAUSHAMBI
61,30,13,28,0,20,1,14,41,83,4,23,17,32,18,13,25,2,32,0,79,277,950,100,190,160,49,23,0.1052631578947368,2002,0.1073558648111332,2003,UTTAR PRADESH,KAUSHAMBI,UTTAR PRADESH||KAUSHAMBI
56,19,11,17,0,8,0,11,30,45,9,11,6,15,4,16,7,9,5,0,70,76,503,54,133,99,21,11,0.1073558648111332,2003,0.1233595800524934,2004,UTTAR PRADESH,KAUSHAMBI,UTTAR PRADESH||KAUSHAMBI
65,31,15,14,0,12,3,17,30,74,14,9,6,18,0,19,9,9,43,0,9,265,762,94,166,135,24,9,0.1233595800524934,2004,0.0843706777316735,2005,UTTAR PRADESH,KAUSHAMBI,UTTAR PRADESH||KAUSHAMBI
70,25,18,9,0,11,6,19,31,43,8,35,9,20,0,13,11,7,21,0,76,214,723,61,193,101,29,35,0.0843706777316735,2005,0.1212534059945504,2006,UTTAR PRADESH,KAUSHAMBI,UTTAR PRADESH||KAUSHAMBI
50,29,11,15,0,19,1,10,37,44,12,12,6,9,0,17,12,19,26,0,80,250,734,89,147,103,15,12,0.1212534059945504,2006,0.1557093425605536,2007,UTTAR PRADESH,KAUSHAMBI,UTTAR PRADESH||KAUSHAMBI
51,23,23,30,0,48,3,26,62,69,6,35,15,33,2,35,27,16,72,0,62,416,1156,180,239,165,48,35,0.1557093425605536,2007,0.1433691756272401,2008,UTTAR PRADESH,KAUSHAMBI,UTTAR PRADESH||KAUSHAMBI
56,31,12,26,0,46,2,32,86,107,10,49,34,75,0,26,59,12,117,0,72,684,1674,240,254,235,109,49,0.1433691756272401,2008,0.1431818181818182,2009,UTTAR PRADESH,KAUSHAMBI,UTTAR PRADESH||KAUSHAMBI
172,178,36,83,0,112,19,79,161,492,47,193,77,64,6,88,99,24,138,0,97,1233,3754,432,872,785,141,193,0.1150772509323388,2001,0.1072593800978792,2002,UTTAR PRADESH,KHIRI,UTTAR PRADESH||KHIRI
144,139,27,41,0,60,6,33,86,272,37,68,31,37,30,66,45,14,97,0,37,843,2452,263,518,458,68,68,0.1072593800978792,2002,0.1736242884250474,2003,UTTAR PRADESH,KHIRI,UTTAR PRADESH||KHIRI
99,89,31,28,0,48,4,32,55,173,38,36,20,50,1,35,30,213,60,0,5,801,2108,366,367,299,70,36,0.1736242884250474,2003,0.1419475655430711,2004,UTTAR PRADESH,KHIRI,UTTAR PRADESH||KHIRI
113,118,24,43,0,76,3,34,84,350,80,58,23,93,3,58,52,105,121,0,24,796,2670,379,469,551,116,58,0.1419475655430711,2004,0.1302614089499335,2005,UTTAR PRADESH,KHIRI,UTTAR PRADESH||KHIRI
131,141,33,45,0,69,2,25,64,235,63,51,19,56,3,61,55,70,63,0,134,604,2257,294,497,390,75,51,0.1302614089499335,2005,0.1048425011753643,2006,UTTAR PRADESH,KHIRI,UTTAR PRADESH||KHIRI
105,96,41,39,0,68,1,26,55,169,43,42,25,49,6,60,47,42,35,0,141,709,2127,223,418,299,74,42,0.1048425011753643,2006,0.1057192374350086,2007,UTTAR PRADESH,KHIRI,UTTAR PRADESH||KHIRI
93,66,48,47,0,75,6,21,67,276,93,42,25,104,4,57,48,25,67,0,50,891,2308,244,398,461,129,42,0.1057192374350086,2007,0.1072976878612716,2008,UTTAR PRADESH,KHIRI,UTTAR PRADESH||KHIRI
79,77,35,58,0,95,2,22,63,309,131,54,29,119,5,48,74,29,88,0,194,1024,2768,297,422,530,148,54,0.1072976878612716,2008,0.1017380245866892,2009,UTTAR PRADESH,KHIRI,UTTAR PRADESH||KHIRI
69,48,18,7,0,34,2,11,58,107,12,99,27,46,8,18,19,35,14,0,103,405,1456,93,288,196,73,99,0.0638736263736263,2001,0.0742904841402337,2002,UTTAR PRADESH,KUSHI NAGAR,UTTAR PRADESH||KUSHI NAGAR
55,29,19,7,0,24,3,10,34,108,23,61,26,42,10,18,22,35,7,0,138,339,1198,89,208,185,68,61,0.0742904841402337,2002,0.1901504787961696,2003,UTTAR PRADESH,KUSHI NAGAR,UTTAR PRADESH||KUSHI NAGAR
37,17,18,5,0,18,3,6,32,70,19,38,15,33,6,12,11,97,14,0,77,112,731,139,142,133,48,38,0.1901504787961696,2003,0.0847176079734219,2004,UTTAR PRADESH,KUSHI NAGAR,UTTAR PRADESH||KUSHI NAGAR
46,47,22,13,0,28,1,23,57,107,19,77,35,35,8,21,14,37,17,0,104,307,1204,102,257,214,70,77,0.0847176079734219,2004,0.0795660036166365,2005,UTTAR PRADESH,KUSHI NAGAR,UTTAR PRADESH||KUSHI NAGAR
41,35,33,6,0,22,1,4,35,110,32,74,21,32,8,16,11,32,23,0,124,255,1106,88,216,189,53,74,0.0795660036166365,2005,0.0864811133200795,2006,UTTAR PRADESH,KUSHI NAGAR,UTTAR PRADESH||KUSHI NAGAR
20,28,21,9,0,20,0,6,54,107,33,65,25,27,8,24,15,19,20,0,157,178,1006,87,169,208,52,65,0.0864811133200795,2006,0.1277728482697426,2007,UTTAR PRADESH,KUSHI NAGAR,UTTAR PRADESH||KUSHI NAGAR
20,20,29,9,0,29,0,7,34,72,19,51,35,69,3,18,17,60,40,0,143,322,1127,144,165,135,104,51,0.1277728482697426,2007,0.0594262295081967,2008,UTTAR PRADESH,KUSHI NAGAR,UTTAR PRADESH||KUSHI NAGAR
22,10,13,6,0,15,0,2,7,38,15,20,11,58,2,14,8,6,24,0,37,562,976,58,88,64,69,20,0.0594262295081967,2008,0.0613026819923371,2009,UTTAR PRADESH,KUSHI NAGAR,UTTAR PRADESH||KUSHI NAGAR
25,18,7,20,0,5,2,6,46,60,8,30,12,21,14,10,26,9,31,0,70,272,773,96,113,134,33,30,0.1241914618369987,2001,0.0873287671232876,2002,UTTAR PRADESH,LALITPUR,UTTAR PRADESH||LALITPUR
18,11,8,10,0,2,9,1,23,48,15,20,9,13,1,9,14,13,5,0,35,309,584,51,79,88,22,20,0.0873287671232876,2002,0.2238372093023256,2003,UTTAR PRADESH,LALITPUR,UTTAR PRADESH||LALITPUR
12,5,8,5,0,5,0,2,10,23,9,11,2,8,0,5,4,60,3,0,25,95,344,77,48,44,10,11,0.2238372093023256,2003,0.1205357142857142,2004,UTTAR PRADESH,LALITPUR,UTTAR PRADESH||LALITPUR
16,16,12,4,0,4,0,2,16,54,19,19,11,7,1,6,11,23,10,0,42,177,448,54,73,92,18,19,0.1205357142857142,2004,0.1463414634146341,2005,UTTAR PRADESH,LALITPUR,UTTAR PRADESH||LALITPUR
21,3,13,1,0,2,0,0,10,22,9,8,10,6,0,1,4,32,4,0,17,119,287,42,48,41,16,8,0.1463414634146341,2005,0.1663113006396588,2006,UTTAR PRADESH,LALITPUR,UTTAR PRADESH||LALITPUR
19,6,13,7,0,12,1,5,22,43,10,15,8,23,2,9,16,11,35,0,51,130,469,78,78,82,31,15,0.1663113006396588,2006,0.1663807890222984,2007,UTTAR PRADESH,LALITPUR,UTTAR PRADESH||LALITPUR
22,4,13,10,0,13,4,2,23,44,11,29,7,13,0,14,16,29,28,0,39,107,583,97,97,80,20,29,0.1663807890222984,2007,0.1838383838383838,2008,UTTAR PRADESH,LALITPUR,UTTAR PRADESH||LALITPUR
22,4,10,16,0,12,0,3,24,56,13,20,4,32,1,10,11,14,40,0,25,183,495,91,87,97,36,20,0.1838383838383838,2008,0.1256117455138662,2009,UTTAR PRADESH,LALITPUR,UTTAR PRADESH||LALITPUR
166,189,28,62,0,175,28,123,670,2202,697,347,268,427,10,47,103,148,337,0,337,3445,9205,697,1118,3702,695,347,0.0757197175448126,2001,0.0774762236140106,2002,UTTAR PRADESH,LUCKNOW,UTTAR PRADESH||LUCKNOW
175,162,38,43,0,195,23,145,656,2210,821,219,190,358,16,59,92,105,369,0,327,3151,8622,668,1000,3848,548,219,0.0774762236140106,2002,0.0952101087275933,2003,UTTAR PRADESH,LUCKNOW,UTTAR PRADESH||LUCKNOW
176,100,34,38,0,118,10,114,420,1753,768,108,168,300,8,29,63,302,216,0,298,2457,6806,648,698,3063,468,108,0.0952101087275933,2003,0.0785213167835941,2004,UTTAR PRADESH,LUCKNOW,UTTAR PRADESH||LUCKNOW
173,135,27,46,0,164,12,109,479,2279,1042,150,199,325,7,48,64,152,272,0,358,2320,7412,582,816,3916,524,150,0.0785213167835941,2004,0.0813038591232671,2005,UTTAR PRADESH,LUCKNOW,UTTAR PRADESH||LUCKNOW
194,156,38,51,0,150,8,102,477,2340,1135,244,232,432,1,44,71,204,281,0,392,2466,8007,651,943,4055,664,244,0.0813038591232671,2005,0.0893606516909405,2006,UTTAR PRADESH,LUCKNOW,UTTAR PRADESH||LUCKNOW
167,185,40,51,0,205,7,241,462,2296,1280,267,210,464,2,39,100,160,374,0,420,2312,8102,724,1163,4281,674,267,0.0893606516909405,2006,0.0907457322551662,2007,UTTAR PRADESH,LUCKNOW,UTTAR PRADESH||LUCKNOW
159,118,55,82,0,260,32,221,613,2642,1558,299,357,779,3,57,98,159,513,0,478,3007,10017,909,1226,5037,1136,299,0.0907457322551662,2007,0.1085576712628584,2008,UTTAR PRADESH,LUCKNOW,UTTAR PRADESH||LUCKNOW
130,160,32,82,0,389,17,147,804,3100,1548,441,589,1140,3,62,226,340,778,0,490,4696,13707,1488,1398,5602,1729,441,0.1085576712628584,2008,0.0971506761107533,2009,UTTAR PRADESH,LUCKNOW,UTTAR PRADESH||LUCKNOW
39,22,11,13,0,19,1,7,45,54,7,50,23,35,5,7,13,37,10,0,70,295,861,80,162,118,58,50,0.0929152148664343,2001,0.08100147275405,2002,UTTAR PRADESH,MAHARAJGANJ,UTTAR PRADESH||MAHARAJGANJ
46,20,19,13,0,10,1,4,28,39,4,40,9,18,4,6,15,11,10,0,73,227,679,55,153,79,27,40,0.08100147275405,2002,0.1075110456553755,2003,UTTAR PRADESH,MAHARAJGANJ,UTTAR PRADESH||MAHARAJGANJ
28,16,24,4,0,13,2,11,27,30,11,30,19,19,4,4,7,56,2,0,1,321,679,73,128,83,38,30,0.1075110456553755,2003,0.1126516464471403,2004,UTTAR PRADESH,MAHARAJGANJ,UTTAR PRADESH||MAHARAJGANJ
25,22,11,8,0,11,1,7,30,39,13,27,11,14,1,8,11,31,7,0,67,189,577,65,112,90,25,27,0.1126516464471403,2004,0.1047957371225577,2005,UTTAR PRADESH,MAHARAJGANJ,UTTAR PRADESH||MAHARAJGANJ
30,13,17,9,0,15,0,10,30,48,10,30,14,22,0,9,14,21,6,0,68,119,563,59,124,98,36,30,0.1047957371225577,2005,0.1264880952380952,2006,UTTAR PRADESH,MAHARAJGANJ,UTTAR PRADESH||MAHARAJGANJ
25,8,9,21,0,22,1,9,26,52,18,29,9,37,0,12,17,22,13,0,64,202,672,85,124,105,46,29,0.1264880952380952,2006,0.1404140414041404,2007,UTTAR PRADESH,MAHARAJGANJ,UTTAR PRADESH||MAHARAJGANJ
25,11,14,23,0,25,2,11,27,52,19,33,24,81,0,18,18,23,74,0,78,488,1111,156,144,109,105,33,0.1404140414041404,2007,0.1164807930607187,2008,UTTAR PRADESH,MAHARAJGANJ,UTTAR PRADESH||MAHARAJGANJ
24,4,9,17,0,26,0,11,16,40,13,23,15,48,0,14,12,14,37,0,69,362,807,94,114,80,63,23,0.1164807930607187,2008,0.1165865384615384,2009,UTTAR PRADESH,MAHARAJGANJ,UTTAR PRADESH||MAHARAJGANJ
56,36,5,12,0,13,3,19,40,60,8,24,3,19,9,11,22,3,4,0,26,305,728,52,168,136,22,24,0.0714285714285714,2001,0.0741989881956155,2002,UTTAR PRADESH,MAHOBA,UTTAR PRADESH||MAHOBA
41,8,8,5,0,7,5,17,52,57,11,13,6,14,10,13,21,5,0,0,34,236,593,44,104,147,20,13,0.0741989881956155,2002,0.0880829015544041,2003,UTTAR PRADESH,MAHOBA,UTTAR PRADESH||MAHOBA
32,19,10,2,0,7,0,10,15,38,8,10,6,14,3,9,13,7,3,0,16,147,386,34,90,74,20,10,0.0880829015544041,2003,0.084090909090909,2004,UTTAR PRADESH,MAHOBA,UTTAR PRADESH||MAHOBA
36,17,10,6,0,9,0,4,24,29,5,6,4,10,6,5,14,9,3,0,28,182,440,37,88,68,14,6,0.084090909090909,2004,0.06265664160401,2005,UTTAR PRADESH,MAHOBA,UTTAR PRADESH||MAHOBA
43,13,8,4,0,1,0,0,12,28,6,15,3,10,0,4,3,12,2,0,30,168,399,25,84,46,13,15,0.06265664160401,2005,0.0741573033707865,2006,UTTAR PRADESH,MAHOBA,UTTAR PRADESH||MAHOBA
44,13,14,3,0,9,3,9,15,33,11,19,1,14,0,9,3,9,9,0,31,173,445,33,114,68,15,19,0.0741573033707865,2006,0.1411290322580645,2007,UTTAR PRADESH,MAHOBA,UTTAR PRADESH||MAHOBA
30,13,20,10,0,11,0,8,18,55,30,12,10,17,4,12,21,14,13,0,20,182,496,70,104,115,27,12,0.1411290322580645,2007,0.1503067484662576,2008,UTTAR PRADESH,MAHOBA,UTTAR PRADESH||MAHOBA
23,11,6,12,0,26,3,15,43,51,16,18,21,22,8,17,24,15,30,0,41,231,652,98,114,133,43,18,0.1503067484662576,2008,0.1344086021505376,2009,UTTAR PRADESH,MAHOBA,UTTAR PRADESH||MAHOBA
136,151,20,13,0,56,38,72,88,191,26,120,41,83,29,42,32,3,63,0,5,686,2147,153,606,406,124,120,0.0712622263623661,2001,0.0623162845385067,2002,UTTAR PRADESH,MAINPURI,UTTAR PRADESH||MAINPURI
123,122,15,9,0,55,23,67,53,129,28,86,35,71,20,42,17,0,38,0,3,599,1701,106,500,297,106,86,0.0623162845385067,2002,0.0624417520969245,2003,UTTAR PRADESH,MAINPURI,UTTAR PRADESH||MAINPURI
108,85,31,7,0,30,9,31,26,96,28,28,21,29,1,31,10,6,13,0,90,254,1073,67,329,182,50,28,0.0624417520969245,2003,0.0586011342155009,2004,UTTAR PRADESH,MAINPURI,UTTAR PRADESH||MAINPURI
127,117,14,8,0,49,8,47,44,176,66,64,13,39,0,35,13,3,34,0,8,569,1587,93,434,333,52,64,0.0586011342155009,2004,0.0396659707724425,2005,UTTAR PRADESH,MAINPURI,UTTAR PRADESH||MAINPURI
111,121,18,5,0,41,3,28,38,139,76,61,20,29,0,22,8,5,17,0,8,564,1437,57,388,281,49,61,0.0396659707724425,2005,0.0609605911330049,2006,UTTAR PRADESH,MAINPURI,UTTAR PRADESH||MAINPURI
110,120,26,16,0,42,3,27,37,170,73,39,24,84,0,35,12,8,28,0,6,639,1624,99,383,307,108,39,0.0609605911330049,2006,0.0748207885304659,2007,UTTAR PRADESH,MAINPURI,UTTAR PRADESH||MAINPURI
108,137,24,11,0,72,58,65,54,251,119,72,70,101,1,48,32,22,54,0,15,846,2232,167,547,490,171,72,0.0748207885304659,2007,0.0525600362483008,2008,UTTAR PRADESH,MAINPURI,UTTAR PRADESH||MAINPURI
100,98,16,9,0,88,22,35,60,236,121,57,48,144,1,38,20,9,40,0,149,834,2207,116,425,453,192,57,0.0525600362483008,2008,0.0788288288288288,2009,UTTAR PRADESH,MAINPURI,UTTAR PRADESH||MAINPURI
125,170,9,25,0,62,21,97,108,372,144,170,68,127,19,21,48,50,77,0,214,1081,2990,221,679,740,195,170,0.0739130434782608,2001,0.085823754789272,2002,UTTAR PRADESH,MATHURA,UTTAR PRADESH||MATHURA
123,139,11,16,0,49,9,63,77,376,172,114,61,117,2,29,40,45,94,0,217,901,2610,224,524,690,178,114,0.085823754789272,2002,0.1026315789473684,2003,UTTAR PRADESH,MATHURA,UTTAR PRADESH||MATHURA
94,103,19,16,0,36,4,46,61,293,188,56,36,50,6,18,21,36,65,0,185,308,1520,156,374,594,86,56,0.1026315789473684,2003,0.0808262236192186,2004,UTTAR PRADESH,MATHURA,UTTAR PRADESH||MATHURA
96,95,16,24,0,34,7,51,52,388,188,80,66,76,10,22,35,42,57,0,212,727,2227,180,403,689,142,80,0.0808262236192186,2004,0.0825434439178515,2005,UTTAR PRADESH,MATHURA,UTTAR PRADESH||MATHURA
90,128,26,18,0,54,7,44,79,464,266,93,58,136,17,23,31,63,74,0,257,692,2532,209,460,870,194,93,0.0825434439178515,2005,0.0921219822109275,2006,UTTAR PRADESH,MATHURA,UTTAR PRADESH||MATHURA
104,121,19,30,0,57,5,49,105,596,357,91,72,202,16,25,66,43,126,0,279,942,3148,290,476,1123,274,91,0.0921219822109275,2006,0.1069356872635561,2007,UTTAR PRADESH,MATHURA,UTTAR PRADESH||MATHURA
83,115,14,36,0,74,9,44,87,610,377,141,119,370,11,26,62,50,250,0,273,1402,3965,424,516,1129,489,141,0.1069356872635561,2007,0.1038097673229353,2008,UTTAR PRADESH,MATHURA,UTTAR PRADESH||MATHURA
95,123,25,24,0,76,1,45,63,659,388,102,95,252,0,31,64,65,222,0,675,1130,3911,406,491,1155,347,102,0.1038097673229353,2008,0.0816224336504757,2009,UTTAR PRADESH,MATHURA,UTTAR PRADESH||MATHURA
49,49,9,17,0,30,4,27,79,117,12,122,27,34,21,16,33,27,39,0,68,428,1331,132,307,256,61,122,0.0991735537190082,2001,0.1009830205540661,2002,UTTAR PRADESH,MAU,UTTAR PRADESH||MAU
46,45,10,15,0,26,6,27,64,73,8,87,17,31,10,6,29,22,41,0,73,369,1119,113,262,182,48,87,0.1009830205540661,2002,0.138255033557047,2003,UTTAR PRADESH,MAU,UTTAR PRADESH||MAU
38,55,13,5,0,11,2,29,69,65,17,31,30,16,4,9,10,69,10,0,48,172,745,103,184,184,46,31,0.138255033557047,2003,0.0886889460154241,2004,UTTAR PRADESH,MAU,UTTAR PRADESH||MAU
42,54,19,3,0,19,1,27,52,92,24,69,11,16,1,9,11,22,24,0,52,142,778,69,234,196,27,69,0.0886889460154241,2004,0.1288265306122449,2005,UTTAR PRADESH,MAU,UTTAR PRADESH||MAU
34,41,17,5,0,8,0,20,49,77,16,81,21,31,3,10,10,47,29,0,64,146,784,101,206,165,52,81,0.1288265306122449,2005,0.0894039735099337,2006,UTTAR PRADESH,MAU,UTTAR PRADESH||MAU
33,43,14,7,0,24,2,12,67,112,24,77,16,54,6,10,8,38,18,0,69,212,906,81,212,221,70,77,0.0894039735099337,2006,0.1207464324917673,2007,UTTAR PRADESH,MAU,UTTAR PRADESH||MAU
32,38,12,8,0,37,0,14,62,93,27,78,11,72,11,14,21,32,35,0,67,185,911,110,219,207,83,78,0.1207464324917673,2007,0.1603603603603603,2008,UTTAR PRADESH,MAU,UTTAR PRADESH||MAU
27,38,12,19,0,50,0,14,43,134,38,89,29,90,0,12,29,44,74,0,65,204,1110,178,249,229,119,89,0.1603603603603603,2008,0.134765625,2009,UTTAR PRADESH,MAU,UTTAR PRADESH||MAU
275,239,10,28,0,160,35,210,268,1202,434,195,98,193,5,34,59,123,236,0,238,1688,5377,480,1152,2119,291,195,0.0892691091686814,2001,0.1012941762070682,2002,UTTAR PRADESH,MEERUT,UTTAR PRADESH||MEERUT
230,175,15,35,0,127,13,122,173,857,356,114,86,149,3,26,47,87,212,0,199,1282,4018,407,831,1511,235,114,0.1012941762070682,2002,0.1722735674676525,2003,UTTAR PRADESH,MEERUT,UTTAR PRADESH||MEERUT
193,139,21,40,0,85,9,87,158,665,316,91,63,89,5,31,31,165,199,0,214,364,2705,466,665,1231,152,91,0.1722735674676525,2003,0.1247091670544439,2004,UTTAR PRADESH,MEERUT,UTTAR PRADESH||MEERUT
225,179,19,33,0,137,21,146,149,1192,598,131,80,128,3,19,52,153,279,0,209,1070,4298,536,891,2088,208,131,0.1247091670544439,2004,0.1290545203588682,2005,UTTAR PRADESH,MEERUT,UTTAR PRADESH||MEERUT
199,208,16,37,0,139,16,110,195,1038,524,135,89,160,2,34,66,121,303,0,209,1200,4347,561,860,1869,249,135,0.1290545203588682,2005,0.1151768172888015,2006,UTTAR PRADESH,MEERUT,UTTAR PRADESH||MEERUT
185,209,28,37,0,108,6,86,149,1003,540,135,69,204,7,21,74,91,246,0,130,1126,4072,469,794,1785,273,135,0.1151768172888015,2006,0.1605442176870748,2007,UTTAR PRADESH,MEERUT,UTTAR PRADESH||MEERUT
195,189,21,39,0,150,7,86,167,854,414,148,116,330,6,38,63,163,405,0,229,1026,4410,708,835,1527,446,148,0.1605442176870748,2007,0.1295522388059701,2008,UTTAR PRADESH,MEERUT,UTTAR PRADESH||MEERUT
166,160,25,50,0,178,3,111,125,965,504,145,118,302,0,37,73,165,326,0,317,1715,5025,651,838,1705,420,145,0.1295522388059701,2008,0.1149767441860465,2009,UTTAR PRADESH,MEERUT,UTTAR PRADESH||MEERUT
44,67,8,16,0,14,7,18,77,157,24,28,16,34,2,23,16,21,39,0,118,289,1185,115,202,278,50,28,0.0970464135021097,2001,0.0809312638580931,2002,UTTAR PRADESH,MIRZAPUR,UTTAR PRADESH||MIRZAPUR
46,35,13,7,0,17,5,12,38,108,20,31,21,19,0,15,15,8,28,0,126,232,902,73,166,178,40,31,0.0809312638580931,2002,0.0661764705882353,2003,UTTAR PRADESH,MIRZAPUR,UTTAR PRADESH||MIRZAPUR
31,27,11,6,0,11,4,13,45,68,20,8,9,16,0,12,6,4,8,0,23,198,544,36,111,146,25,8,0.0661764705882353,2003,0.1013667425968109,2004,UTTAR PRADESH,MIRZAPUR,UTTAR PRADESH||MIRZAPUR
36,37,10,12,0,13,4,24,44,80,27,23,18,30,0,20,18,13,26,0,128,183,878,89,159,175,48,23,0.1013667425968109,2004,0.0924276169265033,2005,UTTAR PRADESH,MIRZAPUR,UTTAR PRADESH||MIRZAPUR
50,21,14,6,0,10,10,19,48,118,24,18,23,28,0,26,11,11,29,0,121,159,898,83,148,209,51,18,0.0924276169265033,2005,0.1339066339066339,2006,UTTAR PRADESH,MIRZAPUR,UTTAR PRADESH||MIRZAPUR
51,26,17,14,0,18,1,12,39,101,33,22,14,32,0,22,11,9,53,0,114,152,814,109,161,185,46,22,0.1339066339066339,2006,0.1320754716981132,2007,UTTAR PRADESH,MIRZAPUR,UTTAR PRADESH||MIRZAPUR
40,17,16,10,0,8,0,9,38,98,39,7,19,52,0,28,13,11,43,0,43,250,795,105,107,184,71,7,0.1320754716981132,2007,0.1530139103554868,2008,UTTAR PRADESH,MIRZAPUR,UTTAR PRADESH||MIRZAPUR
51,15,16,19,0,23,4,19,50,173,68,12,34,90,0,24,16,6,133,0,88,395,1294,198,159,310,124,12,0.1530139103554868,2008,0.1847826086956521,2009,UTTAR PRADESH,MIRZAPUR,UTTAR PRADESH||MIRZAPUR
213,171,18,44,0,102,20,101,160,607,160,97,40,104,21,45,79,85,207,0,238,845,3445,460,766,1049,144,97,0.1335268505079825,2001,0.1307854137447405,2002,UTTAR PRADESH,MORADABAD,UTTAR PRADESH||MORADABAD
178,160,31,36,0,77,14,60,126,518,121,86,40,112,5,35,53,75,174,0,55,897,2852,373,642,830,152,86,0.1307854137447405,2002,0.1777123220422189,2003,UTTAR PRADESH,MORADABAD,UTTAR PRADESH||MORADABAD
156,86,34,43,0,63,12,51,92,313,128,39,48,83,2,24,25,158,112,0,72,564,2037,362,484,586,131,39,0.1777123220422189,2003,0.1476528384279476,2004,UTTAR PRADESH,MORADABAD,UTTAR PRADESH||MORADABAD
194,153,26,57,0,98,18,89,140,527,194,89,55,148,5,27,66,126,265,0,115,1390,3664,541,724,955,203,89,0.1476528384279476,2004,0.1511860531580451,2005,UTTAR PRADESH,MORADABAD,UTTAR PRADESH||MORADABAD
168,169,29,52,0,98,10,65,106,574,189,107,54,117,0,38,95,135,209,0,142,1221,3499,529,698,934,171,107,0.1511860531580451,2005,0.1423886307734353,2006,UTTAR PRADESH,MORADABAD,UTTAR PRADESH||MORADABAD
151,138,32,44,0,94,5,37,103,557,204,75,69,98,0,23,69,142,243,0,152,1538,3659,521,576,901,167,75,0.1423886307734353,2006,0.116635687732342,2007,UTTAR PRADESH,MORADABAD,UTTAR PRADESH||MORADABAD
130,138,59,58,0,129,4,44,112,597,246,95,49,206,2,34,83,115,212,0,132,2017,4304,502,657,1001,255,95,0.116635687732342,2007,0.0948360494796779,2008,UTTAR PRADESH,MORADABAD,UTTAR PRADESH||MORADABAD
126,118,42,75,0,179,6,60,166,783,315,77,84,239,0,38,117,114,139,0,219,2416,5093,483,683,1324,323,77,0.0948360494796779,2008,0.1220059880239521,2009,UTTAR PRADESH,MORADABAD,UTTAR PRADESH||MORADABAD
324,255,12,54,0,142,23,150,185,637,189,186,74,94,18,24,51,33,265,0,116,1274,4042,427,1146,1179,168,186,0.1056407718951014,2001,0.0922208281053952,2002,UTTAR PRADESH,MUZAFFARNAGAR,UTTAR PRADESH||MUZAFFARNAGAR
287,195,9,30,0,121,14,122,127,479,159,112,38,88,4,37,34,30,163,0,116,1164,3188,294,890,891,126,112,0.0922208281053952,2002,0.1456740442655935,2003,UTTAR PRADESH,MUZAFFARNAGAR,UTTAR PRADESH||MUZAFFARNAGAR
186,107,46,32,0,74,9,98,59,346,173,66,36,28,0,29,23,205,73,0,77,976,2485,362,618,676,64,66,0.1456740442655935,2003,0.0957483581057725,2004,UTTAR PRADESH,MUZAFFARNAGAR,UTTAR PRADESH||MUZAFFARNAGAR
253,163,21,44,0,90,8,93,95,563,207,91,50,88,0,23,34,103,73,0,112,976,2893,277,763,958,138,91,0.0957483581057725,2004,0.1172648514851485,2005,UTTAR PRADESH,MUZAFFARNAGAR,UTTAR PRADESH||MUZAFFARNAGAR
207,187,24,44,0,80,20,105,115,606,229,131,63,104,0,20,46,113,156,0,0,1191,3232,379,798,1055,167,131,0.1172648514851485,2005,0.1129807692307692,2006,UTTAR PRADESH,MUZAFFARNAGAR,UTTAR PRADESH||MUZAFFARNAGAR
230,164,32,31,0,120,10,86,84,628,293,144,44,119,0,39,46,88,172,0,0,1266,3328,376,817,1091,163,144,0.1129807692307692,2006,0.1279569892473118,2007,UTTAR PRADESH,MUZAFFARNAGAR,UTTAR PRADESH||MUZAFFARNAGAR
213,170,26,37,0,154,12,75,89,532,230,142,69,191,0,34,56,72,277,0,123,1418,3720,476,829,926,260,142,0.1279569892473118,2007,0.1127954779033915,2008,UTTAR PRADESH,MUZAFFARNAGAR,UTTAR PRADESH||MUZAFFARNAGAR
168,175,50,40,0,135,12,76,91,613,253,131,71,206,0,28,39,74,258,0,185,1519,3892,439,787,1033,277,131,0.1127954779033915,2008,0.1396648044692737,2009,UTTAR PRADESH,MUZAFFARNAGAR,UTTAR PRADESH||MUZAFFARNAGAR
115,233,12,64,0,66,21,62,92,192,25,84,41,69,5,44,50,20,195,0,49,804,2239,373,657,376,110,84,0.1665922286735149,2001,0.139486103828002,2002,UTTAR PRADESH,PILIBHIT,UTTAR PRADESH||PILIBHIT
91,100,14,41,0,51,12,46,58,179,27,53,34,76,0,33,19,70,103,0,47,867,1907,266,408,310,110,53,0.139486103828002,2002,0.1524132091447925,2003,UTTAR PRADESH,PILIBHIT,UTTAR PRADESH||PILIBHIT
63,62,14,21,0,36,6,18,28,132,28,22,6,34,0,13,9,137,0,0,39,531,1181,180,242,206,40,22,0.1524132091447925,2003,0.1838729383017715,2004,UTTAR PRADESH,PILIBHIT,UTTAR PRADESH||PILIBHIT
74,60,17,28,0,54,11,27,35,165,32,37,19,83,1,21,37,52,163,0,43,701,1637,301,308,260,102,37,0.1838729383017715,2004,0.0928917609046849,2005,UTTAR PRADESH,PILIBHIT,UTTAR PRADESH||PILIBHIT
59,59,16,24,0,37,7,16,25,89,20,14,30,52,0,20,23,33,15,0,42,672,1238,115,232,150,82,14,0.0928917609046849,2005,0.0996677740863787,2006,UTTAR PRADESH,PILIBHIT,UTTAR PRADESH||PILIBHIT
47,23,8,13,0,27,2,8,12,65,12,9,38,62,0,16,39,37,45,0,45,1000,1505,150,137,97,100,9,0.0996677740863787,2006,0.0817686250757116,2007,UTTAR PRADESH,PILIBHIT,UTTAR PRADESH||PILIBHIT
38,20,17,23,0,47,0,4,18,83,31,10,61,120,1,18,38,18,38,0,63,1029,1651,135,159,137,181,10,0.0817686250757116,2007,0.2165991902834008,2008,UTTAR PRADESH,PILIBHIT,UTTAR PRADESH||PILIBHIT
47,60,14,41,0,108,0,8,47,167,42,36,61,145,0,35,90,10,359,0,69,1158,2470,535,314,264,206,36,0.2165991902834008,2008,0.1526717557251908,2009,UTTAR PRADESH,PILIBHIT,UTTAR PRADESH||PILIBHIT
76,123,22,18,0,43,6,44,129,139,17,101,29,59,22,33,21,9,44,0,100,883,2421,125,433,351,88,101,0.0516315572077653,2001,0.0553168635875402,2002,UTTAR PRADESH,PRATAPGARH,UTTAR PRADESH||PRATAPGARH
64,87,17,18,0,25,8,21,55,113,24,75,20,57,0,27,18,4,36,0,88,791,1862,103,315,213,77,75,0.0553168635875402,2002,0.0899100899100899,2003,UTTAR PRADESH,PRATAPGARH,UTTAR PRADESH||PRATAPGARH
44,39,19,9,0,22,1,13,45,79,23,34,32,56,0,24,7,12,38,0,3,331,1001,90,181,160,88,34,0.0899100899100899,2003,0.0583140877598152,2004,UTTAR PRADESH,PRATAPGARH,UTTAR PRADESH||PRATAPGARH
63,71,21,18,0,31,1,18,89,177,36,75,30,39,11,22,19,5,37,0,71,547,1732,101,298,331,69,75,0.0583140877598152,2004,0.0764419735927727,2005,UTTAR PRADESH,PRATAPGARH,UTTAR PRADESH||PRATAPGARH
60,74,24,15,0,37,3,17,73,170,46,77,31,56,10,23,17,4,51,0,66,397,1439,110,307,316,87,77,0.0764419735927727,2005,0.1161007667031763,2006,UTTAR PRADESH,PRATAPGARH,UTTAR PRADESH||PRATAPGARH
64,79,18,30,0,61,1,26,119,176,65,109,42,68,14,30,30,14,108,0,91,473,1826,212,388,400,110,109,0.1161007667031763,2006,0.1199524940617577,2007,UTTAR PRADESH,PRATAPGARH,UTTAR PRADESH||PRATAPGARH
58,44,21,16,0,53,3,19,84,180,66,91,29,59,17,27,32,20,107,0,90,530,1684,202,305,366,88,91,0.1199524940617577,2007,0.116794200563834,2008,UTTAR PRADESH,PRATAPGARH,UTTAR PRADESH||PRATAPGARH
48,64,27,33,0,92,5,34,111,220,71,137,90,106,16,32,52,18,155,0,136,840,2483,290,440,452,196,137,0.116794200563834,2008,0.0993377483443708,2009,UTTAR PRADESH,PRATAPGARH,UTTAR PRADESH||PRATAPGARH
87,63,26,58,0,58,3,41,160,304,46,94,49,35,3,29,57,17,137,0,127,814,2544,298,430,554,84,94,0.1171383647798742,2001,0.1133238501659554,2002,UTTAR PRADESH,RAIBAREILLY,UTTAR PRADESH||RAIBAREILLY
75,56,23,35,0,40,2,24,98,245,25,70,44,44,13,26,46,22,110,0,123,688,2109,239,325,405,88,70,0.1133238501659554,2002,0.1467128027681661,2003,UTTAR PRADESH,RAIBAREILLY,UTTAR PRADESH||RAIBAREILLY
69,48,28,20,0,27,4,19,64,153,19,25,14,16,14,16,36,102,38,0,112,401,1445,212,240,269,30,25,0.1467128027681661,2003,0.1364617044228694,2004,UTTAR PRADESH,RAIBAREILLY,UTTAR PRADESH||RAIBAREILLY
74,62,32,42,0,52,4,26,66,220,38,52,32,50,0,23,54,33,101,0,10,578,1854,253,344,350,82,52,0.1364617044228694,2004,0.1609260304912478,2005,UTTAR PRADESH,RAIBAREILLY,UTTAR PRADESH||RAIBAREILLY
72,81,21,26,0,41,5,25,57,247,55,63,25,33,4,18,47,27,167,0,111,381,1771,285,334,388,58,63,0.1609260304912478,2005,0.1771356783919598,2006,UTTAR PRADESH,RAIBAREILLY,UTTAR PRADESH||RAIBAREILLY
53,78,19,21,0,40,2,13,54,188,51,44,28,35,1,23,40,28,170,0,137,344,1592,282,270,307,63,44,0.1771356783919598,2006,0.1615553121577218,2007,UTTAR PRADESH,RAIBAREILLY,UTTAR PRADESH||RAIBAREILLY
57,46,26,31,0,47,5,14,63,175,45,55,56,97,0,31,53,38,142,0,140,535,1826,295,281,297,153,55,0.1615553121577218,2007,0.111310592459605,2008,UTTAR PRADESH,RAIBAREILLY,UTTAR PRADESH||RAIBAREILLY
63,47,15,38,0,60,6,12,47,184,41,54,80,133,2,33,43,44,90,0,162,886,2228,248,295,286,213,54,0.111310592459605,2008,0.1195952161913523,2009,UTTAR PRADESH,RAIBAREILLY,UTTAR PRADESH||RAIBAREILLY
89,98,26,22,0,44,11,35,71,266,31,51,34,45,9,18,11,0,49,0,62,565,1644,100,376,412,79,51,0.0608272506082725,2001,0.1324362606232294,2002,UTTAR PRADESH,RAMPUR,UTTAR PRADESH||RAMPUR
87,77,15,20,0,40,6,31,70,277,39,40,22,45,2,11,36,14,106,0,58,372,1412,187,316,419,67,40,0.1324362606232294,2002,0.0426457789382071,2003,UTTAR PRADESH,RAMPUR,UTTAR PRADESH||RAMPUR
63,49,17,13,0,24,8,15,40,126,28,20,21,38,1,12,12,7,5,0,59,568,1149,49,209,210,59,20,0.0426457789382071,2003,0.0500338066260987,2004,UTTAR PRADESH,RAMPUR,UTTAR PRADESH||RAMPUR
74,82,20,22,0,39,2,23,47,225,49,38,36,99,2,14,23,6,9,0,69,619,1479,74,300,346,135,38,0.0500338066260987,2004,0.048841059602649,2005,UTTAR PRADESH,RAMPUR,UTTAR PRADESH||RAMPUR
69,57,14,17,0,33,6,12,42,169,48,44,35,88,3,13,22,3,4,0,69,479,1208,59,252,274,123,44,0.048841059602649,2005,0.0438957475994513,2006,UTTAR PRADESH,RAMPUR,UTTAR PRADESH||RAMPUR
57,65,17,11,0,43,2,22,37,242,55,39,35,73,6,13,32,4,4,0,96,646,1458,64,256,362,108,39,0.0438957475994513,2006,0.0612722170252572,2007,UTTAR PRADESH,RAMPUR,UTTAR PRADESH||RAMPUR
57,71,19,40,0,61,5,47,37,274,58,52,68,169,4,18,50,13,10,0,105,1021,2138,131,352,420,237,52,0.0612722170252572,2007,0.0595026642984014,2008,UTTAR PRADESH,RAMPUR,UTTAR PRADESH||RAMPUR
56,94,17,46,0,107,4,42,81,334,109,53,78,163,7,21,46,17,4,0,138,930,2252,134,419,573,241,53,0.0595026642984014,2008,0.0583401807723911,2009,UTTAR PRADESH,RAMPUR,UTTAR PRADESH||RAMPUR
101,128,14,41,0,75,13,65,79,428,133,161,61,161,7,21,45,96,196,0,47,1074,2869,399,598,712,222,161,0.1390728476821192,2001,0.1355641355641355,2002,UTTAR PRADESH,SAHARANPUR,UTTAR PRADESH||SAHARANPUR
89,114,9,15,0,64,4,44,81,309,125,70,49,139,0,24,19,42,216,0,0,1035,2331,316,409,559,188,70,0.1355641355641355,2002,0.117683302526186,2003,UTTAR PRADESH,SAHARANPUR,UTTAR PRADESH||SAHARANPUR
82,99,36,17,0,63,2,37,50,230,114,58,41,129,0,10,17,70,77,0,0,563,1623,191,394,431,170,58,0.117683302526186,2003,0.1259588211546225,2004,UTTAR PRADESH,SAHARANPUR,UTTAR PRADESH||SAHARANPUR
93,117,24,22,0,52,4,47,89,477,171,84,46,154,0,19,28,70,173,0,0,971,2477,312,443,784,200,84,0.1259588211546225,2004,0.109486000835771,2005,UTTAR PRADESH,SAHARANPUR,UTTAR PRADESH||SAHARANPUR
84,117,20,15,0,31,2,34,75,374,144,87,65,178,0,19,35,74,119,0,125,902,2393,262,390,627,243,87,0.109486000835771,2005,0.1037868162692847,2006,UTTAR PRADESH,SAHARANPUR,UTTAR PRADESH||SAHARANPUR
78,117,18,15,0,41,3,36,73,410,167,85,53,230,0,16,42,48,175,0,140,1221,2852,296,393,686,283,85,0.1037868162692847,2006,0.1138513513513513,2007,UTTAR PRADESH,SAHARANPUR,UTTAR PRADESH||SAHARANPUR
81,105,24,14,0,41,1,22,64,389,171,80,56,227,0,16,36,77,194,0,132,1338,2960,337,368,646,283,80,0.1138513513513513,2007,0.0997442455242966,2008,UTTAR PRADESH,SAHARANPUR,UTTAR PRADESH||SAHARANPUR
56,73,20,8,0,31,0,24,46,381,165,71,72,194,0,23,23,66,153,0,214,1235,2737,273,283,616,266,71,0.0997442455242966,2008,0.1057414291615035,2009,UTTAR PRADESH,SAHARANPUR,UTTAR PRADESH||SAHARANPUR
16,16,4,9,0,17,0,4,18,39,8,27,12,32,7,7,11,6,26,0,53,163,599,59,93,76,44,27,0.0984974958263772,2001,0.0837320574162679,2002,UTTAR PRADESH,SANT KABIRNAGAR,UTTAR PRADESH||SANT KABIRNAGAR
22,18,4,4,0,12,2,4,16,39,9,14,11,17,0,6,6,3,16,0,31,93,418,35,80,68,28,14,0.0837320574162679,2002,0.1798941798941798,2003,UTTAR PRADESH,SANT KABIRNAGAR,UTTAR PRADESH||SANT KABIRNAGAR
19,12,4,0,0,5,0,6,12,23,2,19,12,12,2,10,5,43,10,0,31,79,378,68,65,45,24,19,0.1798941798941798,2003,0.0883720930232558,2004,UTTAR PRADESH,SANT KABIRNAGAR,UTTAR PRADESH||SANT KABIRNAGAR
19,21,6,6,0,10,1,6,20,50,13,40,6,11,0,4,1,12,15,0,16,114,430,38,109,89,17,40,0.0883720930232558,2004,0.0906862745098039,2005,UTTAR PRADESH,SANT KABIRNAGAR,UTTAR PRADESH||SANT KABIRNAGAR
16,12,2,3,0,16,1,10,25,50,12,25,8,5,1,6,2,15,11,0,16,116,408,37,85,98,13,25,0.0906862745098039,2005,0.1281553398058252,2006,UTTAR PRADESH,SANT KABIRNAGAR,UTTAR PRADESH||SANT KABIRNAGAR
19,15,10,4,0,18,0,11,22,46,10,18,13,23,0,7,7,23,25,0,24,143,515,66,95,89,36,18,0.1281553398058252,2006,0.1570576540755467,2007,UTTAR PRADESH,SANT KABIRNAGAR,UTTAR PRADESH||SANT KABIRNAGAR
21,10,8,9,0,20,0,12,15,36,14,16,15,28,2,7,13,16,34,0,47,111,503,79,96,79,43,16,0.1570576540755467,2007,0.0619684082624544,2008,UTTAR PRADESH,SANT KABIRNAGAR,UTTAR PRADESH||SANT KABIRNAGAR
12,17,6,9,0,40,0,10,31,63,23,11,25,47,2,7,5,18,12,0,68,306,823,51,105,129,72,11,0.0619684082624544,2008,0.0497925311203319,2009,UTTAR PRADESH,SANT KABIRNAGAR,UTTAR PRADESH||SANT KABIRNAGAR
196,223,37,55,0,112,15,70,83,340,54,61,43,81,7,66,61,21,146,0,67,790,2941,349,769,554,124,61,0.1186671200272016,2001,0.095360824742268,2002,UTTAR PRADESH,SHAHJAHANPUR,UTTAR PRADESH||SHAHJAHANPUR
210,205,34,40,0,89,7,70,88,337,58,44,32,81,16,49,52,35,83,0,119,912,2716,259,699,569,113,44,0.095360824742268,2002,0.0940525587828492,2003,UTTAR PRADESH,SHAHJAHANPUR,UTTAR PRADESH||SHAHJAHANPUR
162,118,36,17,0,65,4,39,50,162,49,12,17,19,0,28,17,63,11,0,67,423,1446,136,453,300,36,12,0.0940525587828492,2003,0.0766389658356417,2004,UTTAR PRADESH,SHAHJAHANPUR,UTTAR PRADESH||SHAHJAHANPUR
137,166,34,31,0,89,10,48,82,216,49,34,38,55,9,41,49,24,21,0,64,815,2166,166,549,404,93,34,0.0766389658356417,2004,0.0757409440175631,2005,UTTAR PRADESH,SHAHJAHANPUR,UTTAR PRADESH||SHAHJAHANPUR
139,120,14,26,0,55,8,33,46,186,45,35,25,53,5,25,40,25,22,0,127,684,1822,138,430,315,78,35,0.0757409440175631,2005,0.0692943420216147,2006,UTTAR PRADESH,SHAHJAHANPUR,UTTAR PRADESH||SHAHJAHANPUR
115,101,28,21,0,57,5,20,33,141,47,28,30,48,2,34,21,25,8,0,170,614,1573,109,375,243,78,28,0.0692943420216147,2006,0.0921590486807878,2007,UTTAR PRADESH,SHAHJAHANPUR,UTTAR PRADESH||SHAHJAHANPUR
126,125,35,52,0,102,19,48,84,244,87,59,60,129,11,56,84,43,13,0,198,1014,2691,248,566,474,189,59,0.0921590486807878,2007,0.0950757575757575,2008,UTTAR PRADESH,SHAHJAHANPUR,UTTAR PRADESH||SHAHJAHANPUR
114,143,31,68,0,121,3,28,50,227,61,33,66,118,2,68,80,25,10,0,229,1041,2640,251,541,368,184,33,0.0950757575757575,2008,0.0728095433977786,2009,UTTAR PRADESH,SHAHJAHANPUR,UTTAR PRADESH||SHAHJAHANPUR
35,30,15,13,0,21,6,13,49,108,2,37,10,22,4,4,16,8,18,0,29,194,747,59,170,176,32,37,0.0789825970548862,2001,0.1086065573770491,2002,UTTAR PRADESH,SHRAWASTI,UTTAR PRADESH||SHRAWASTI
18,25,9,3,0,6,2,7,37,59,6,18,5,19,0,3,16,19,12,0,26,157,488,53,88,109,24,18,0.1086065573770491,2002,0.1350210970464135,2003,UTTAR PRADESH,SHRAWASTI,UTTAR PRADESH||SHRAWASTI
15,6,12,3,0,4,0,3,16,18,0,3,6,6,0,4,2,18,5,0,0,63,237,32,46,37,12,3,0.1350210970464135,2003,0.0573770491803278,2004,UTTAR PRADESH,SHRAWASTI,UTTAR PRADESH||SHRAWASTI
17,12,7,4,0,9,0,6,21,32,5,11,1,13,3,6,7,4,0,0,22,100,366,21,66,67,14,11,0.0573770491803278,2004,0.0949554896142433,2005,UTTAR PRADESH,SHRAWASTI,UTTAR PRADESH||SHRAWASTI
21,14,9,6,0,13,0,9,25,36,2,9,8,7,1,6,5,7,8,0,11,68,337,32,81,73,15,9,0.0949554896142433,2005,0.1065375302663438,2006,UTTAR PRADESH,SHRAWASTI,UTTAR PRADESH||SHRAWASTI
11,11,6,6,0,21,2,3,21,33,2,20,8,18,0,16,12,10,0,0,26,91,413,44,80,59,26,20,0.1065375302663438,2006,0.1399491094147582,2007,UTTAR PRADESH,SHRAWASTI,UTTAR PRADESH||SHRAWASTI
19,11,9,10,0,18,2,5,29,55,6,11,12,16,0,4,12,5,24,0,27,63,393,55,85,95,28,11,0.1399491094147582,2007,0.0794871794871794,2008,UTTAR PRADESH,SHRAWASTI,UTTAR PRADESH||SHRAWASTI
20,13,9,6,0,16,0,5,26,44,6,8,5,22,0,6,13,2,4,0,47,90,390,31,77,81,27,8,0.0794871794871794,2008,0.1233766233766233,2009,UTTAR PRADESH,SHRAWASTI,UTTAR PRADESH||SHRAWASTI
13,18,8,12,0,24,2,10,84,82,11,26,19,30,8,13,20,3,28,0,10,287,834,76,113,195,49,26,0.0911270983213429,2001,0.0773109243697479,2002,UTTAR PRADESH,SIDHARTHNAGAR,UTTAR PRADESH||SIDHARTHNAGAR
15,10,9,6,0,21,1,8,43,39,8,16,12,39,2,6,19,4,11,0,49,204,595,46,86,100,51,16,0.0773109243697479,2002,0.0504731861198738,2003,UTTAR PRADESH,SIDHARTHNAGAR,UTTAR PRADESH||SIDHARTHNAGAR
10,14,9,2,0,7,2,3,17,29,9,10,6,12,0,8,4,7,11,0,17,416,634,32,57,58,18,10,0.0504731861198738,2003,0.0826446280991735,2004,UTTAR PRADESH,SIDHARTHNAGAR,UTTAR PRADESH||SIDHARTHNAGAR
23,12,11,10,0,17,9,8,61,91,26,25,16,33,0,16,13,4,27,0,7,362,847,70,115,186,49,25,0.0826446280991735,2004,0.121122599704579,2005,UTTAR PRADESH,SIDHARTHNAGAR,UTTAR PRADESH||SIDHARTHNAGAR
17,15,10,4,0,19,3,7,45,77,35,22,14,26,0,12,13,40,13,0,41,221,677,82,97,164,40,22,0.121122599704579,2005,0.1361916771752837,2006,UTTAR PRADESH,SIDHARTHNAGAR,UTTAR PRADESH||SIDHARTHNAGAR
17,4,14,4,0,28,4,10,43,86,25,18,20,48,0,15,12,58,19,0,47,269,793,108,99,164,68,18,0.1361916771752837,2006,0.1361867704280155,2007,UTTAR PRADESH,SIDHARTHNAGAR,UTTAR PRADESH||SIDHARTHNAGAR
12,4,11,5,0,25,0,7,38,78,32,13,20,61,0,9,13,33,45,0,59,286,771,105,77,155,81,13,0.1361867704280155,2007,0.1411764705882353,2008,UTTAR PRADESH,SIDHARTHNAGAR,UTTAR PRADESH||SIDHARTHNAGAR
19,11,19,12,0,32,3,4,33,105,53,21,17,15,0,16,30,20,30,0,33,279,765,108,121,195,32,21,0.1411764705882353,2008,0.1028571428571428,2009,UTTAR PRADESH,SIDHARTHNAGAR,UTTAR PRADESH||SIDHARTHNAGAR
162,139,56,85,0,99,5,95,237,826,42,124,57,134,18,82,71,35,106,0,165,1945,4732,379,765,1218,191,124,0.0800929839391377,2001,0.0881057268722467,2002,UTTAR PRADESH,SITAPUR,UTTAR PRADESH||SITAPUR
167,144,43,73,0,99,3,87,171,590,60,102,42,62,32,83,65,13,66,0,162,1091,3405,300,718,940,104,102,0.0881057268722467,2002,0.1170603674540682,2003,UTTAR PRADESH,SITAPUR,UTTAR PRADESH||SITAPUR
129,64,46,47,0,58,1,32,69,287,48,42,27,23,10,50,53,36,37,0,108,528,1905,223,419,446,50,42,0.1170603674540682,2003,0.1082592958209937,2004,UTTAR PRADESH,SITAPUR,UTTAR PRADESH||SITAPUR
152,131,35,72,0,104,2,73,140,460,53,97,57,81,23,71,73,34,79,0,82,978,3039,329,666,749,138,97,0.1082592958209937,2004,0.115530303030303,2005,UTTAR PRADESH,SITAPUR,UTTAR PRADESH||SITAPUR
142,627,43,51,0,89,5,57,104,471,76,70,68,109,36,70,72,31,142,0,187,402,3168,366,1084,744,177,70,0.115530303030303,2005,0.1099734546833522,2006,UTTAR PRADESH,SITAPUR,UTTAR PRADESH||SITAPUR
124,115,48,47,0,78,2,33,82,387,51,60,38,58,30,58,68,34,83,0,157,862,2637,290,507,583,96,60,0.1099734546833522,2006,0.1166261714682402,2007,UTTAR PRADESH,SITAPUR,UTTAR PRADESH||SITAPUR
112,81,39,67,0,102,7,43,87,466,61,57,100,92,15,61,69,20,119,0,105,963,2881,336,508,672,192,57,0.1166261714682402,2007,0.0940458015267175,2008,UTTAR PRADESH,SITAPUR,UTTAR PRADESH||SITAPUR
82,69,39,53,0,138,2,37,91,390,90,40,42,86,9,77,47,21,110,0,206,1479,3275,308,460,617,128,40,0.0940458015267175,2008,0.1075031525851198,2009,UTTAR PRADESH,SITAPUR,UTTAR PRADESH||SITAPUR
33,23,20,5,0,9,2,10,54,91,14,21,11,18,5,12,9,4,5,0,57,96,595,35,123,174,29,21,0.0588235294117647,2001,0.0664272890484739,2002,UTTAR PRADESH,SONBHADRA,UTTAR PRADESH||SONBHADRA
33,29,13,5,0,7,1,9,36,70,15,13,8,16,4,8,8,8,8,0,87,90,557,37,110,134,24,13,0.0664272890484739,2002,0.1317365269461078,2003,UTTAR PRADESH,SONBHADRA,UTTAR PRADESH||SONBHADRA
19,14,13,5,0,6,4,3,19,39,11,7,4,8,3,11,7,15,6,0,66,36,334,44,71,75,12,7,0.1317365269461078,2003,0.0876565295169946,2004,UTTAR PRADESH,SONBHADRA,UTTAR PRADESH||SONBHADRA
34,24,13,6,0,15,6,6,28,52,18,18,18,27,5,11,9,14,9,0,90,73,559,49,122,109,45,18,0.0876565295169946,2004,0.1059730250481695,2005,UTTAR PRADESH,SONBHADRA,UTTAR PRADESH||SONBHADRA
24,17,19,8,0,7,1,5,29,57,17,10,16,32,6,10,6,20,11,0,95,81,519,55,91,114,48,10,0.1059730250481695,2005,0.143418467583497,2006,UTTAR PRADESH,SONBHADRA,UTTAR PRADESH||SONBHADRA
31,21,17,8,0,4,0,5,25,41,12,11,12,24,3,10,14,32,9,0,89,100,509,73,97,86,36,11,0.143418467583497,2006,0.1424731182795699,2007,UTTAR PRADESH,SONBHADRA,UTTAR PRADESH||SONBHADRA
35,16,14,16,0,12,1,8,27,66,28,13,17,50,3,11,21,35,23,0,105,141,744,106,115,132,67,13,0.1424731182795699,2007,0.1558307533539731,2008,UTTAR PRADESH,SONBHADRA,UTTAR PRADESH||SONBHADRA
39,10,17,26,0,30,0,7,48,100,30,12,22,56,1,20,38,37,30,0,124,247,969,151,141,186,78,12,0.1558307533539731,2008,0.1122661122661122,2009,UTTAR PRADESH,SONBHADRA,UTTAR PRADESH||SONBHADRA
21,24,4,1,0,8,2,12,49,100,34,26,11,12,2,9,3,3,23,0,60,113,590,39,98,197,23,26,0.0661016949152542,2001,0.0451127819548872,2002,UTTAR PRADESH,ST.RAVIDASNAGAR,UTTAR PRADESH||STRAVIDASNAGAR
29,15,7,0,0,5,1,10,35,65,28,18,9,9,1,4,1,1,18,0,72,148,532,24,85,139,18,18,0.0451127819548872,2002,0.0736842105263157,2003,UTTAR PRADESH,ST.RAVIDASNAGAR,UTTAR PRADESH||STRAVIDASNAGAR
18,9,6,2,0,2,1,7,31,42,13,6,4,7,0,5,2,3,9,0,15,66,285,21,51,93,11,6,0.0736842105263157,2003,0.0759930915371329,2004,UTTAR PRADESH,ST.RAVIDASNAGAR,UTTAR PRADESH||STRAVIDASNAGAR
21,35,12,3,0,5,9,21,43,63,18,29,8,18,6,13,2,5,21,0,48,121,579,44,135,151,26,29,0.0759930915371329,2004,0.1239669421487603,2005,UTTAR PRADESH,ST.RAVIDASNAGAR,UTTAR PRADESH||STRAVIDASNAGAR
17,21,7,1,0,2,5,13,41,71,24,25,10,20,3,8,3,17,31,0,48,66,484,60,91,152,30,25,0.1239669421487603,2005,0.1141552511415525,2006,UTTAR PRADESH,ST.RAVIDASNAGAR,UTTAR PRADESH||STRAVIDASNAGAR
19,21,11,2,0,5,1,10,24,47,16,18,17,13,1,9,6,14,19,0,47,79,438,50,87,98,30,18,0.1141552511415525,2006,0.1150627615062761,2007,UTTAR PRADESH,ST.RAVIDASNAGAR,UTTAR PRADESH||STRAVIDASNAGAR
13,19,8,1,0,13,1,14,21,70,32,12,16,24,0,14,9,2,29,0,54,97,478,55,81,137,40,12,0.1150627615062761,2007,0.0854503464203233,2008,UTTAR PRADESH,ST.RAVIDASNAGAR,UTTAR PRADESH||STRAVIDASNAGAR
19,20,7,2,0,11,1,6,32,59,28,11,3,9,0,11,2,6,16,0,45,83,433,37,77,125,12,11,0.0854503464203233,2008,0.1201814058956916,2009,UTTAR PRADESH,ST.RAVIDASNAGAR,UTTAR PRADESH||STRAVIDASNAGAR
103,154,25,29,0,47,8,42,157,295,39,76,47,62,3,38,34,17,153,0,123,775,2540,271,484,536,109,76,0.1066929133858267,2001,0.0682242990654205,2002,UTTAR PRADESH,SULTANPUR,UTTAR PRADESH||SULTANPUR
85,109,22,23,0,34,5,45,99,229,43,62,57,53,9,20,22,15,66,0,140,730,2140,146,385,425,110,62,0.0682242990654205,2002,0.132906325060048,2003,UTTAR PRADESH,SULTANPUR,UTTAR PRADESH||SULTANPUR
62,56,21,18,0,22,2,33,76,151,23,15,36,36,1,19,10,81,38,0,54,321,1249,166,229,284,72,15,0.132906325060048,2003,0.0978487161693268,2004,UTTAR PRADESH,SULTANPUR,UTTAR PRADESH||SULTANPUR
59,78,41,18,0,36,1,32,111,220,69,18,29,34,0,17,21,32,53,0,111,315,1441,141,283,432,63,18,0.0978487161693268,2004,0.0794140323824209,2005,UTTAR PRADESH,SULTANPUR,UTTAR PRADESH||SULTANPUR
57,88,36,16,0,33,1,21,71,212,66,20,18,20,0,14,14,21,38,0,77,353,1297,103,272,370,38,20,0.0794140323824209,2005,0.1035940803382663,2006,UTTAR PRADESH,SULTANPUR,UTTAR PRADESH||SULTANPUR
77,104,21,25,0,31,3,32,81,169,62,41,37,44,1,23,21,23,55,0,109,391,1419,147,334,345,81,41,0.1035940803382663,2006,0.0972396486825596,2007,UTTAR PRADESH,SULTANPUR,UTTAR PRADESH||SULTANPUR
59,61,24,34,0,50,1,37,103,198,92,41,41,59,0,21,30,13,57,0,168,326,1594,155,307,430,100,41,0.0972396486825596,2007,0.065720294426919,2008,UTTAR PRADESH,SULTANPUR,UTTAR PRADESH||SULTANPUR
54,82,15,25,0,54,1,13,62,239,100,44,49,59,26,12,26,19,43,0,190,552,1902,125,288,440,108,44,0.065720294426919,2008,0.076215505913272,2009,UTTAR PRADESH,SULTANPUR,UTTAR PRADESH||SULTANPUR
147,141,15,53,0,97,9,74,85,361,28,147,34,60,23,63,100,12,168,0,162,1333,3548,396,683,571,94,147,0.1116121758737316,2001,0.1078136739293764,2002,UTTAR PRADESH,UNNAO,UTTAR PRADESH||UNNAO
126,94,15,34,0,63,5,51,67,218,36,92,32,60,14,57,70,8,118,0,145,996,2662,287,480,386,92,92,0.1078136739293764,2002,0.1764705882352941,2003,UTTAR PRADESH,UNNAO,UTTAR PRADESH||UNNAO
111,64,19,23,0,22,4,41,39,124,34,33,16,24,0,42,28,195,45,0,149,645,1887,333,317,238,40,33,0.1764705882352941,2003,0.1121544079290558,2004,UTTAR PRADESH,UNNAO,UTTAR PRADESH||UNNAO
123,107,23,45,0,62,3,36,49,151,30,59,25,24,2,29,37,26,78,0,163,566,1917,215,458,268,49,59,0.1121544079290558,2004,0.1278280542986425,2005,UTTAR PRADESH,UNNAO,UTTAR PRADESH||UNNAO
102,68,50,35,0,54,2,25,70,185,58,51,15,44,1,40,47,32,72,0,47,614,1768,226,387,339,59,51,0.1278280542986425,2005,0.1225396825396825,2006,UTTAR PRADESH,UNNAO,UTTAR PRADESH||UNNAO
96,70,35,37,0,44,3,19,44,159,53,37,16,25,0,37,35,26,58,0,150,466,1575,193,341,275,41,37,0.1225396825396825,2006,0.132051282051282,2007,UTTAR PRADESH,UNNAO,UTTAR PRADESH||UNNAO
94,61,37,30,0,68,6,32,41,165,58,45,36,51,0,52,37,26,61,0,137,423,1560,206,373,296,87,45,0.132051282051282,2007,0.1421351863550221,2008,UTTAR PRADESH,UNNAO,UTTAR PRADESH||UNNAO
58,61,34,36,0,78,1,19,48,177,58,28,43,66,2,52,50,26,61,0,56,550,1583,225,315,304,109,28,0.1421351863550221,2008,0.1475869809203142,2009,UTTAR PRADESH,UNNAO,UTTAR PRADESH||UNNAO
78,89,17,27,0,55,9,95,161,535,237,85,86,99,9,31,19,90,119,0,179,787,2904,286,455,1037,185,85,0.0984848484848484,2001,0.1021715913136347,2002,UTTAR PRADESH,VARANASI,UTTAR PRADESH||VARANASI
78,87,11,16,0,52,4,52,136,494,236,91,85,97,5,34,23,110,104,0,196,810,2809,287,391,923,182,91,0.1021715913136347,2002,0.0809042236763831,2003,UTTAR PRADESH,VARANASI,UTTAR PRADESH||VARANASI
74,48,27,7,0,18,4,28,79,381,233,41,43,37,2,21,4,71,33,0,27,582,1681,136,247,723,80,41,0.0809042236763831,2003,0.0710728836577637,2004,UTTAR PRADESH,VARANASI,UTTAR PRADESH||VARANASI
80,66,36,15,0,35,2,56,132,570,372,52,51,46,1,30,7,53,52,0,0,756,2209,157,342,1131,97,52,0.0710728836577637,2004,0.0697940503432494,2005,UTTAR PRADESH,VARANASI,UTTAR PRADESH||VARANASI
73,65,27,8,0,34,0,38,99,370,188,50,49,56,14,19,8,43,44,0,45,610,1748,122,295,709,105,50,0.0697940503432494,2005,0.0694966190833959,2006,UTTAR PRADESH,VARANASI,UTTAR PRADESH||VARANASI
73,65,19,16,0,45,0,40,123,714,520,120,69,102,6,23,10,46,90,0,55,865,2662,185,378,1403,171,120,0.0694966190833959,2006,0.1035940803382663,2007,UTTAR PRADESH,VARANASI,UTTAR PRADESH||VARANASI
66,61,21,20,0,50,2,44,182,917,687,119,114,257,2,35,20,120,197,0,79,1195,3784,392,383,1832,371,119,0.1035940803382663,2007,0.0917357582241241,2008,UTTAR PRADESH,VARANASI,UTTAR PRADESH||VARANASI
58,37,18,12,0,59,2,25,157,804,584,96,120,243,2,36,14,98,183,0,172,1331,3739,343,307,1572,363,96,0.0917357582241241,2008,0.0730622617534942,2009,UTTAR PRADESH,VARANASI,UTTAR PRADESH||VARANASI
18,12,2,4,0,1,7,7,12,55,5,4,5,11,2,3,5,0,5,0,0,70,251,17,55,81,16,4,0.0677290836653386,2001,0.0864197530864197,2002,UTTARAKHAND,ALMORA,UTTARAKHAND||ALMORA
17,14,3,3,0,2,2,14,22,55,1,12,5,7,8,11,7,1,6,0,18,49,324,28,67,100,12,12,0.0864197530864197,2002,0.0984251968503937,2003,UTTARAKHAND,ALMORA,UTTARAKHAND||ALMORA
15,5,2,1,0,1,1,9,23,47,5,6,6,15,1,9,6,4,5,0,15,30,254,25,40,85,21,6,0.0984251968503937,2003,0.1266968325791855,2004,UTTARAKHAND,ALMORA,UTTARAKHAND||ALMORA
10,11,0,1,0,5,0,6,21,27,0,9,3,3,2,7,7,4,9,0,14,34,221,28,42,56,6,9,0.1266968325791855,2004,0.0944881889763779,2005,UTTARAKHAND,ALMORA,UTTARAKHAND||ALMORA
22,7,0,6,0,6,0,17,16,48,4,6,0,8,2,6,4,2,6,0,13,51,254,24,64,87,8,6,0.0944881889763779,2005,0.1044176706827309,2006,UTTARAKHAND,ALMORA,UTTARAKHAND||ALMORA
15,10,3,11,0,5,0,11,13,36,1,11,3,37,3,5,3,1,6,0,18,34,249,26,66,64,40,11,0.1044176706827309,2006,0.0869565217391304,2007,UTTARAKHAND,ALMORA,UTTARAKHAND||ALMORA
19,9,2,6,0,0,2,10,35,42,2,11,1,6,4,5,4,0,11,0,14,90,299,26,59,93,7,11,0.0869565217391304,2007,0.1071428571428571,2008,UTTARAKHAND,ALMORA,UTTARAKHAND||ALMORA
12,7,1,2,0,7,1,5,18,30,3,11,1,11,2,8,5,3,9,0,17,77,252,27,46,58,12,11,0.1071428571428571,2008,0.0934959349593495,2009,UTTARAKHAND,ALMORA,UTTARAKHAND||ALMORA
10,7,0,1,0,4,0,4,2,13,0,2,0,4,0,8,1,0,0,0,0,48,115,10,28,19,4,2,0.0869565217391304,2001,0.1085271317829457,2002,UTTARAKHAND,BAGESHWAR,UTTARAKHAND||BAGESHWAR
4,1,0,5,0,3,0,9,2,22,1,0,2,7,0,2,0,0,7,0,4,45,129,14,22,34,9,0,0.1085271317829457,2002,0.088235294117647,2003,UTTARAKHAND,BAGESHWAR,UTTARAKHAND||BAGESHWAR
11,4,0,4,0,0,0,8,0,17,1,1,2,0,1,2,3,0,0,0,3,46,102,9,28,27,2,1,0.088235294117647,2003,0.1222222222222222,2004,UTTARAKHAND,BAGESHWAR,UTTARAKHAND||BAGESHWAR
4,1,0,5,0,4,0,4,11,6,0,1,2,2,1,4,0,0,2,0,4,32,90,11,19,22,4,1,0.1222222222222222,2004,0.0943396226415094,2005,UTTARAKHAND,BAGESHWAR,UTTARAKHAND||BAGESHWAR
10,5,0,7,0,2,0,5,5,17,0,0,0,0,2,1,1,1,0,0,5,35,106,10,29,29,0,0,0.0943396226415094,2005,0.2121212121212121,2006,UTTARAKHAND,BAGESHWAR,UTTARAKHAND||BAGESHWAR
11,3,0,4,0,4,0,7,9,14,0,0,0,2,1,4,6,0,7,0,8,9,99,21,29,31,2,0,0.2121212121212121,2006,0.1559633027522936,2007,UTTARAKHAND,BAGESHWAR,UTTARAKHAND||BAGESHWAR
10,1,0,3,0,0,0,2,8,8,0,5,1,5,0,2,6,2,4,0,9,40,109,17,21,18,6,5,0.1559633027522936,2007,0.2,2008,UTTARAKHAND,BAGESHWAR,UTTARAKHAND||BAGESHWAR
6,0,1,2,0,3,0,0,7,9,0,2,0,2,1,2,3,4,2,0,3,14,65,13,14,17,2,2,0.2,2008,0.1304347826086956,2009,UTTARAKHAND,BAGESHWAR,UTTARAKHAND||BAGESHWAR
13,6,2,3,0,3,0,6,39,26,1,22,5,3,2,3,10,0,1,0,22,39,213,17,55,74,8,22,0.0798122065727699,2001,0.1409691629955947,2002,UTTARAKHAND,CHAMOLI,UTTARAKHAND||CHAMOLI
15,7,1,4,0,6,2,6,27,18,3,21,0,3,2,5,12,7,4,0,21,52,227,32,62,56,3,21,0.1409691629955947,2002,0.0895522388059701,2003,UTTARAKHAND,CHAMOLI,UTTARAKHAND||CHAMOLI
9,9,0,4,0,3,0,1,36,14,2,33,1,1,2,3,8,2,1,0,14,26,201,18,59,55,2,33,0.0895522388059701,2003,0.0864197530864197,2004,UTTARAKHAND,CHAMOLI,UTTARAKHAND||CHAMOLI
5,14,1,4,0,7,0,1,20,13,1,14,3,10,6,1,12,1,3,0,15,90,243,21,46,41,13,14,0.0864197530864197,2004,0.0725806451612903,2005,UTTARAKHAND,CHAMOLI,UTTARAKHAND||CHAMOLI
9,4,2,4,0,5,0,1,44,17,0,14,3,1,1,6,3,4,1,0,17,97,248,18,39,63,4,14,0.0725806451612903,2005,0.0952380952380952,2006,UTTARAKHAND,CHAMOLI,UTTARAKHAND||CHAMOLI
5,5,1,7,0,4,0,3,20,13,0,25,3,6,1,5,2,0,4,0,17,62,189,18,50,37,9,25,0.0952380952380952,2006,0.0995475113122171,2007,UTTARAKHAND,CHAMOLI,UTTARAKHAND||CHAMOLI
15,9,0,10,0,7,0,1,28,26,1,19,8,8,3,2,5,0,5,0,25,29,221,22,61,59,16,19,0.0995475113122171,2007,0.0957446808510638,2008,UTTARAKHAND,CHAMOLI,UTTARAKHAND||CHAMOLI
1,2,1,2,0,6,0,1,11,17,0,3,1,2,1,1,3,0,3,0,7,22,94,9,16,30,3,3,0.0957446808510638,2008,0.0446428571428571,2009,UTTARAKHAND,CHAMOLI,UTTARAKHAND||CHAMOLI
3,3,2,0,0,3,1,4,8,13,2,1,0,6,1,0,7,0,5,0,4,37,127,12,17,28,6,1,0.0944881889763779,2001,0.0652173913043478,2002,UTTARAKHAND,CHAMPAWAT,UTTARAKHAND||CHAMPAWAT
6,4,0,2,0,4,0,1,8,14,4,2,0,1,0,1,3,0,0,0,3,31,92,6,19,27,1,2,0.0652173913043478,2002,0.0975609756097561,2003,UTTARAKHAND,CHAMPAWAT,UTTARAKHAND||CHAMPAWAT
7,6,2,1,0,3,2,2,9,14,0,3,1,3,0,2,5,0,4,0,6,39,123,12,26,25,4,3,0.0975609756097561,2003,0.0859375,2004,UTTARAKHAND,CHAMPAWAT,UTTARAKHAND||CHAMPAWAT
6,2,2,2,0,2,1,1,10,8,0,2,1,4,0,0,5,0,4,0,8,54,128,11,18,19,5,2,0.0859375,2004,0.074074074074074,2005,UTTARAKHAND,CHAMPAWAT,UTTARAKHAND||CHAMPAWAT
7,0,0,1,0,3,1,6,0,17,2,7,1,0,1,3,2,0,2,0,12,37,108,8,25,26,1,7,0.074074074074074,2005,0.073394495412844,2006,UTTARAKHAND,CHAMPAWAT,UTTARAKHAND||CHAMPAWAT
5,7,0,3,0,1,1,3,4,15,0,3,1,1,0,0,4,0,1,0,10,45,109,8,23,22,2,3,0.073394495412844,2006,0.0595238095238095,2007,UTTARAKHAND,CHAMPAWAT,UTTARAKHAND||CHAMPAWAT
5,0,2,2,0,2,0,3,7,13,1,3,0,2,2,0,1,0,2,0,9,16,84,5,17,26,2,3,0.0595238095238095,2007,0.1645569620253164,2008,UTTARAKHAND,CHAMPAWAT,UTTARAKHAND||CHAMPAWAT
2,2,1,2,0,4,0,1,4,13,4,1,2,1,0,3,0,3,5,0,2,26,79,13,13,22,3,1,0.1645569620253164,2008,0.0975609756097561,2009,UTTARAKHAND,CHAMPAWAT,UTTARAKHAND||CHAMPAWAT
32,66,3,12,0,54,5,31,174,392,157,111,37,122,7,4,13,19,85,0,134,602,1988,133,314,761,159,111,0.0669014084507042,2001,0.076533483398987,2002,UTTARAKHAND,DEHRADUN,UTTARAKHAND||DEHRADUN
39,37,15,12,0,62,4,22,139,294,110,71,35,121,3,5,11,29,79,0,151,568,1777,136,262,568,156,71,0.076533483398987,2002,0.0932456664674237,2003,UTTARAKHAND,DEHRADUN,UTTARAKHAND||DEHRADUN
31,43,5,16,0,30,3,29,114,311,119,58,42,151,4,11,13,31,85,0,112,508,1673,156,215,577,193,58,0.0932456664674237,2003,0.1063938618925831,2004,UTTARAKHAND,DEHRADUN,UTTARAKHAND||DEHRADUN
42,35,2,21,0,37,2,24,141,426,204,78,47,144,4,6,16,46,119,0,144,549,1955,208,241,799,191,78,0.1063938618925831,2004,0.0959349593495935,2005,UTTARAKHAND,DEHRADUN,UTTARAKHAND||DEHRADUN
42,39,5,23,0,45,3,24,123,446,161,108,43,167,6,8,13,47,86,0,137,414,1845,177,289,760,210,108,0.0959349593495935,2005,0.1042394014962593,2006,UTTARAKHAND,DEHRADUN,UTTARAKHAND||DEHRADUN
40,34,8,23,0,43,3,26,123,373,126,94,4,156,6,9,28,52,97,0,154,450,2005,209,271,654,160,94,0.1042394014962593,2006,0.1024943310657596,2007,UTTARAKHAND,DEHRADUN,UTTARAKHAND||DEHRADUN
37,50,6,29,0,60,7,25,148,396,134,98,47,237,2,3,45,23,126,0,135,462,2205,226,312,705,284,98,0.1024943310657596,2007,0.1082180634662327,2008,UTTARAKHAND,DEHRADUN,UTTARAKHAND||DEHRADUN
42,51,5,20,0,65,1,37,131,559,174,170,47,150,2,9,24,128,85,0,159,501,2458,266,391,903,197,170,0.1082180634662327,2008,0.1294845360824742,2009,UTTARAKHAND,DEHRADUN,UTTARAKHAND||DEHRADUN
94,75,6,13,0,52,5,43,62,349,107,137,50,86,7,10,21,33,105,0,121,301,1843,182,425,568,136,137,0.0987520347259902,2001,0.1020710059171597,2002,UTTARAKHAND,HARIDWAR,UTTARAKHAND||HARIDWAR
75,70,6,23,0,63,5,49,90,430,150,114,48,78,8,11,41,30,102,0,120,450,2028,207,405,727,126,114,0.1020710059171597,2002,0.0979729729729729,2003,UTTARAKHAND,HARIDWAR,UTTARAKHAND||HARIDWAR
75,45,9,31,0,48,4,37,82,388,147,85,30,93,8,7,21,36,79,0,97,393,1776,174,334,662,123,85,0.0979729729729729,2003,0.1215295966474594,2004,UTTARAKHAND,HARIDWAR,UTTARAKHAND||HARIDWAR
56,66,3,33,0,54,13,41,106,401,136,87,40,97,3,10,28,43,118,0,121,313,1909,232,353,687,137,87,0.1215295966474594,2004,0.0922222222222222,2005,UTTARAKHAND,HARIDWAR,UTTARAKHAND||HARIDWAR
65,56,5,32,0,54,18,41,88,455,181,66,29,90,6,7,20,34,73,0,144,155,1800,166,337,771,119,66,0.0922222222222222,2005,0.1179463459759481,2006,UTTARAKHAND,HARIDWAR,UTTARAKHAND||HARIDWAR
54,57,4,32,0,64,10,54,78,707,220,105,29,166,10,11,45,58,109,0,169,80,2162,255,380,1069,195,105,0.1179463459759481,2006,0.1089187056037884,2007,UTTARAKHAND,HARIDWAR,UTTARAKHAND||HARIDWAR
55,59,13,28,0,72,19,70,102,472,210,99,43,259,9,16,31,31,170,0,198,427,2534,276,415,863,302,99,0.1089187056037884,2007,0.1312450436161776,2008,UTTARAKHAND,HARIDWAR,UTTARAKHAND||HARIDWAR
74,62,13,24,0,61,6,53,82,491,268,141,59,147,4,18,29,122,138,0,185,298,2522,331,434,898,206,141,0.1312450436161776,2008,0.1309523809523809,2009,UTTARAKHAND,HARIDWAR,UTTARAKHAND||HARIDWAR
36,31,5,5,0,14,5,26,64,151,37,38,29,26,0,5,11,3,29,0,0,218,877,53,160,278,55,38,0.0604332953249714,2001,0.0769230769230769,2002,UTTARAKHAND,NAINITAL,UTTARAKHAND||NAINITAL
34,32,4,5,0,13,3,17,75,164,48,35,10,27,2,5,11,4,36,1,59,190,806,62,143,306,37,35,0.0769230769230769,2002,0.0788571428571428,2003,UTTARAKHAND,NAINITAL,UTTARAKHAND||NAINITAL
31,30,1,9,0,16,2,18,80,190,42,34,20,18,2,12,15,3,30,0,64,263,875,69,141,332,38,34,0.0788571428571428,2003,0.0784753363228699,2004,UTTARAKHAND,NAINITAL,UTTARAKHAND||NAINITAL
43,26,8,6,0,28,4,23,46,219,42,29,11,21,1,6,18,15,25,0,67,147,892,70,167,331,32,29,0.0784753363228699,2004,0.0505166475315729,2005,UTTARAKHAND,NAINITAL,UTTARAKHAND||NAINITAL
31,29,5,7,0,16,11,19,57,161,50,45,12,22,0,13,6,0,18,0,69,310,871,44,163,287,34,45,0.0505166475315729,2005,0.0382165605095541,2006,UTTARAKHAND,NAINITAL,UTTARAKHAND||NAINITAL
25,19,6,9,0,17,1,8,38,155,50,30,6,26,0,7,7,1,6,0,94,261,785,30,115,251,32,30,0.0382165605095541,2006,0.044167610419026,2007,UTTARAKHAND,NAINITAL,UTTARAKHAND||NAINITAL
26,19,6,6,0,25,7,13,38,176,60,28,7,34,0,12,4,0,17,0,102,319,883,39,130,287,41,28,0.044167610419026,2007,0.0795964125560538,2008,UTTARAKHAND,NAINITAL,UTTARAKHAND||NAINITAL
24,24,5,9,0,22,2,11,33,160,63,20,13,41,0,10,5,26,21,0,71,379,892,71,117,267,54,20,0.0795964125560538,2008,0.09375,2009,UTTARAKHAND,NAINITAL,UTTARAKHAND||NAINITAL
26,9,0,7,0,7,2,18,32,81,12,19,6,10,5,5,4,1,7,0,26,68,396,24,88,148,16,19,0.0606060606060606,2001,0.0751173708920187,2002,UTTARAKHAND,PAURI GARHWAL,UTTARAKHAND||PAURI GARHWAL
20,18,0,6,0,11,2,13,62,57,5,11,9,13,5,5,7,0,14,0,31,71,426,32,81,142,22,11,0.0751173708920187,2002,0.1019955654101995,2003,UTTARAKHAND,PAURI GARHWAL,UTTARAKHAND||PAURI GARHWAL
15,15,0,7,0,14,1,13,55,61,15,26,9,6,3,13,9,0,17,0,33,74,451,46,91,147,15,26,0.1019955654101995,2003,0.0797266514806378,2004,UTTARAKHAND,PAURI GARHWAL,UTTARAKHAND||PAURI GARHWAL
19,13,2,6,0,10,2,7,62,47,6,28,9,10,5,7,11,0,11,0,42,81,439,35,87,127,19,28,0.0797266514806378,2004,0.0697674418604651,2005,UTTARAKHAND,PAURI GARHWAL,UTTARAKHAND||PAURI GARHWAL
17,6,3,7,0,4,1,3,45,64,14,11,7,9,2,1,8,0,11,0,30,81,387,27,52,128,16,11,0.0697674418604651,2005,0.0818181818181818,2006,UTTARAKHAND,PAURI GARHWAL,UTTARAKHAND||PAURI GARHWAL
16,10,1,4,0,8,4,3,55,42,6,16,11,8,3,8,3,0,12,0,21,50,330,27,62,109,19,16,0.0818181818181818,2006,0.1097852028639618,2007,UTTARAKHAND,PAURI GARHWAL,UTTARAKHAND||PAURI GARHWAL
19,7,1,7,0,11,0,3,27,49,10,12,9,10,4,7,4,4,24,0,39,107,419,46,60,93,19,12,0.1097852028639618,2007,0.1123595505617977,2008,UTTARAKHAND,PAURI GARHWAL,UTTARAKHAND||PAURI GARHWAL
4,5,2,0,0,4,0,4,12,25,7,6,5,21,2,5,3,6,6,0,11,37,178,20,25,50,26,6,0.1123595505617977,2008,0.1155555555555555,2009,UTTARAKHAND,PAURI GARHWAL,UTTARAKHAND||PAURI GARHWAL
8,3,3,7,0,1,1,6,28,41,4,14,4,8,1,2,6,4,10,0,0,203,364,29,43,80,12,14,0.0796703296703296,2001,0.081180811808118,2002,UTTARAKHAND,PITHORAGARH,UTTARAKHAND||PITHORAGARH
6,5,3,3,0,0,0,4,8,20,1,12,2,4,0,3,7,5,4,0,0,178,271,22,33,33,6,12,0.081180811808118,2002,0.0557377049180327,2003,UTTARAKHAND,PITHORAGARH,UTTARAKHAND||PITHORAGARH
5,9,3,3,0,2,1,5,25,26,5,14,6,6,2,6,7,0,1,0,0,174,305,17,42,63,12,14,0.0557377049180327,2003,0.088235294117647,2004,UTTARAKHAND,PITHORAGARH,UTTARAKHAND||PITHORAGARH
5,9,5,9,0,3,2,7,24,21,3,15,3,5,1,8,4,0,6,0,3,152,306,27,55,56,8,15,0.088235294117647,2004,0.1062992125984252,2005,UTTARAKHAND,PITHORAGARH,UTTARAKHAND||PITHORAGARH
8,4,2,7,0,4,1,7,23,28,0,10,8,11,1,4,6,0,10,0,0,105,254,27,43,59,19,10,0.1062992125984252,2005,0.1269841269841269,2006,UTTARAKHAND,PITHORAGARH,UTTARAKHAND||PITHORAGARH
10,6,3,8,0,3,0,7,15,25,0,6,3,7,5,3,13,0,8,0,0,104,252,32,43,52,10,6,0.1269841269841269,2006,0.0997067448680351,2007,UTTARAKHAND,PITHORAGARH,UTTARAKHAND||PITHORAGARH
9,2,4,9,0,9,1,8,33,33,2,11,3,7,4,3,11,0,11,0,0,142,341,34,53,80,10,11,0.0997067448680351,2007,0.125,2008,UTTARAKHAND,PITHORAGARH,UTTARAKHAND||PITHORAGARH
3,6,3,0,0,0,0,4,13,12,0,1,7,2,1,3,6,0,11,0,0,76,160,20,17,30,9,1,0.125,2008,0.0533333333333333,2009,UTTARAKHAND,PITHORAGARH,UTTARAKHAND||PITHORAGARH
5,2,0,2,0,0,0,1,3,20,0,10,2,1,0,3,3,1,2,0,10,35,106,11,20,24,3,10,0.1037735849056603,2001,0.1,2002,UTTARAKHAND,RUDRA PRAYAG,UTTARAKHAND||RUDRA PRAYAG
9,5,0,0,0,1,1,6,14,13,0,15,1,1,5,4,7,0,1,0,6,9,120,12,37,38,2,15,0.1,2002,0.1048951048951049,2003,UTTARAKHAND,RUDRA PRAYAG,UTTARAKHAND||RUDRA PRAYAG
8,4,0,2,0,3,0,2,16,9,0,18,1,8,1,7,2,0,4,0,8,41,143,15,37,28,9,18,0.1048951048951049,2003,0.1287878787878787,2004,UTTARAKHAND,RUDRA PRAYAG,UTTARAKHAND||RUDRA PRAYAG
4,1,0,4,0,3,0,4,21,6,2,23,3,4,1,6,5,0,2,0,13,18,132,17,39,34,7,23,0.1287878787878787,2004,0.0802919708029197,2005,UTTARAKHAND,RUDRA PRAYAG,UTTARAKHAND||RUDRA PRAYAG
11,4,2,2,0,4,2,3,24,11,0,7,1,1,3,3,5,1,0,0,13,29,137,11,35,41,2,7,0.0802919708029197,2005,0.1349206349206349,2006,UTTARAKHAND,RUDRA PRAYAG,UTTARAKHAND||RUDRA PRAYAG
4,3,0,3,0,2,0,4,16,12,0,12,1,4,3,8,3,0,3,0,12,25,126,17,28,35,5,12,0.1349206349206349,2006,0.1343283582089552,2007,UTTARAKHAND,RUDRA PRAYAG,UTTARAKHAND||RUDRA PRAYAG
6,6,2,1,0,5,0,3,17,20,0,8,1,6,0,5,6,0,6,0,12,21,134,18,31,40,7,8,0.1343283582089552,2007,0.054054054054054,2008,UTTARAKHAND,RUDRA PRAYAG,UTTARAKHAND||RUDRA PRAYAG
0,0,0,0,0,0,0,0,3,11,2,3,0,0,0,0,0,2,0,0,6,7,37,2,3,16,0,3,0.054054054054054,2008,0.1864406779661017,2009,UTTARAKHAND,RUDRA PRAYAG,UTTARAKHAND||RUDRA PRAYAG
7,10,2,2,0,5,0,7,26,37,4,11,5,4,2,2,3,0,8,0,21,146,314,15,44,76,9,11,0.0477707006369426,2001,0.0918727915194346,2002,UTTARAKHAND,TEHRI GARHWAL,UTTARAKHAND||TEHRI GARHWAL
7,11,0,3,0,5,1,2,19,35,2,6,12,7,2,3,10,0,10,0,27,81,283,26,35,60,19,6,0.0918727915194346,2002,0.1009463722397476,2003,UTTARAKHAND,TEHRI GARHWAL,UTTARAKHAND||TEHRI GARHWAL
9,23,1,6,0,4,0,0,32,31,4,30,5,10,2,6,10,0,10,0,4,84,317,32,73,69,15,30,0.1009463722397476,2003,0.066465256797583,2004,UTTARAKHAND,TEHRI GARHWAL,UTTARAKHAND||TEHRI GARHWAL
11,18,0,4,0,14,0,0,22,33,5,14,2,10,0,4,2,0,12,0,23,135,331,22,61,60,12,14,0.066465256797583,2004,0.1048387096774193,2005,UTTARAKHAND,TEHRI GARHWAL,UTTARAKHAND||TEHRI GARHWAL
11,10,0,9,0,8,0,2,16,24,2,15,7,10,0,6,1,0,10,0,22,86,248,26,55,44,17,15,0.1048387096774193,2005,0.1345029239766081,2006,UTTARAKHAND,TEHRI GARHWAL,UTTARAKHAND||TEHRI GARHWAL
11,6,0,9,0,9,0,2,13,22,2,14,5,10,4,6,0,0,8,0,21,24,171,23,51,43,15,14,0.1345029239766081,2006,0.064516129032258,2007,UTTARAKHAND,TEHRI GARHWAL,UTTARAKHAND||TEHRI GARHWAL
11,7,5,2,0,4,0,9,14,37,3,18,5,17,1,3,2,2,7,0,24,67,248,16,56,64,22,18,0.064516129032258,2007,0.1037344398340249,2008,UTTARAKHAND,TEHRI GARHWAL,UTTARAKHAND||TEHRI GARHWAL
7,4,3,3,0,3,0,5,19,27,2,14,4,8,2,2,4,8,8,0,0,104,241,25,39,55,12,14,0.1037344398340249,2008,0.0614035087719298,2009,UTTARAKHAND,TEHRI GARHWAL,UTTARAKHAND||TEHRI GARHWAL
54,44,13,10,0,36,6,32,65,198,44,40,19,33,0,10,7,22,31,0,103,332,1167,80,235,339,52,40,0.0685518423307626,2001,0.0859188544152744,2002,UTTARAKHAND,UDHAMSINGH NAGAR,UTTARAKHAND||UDHAMSINGH NAGAR
54,39,12,14,0,22,12,30,64,221,43,26,20,38,5,11,24,18,41,0,0,466,1257,108,209,363,58,26,0.0859188544152744,2002,0.1072931276297335,2003,UTTARAKHAND,UDHAMSINGH NAGAR,UTTARAKHAND||UDHAMSINGH NAGAR
46,41,6,14,0,40,12,33,60,232,59,58,15,58,0,15,29,20,75,0,6,546,1426,153,250,384,73,58,0.1072931276297335,2003,0.0863918690005646,2004,UTTARAKHAND,UDHAMSINGH NAGAR,UTTARAKHAND||UDHAMSINGH NAGAR
53,45,4,15,0,41,13,47,68,359,99,127,29,55,2,21,32,0,85,0,10,612,1771,153,345,575,84,127,0.0863918690005646,2004,0.0640614990390775,2005,UTTARAKHAND,UDHAMSINGH NAGAR,UTTARAKHAND||UDHAMSINGH NAGAR
40,34,4,21,0,47,11,31,62,309,118,130,23,74,0,5,23,0,51,0,0,582,1561,100,318,520,97,130,0.0640614990390775,2005,0.0904925544100801,2006,UTTARAKHAND,UDHAMSINGH NAGAR,UTTARAKHAND||UDHAMSINGH NAGAR
74,53,14,23,0,46,12,26,71,261,120,156,25,86,0,11,34,0,90,0,0,714,1746,158,404,478,111,156,0.0904925544100801,2006,0.0572779821334734,2007,UTTARAKHAND,UDHAMSINGH NAGAR,UTTARAKHAND||UDHAMSINGH NAGAR
54,56,8,12,0,49,10,23,74,292,141,133,36,99,0,9,21,0,67,0,41,872,1903,109,345,530,135,133,0.0572779821334734,2007,0.0674671240708976,2008,UTTARAKHAND,UDHAMSINGH NAGAR,UTTARAKHAND||UDHAMSINGH NAGAR
45,50,5,22,0,67,6,23,78,250,202,124,29,75,0,11,34,0,51,0,129,684,1749,118,342,553,104,124,0.0674671240708976,2008,0.0622837370242214,2009,UTTARAKHAND,UDHAMSINGH NAGAR,UTTARAKHAND||UDHAMSINGH NAGAR
10,11,0,8,0,3,0,6,18,43,1,31,9,4,3,1,12,1,13,0,0,128,312,35,69,71,13,31,0.1121794871794871,2001,0.1228813559322034,2002,UTTARAKHAND,UTTARKASHI,UTTARAKHAND||UTTARKASHI
6,6,3,9,0,6,0,4,24,22,6,17,1,5,0,0,5,3,12,0,0,105,236,29,51,56,6,17,0.1228813559322034,2002,0.0902527075812274,2003,UTTARAKHAND,UTTARKASHI,UTTARAKHAND||UTTARKASHI
6,2,2,9,0,7,0,3,25,28,1,26,0,10,7,0,8,2,6,0,0,129,277,25,55,64,10,26,0.0902527075812274,2003,0.0921658986175115,2004,UTTARAKHAND,UTTARKASHI,UTTARAKHAND||UTTARKASHI
4,6,2,5,0,5,0,0,14,31,2,17,4,7,2,2,3,1,9,0,0,102,217,20,39,49,11,17,0.0921658986175115,2004,0.0887850467289719,2005,UTTARAKHAND,UTTARKASHI,UTTARAKHAND||UTTARKASHI
6,4,2,7,0,5,0,0,18,33,1,14,10,3,0,0,8,0,4,0,0,96,214,19,38,52,13,14,0.0887850467289719,2005,0.1428571428571428,2006,UTTARAKHAND,UTTARKASHI,UTTARAKHAND||UTTARKASHI
4,2,0,11,0,6,0,3,15,21,0,17,4,5,3,3,5,1,7,0,0,77,189,27,43,42,9,17,0.1428571428571428,2006,0.1141552511415525,2007,UTTARAKHAND,UTTARKASHI,UTTARAKHAND||UTTARKASHI
2,3,1,2,0,9,0,3,17,29,1,14,2,7,8,3,6,1,13,0,0,94,219,25,34,58,9,14,0.1141552511415525,2007,0.0852713178294573,2008,UTTARAKHAND,UTTARKASHI,UTTARAKHAND||UTTARKASHI
3,4,0,1,0,5,0,0,12,18,1,13,3,3,0,1,4,4,1,0,0,55,129,11,26,31,6,13,0.0852713178294573,2008,0.1287128712871287,2009,UTTARAKHAND,UTTARKASHI,UTTARAKHAND||UTTARKASHI
202,23,61,53,0,81,14,56,46,1679,459,285,55,35,1,23,63,0,447,0,0,3036,6167,586,775,2241,90,285,0.0950218907086103,2001,0.120684653321729,2002,WEST BENGAL,24 PARGANAS NORTH,WEST BENGAL||24 PARGANAS NORTH
204,55,47,88,0,91,10,60,21,1842,467,248,40,77,1,29,84,1,630,0,0,3360,6894,832,803,2391,117,248,0.120684653321729,2002,0.1218881784791184,2003,WEST BENGAL,24 PARGANAS NORTH,WEST BENGAL||24 PARGANAS NORTH
193,30,50,92,0,119,29,73,29,1988,615,243,17,99,0,24,105,3,672,0,0,3571,7351,896,829,2705,116,243,0.1218881784791184,2003,0.1358332389260224,2004,WEST BENGAL,24 PARGANAS NORTH,WEST BENGAL||24 PARGANAS NORTH
177,43,50,176,0,180,32,72,60,2196,701,208,37,130,0,55,154,4,810,0,3,4228,8827,1199,938,3029,167,208,0.1358332389260224,2004,0.1671274189494848,2005,WEST BENGAL,24 PARGANAS NORTH,WEST BENGAL||24 PARGANAS NORTH
168,70,38,217,0,211,18,39,78,1564,493,203,74,128,0,71,151,5,886,0,7,3707,7958,1330,964,2174,202,203,0.1671274189494848,2005,0.18994341563786,2006,WEST BENGAL,24 PARGANAS NORTH,WEST BENGAL||24 PARGANAS NORTH
154,82,39,174,0,186,15,29,37,1440,431,180,61,100,5,74,175,5,1049,0,3,3200,7776,1477,859,1942,161,180,0.18994341563786,2006,0.2357352461688946,2007,WEST BENGAL,24 PARGANAS NORTH,WEST BENGAL||24 PARGANAS NORTH
194,6,46,231,0,236,13,18,14,1183,269,545,5,210,10,53,187,2,1696,0,113,3917,9201,2169,1289,1494,215,545,0.2357352461688946,2007,0.2150795767760291,2008,WEST BENGAL,24 PARGANAS NORTH,WEST BENGAL||24 PARGANAS NORTH
192,168,47,192,0,317,15,43,19,1452,257,579,184,239,13,67,209,5,1946,0,12,4973,11247,2419,1553,1784,423,579,0.2150795767760291,2008,0.2032040472175379,2009,WEST BENGAL,24 PARGANAS NORTH,WEST BENGAL||24 PARGANAS NORTH
107,5,75,47,0,53,15,33,16,1143,274,327,1,4,9,48,54,0,480,0,0,3409,5827,629,662,1475,5,327,0.1079457696928093,2001,0.1243922883487007,2002,WEST BENGAL,24 PARGANAS SOUTH,WEST BENGAL||24 PARGANAS SOUTH
140,2,62,68,0,67,19,26,13,1068,312,218,4,19,6,53,64,2,555,0,0,3576,5965,742,602,1425,23,218,0.1243922883487007,2002,0.162294081757169,2003,WEST BENGAL,24 PARGANAS SOUTH,WEST BENGAL||24 PARGANAS SOUTH
125,5,60,89,0,81,8,30,7,1034,253,250,1,65,7,47,105,1,822,0,0,3818,6556,1064,648,1331,66,250,0.162294081757169,2003,0.173382001965464,2004,WEST BENGAL,24 PARGANAS SOUTH,WEST BENGAL||24 PARGANAS SOUTH
130,3,54,122,0,103,13,33,12,1597,288,231,1,114,16,43,101,3,966,0,27,3507,7123,1235,689,1946,115,231,0.173382001965464,2004,0.1844140392623438,2005,WEST BENGAL,24 PARGANAS SOUTH,WEST BENGAL||24 PARGANAS SOUTH
131,8,39,136,0,118,17,21,237,1071,257,246,0,93,6,64,123,2,915,0,42,3211,6724,1240,716,1592,93,246,0.1844140392623438,2005,0.2059221200648999,2006,WEST BENGAL,24 PARGANAS SOUTH,WEST BENGAL||24 PARGANAS SOUTH
138,4,34,190,0,155,14,17,165,1019,298,289,1,110,6,68,157,3,1105,0,67,3235,7396,1523,841,1505,111,289,0.2059221200648999,2006,0.2123983739837398,2007,WEST BENGAL,24 PARGANAS SOUTH,WEST BENGAL||24 PARGANAS SOUTH
158,123,48,205,0,241,14,39,20,1440,322,325,94,123,7,67,205,4,1398,2,4,3787,8856,1881,1153,1828,217,325,0.2123983739837398,2007,0.2230603448275862,2008,WEST BENGAL,24 PARGANAS SOUTH,WEST BENGAL||24 PARGANAS SOUTH
239,35,43,308,0,280,16,35,11,1773,229,1115,30,217,6,53,192,0,2551,1,131,6353,13920,3105,2071,2054,247,1115,0.2230603448275862,2008,0.2206400469759248,2009,WEST BENGAL,24 PARGANAS SOUTH,WEST BENGAL||24 PARGANAS SOUTH
9,7,1,0,0,3,0,1,0,54,5,12,1,9,0,1,0,0,32,0,1,208,362,33,33,60,10,12,0.0911602209944751,2001,0.0881542699724518,2002,WEST BENGAL,ASANSOL,WEST BENGAL||ASANSOL
11,0,4,1,0,3,0,5,1,39,15,8,7,9,1,2,1,0,28,0,1,206,363,32,32,61,16,8,0.0881542699724518,2002,0.1205727204220045,2003,WEST BENGAL,ASANSOL,WEST BENGAL||ASANSOL
28,5,5,8,0,11,2,9,8,75,15,37,1,20,0,4,19,1,128,0,64,728,1327,160,105,107,21,37,0.1205727204220045,2003,0.2843691148775895,2004,WEST BENGAL,ASANSOL,WEST BENGAL||ASANSOL
28,6,8,9,0,10,3,7,19,112,34,62,7,13,1,7,37,2,247,0,105,316,1062,302,133,173,20,62,0.2843691148775895,2004,0.2982744453574363,2005,WEST BENGAL,ASANSOL,WEST BENGAL||ASANSOL
27,2,2,9,0,14,3,7,15,158,93,69,14,13,1,4,10,0,340,0,105,358,1217,363,133,274,27,69,0.2982744453574363,2005,0.1183048852266038,2006,WEST BENGAL,ASANSOL,WEST BENGAL||ASANSOL
42,16,18,19,0,16,3,17,9,154,35,51,3,15,3,13,11,0,158,0,87,977,1699,201,182,218,18,51,0.1183048852266038,2006,0.1938296445338699,2007,WEST BENGAL,ASANSOL,WEST BENGAL||ASANSOL
26,2,8,15,0,18,3,9,1,145,45,18,1,57,1,11,20,1,242,0,61,679,1491,289,99,201,58,18,0.1938296445338699,2007,0.1282816229116945,2008,WEST BENGAL,ASANSOL,WEST BENGAL||ASANSOL
40,13,10,20,0,18,1,3,4,222,120,27,7,45,7,9,20,0,166,0,86,855,1676,215,132,356,52,27,0.1282816229116945,2008,0.1873622336517266,2009,WEST BENGAL,ASANSOL,WEST BENGAL||ASANSOL
35,32,12,26,0,7,10,30,6,235,15,66,0,23,6,22,28,0,78,0,96,417,1180,154,218,292,23,66,0.1305084745762711,2001,0.121161825726141,2002,WEST BENGAL,BANKURA,WEST BENGAL||BANKURA
39,27,14,19,0,12,12,9,6,215,5,61,3,19,5,20,22,0,85,0,145,434,1205,146,193,240,22,61,0.121161825726141,2002,0.1491424310216256,2003,WEST BENGAL,BANKURA,WEST BENGAL||BANKURA
41,13,11,43,0,11,11,9,11,240,0,51,2,19,5,20,31,0,106,0,108,331,1341,200,190,265,21,51,0.1491424310216256,2003,0.1446229913473424,2004,WEST BENGAL,BANKURA,WEST BENGAL||BANKURA
37,0,6,49,0,24,10,21,10,374,7,60,0,14,5,22,40,0,123,0,134,497,1618,234,207,417,14,60,0.1446229913473424,2004,0.1738002594033722,2005,WEST BENGAL,BANKURA,WEST BENGAL||BANKURA
53,6,10,43,0,27,25,28,13,280,18,72,5,25,7,22,54,0,149,0,112,432,1542,268,264,346,30,72,0.1738002594033722,2005,0.1957878315132605,2006,WEST BENGAL,BANKURA,WEST BENGAL||BANKURA
55,38,5,51,0,26,9,16,6,205,15,62,18,24,5,24,43,0,133,0,130,121,1282,251,262,247,42,62,0.1957878315132605,2006,0.1948833709556057,2007,WEST BENGAL,BANKURA,WEST BENGAL||BANKURA
49,32,6,44,0,14,5,20,7,157,16,87,19,21,7,24,43,1,147,0,122,332,1329,259,257,207,40,87,0.1948833709556057,2007,0.1931506849315068,2008,WEST BENGAL,BANKURA,WEST BENGAL||BANKURA
54,37,6,46,0,21,8,22,9,183,20,126,15,28,9,20,45,1,170,0,123,265,1460,282,320,243,43,126,0.1931506849315068,2008,0.1765447667087011,2009,WEST BENGAL,BANKURA,WEST BENGAL||BANKURA
76,40,25,43,0,43,7,30,18,350,44,282,20,4,9,4,43,0,151,0,173,807,2213,241,546,451,24,282,0.1089019430637144,2001,0.1303482587064676,2002,WEST BENGAL,BIRBHUM,WEST BENGAL||BIRBHUM
57,21,23,36,0,28,3,11,5,195,34,150,11,3,12,1,50,0,175,0,182,926,2010,262,329,257,14,150,0.1303482587064676,2002,0.1495934959349593,2003,WEST BENGAL,BIRBHUM,WEST BENGAL||BIRBHUM
51,13,25,48,0,35,4,16,10,230,60,174,8,12,17,13,51,0,164,0,180,701,1845,276,366,333,20,174,0.1495934959349593,2003,0.1507444168734491,2004,WEST BENGAL,BIRBHUM,WEST BENGAL||BIRBHUM
51,16,25,58,0,31,6,16,32,221,61,187,4,27,11,9,37,0,139,0,162,403,1612,243,390,341,31,187,0.1507444168734491,2004,0.1696428571428571,2005,WEST BENGAL,BIRBHUM,WEST BENGAL||BIRBHUM
47,19,16,78,0,41,11,31,15,231,37,189,7,14,10,5,42,0,160,0,160,481,1680,285,432,324,21,189,0.1696428571428571,2005,0.176,2006,WEST BENGAL,BIRBHUM,WEST BENGAL||BIRBHUM
72,10,13,57,0,39,9,32,21,264,51,124,15,25,5,18,34,2,175,0,153,375,1625,286,356,373,40,124,0.176,2006,0.1611349036402569,2007,WEST BENGAL,BIRBHUM,WEST BENGAL||BIRBHUM
66,15,21,53,0,31,10,14,13,263,49,199,10,34,14,9,44,0,195,0,176,463,1868,301,409,353,44,199,0.1611349036402569,2007,0.1741884402216943,2008,WEST BENGAL,BIRBHUM,WEST BENGAL||BIRBHUM
96,24,31,58,0,46,2,30,3,361,77,372,7,50,11,26,67,0,289,0,192,582,2526,440,659,482,57,372,0.1741884402216943,2008,0.15840118430792,2009,WEST BENGAL,BIRBHUM,WEST BENGAL||BIRBHUM
133,4,43,46,0,45,24,42,28,848,67,237,6,53,7,32,85,0,296,0,17,2631,4693,459,574,992,59,237,0.0978052418495631,2001,0.1038992492128844,2002,WEST BENGAL,BURDWAN,WEST BENGAL||BURDWAN
92,11,38,53,0,48,13,27,23,524,58,150,0,35,4,21,59,0,296,0,71,2506,4129,429,432,636,35,150,0.1038992492128844,2002,0.1371143658460579,2003,WEST BENGAL,BURDWAN,WEST BENGAL||BURDWAN
98,9,25,61,0,33,8,25,17,370,41,169,3,48,10,26,51,0,301,1,176,1580,3209,440,428,463,51,169,0.1371143658460579,2003,0.1014492753623188,2004,WEST BENGAL,BURDWAN,WEST BENGAL||BURDWAN
110,10,26,92,0,56,10,22,45,382,60,209,12,62,6,40,56,2,230,0,260,2329,4140,420,535,515,74,209,0.1014492753623188,2004,0.0975122167925366,2005,WEST BENGAL,BURDWAN,WEST BENGAL||BURDWAN
110,10,26,113,0,53,13,26,29,532,100,209,12,62,6,40,56,0,230,0,260,2534,4502,439,560,693,74,209,0.0975122167925366,2005,0.1798819604824224,2006,WEST BENGAL,BURDWAN,WEST BENGAL||BURDWAN
90,13,25,64,0,41,12,43,38,568,182,201,7,112,13,27,91,0,519,0,334,1458,3897,701,489,844,119,201,0.1798819604824224,2006,0.1653740875912408,2007,WEST BENGAL,BURDWAN,WEST BENGAL||BURDWAN
122,14,30,69,0,54,13,28,18,517,185,212,4,103,4,31,135,1,489,0,892,1438,4384,725,542,752,107,212,0.1653740875912408,2007,0.1698158914728682,2008,WEST BENGAL,BURDWAN,WEST BENGAL||BURDWAN
91,69,26,61,0,87,11,29,6,519,118,333,7,152,5,24,107,2,507,0,924,969,4128,701,707,677,159,333,0.1698158914728682,2008,0.1492080633549316,2009,WEST BENGAL,BURDWAN,WEST BENGAL||BURDWAN
37,1,15,36,0,43,13,15,14,125,1,49,3,9,1,6,44,0,146,0,102,493,1262,232,209,156,12,49,0.1838351822503962,2001,0.2120418848167539,2002,WEST BENGAL,COOCHBEHAR,WEST BENGAL||COOCHBEHAR
30,1,7,43,0,42,4,10,9,123,20,39,0,14,1,5,39,1,155,0,0,486,1146,243,176,163,14,39,0.2120418848167539,2002,0.2518891687657431,2003,WEST BENGAL,COOCHBEHAR,WEST BENGAL||COOCHBEHAR
24,8,17,53,0,40,3,5,9,135,22,35,3,13,0,11,60,0,176,0,68,422,1191,300,185,171,16,35,0.2518891687657431,2003,0.2713607594936709,2004,WEST BENGAL,COOCHBEHAR,WEST BENGAL||COOCHBEHAR
20,4,8,92,0,41,0,3,11,151,38,15,6,13,1,6,69,3,173,0,80,455,1264,343,183,204,19,15,0.2713607594936709,2004,0.2889584964761159,2005,WEST BENGAL,COOCHBEHAR,WEST BENGAL||COOCHBEHAR
33,7,6,82,0,30,1,3,3,119,20,20,7,26,5,8,76,0,203,0,94,504,1277,369,182,150,33,20,0.2889584964761159,2005,0.3264584560989982,2006,WEST BENGAL,COOCHBEHAR,WEST BENGAL||COOCHBEHAR
31,8,5,124,0,48,2,6,10,135,37,45,12,41,0,5,116,0,309,0,88,630,1697,554,269,188,53,45,0.3264584560989982,2006,0.2862018527547538,2007,WEST BENGAL,COOCHBEHAR,WEST BENGAL||COOCHBEHAR
34,10,7,139,0,68,1,8,15,160,33,50,13,25,1,6,122,0,320,0,82,878,2051,587,317,217,38,50,0.2862018527547538,2007,0.2693077230892357,2008,WEST BENGAL,COOCHBEHAR,WEST BENGAL||COOCHBEHAR
57,51,4,141,0,108,1,4,15,193,37,139,13,28,2,17,148,0,367,0,95,969,2499,673,505,251,41,139,0.2693077230892357,2008,0.2124098124098124,2009,WEST BENGAL,COOCHBEHAR,WEST BENGAL||COOCHBEHAR
25,0,19,10,0,31,3,7,2,126,9,41,5,3,0,4,37,0,101,0,18,519,1011,152,136,144,8,41,0.1503461918892186,2001,0.1131059245960502,2002,WEST BENGAL,DAKSHIN DINAJPUR,WEST BENGAL||DAKSHIN DINAJPUR
23,0,16,20,0,26,2,1,3,86,12,35,0,7,1,14,31,0,61,0,18,696,1114,126,123,103,7,35,0.1131059245960502,2002,0.2114942528735632,2003,WEST BENGAL,DAKSHIN DINAJPUR,WEST BENGAL||DAKSHIN DINAJPUR
22,12,12,31,0,32,3,5,3,84,16,18,0,4,2,8,40,1,104,0,71,331,870,184,135,110,4,18,0.2114942528735632,2003,0.2023255813953488,2004,WEST BENGAL,DAKSHIN DINAJPUR,WEST BENGAL||DAKSHIN DINAJPUR
16,4,8,33,0,27,1,3,2,85,14,24,3,2,0,8,36,0,97,0,63,380,860,174,116,104,5,24,0.2023255813953488,2004,0.2492046659597031,2005,WEST BENGAL,DAKSHIN DINAJPUR,WEST BENGAL||DAKSHIN DINAJPUR
27,5,15,28,0,33,2,9,5,100,6,24,6,11,1,20,45,1,141,0,67,357,943,235,143,121,17,24,0.2492046659597031,2005,0.220708446866485,2006,WEST BENGAL,DAKSHIN DINAJPUR,WEST BENGAL||DAKSHIN DINAJPUR
26,41,16,32,0,49,1,4,10,95,9,36,8,15,4,11,60,0,140,0,77,407,1101,243,205,122,23,36,0.220708446866485,2006,0.2725856697819314,2007,WEST BENGAL,DAKSHIN DINAJPUR,WEST BENGAL||DAKSHIN DINAJPUR
34,78,7,46,0,47,0,4,5,92,14,30,11,10,3,10,93,2,199,0,80,435,1284,350,246,118,21,30,0.2725856697819314,2007,0.218568665377176,2008,WEST BENGAL,DAKSHIN DINAJPUR,WEST BENGAL||DAKSHIN DINAJPUR
33,109,15,47,0,50,1,9,2,132,24,19,12,12,6,8,78,0,206,0,76,656,1551,339,283,173,24,19,0.218568665377176,2008,0.2147315855181023,2009,WEST BENGAL,DAKSHIN DINAJPUR,WEST BENGAL||DAKSHIN DINAJPUR
46,3,28,20,0,21,8,21,17,467,134,40,0,6,10,2,26,0,56,1,87,665,1778,105,187,649,6,40,0.0590551181102362,2001,0.0531632110579479,2002,WEST BENGAL,DARJEELING,WEST BENGAL||DARJEELING
63,0,22,22,0,23,10,24,6,476,117,25,0,7,2,1,21,1,55,0,437,550,1881,100,189,625,7,25,0.0531632110579479,2002,0.0610465116279069,2003,WEST BENGAL,DARJEELING,WEST BENGAL||DARJEELING
54,0,16,24,0,26,2,13,6,465,148,15,0,16,4,3,20,0,58,0,80,690,1720,105,150,636,16,15,0.0610465116279069,2003,0.0888183980967486,2004,WEST BENGAL,DARJEELING,WEST BENGAL||DARJEELING
43,1,31,21,0,17,7,5,5,393,97,19,0,12,2,8,24,3,56,0,48,344,1261,112,144,502,12,19,0.0888183980967486,2004,0.111878453038674,2005,WEST BENGAL,DARJEELING,WEST BENGAL||DARJEELING
50,4,18,39,0,17,3,7,4,333,60,23,19,9,6,1,39,2,81,0,115,427,1448,162,161,410,28,23,0.111878453038674,2005,0.0915576694411414,2006,WEST BENGAL,DARJEELING,WEST BENGAL||DARJEELING
52,2,10,30,0,43,4,5,15,448,76,14,23,8,0,1,44,0,79,0,81,544,1682,154,160,544,31,14,0.0915576694411414,2006,0.0923651895355045,2007,WEST BENGAL,DARJEELING,WEST BENGAL||DARJEELING
31,2,19,48,0,36,5,7,10,473,90,28,22,16,4,2,37,2,84,0,123,248,1873,173,176,584,38,28,0.0923651895355045,2007,0.1099732858414959,2008,WEST BENGAL,DARJEELING,WEST BENGAL||DARJEELING
48,1,16,47,0,46,5,14,5,543,110,73,43,27,11,5,60,0,135,0,132,292,2246,247,250,683,70,73,0.1099732858414959,2008,0.0966146823887409,2009,WEST BENGAL,DARJEELING,WEST BENGAL||DARJEELING
81,22,33,29,0,41,8,28,15,587,44,363,11,16,0,10,39,0,372,0,183,871,3020,450,605,674,27,363,0.1490066225165563,2001,0.141723764875586,2002,WEST BENGAL,HOOGHLY,WEST BENGAL||HOOGHLY
77,6,25,32,0,36,5,13,13,438,62,309,5,61,0,5,26,2,328,0,138,902,2773,393,503,526,66,309,0.141723764875586,2002,0.1520950181458264,2003,WEST BENGAL,HOOGHLY,WEST BENGAL||HOOGHLY
88,3,31,39,0,34,18,29,25,594,84,318,15,43,6,14,25,0,383,0,197,878,3031,461,560,738,58,318,0.1520950181458264,2003,0.1692601692601692,2004,WEST BENGAL,HOOGHLY,WEST BENGAL||HOOGHLY
82,12,23,56,0,38,12,39,83,645,80,399,5,46,8,23,37,3,501,0,203,1047,3663,620,661,855,51,399,0.1692601692601692,2004,0.1886850152905198,2005,WEST BENGAL,HOOGHLY,WEST BENGAL||HOOGHLY
58,6,23,42,0,32,9,21,64,469,69,337,13,51,9,5,31,0,539,0,232,956,3270,617,528,632,64,337,0.1886850152905198,2005,0.1723602484472049,2006,WEST BENGAL,HOOGHLY,WEST BENGAL||HOOGHLY
81,56,18,43,0,28,11,25,35,511,170,254,4,37,11,8,37,0,467,0,270,930,3220,555,516,752,41,254,0.1723602484472049,2006,0.1844713656387665,2007,WEST BENGAL,HOOGHLY,WEST BENGAL||HOOGHLY
90,97,32,57,0,46,12,24,39,631,122,281,38,21,11,16,48,0,549,0,204,1057,3632,670,639,827,59,281,0.1844713656387665,2007,0.1709157127991675,2008,WEST BENGAL,HOOGHLY,WEST BENGAL||HOOGHLY
92,84,32,54,0,50,15,52,26,652,103,376,15,20,10,17,19,0,567,0,168,1380,3844,657,755,843,35,376,0.1709157127991675,2008,0.1786417322834645,2009,WEST BENGAL,HOOGHLY,WEST BENGAL||HOOGHLY
28,8,8,2,0,11,5,3,1,170,45,45,9,19,9,8,13,0,43,0,168,515,1195,66,110,228,28,45,0.0552301255230125,2001,0.0654893303899926,2002,WEST BENGAL,HOWRAH,WEST BENGAL||HOWRAH
18,2,11,6,0,8,8,8,3,120,38,64,11,62,8,9,9,0,65,0,119,701,1359,89,125,177,73,64,0.0654893303899926,2002,0.0781671159029649,2003,WEST BENGAL,HOWRAH,WEST BENGAL||HOWRAH
25,6,15,9,0,11,3,10,2,107,46,47,10,29,0,12,7,0,59,0,0,628,1113,87,126,165,39,47,0.0781671159029649,2003,0.1079545454545454,2004,WEST BENGAL,HOWRAH,WEST BENGAL||HOWRAH
31,4,13,21,0,19,12,13,4,206,34,98,7,68,12,15,32,0,122,0,129,812,1760,190,211,269,75,98,0.1079545454545454,2004,0.2008443908323281,2005,WEST BENGAL,HOWRAH,WEST BENGAL||HOWRAH
50,2,7,41,0,34,5,5,3,141,32,78,6,49,3,9,38,2,243,0,169,648,1658,333,222,184,55,78,0.2008443908323281,2005,0.1472612166253784,2006,WEST BENGAL,HOWRAH,WEST BENGAL||HOWRAH
53,5,14,60,0,66,6,8,13,639,198,160,15,127,2,26,75,6,368,0,288,1152,3633,535,372,860,142,160,0.1472612166253784,2006,0.14559292904493,2007,WEST BENGAL,HOWRAH,WEST BENGAL||HOWRAH
69,16,10,45,0,83,4,17,8,635,157,180,23,152,7,33,87,6,422,0,301,1450,4073,593,424,824,175,180,0.14559292904493,2007,0.1319482412976125,2008,WEST BENGAL,HOWRAH,WEST BENGAL||HOWRAH
82,11,29,46,0,105,11,25,11,874,226,236,39,242,2,20,63,0,595,0,391,2609,5487,724,545,1138,281,236,0.1319482412976125,2008,0.1598181818181818,2009,WEST BENGAL,HOWRAH,WEST BENGAL||HOWRAH
21,8,11,7,0,17,3,16,6,353,163,79,22,56,6,5,6,0,84,0,122,437,1438,102,162,544,78,79,0.0709318497913769,2001,0.0739268680445151,2002,WEST BENGAL,HOWRAH CITY,WEST BENGAL||HOWRAH CITY
24,3,9,10,0,24,4,16,2,283,106,43,16,45,5,5,7,0,71,0,122,347,1258,93,133,412,61,43,0.0739268680445151,2002,0.0621030345800988,2003,WEST BENGAL,HOWRAH CITY,WEST BENGAL||HOWRAH CITY
18,5,12,6,0,12,5,21,2,275,87,29,18,63,1,5,11,1,65,0,0,676,1417,88,108,386,81,29,0.0621030345800988,2003,0.0793172690763052,2004,WEST BENGAL,HOWRAH CITY,WEST BENGAL||HOWRAH CITY
30,4,8,15,0,17,10,22,5,402,142,33,15,102,5,5,16,2,120,0,134,856,1992,158,139,576,117,33,0.0793172690763052,2004,0.0856782864342713,2005,WEST BENGAL,HOWRAH CITY,WEST BENGAL||HOWRAH CITY
18,0,0,1,0,7,5,10,0,673,0,25,0,0,0,0,9,1,0,0,0,163,951,11,66,683,0,25,0.0115667718191377,2001,0.0176817288801571,2002,WEST BENGAL,HOWRAH G.R.P.,WEST BENGAL||HOWRAH GRP
9,7,0,3,0,1,1,10,0,316,0,9,0,2,0,0,5,0,1,0,0,121,509,9,40,326,2,9,0.0176817288801571,2002,0.012847965738758,2003,WEST BENGAL,HOWRAH G.R.P.,WEST BENGAL||HOWRAH GRP
11,3,0,0,0,3,2,8,0,292,0,13,1,3,0,0,5,0,1,0,0,65,467,6,40,300,4,13,0.012847965738758,2003,0.0120481927710843,2004,WEST BENGAL,HOWRAH G.R.P.,WEST BENGAL||HOWRAH GRP
10,5,2,1,0,8,1,5,0,275,0,12,3,13,0,0,4,1,0,0,2,102,498,6,44,280,16,12,0.0120481927710843,2004,0.0123022847100175,2005,WEST BENGAL,HOWRAH G.R.P.,WEST BENGAL||HOWRAH GRP
7,6,2,0,0,8,1,1,0,281,2,12,0,22,0,0,4,2,0,1,1,115,569,7,37,284,22,12,0.0123022847100175,2005,0.0084745762711864,2006,WEST BENGAL,HOWRAH G.R.P.,WEST BENGAL||HOWRAH GRP
9,3,3,0,0,3,3,4,1,696,2,2,0,21,0,2,5,0,0,0,1,53,826,7,27,703,21,2,0.0084745762711864,2006,0.0101419878296146,2007,WEST BENGAL,HOWRAH G.R.P.,WEST BENGAL||HOWRAH GRP
9,4,1,1,0,3,0,5,0,401,0,3,0,4,1,0,4,0,0,0,0,42,493,5,26,407,4,3,0.0101419878296146,2007,0.0075075075075075,2008,WEST BENGAL,HOWRAH G.R.P.,WEST BENGAL||HOWRAH GRP
5,42,0,0,0,3,5,1,0,521,0,3,2,8,0,0,5,0,0,0,2,62,666,5,59,522,10,3,0.0075075075075075,2008,0.0109890109890109,2009,WEST BENGAL,HOWRAH G.R.P.,WEST BENGAL||HOWRAH GRP
152,30,60,54,0,33,36,58,27,486,51,84,6,12,4,2,47,0,150,0,215,531,2321,253,507,626,18,84,0.1090047393364928,2001,0.1294178794178794,2002,WEST BENGAL,JALPAIGURI,WEST BENGAL||JALPAIGURI
92,21,54,38,0,22,13,27,9,400,58,52,34,12,7,3,54,0,154,0,217,557,1924,249,319,501,46,52,0.1294178794178794,2002,0.1321164710995219,2003,WEST BENGAL,JALPAIGURI,WEST BENGAL||JALPAIGURI
108,32,56,60,0,29,7,22,7,474,86,59,20,6,2,4,75,1,164,0,276,679,2301,304,373,591,26,59,0.1321164710995219,2003,0.151430565247732,2004,WEST BENGAL,JALPAIGURI,WEST BENGAL||JALPAIGURI
118,31,45,83,0,59,6,14,21,661,72,37,28,2,9,8,112,2,229,0,268,900,2866,434,393,777,30,37,0.151430565247732,2004,0.1607761607761607,2005,WEST BENGAL,JALPAIGURI,WEST BENGAL||JALPAIGURI
87,22,42,108,0,61,9,20,40,712,79,53,50,11,3,15,103,1,237,0,156,879,2886,464,402,854,61,53,0.1607761607761607,2005,0.182375478927203,2006,WEST BENGAL,JALPAIGURI,WEST BENGAL||JALPAIGURI
86,40,44,118,0,56,5,18,25,497,67,32,39,22,1,6,102,0,250,0,260,754,2610,476,399,608,61,32,0.182375478927203,2006,0.1642620979861737,2007,WEST BENGAL,JALPAIGURI,WEST BENGAL||JALPAIGURI
122,56,40,235,0,202,5,35,55,1538,95,69,86,46,5,14,211,1,632,0,207,2589,6654,1093,764,1728,132,69,0.1642620979861737,2007,0.1377770935960591,2008,WEST BENGAL,JALPAIGURI,WEST BENGAL||JALPAIGURI
126,134,44,334,0,299,11,76,135,2879,176,129,143,93,0,18,376,0,1062,0,216,5419,12992,1790,1153,3266,236,129,0.1377770935960591,2008,0.1529868114817688,2009,WEST BENGAL,JALPAIGURI,WEST BENGAL||JALPAIGURI
3,3,0,0,0,1,3,6,0,124,0,5,0,0,0,0,0,0,0,0,1,31,185,0,21,130,0,5,0.0,2002,0.0,2003,WEST BENGAL,KHARAGPUR G.R.P.,WEST BENGAL||KHARAGPUR GRP
2,1,0,0,0,0,6,6,0,108,0,3,0,2,0,0,0,0,0,0,3,26,165,0,18,114,2,3,0.0,2003,0.0239520958083832,2004,WEST BENGAL,KHARAGPUR G.R.P.,WEST BENGAL||KHARAGPUR GRP
8,2,0,0,0,2,6,5,0,115,0,3,1,3,0,0,2,1,1,0,0,0,167,4,26,120,4,3,0.0239520958083832,2004,0.0266666666666666,2005,WEST BENGAL,KHARAGPUR G.R.P.,WEST BENGAL||KHARAGPUR GRP
2,0,2,1,0,1,2,2,0,109,0,3,1,1,0,0,3,0,0,0,3,15,150,4,13,111,2,3,0.0266666666666666,2005,0.0396825396825396,2006,WEST BENGAL,KHARAGPUR G.R.P.,WEST BENGAL||KHARAGPUR GRP
2,1,0,0,0,0,1,4,0,88,0,1,0,0,0,1,3,1,0,0,0,19,126,5,9,92,0,1,0.0396825396825396,2006,0.0117647058823529,2007,WEST BENGAL,KHARAGPUR G.R.P.,WEST BENGAL||KHARAGPUR GRP
3,0,0,0,0,2,1,0,0,127,0,2,0,0,0,0,2,0,0,0,6,25,170,2,8,127,0,2,0.0117647058823529,2007,0.0071942446043165,2008,WEST BENGAL,KHARAGPUR G.R.P.,WEST BENGAL||KHARAGPUR GRP
7,0,1,0,0,0,0,1,0,102,0,3,0,0,0,0,1,0,0,0,0,16,139,1,12,103,0,3,0.0071942446043165,2008,0.0186335403726708,2009,WEST BENGAL,KHARAGPUR G.R.P.,WEST BENGAL||KHARAGPUR GRP
65,152,8,19,0,121,26,149,148,4040,1061,275,271,863,0,6,165,37,207,2,445,3511,11970,436,815,5398,1134,275,0.0364243943191311,2001,0.0427647003657507,2002,WEST BENGAL,KOLKATA,WEST BENGAL||KOLKATA
58,148,15,33,0,107,18,166,190,3716,980,242,256,859,0,4,160,24,235,0,444,2713,10663,456,787,5052,1115,242,0.0427647003657507,2002,0.0481612843009146,2003,WEST BENGAL,KOLKATA,WEST BENGAL||KOLKATA
52,123,13,36,0,108,33,173,144,3684,929,200,222,990,0,16,185,57,222,0,447,2629,10714,516,738,4930,1212,200,0.0481612843009146,2003,0.0462954355303523,2004,WEST BENGAL,KOLKATA,WEST BENGAL||KOLKATA
37,78,16,27,0,119,19,117,140,3695,763,227,225,922,0,10,174,34,252,1,431,2940,10757,498,640,4715,1147,227,0.0462954355303523,2004,0.0466404003833457,2005,WEST BENGAL,KOLKATA,WEST BENGAL||KOLKATA
43,73,16,13,0,82,17,55,130,2639,548,183,215,935,0,6,148,35,236,0,486,2977,9391,438,482,3372,1150,183,0.0466404003833457,2005,0.0563905766975802,2006,WEST BENGAL,KOLKATA,WEST BENGAL||KOLKATA
25,72,11,38,0,94,11,51,115,2566,581,167,210,963,0,4,173,37,276,1,488,2950,9381,529,469,3313,1173,167,0.0563905766975802,2006,0.0548573525364645,2007,WEST BENGAL,KOLKATA,WEST BENGAL||KOLKATA
36,71,12,44,0,114,2,74,114,2924,621,220,222,1126,0,8,189,58,296,3,459,3611,10901,598,573,3733,1348,220,0.0548573525364645,2007,0.057516339869281,2008,WEST BENGAL,KOLKATA,WEST BENGAL||KOLKATA
51,77,23,35,0,116,14,86,138,3365,546,211,246,1273,0,12,211,81,405,4,427,4680,13005,748,613,4135,1519,211,0.057516339869281,2008,0.0556738890929122,2009,WEST BENGAL,KOLKATA,WEST BENGAL||KOLKATA
55,27,34,40,0,38,1,9,10,333,29,52,15,16,0,5,48,0,92,0,149,820,1859,185,256,381,31,52,0.0995158687466379,2001,0.1055245189323401,2002,WEST BENGAL,MALDA,WEST BENGAL||MALDA
53,32,32,33,0,39,3,8,1,283,47,28,15,11,0,5,60,3,69,0,140,701,1611,170,228,339,26,28,0.1055245189323401,2002,0.1305094447624499,2003,WEST BENGAL,MALDA,WEST BENGAL||MALDA
48,49,20,57,0,24,5,18,10,247,42,46,7,12,0,4,67,1,99,0,151,784,1747,228,267,317,19,46,0.1305094447624499,2003,0.185650587758411,2004,WEST BENGAL,MALDA,WEST BENGAL||MALDA
63,55,27,97,0,65,8,17,10,363,74,43,0,7,0,4,112,0,245,0,357,890,2467,458,375,464,7,43,0.185650587758411,2004,0.2333779562695225,2005,WEST BENGAL,MALDA,WEST BENGAL||MALDA
61,55,21,96,0,44,7,18,20,335,111,64,0,8,0,3,137,0,287,0,0,1003,2241,523,366,484,8,64,0.2333779562695225,2005,0.1627021883920076,2006,WEST BENGAL,MALDA,WEST BENGAL||MALDA
63,58,30,74,0,48,10,26,34,399,151,53,1,4,0,5,110,1,152,0,0,434,2102,342,362,610,5,53,0.1627021883920076,2006,0.2280459770114942,2007,WEST BENGAL,MALDA,WEST BENGAL||MALDA
88,63,23,103,0,73,4,15,12,273,103,35,6,24,0,11,103,13,266,0,2,719,2175,496,404,403,30,35,0.2280459770114942,2007,0.2237312365975697,2008,WEST BENGAL,MALDA,WEST BENGAL||MALDA
78,129,24,130,0,92,3,16,8,310,134,36,9,50,0,12,83,0,401,0,0,1313,2798,626,508,468,59,36,0.2237312365975697,2008,0.2304558186911128,2009,WEST BENGAL,MALDA,WEST BENGAL||MALDA
130,10,38,66,0,52,21,31,10,378,23,109,2,18,0,12,36,2,240,0,213,1132,2683,356,457,442,20,109,0.1326872903466269,2001,0.14519194222729,2002,WEST BENGAL,MURSHIDABAD,WEST BENGAL||MURSHIDABAD
123,5,53,62,0,37,15,24,6,310,39,133,0,8,0,8,58,0,254,0,279,1059,2631,382,452,379,8,133,0.14519194222729,2002,0.1909431785405249,2003,WEST BENGAL,MURSHIDABAD,WEST BENGAL||MURSHIDABAD
116,16,42,106,0,91,7,20,5,391,56,180,7,13,0,17,131,0,408,0,228,1203,3467,662,578,472,20,180,0.1909431785405249,2003,0.2780761148727527,2004,WEST BENGAL,MURSHIDABAD,WEST BENGAL||MURSHIDABAD
111,7,44,197,0,126,8,23,14,429,82,173,5,21,0,32,201,0,761,0,277,1535,4283,1191,689,548,26,173,0.2780761148727527,2004,0.293928923988154,2005,WEST BENGAL,MURSHIDABAD,WEST BENGAL||MURSHIDABAD
115,23,46,236,0,121,7,18,17,536,99,139,15,64,6,35,223,1,696,0,232,910,4052,1191,705,676,79,139,0.293928923988154,2005,0.2540449674301324,2006,WEST BENGAL,MURSHIDABAD,WEST BENGAL||MURSHIDABAD
95,39,46,224,0,118,6,22,6,702,204,175,22,63,15,30,217,3,735,0,248,1056,4759,1209,725,949,85,175,0.2540449674301324,2006,0.305550257486172,2007,WEST BENGAL,MURSHIDABAD,WEST BENGAL||MURSHIDABAD
132,61,30,369,0,140,10,17,10,655,103,212,7,91,11,32,250,6,945,0,246,1227,5243,1602,971,796,98,212,0.305550257486172,2007,0.3125991748651222,2008,WEST BENGAL,MURSHIDABAD,WEST BENGAL||MURSHIDABAD
134,237,34,308,0,194,8,30,11,522,138,282,16,111,18,34,184,3,1441,0,258,934,6302,1970,1227,719,127,282,0.3125991748651222,2008,0.3252356191095222,2009,WEST BENGAL,MURSHIDABAD,WEST BENGAL||MURSHIDABAD
124,0,34,71,0,91,28,23,10,678,2,227,0,0,5,10,77,7,252,0,135,1338,3623,417,598,718,0,227,0.1150979850952249,2001,0.1193872160591653,2002,WEST BENGAL,NADIA,WEST BENGAL||NADIA
99,0,38,79,0,82,18,23,10,609,0,228,0,0,4,13,90,0,270,0,211,1484,3786,452,567,646,0,228,0.1193872160591653,2002,0.15,2003,WEST BENGAL,NADIA,WEST BENGAL||NADIA
93,0,7,108,0,59,16,14,16,658,0,193,0,0,12,23,96,2,299,0,93,1155,3520,528,490,700,0,193,0.15,2003,0.1588430535798957,2004,WEST BENGAL,NADIA,WEST BENGAL||NADIA
99,0,21,108,0,80,7,14,17,757,23,168,0,6,7,30,128,0,393,11,168,1626,4218,670,497,818,6,168,0.1588430535798957,2004,0.2018410417602155,2005,WEST BENGAL,NADIA,WEST BENGAL||NADIA
100,0,12,148,0,102,11,15,2,772,129,233,0,44,4,48,95,3,545,60,175,1395,4454,899,621,922,44,233,0.2018410417602155,2005,0.2119006849315068,2006,WEST BENGAL,NADIA,WEST BENGAL||NADIA
101,16,20,158,0,152,14,16,16,846,88,164,0,143,9,43,175,1,613,0,250,1300,4672,990,641,975,143,164,0.2119006849315068,2006,0.2374177485328116,2007,WEST BENGAL,NADIA,WEST BENGAL||NADIA
99,69,9,183,0,175,18,14,7,863,51,193,0,214,9,42,249,0,861,0,217,1361,5623,1335,760,944,214,193,0.2374177485328116,2007,0.2356837311991168,2008,WEST BENGAL,NADIA,WEST BENGAL||NADIA
102,345,28,178,0,216,15,34,13,1237,93,319,21,180,24,46,296,2,1186,0,277,1312,7247,1708,1237,1401,201,319,0.2356837311991168,2008,0.2120376751665518,2009,WEST BENGAL,NADIA,WEST BENGAL||NADIA
86,38,24,53,0,47,16,24,9,328,53,167,24,23,44,22,35,0,249,0,0,1331,2587,359,455,458,47,167,0.1387707769617317,2002,0.1485115020297699,2003,WEST BENGAL,PASCHIM MIDNAPUR,WEST BENGAL||PASCHIM MIDNAPUR
77,58,27,50,0,45,30,36,21,358,33,245,27,35,11,18,31,2,338,0,0,1426,2956,439,568,459,62,245,0.1485115020297699,2003,0.1491679273827534,2004,WEST BENGAL,PASCHIM MIDNAPUR,WEST BENGAL||PASCHIM MIDNAPUR
81,58,20,74,0,65,26,30,38,437,33,212,47,38,14,16,67,2,334,0,2,1657,3305,493,566,552,85,212,0.1491679273827534,2004,0.1730486008836524,2005,WEST BENGAL,PASCHIM MIDNAPUR,WEST BENGAL||PASCHIM MIDNAPUR
79,38,14,92,0,45,25,27,35,353,36,184,23,30,7,21,57,0,300,0,2,1312,2716,470,504,458,53,184,0.1730486008836524,2005,0.1714814814814814,2006,WEST BENGAL,PASCHIM MIDNAPUR,WEST BENGAL||PASCHIM MIDNAPUR
99,57,20,79,0,50,15,30,24,327,32,153,35,28,13,25,73,3,283,0,1,1270,2700,463,503,426,63,153,0.1714814814814814,2006,0.1984316399590862,2007,WEST BENGAL,PASCHIM MIDNAPUR,WEST BENGAL||PASCHIM MIDNAPUR
105,39,14,60,0,61,10,31,19,328,44,204,46,53,9,31,83,1,407,0,4,1249,2933,582,524,431,99,204,0.1984316399590862,2007,0.2441186498465734,2008,WEST BENGAL,PASCHIM MIDNAPUR,WEST BENGAL||PASCHIM MIDNAPUR
98,40,41,56,0,57,12,28,16,286,41,230,38,36,6,20,58,0,582,0,2,1082,2933,716,562,377,74,230,0.2441186498465734,2008,0.198547215496368,2009,WEST BENGAL,PASCHIM MIDNAPUR,WEST BENGAL||PASCHIM MIDNAPUR
38,1,18,25,0,42,7,11,9,157,10,136,2,3,2,39,10,0,175,0,0,1260,1946,249,278,189,5,136,0.1279547790339157,2002,0.1597151576805696,2003,WEST BENGAL,PURAB MIDNAPUR,WEST BENGAL||PURAB MIDNAPUR
43,0,12,33,0,52,2,15,5,143,1,188,0,0,4,37,11,0,233,0,0,1153,1966,314,345,168,0,188,0.1597151576805696,2003,0.1671629094002552,2004,WEST BENGAL,PURAB MIDNAPUR,WEST BENGAL||PURAB MIDNAPUR
50,10,14,49,0,54,4,15,11,217,24,201,8,23,0,36,38,1,269,0,0,1277,2351,393,397,267,31,201,0.1671629094002552,2004,0.203883495145631,2005,WEST BENGAL,PURAB MIDNAPUR,WEST BENGAL||PURAB MIDNAPUR
42,19,17,54,0,54,7,8,8,219,30,155,45,46,4,34,28,0,325,0,6,1031,2163,441,356,269,91,155,0.203883495145631,2005,0.1754897874114214,2006,WEST BENGAL,PURAB MIDNAPUR,WEST BENGAL||PURAB MIDNAPUR
61,37,10,71,0,59,7,10,12,262,31,125,40,43,6,27,37,1,285,0,210,1047,2399,421,380,321,83,125,0.1754897874114214,2006,0.1532752500806712,2007,WEST BENGAL,PURAB MIDNAPUR,WEST BENGAL||PURAB MIDNAPUR
76,41,12,41,0,75,8,10,19,242,37,741,43,29,3,24,36,1,373,0,320,991,3099,475,1004,311,72,741,0.1532752500806712,2007,0.1919217905839979,2008,WEST BENGAL,PURAB MIDNAPUR,WEST BENGAL||PURAB MIDNAPUR
63,26,10,60,0,118,13,18,16,389,72,600,6,74,0,28,45,0,613,0,272,1522,3887,746,908,495,80,600,0.1919217905839979,2008,0.1614140860509728,2009,WEST BENGAL,PURAB MIDNAPUR,WEST BENGAL||PURAB MIDNAPUR
69,0,5,23,0,17,7,20,5,300,1,70,6,17,3,3,48,0,86,0,0,606,1292,160,211,329,23,70,0.1238390092879257,2001,0.1398963730569948,2002,WEST BENGAL,PURULIA,WEST BENGAL||PURULIA
41,0,8,15,0,14,6,15,3,230,3,53,9,24,3,4,51,0,92,0,0,577,1158,162,152,254,33,53,0.1398963730569948,2002,0.1368227731864095,2003,WEST BENGAL,PURULIA,WEST BENGAL||PURULIA
46,0,10,25,0,16,6,21,1,147,8,36,11,27,0,8,34,0,82,0,0,600,1089,149,160,177,38,36,0.1368227731864095,2003,0.1848888888888888,2004,WEST BENGAL,PURULIA,WEST BENGAL||PURULIA
40,0,9,43,0,11,3,14,5,145,3,44,10,30,2,8,39,0,118,0,0,540,1125,208,164,169,40,44,0.1848888888888888,2004,0.1808510638297872,2005,WEST BENGAL,PURULIA,WEST BENGAL||PURULIA
61,0,9,34,0,8,3,14,4,143,3,43,5,23,0,8,37,0,108,0,0,511,1034,187,172,164,28,43,0.1808510638297872,2005,0.2239488117001828,2006,WEST BENGAL,PURULIA,WEST BENGAL||PURULIA
41,0,9,48,0,13,3,20,4,141,11,55,1,23,0,20,41,0,136,0,0,524,1094,245,189,176,24,55,0.2239488117001828,2006,0.2296028880866426,2007,WEST BENGAL,PURULIA,WEST BENGAL||PURULIA
46,0,6,38,0,14,0,12,3,184,9,58,4,24,1,14,70,0,196,0,0,700,1385,318,174,209,28,58,0.2296028880866426,2007,0.1840596330275229,2008,WEST BENGAL,PURULIA,WEST BENGAL||PURULIA
44,0,7,61,0,23,3,27,3,263,19,120,5,28,3,4,63,0,193,0,0,888,1744,321,285,315,33,120,0.1840596330275229,2008,0.1739707835325365,2009,WEST BENGAL,PURULIA,WEST BENGAL||PURULIA
23,6,4,1,0,3,2,11,0,276,0,16,1,6,0,0,0,0,2,0,0,43,418,3,66,287,7,16,0.0071770334928229,2001,0.0024390243902439,2002,WEST BENGAL,SEALDAH G.R.P.,WEST BENGAL||SEALDAH GRP
22,4,3,0,0,4,2,14,0,246,0,10,0,4,0,0,1,0,0,0,0,94,410,1,59,260,4,10,0.0024390243902439,2002,0.0089020771513353,2003,WEST BENGAL,SEALDAH G.R.P.,WEST BENGAL||SEALDAH GRP
22,3,3,0,0,3,1,11,0,207,0,2,0,6,0,1,2,0,0,0,1,48,337,3,45,218,6,2,0.0089020771513353,2003,0.025943396226415,2004,WEST BENGAL,SEALDAH G.R.P.,WEST BENGAL||SEALDAH GRP
14,2,1,5,0,6,1,14,0,279,0,8,1,4,0,0,6,0,0,0,0,75,424,11,51,293,5,8,0.025943396226415,2004,0.0296052631578947,2005,WEST BENGAL,SEALDAH G.R.P.,WEST BENGAL||SEALDAH GRP
20,4,2,3,0,9,0,4,0,188,0,3,1,11,0,1,5,0,0,0,1,36,304,9,45,192,12,3,0.0296052631578947,2005,0.023728813559322,2006,WEST BENGAL,SEALDAH G.R.P.,WEST BENGAL||SEALDAH GRP
12,2,1,1,0,5,4,8,0,174,0,2,0,7,0,2,4,0,0,0,2,49,295,7,35,182,7,2,0.023728813559322,2006,0.0297397769516728,2007,WEST BENGAL,SEALDAH G.R.P.,WEST BENGAL||SEALDAH GRP
6,7,0,3,0,4,5,5,0,164,0,8,2,7,0,1,4,0,0,0,0,27,269,8,38,169,9,8,0.0297397769516728,2007,0.0116731517509727,2008,WEST BENGAL,SEALDAH G.R.P.,WEST BENGAL||SEALDAH GRP
10,2,1,2,0,6,0,7,0,147,0,14,4,4,0,0,1,0,0,0,0,35,257,3,42,154,8,14,0.0116731517509727,2008,0.0428954423592493,2009,WEST BENGAL,SEALDAH G.R.P.,WEST BENGAL||SEALDAH GRP
2,0,2,0,0,2,3,1,0,89,0,4,1,1,0,0,1,0,0,0,0,32,143,1,14,90,2,4,0.0069930069930069,2001,0.0076923076923076,2002,WEST BENGAL,SILIGURI G.R.P.,WEST BENGAL||SILIGURI GRP
4,0,0,0,0,1,2,1,0,89,0,0,0,1,0,0,1,0,0,0,0,30,130,1,8,90,1,0,0.0076923076923076,2002,0.0068027210884353,2003,WEST BENGAL,SILIGURI G.R.P.,WEST BENGAL||SILIGURI GRP
6,0,0,0,0,2,1,3,0,89,0,7,0,1,0,0,1,0,0,0,0,37,147,1,19,92,1,7,0.0068027210884353,2003,0.0425531914893617,2004,WEST BENGAL,SILIGURI G.R.P.,WEST BENGAL||SILIGURI GRP
3,0,0,0,0,2,1,3,0,81,0,1,0,1,0,2,4,0,0,0,0,42,141,6,10,84,1,1,0.0425531914893617,2004,0.0141843971631205,2005,WEST BENGAL,SILIGURI G.R.P.,WEST BENGAL||SILIGURI GRP
2,0,1,0,0,2,1,1,0,98,0,0,1,0,0,0,2,0,0,0,0,33,141,2,7,99,1,0,0.0141843971631205,2005,0.0101010101010101,2006,WEST BENGAL,SILIGURI G.R.P.,WEST BENGAL||SILIGURI GRP
3,0,0,0,0,4,0,0,0,63,0,6,0,0,0,0,1,0,0,0,0,22,99,1,13,63,0,6,0.0101010101010101,2006,0.0208333333333333,2007,WEST BENGAL,SILIGURI G.R.P.,WEST BENGAL||SILIGURI GRP
4,1,0,1,0,1,2,0,0,57,0,2,1,0,0,0,1,0,0,0,0,26,96,2,11,57,1,2,0.0208333333333333,2007,0.0296296296296296,2008,WEST BENGAL,SILIGURI G.R.P.,WEST BENGAL||SILIGURI GRP
2,0,2,1,0,6,0,2,1,96,0,3,0,1,0,0,2,0,1,0,0,18,135,4,16,99,1,3,0.0296296296296296,2008,0.0258620689655172,2009,WEST BENGAL,SILIGURI G.R.P.,WEST BENGAL||SILIGURI GRP
36,51,21,31,0,41,19,7,8,274,27,44,13,19,9,4,31,0,74,0,148,636,1540,140,250,325,32,44,0.0909090909090909,2001,0.0928301886792452,2002,WEST BENGAL,UTTAR DINAJPUR,WEST BENGAL||UTTAR DINAJPUR
38,26,17,20,0,26,10,5,6,232,22,48,14,10,8,10,26,0,66,1,178,541,1325,123,190,273,24,48,0.0928301886792452,2002,0.0949510173323285,2003,WEST BENGAL,UTTAR DINAJPUR,WEST BENGAL||UTTAR DINAJPUR
34,6,15,24,0,25,5,6,4,218,39,38,5,8,6,14,23,1,64,0,157,394,1327,126,153,273,13,38,0.0949510173323285,2003,0.1564495530012771,2004,WEST BENGAL,UTTAR DINAJPUR,WEST BENGAL||UTTAR DINAJPUR
36,35,9,47,0,40,6,8,3,247,38,17,0,13,4,9,40,1,148,0,142,668,1566,245,198,300,13,17,0.1564495530012771,2004,0.1612903225806451,2005,WEST BENGAL,UTTAR DINAJPUR,WEST BENGAL||UTTAR DINAJPUR
49,51,13,53,0,39,11,16,9,256,37,30,1,17,12,17,47,0,158,0,200,536,1705,275,262,330,18,30,0.1612903225806451,2005,0.1595153962645128,2006,WEST BENGAL,UTTAR DINAJPUR,WEST BENGAL||UTTAR DINAJPUR
34,72,10,76,0,56,12,15,5,293,45,34,4,16,13,5,53,0,182,0,1,767,1981,316,309,371,20,34,0.1595153962645128,2006,0.1629519564140663,2007,WEST BENGAL,UTTAR DINAJPUR,WEST BENGAL||UTTAR DINAJPUR
53,70,13,76,0,62,1,21,10,295,56,25,15,16,13,12,58,0,183,0,184,652,2019,329,321,395,31,25,0.1629519564140663,2007,0.1582417582417582,2008,WEST BENGAL,UTTAR DINAJPUR,WEST BENGAL||UTTAR DINAJPUR
67,98,14,78,0,74,14,21,10,313,53,80,14,20,17,11,63,0,280,0,5,993,2730,432,446,414,34,80,0.1582417582417582,2008,0.1734519329456038,2009,WEST BENGAL,UTTAR DINAJPUR,WEST BENGAL||UTTAR DINAJPUR
