STATE_UT,DISTRICT,YEAR,MURDER,ATTEMPT_MURDER,CULPABLE_HOMICIDE,RAPE,CUSTODIAL_RAPE,KIDNAPPING_ABDUCTION,DACOITY,ROBBERY,BURGLARY,THEFT,AUTO_THEFT,RIOTS,CRIMINAL_BREACH_TRUST,CHEATING,ARSON,HURT,DOWRY_DEATHS,ASSAULT_WOMEN,INSULT_WOMEN,CRUELTY_WOMEN,IMPORTATION_GIRLS,DEATH_BY_NEGLIGENCE,OTHER_IPC,TOTAL_IPC,WOMEN_CRIME_CORE_TOTAL,VIOLENT_CRIME,PROPERTY_CRIME,ECONOMIC_OFFENCES,PUBLIC_ORDER_CRIME,WOMEN_CRIME_SHARE,VIOLENT_CRIME_SHARE,PROPERTY_CRIME_SHARE,RAPE_SHARE,KIDNAPPING_SHARE,SOURCE_DATASET,RECORD_ID,YEAR_NORMALIZED,WOMEN_VIOLENCE,RAPE_RATE_PROXY,KIDNAPPING_RATE_PROXY,MURDER_SHARE,ROBBERY_SHARE,THEFT_SHARE,BURGLARY_SHARE,SERIOUS_VIOLENT_CRIME,CLUSTER
Andhra Pradesh,ADILABAD,2013,96,72,13,61,0,65,2,14,274,377,86,58,93,254,30,2394,12,197,138,464,0,376,1390,6381,872,520,753,347,88,0.13665569659927912,0.08149192916470772,0.11800658204043253,0.0095596301520137,0.0101864911455884,DATASET_02_2013,Andhra Pradesh_ADILABAD_2013,0.0,860,0.009559630152013792,0.010186491145588466,0.015044663845792195,0.002194013477511362,0.0590816486444131,0.04293997805986523,323,0
Andhra Pradesh,ANANTAPUR,2013,156,149,3,28,0,110,5,23,279,597,154,56,5,160,29,2537,23,337,43,161,0,573,1634,6913,592,811,1058,165,85,0.08563575871546363,0.11731520324027195,0.15304498770432517,0.0040503399392449,0.0159120497613192,DATASET_02_2013,Andhra Pradesh_ANANTAPUR_2013,0.0,569,0.004050339939244901,0.015912049761319255,0.022566179661507306,0.003327064950094026,0.0863590337046145,0.04035874439461883,474,0
Andhra Pradesh,CHITTOOR,2013,72,61,2,31,0,52,3,11,157,512,158,57,17,238,18,937,13,119,84,435,0,546,2239,5610,682,351,841,255,75,0.12156862745098039,0.06256684491978609,0.1499108734402852,0.0055258467023172,0.0092691622103386,DATASET_02_2013,Andhra Pradesh_CHITTOOR_2013,0.0,669,0.00552584670231729,0.009269162210338681,0.012834224598930482,0.00196078431372549,0.09126559714795009,0.027985739750445632,232,0
Andhra Pradesh,CUDDAPAH,2013,93,107,7,19,0,84,2,9,220,702,255,156,81,317,34,2310,9,318,163,207,0,464,1741,7048,716,639,1188,398,190,0.10158910329171396,0.09066401816118047,0.1685584562996595,0.0026958002270147,0.0119182746878547,DATASET_02_2013,Andhra Pradesh_CUDDAPAH_2013,0.0,707,0.002695800227014756,0.01191827468785471,0.013195232690124858,0.0012769580022701475,0.09960272417707151,0.031214528944381384,321,0
Andhra Pradesh,CYBERABAD,2013,162,123,16,138,0,192,15,89,1318,4779,1761,34,179,2111,40,4284,43,350,338,1526,0,1104,3139,19992,2395,1085,7962,2290,74,0.11979791916766706,0.05427170868347339,0.3982593037214886,0.0069027611044417,0.0096038415366146,DATASET_02_2013,Andhra Pradesh_CYBERABAD_2013,0.0,2352,0.006902761104441777,0.009603841536614645,0.008103241296518607,0.004451780712284914,0.23904561824729892,0.06592637054821929,735,0
Andhra Pradesh,EAST GODAVARI,2013,68,71,6,74,0,63,3,15,326,788,310,50,86,222,21,2300,15,352,222,483,0,525,1082,6779,1146,652,1442,308,71,0.16905148251954566,0.0961793774893052,0.212715739784629,0.0109160643162708,0.0092934061070954,DATASET_02_2013,Andhra Pradesh_EAST GODAVARI_2013,0.0,1131,0.010916064316270837,0.009293406107095442,0.010030978020356985,0.002212715739784629,0.11624133353001918,0.0480896887446526,300,0
Andhra Pradesh,GUNTAKAL RLY.,2013,2,0,0,0,0,0,0,0,0,251,0,0,0,3,1,11,0,3,2,0,0,0,24,301,5,5,251,3,1,0.016611295681063124,0.016611295681063124,0.8338870431893688,0.0,0.0,DATASET_02_2013,Andhra Pradesh_GUNTAKAL RLY._2013,0.0,5,0.0,0.0,0.006644518272425249,0.0,0.8338870431893688,0.0,2,1
Andhra Pradesh,GUNTUR,2013,110,87,1,38,0,61,4,21,192,675,200,41,41,305,21,2345,16,296,135,608,0,449,1569,7026,1093,618,1092,346,62,0.1555650441218332,0.08795900939368062,0.15542271562766866,0.0054084827782522,0.0086820381440364,DATASET_02_2013,Andhra Pradesh_GUNTUR_2013,0.0,1077,0.005408482778252206,0.008682038144036437,0.01565613435809849,0.0029888983774551663,0.09607173356105893,0.027327070879590094,322,0
Andhra Pradesh,GUNTUR URBAN,2013,44,51,3,28,0,46,2,26,190,991,408,11,15,372,14,1180,7,124,93,326,0,226,1123,4878,578,324,1617,387,25,0.11849118491184912,0.06642066420664207,0.33148831488314884,0.005740057400574,0.009430094300943,DATASET_02_2013,Andhra Pradesh_GUNTUR URBAN_2013,0.0,571,0.005740057400574006,0.00943009430094301,0.009020090200902008,0.005330053300533005,0.2031570315703157,0.03895038950389504,200,0
Andhra Pradesh,HYDERABAD CITY,2013,120,145,5,101,0,131,6,47,658,4166,1353,118,75,2382,62,3092,39,225,90,1480,0,527,2839,16355,1935,780,6230,2457,180,0.1183124426780801,0.04769183735860593,0.3809232650565576,0.0061754815041271,0.0080097829409966,DATASET_02_2013,Andhra Pradesh_HYDERABAD CITY_2013,0.0,1896,0.006175481504127178,0.008009782940996637,0.007337205747477835,0.002873738917762152,0.25472332619993887,0.04023234484867013,555,0
Andhra Pradesh,KARIMNAGAR,2013,101,89,10,57,0,118,3,20,349,771,242,96,120,706,45,2593,39,354,276,670,0,535,1881,8836,1396,752,1385,826,141,0.15799004074241738,0.0851063829787234,0.15674513354459033,0.0064508827523766,0.0133544590312358,DATASET_02_2013,Andhra Pradesh_KARIMNAGAR_2013,0.0,1357,0.006450882752376641,0.013354459031235853,0.011430511543684926,0.0022634676324128564,0.08725667722951562,0.039497510185604344,398,0
Andhra Pradesh,KHAMMAM,2013,103,99,10,100,0,114,6,16,455,887,340,135,52,636,42,2268,15,254,297,768,0,483,3864,10607,1434,702,1704,688,177,0.13519373998303008,0.0661827095314415,0.16064862826435372,0.0094277364004902,0.0107476194965588,DATASET_02_2013,Andhra Pradesh_KHAMMAM_2013,0.0,1419,0.009427736400490242,0.010747619496558876,0.00971056849250495,0.0015084378240784388,0.08362402187234845,0.0428962006222306,448,0
Andhra Pradesh,KRISHNA,2013,56,46,0,58,0,54,0,18,316,579,154,15,31,203,45,2596,14,387,274,708,0,404,1059,6876,1441,619,1067,234,60,0.2095695171611402,0.09002326934264107,0.15517742873763815,0.008435136707388,0.0078534031413612,DATASET_02_2013,Andhra Pradesh_KRISHNA_2013,0.0,1427,0.008435136707388016,0.007853403141361256,0.008144269924374637,0.002617801047120419,0.08420593368237347,0.04595695171611402,232,0
Andhra Pradesh,KURNOOL,2013,127,175,0,26,0,72,12,27,252,565,21,128,16,506,35,2531,11,374,199,203,0,478,1852,7595,813,813,877,522,163,0.10704410796576695,0.10704410796576695,0.11547070441079657,0.0034233048057932,0.0094799210006583,DATASET_02_2013,Andhra Pradesh_KURNOOL_2013,0.0,802,0.0034233048057932852,0.009479921000658328,0.01672152732060566,0.003554970375246873,0.07439104674127715,0.03317972350230415,439,0
Andhra Pradesh,MAHABOOBNAGAR,2013,191,69,31,117,0,90,8,18,394,1207,13,130,52,269,56,2381,33,219,98,234,0,756,1733,8092,701,743,1640,321,186,0.08662876915472072,0.09181908057340583,0.20266930301532377,0.0144587246663371,0.0111220958971824,DATASET_02_2013,Andhra Pradesh_MAHABOOBNAGAR_2013,0.0,668,0.014458724666337124,0.011122095897182402,0.023603559070687098,0.0022244191794364805,0.14915966386554622,0.04869006426099852,524,0
Andhra Pradesh,MEDAK,2013,128,77,6,64,0,44,3,14,414,775,245,45,25,358,58,1970,25,169,73,476,0,733,1591,7054,807,505,1451,383,103,0.11440317550326057,0.07159058690104905,0.20569889424440033,0.0090728664587468,0.0062375956903884,DATASET_02_2013,Andhra Pradesh_MEDAK_2013,0.0,782,0.00907286645874681,0.0062375956903884325,0.01814573291749362,0.001984689537850865,0.10986674227388715,0.05869010490501843,336,0
Andhra Pradesh,NALGONDA,2013,98,100,5,77,0,118,13,27,375,810,244,231,91,499,49,3315,27,367,313,327,0,746,2701,10291,1111,805,1469,590,280,0.10795841026139345,0.0782236906034399,0.14274608881546982,0.0074822660577203,0.0114663298027402,DATASET_02_2013,Andhra Pradesh_NALGONDA_2013,0.0,1084,0.0074822660577203385,0.011466329802740259,0.009522884073462249,0.0026236517345253133,0.0787095520357594,0.03643960742396268,438,0
Andhra Pradesh,NELLORE,2013,99,110,2,26,0,95,4,41,364,1077,323,29,129,223,29,2533,8,263,221,374,0,455,1239,7326,892,640,1809,352,58,0.12175812175812176,0.08736008736008737,0.24692874692874692,0.0035490035490035,0.0129675129675129,DATASET_02_2013,Andhra Pradesh_NELLORE_2013,0.0,884,0.003549003549003549,0.012967512967512968,0.013513513513513514,0.0055965055965055965,0.147010647010647,0.049686049686049685,377,0
Andhra Pradesh,NIZAMABAD,2013,117,56,12,49,0,54,5,18,480,1035,338,84,41,373,60,1796,17,142,295,732,0,572,1720,7662,1235,453,1876,414,144,0.1611850691725398,0.0591229444009397,0.24484468807099974,0.0063951970764813,0.0070477682067345,DATASET_02_2013,Andhra Pradesh_NIZAMABAD_2013,0.0,1218,0.006395197076481336,0.007047768206734534,0.015270164447924823,0.0023492560689115116,0.1350822239624119,0.06264682850430697,311,0
Andhra Pradesh,PRAKASHAM,2013,77,101,6,39,0,65,7,30,238,694,233,93,81,294,27,2274,8,298,26,484,0,492,1061,6399,855,623,1202,375,120,0.13361462728551335,0.09735896233786528,0.1878418502891077,0.0060947022972339,0.0101578371620565,DATASET_02_2013,Andhra Pradesh_PRAKASHAM_2013,0.0,847,0.006094702297233943,0.01015783716205657,0.012033130176590093,0.0046882325363338025,0.10845444600718862,0.03719331145491483,325,0
Andhra Pradesh,RAJAHMUNDRY,2013,14,15,2,14,0,15,1,18,160,314,132,12,22,48,11,757,2,67,68,209,0,136,365,2251,360,146,625,70,23,0.15992892047978677,0.06486006219458018,0.27765437583296315,0.0062194580186583,0.0066637050199911,DATASET_02_2013,Andhra Pradesh_RAJAHMUNDRY_2013,0.0,358,0.006219458018658374,0.006663705019991115,0.006219458018658374,0.007996446023989337,0.13949355841848068,0.07107952021323856,79,0
Andhra Pradesh,RANGA REDDY,2013,80,47,8,37,0,25,1,13,96,173,17,18,9,94,25,626,14,69,23,168,0,182,482,2191,311,280,300,103,43,0.1419443176631675,0.12779552715654952,0.13692377909630304,0.016887266088544,0.0114103149246919,DATASET_02_2013,Andhra Pradesh_RANGA REDDY_2013,0.0,297,0.016887266088544045,0.011410314924691922,0.03651300775901415,0.005933363760839799,0.07895937927886809,0.04381560931081698,211,0
Andhra Pradesh,SECUNDERABAD RLY.,2013,7,2,0,0,0,2,0,1,0,737,0,0,1,11,0,10,0,11,0,0,0,2,60,849,11,23,738,12,0,0.012956419316843345,0.027090694935217905,0.8692579505300353,0.0,0.0023557126030624,DATASET_02_2013,Andhra Pradesh_SECUNDERABAD RLY._2013,0.0,11,0.0,0.002355712603062426,0.008244994110718492,0.001177856301531213,0.8680800942285041,0.0,12,1
Andhra Pradesh,SRIKAKULAM,2013,35,49,1,42,0,26,1,11,190,307,72,22,15,153,31,1124,3,207,129,361,0,319,1814,4841,742,372,581,168,53,0.15327411691799214,0.07684362734972114,0.12001652551125801,0.0086758934104523,0.0053707911588514,DATASET_02_2013,Andhra Pradesh_SRIKAKULAM_2013,0.0,739,0.008675893410452386,0.005370791158851477,0.007229911175376988,0.002272257797975625,0.06341664945259244,0.03924808923776079,165,0
Andhra Pradesh,TIRUPATHI URBAN,2013,26,21,1,10,0,22,0,15,190,827,326,22,3,197,4,565,7,45,31,133,0,200,502,2821,226,140,1358,200,26,0.08011343495214462,0.04962779156327544,0.4813895781637717,0.0035448422545196,0.0077986529599432,DATASET_02_2013,Andhra Pradesh_TIRUPATHI URBAN_2013,0.0,219,0.003544842254519674,0.0077986529599432825,0.009216589861751152,0.005317263381779511,0.29315845444877703,0.06735200283587381,95,0
Andhra Pradesh,VIJAYAWADA CITY,2013,29,55,8,48,0,72,2,66,323,2173,783,6,124,459,24,1955,12,249,456,1227,0,325,1359,8978,1992,529,3347,583,30,0.221875696146135,0.05892180886611718,0.37280017821341055,0.0053464023167743,0.0080196034751615,DATASET_02_2013,Andhra Pradesh_VIJAYAWADA CITY_2013,0.0,1980,0.005346402316774337,0.008019603475161506,0.0032301180663844953,0.007351303185564714,0.24203608821563824,0.03597683225662731,280,0
Andhra Pradesh,VIJAYAWADA RLY.,2013,6,2,0,1,0,1,3,9,0,625,0,1,1,3,0,11,2,6,5,0,0,0,44,773,14,28,637,4,1,0.018111254851228976,0.03622250970245795,0.8240620957309185,0.001293661060802,0.001293661060802,DATASET_02_2013,Andhra Pradesh_VIJAYAWADA RLY._2013,0.0,12,0.00129366106080207,0.00129366106080207,0.007761966364812419,0.01164294954721863,0.8085381630012937,0.0,22,1
Andhra Pradesh,VISAKHA RURAL,2013,46,41,1,32,0,30,1,5,132,329,31,46,6,113,27,1137,8,139,79,210,0,302,548,3238,468,295,498,119,73,0.1445336627547869,0.09110562075355158,0.15379864113650402,0.0098826436071649,0.0092649783817171,DATASET_02_2013,Andhra Pradesh_VISAKHA RURAL_2013,0.0,460,0.009882643607164917,0.00926497838171711,0.014206300185299567,0.0015441630636195182,0.1016059295861643,0.04076590487955528,156,0
Andhra Pradesh,VISAKHAPATNAM,2013,30,50,1,67,0,58,5,26,355,1203,332,9,64,336,21,1356,8,149,100,548,0,379,2009,6775,872,386,1921,400,30,0.12870848708487084,0.05697416974169742,0.28354243542435426,0.0098892988929889,0.008560885608856,DATASET_02_2013,Andhra Pradesh_VISAKHAPATNAM_2013,0.0,864,0.00988929889298893,0.008560885608856088,0.004428044280442804,0.003837638376383764,0.17756457564575645,0.05239852398523985,237,0
Andhra Pradesh,VIZIANAGARAM,2013,30,38,2,42,0,25,1,7,180,230,2,30,18,124,13,1609,10,165,95,383,0,289,1624,4918,695,310,420,142,43,0.14131760878405855,0.06303375355835705,0.08540056933712892,0.0085400569337128,0.0050833672224481,DATASET_02_2013,Andhra Pradesh_VIZIANAGARAM_2013,0.0,685,0.00854005693371289,0.005083367222448149,0.0061000406669377795,0.0014233428222854819,0.04676697844652298,0.036600244001626675,145,0
Andhra Pradesh,WARANGAL,2013,52,54,4,52,0,63,1,17,256,327,17,140,3,237,0,1789,20,206,10,129,0,290,1769,5421,417,449,618,240,140,0.07692307692307693,0.08282604685482384,0.1140011068068622,0.0095923261390887,0.0116214720531267,DATASET_02_2013,Andhra Pradesh_WARANGAL_2013,0.0,397,0.009592326139088728,0.01162147205312673,0.009592326139088728,0.003135952776240546,0.06032097399003874,0.04722375945397528,243,0
Andhra Pradesh,WARANGAL URBAN,2013,24,20,2,36,0,56,1,18,197,459,179,51,2,363,20,1442,16,127,81,195,0,198,1131,4440,455,284,854,365,71,0.10247747747747747,0.06396396396396396,0.19234234234234235,0.0081081081081081,0.0126126126126126,DATASET_02_2013,Andhra Pradesh_WARANGAL URBAN_2013,0.0,439,0.008108108108108109,0.012612612612612612,0.005405405405405406,0.004054054054054054,0.10337837837837838,0.04436936936936937,157,0
Andhra Pradesh,WEST GODAVARI,2013,85,67,2,123,0,96,5,19,490,1090,311,20,57,446,40,2460,16,342,245,855,0,575,1456,8498,1581,739,1915,503,60,0.18604377500588373,0.08696163803247824,0.22534714050364793,0.0144739938809131,0.0112967757119322,DATASET_02_2013,Andhra Pradesh_WEST GODAVARI_2013,0.0,1565,0.014473993880913156,0.01129677571193222,0.010002353494939985,0.002235820192986585,0.1282654742292304,0.057660626029654036,397,0
Arunachal Pradesh,ANJAW,2013,2,0,0,0,0,0,0,1,2,6,0,0,0,1,0,5,0,0,0,0,0,6,5,28,0,3,9,1,0,0.0,0.10714285714285714,0.32142857142857145,0.0,0.0,DATASET_02_2013,Arunachal Pradesh_ANJAW_2013,0.0,0,0.0,0.0,0.07142857142857142,0.03571428571428571,0.21428571428571427,0.07142857142857142,3,1
Arunachal Pradesh,CHANGLANG,2013,4,2,0,5,0,11,3,9,15,32,3,4,3,5,1,24,0,2,0,1,0,4,64,189,8,36,62,8,5,0.042328042328042326,0.19047619047619047,0.328042328042328,0.0264550264550264,0.0582010582010582,DATASET_02_2013,Arunachal Pradesh_CHANGLANG_2013,0.0,8,0.026455026455026454,0.0582010582010582,0.021164021164021163,0.047619047619047616,0.1693121693121693,0.07936507936507936,34,1
Arunachal Pradesh,DIBANG VALLEY,2013,2,4,0,0,0,2,0,5,10,17,3,1,1,1,1,13,0,2,0,0,0,6,26,91,2,15,35,2,2,0.02197802197802198,0.16483516483516483,0.38461538461538464,0.0,0.0219780219780219,DATASET_02_2013,Arunachal Pradesh_DIBANG VALLEY_2013,0.0,2,0.0,0.02197802197802198,0.02197802197802198,0.054945054945054944,0.18681318681318682,0.10989010989010989,13,1
Arunachal Pradesh,K/KUMEY,2013,2,2,0,0,0,1,0,0,3,4,0,2,2,1,0,10,0,1,0,0,0,1,12,41,1,6,7,3,2,0.024390243902439025,0.14634146341463414,0.17073170731707318,0.0,0.024390243902439,DATASET_02_2013,Arunachal Pradesh_K/KUMEY_2013,0.0,1,0.0,0.024390243902439025,0.04878048780487805,0.0,0.0975609756097561,0.07317073170731707,5,1
Arunachal Pradesh,KAMENG EAST,2013,5,4,0,2,0,16,3,0,12,22,0,2,0,3,0,57,0,6,0,0,0,4,33,169,8,36,37,3,2,0.047337278106508875,0.21301775147928995,0.21893491124260356,0.0118343195266272,0.0946745562130177,DATASET_02_2013,Arunachal Pradesh_KAMENG EAST_2013,0.0,8,0.011834319526627219,0.09467455621301775,0.029585798816568046,0.0,0.1301775147928994,0.07100591715976332,30,1
Arunachal Pradesh,KAMENG WEST,2013,8,0,0,2,0,3,2,2,14,35,12,1,2,1,0,6,0,0,0,0,0,10,78,164,2,17,65,3,1,0.012195121951219513,0.10365853658536585,0.39634146341463417,0.0121951219512195,0.0182926829268292,DATASET_02_2013,Arunachal Pradesh_KAMENG WEST_2013,0.0,2,0.012195121951219513,0.018292682926829267,0.04878048780487805,0.012195121951219513,0.21341463414634146,0.08536585365853659,17,1
Arunachal Pradesh,LOHIT,2013,12,4,0,10,0,29,3,9,18,57,14,7,1,2,2,61,0,10,0,2,0,18,85,330,22,77,101,3,9,0.06666666666666667,0.23333333333333334,0.30606060606060603,0.0303030303030303,0.0878787878787878,DATASET_02_2013,Arunachal Pradesh_LOHIT_2013,0.0,22,0.030303030303030304,0.08787878787878788,0.03636363636363636,0.02727272727272727,0.17272727272727273,0.05454545454545454,67,1
Arunachal Pradesh,LONGDING,2013,2,1,0,1,0,3,0,0,6,11,0,0,0,1,0,23,0,2,0,0,0,2,26,78,3,9,17,1,0,0.038461538461538464,0.11538461538461539,0.21794871794871795,0.0128205128205128,0.0384615384615384,DATASET_02_2013,Arunachal Pradesh_LONGDING_2013,0.0,3,0.01282051282051282,0.038461538461538464,0.02564102564102564,0.0,0.14102564102564102,0.07692307692307693,7,1
Arunachal Pradesh,PAPUM PARE,2013,5,4,1,18,0,44,3,14,46,148,87,3,9,35,7,63,0,24,1,20,0,12,143,600,63,113,298,44,10,0.105,0.18833333333333332,0.49666666666666665,0.03,0.0733333333333333,DATASET_02_2013,Arunachal Pradesh_PAPUM PARE_2013,0.0,63,0.03,0.07333333333333333,0.008333333333333333,0.023333333333333334,0.24666666666666667,0.07666666666666666,89,0
Arunachal Pradesh,RURAL,2013,1,3,1,3,0,9,1,4,5,22,6,2,0,3,1,22,0,5,0,1,0,4,22,109,9,27,38,3,3,0.08256880733944955,0.24770642201834864,0.3486238532110092,0.0275229357798165,0.0825688073394495,DATASET_02_2013,Arunachal Pradesh_RURAL_2013,0.0,9,0.027522935779816515,0.08256880733944955,0.009174311926605505,0.03669724770642202,0.2018348623853211,0.045871559633027525,22,1
Arunachal Pradesh,SIANG EAST,2013,6,0,0,10,0,6,1,7,17,61,11,2,0,5,0,34,0,6,0,1,0,14,47,217,17,36,97,5,2,0.07834101382488479,0.16589861751152074,0.4470046082949309,0.0460829493087557,0.0276497695852534,DATASET_02_2013,Arunachal Pradesh_SIANG EAST_2013,0.0,17,0.04608294930875576,0.027649769585253458,0.027649769585253458,0.03225806451612903,0.28110599078341014,0.07834101382488479,30,1
Arunachal Pradesh,SIANG UPPER,2013,3,1,0,0,0,2,0,2,5,12,1,0,2,1,1,19,0,4,0,0,0,2,15,69,4,12,20,3,1,0.057971014492753624,0.17391304347826086,0.2898550724637681,0.0,0.0289855072463768,DATASET_02_2013,Arunachal Pradesh_SIANG UPPER_2013,0.0,4,0.0,0.028985507246376812,0.043478260869565216,0.028985507246376812,0.17391304347826086,0.07246376811594203,8,1
Arunachal Pradesh,SIANG WEST,2013,4,4,1,7,0,6,3,10,17,34,8,8,2,5,2,65,0,9,2,3,0,35,46,263,21,44,72,7,10,0.07984790874524715,0.16730038022813687,0.2737642585551331,0.026615969581749,0.0228136882129277,DATASET_02_2013,Arunachal Pradesh_SIANG WEST_2013,0.0,21,0.026615969581749048,0.022813688212927757,0.015209125475285171,0.03802281368821293,0.12927756653992395,0.06463878326996197,35,1
Arunachal Pradesh,SUBANSIRI LOWER,2013,4,1,0,5,0,0,1,3,8,18,3,2,0,4,1,27,0,3,0,0,0,0,32,109,8,17,33,4,3,0.07339449541284404,0.1559633027522936,0.30275229357798167,0.0458715596330275,0.0,DATASET_02_2013,Arunachal Pradesh_SUBANSIRI LOWER_2013,0.0,8,0.045871559633027525,0.0,0.03669724770642202,0.027522935779816515,0.1651376146788991,0.07339449541284404,14,1
Arunachal Pradesh,SUBANSIRI UPPER,2013,6,0,0,10,0,5,3,2,5,10,1,1,2,1,6,45,0,8,0,0,0,2,58,164,18,34,21,3,7,0.10975609756097561,0.2073170731707317,0.12804878048780488,0.0609756097560975,0.0304878048780487,DATASET_02_2013,Arunachal Pradesh_SUBANSIRI UPPER_2013,0.0,18,0.06097560975609756,0.03048780487804878,0.036585365853658534,0.012195121951219513,0.06097560975609756,0.03048780487804878,26,1
Arunachal Pradesh,TAWANG,2013,0,0,0,2,0,1,0,0,3,11,0,0,0,1,0,7,0,6,0,1,0,7,8,47,9,9,14,1,0,0.19148936170212766,0.19148936170212766,0.2978723404255319,0.0425531914893617,0.0212765957446808,DATASET_02_2013,Arunachal Pradesh_TAWANG_2013,0.0,9,0.0425531914893617,0.02127659574468085,0.0,0.0,0.23404255319148937,0.06382978723404255,3,1
Arunachal Pradesh,TIRAP,2013,2,5,0,0,0,3,1,7,10,13,4,1,0,2,1,13,0,5,0,0,0,2,28,93,5,23,35,2,2,0.053763440860215055,0.24731182795698925,0.3763440860215054,0.0,0.032258064516129,DATASET_02_2013,Arunachal Pradesh_TIRAP_2013,0.0,5,0.0,0.03225806451612903,0.021505376344086023,0.07526881720430108,0.13978494623655913,0.10752688172043011,18,1
Arunachal Pradesh,UPPER DIBANG VALLEY,2013,1,1,0,0,0,1,0,0,0,1,0,0,1,0,0,4,0,0,0,0,0,0,6,15,0,3,1,1,0,0.0,0.2,0.06666666666666667,0.0,0.0666666666666666,DATASET_02_2013,Arunachal Pradesh_UPPER DIBANG VALLEY_2013,0.0,0,0.0,0.06666666666666667,0.06666666666666667,0.0,0.06666666666666667,0.0,3,1
Assam,BAKSA,2013,42,3,1,20,0,53,3,11,40,125,64,0,7,23,4,50,1,9,0,32,0,33,311,768,62,142,243,30,4,0.08072916666666667,0.18489583333333334,0.31640625,0.0260416666666666,0.0690104166666666,DATASET_02_2013,Assam_BAKSA_2013,0.0,61,0.026041666666666668,0.06901041666666667,0.0546875,0.014322916666666666,0.16276041666666666,0.052083333333333336,133,0
Assam,BARPETA,2013,46,18,0,148,0,349,20,31,335,433,111,236,168,230,19,159,18,341,0,1016,0,445,4580,8597,1523,953,930,398,255,0.1771548214493428,0.11085262300802605,0.10817727114109574,0.0172153076654646,0.0405955565895079,DATASET_02_2013,Assam_BARPETA_2013,0.0,1505,0.017215307665464696,0.04059555658950797,0.005350703733860649,0.0036059090380365245,0.050366406886123066,0.03896708154007212,612,0
Assam,BIEO,2013,0,0,0,0,0,0,0,0,0,0,0,0,7,0,0,0,0,0,0,0,0,0,0,7,0,0,0,7,0,0.0,0.0,0.0,0.0,0.0,DATASET_02_2013,Assam_BIEO_2013,0.0,0,0.0,0.0,0.0,0.0,0.0,0.0,0,1
Assam,BONGAIGAON,2013,20,2,0,68,0,120,7,8,63,127,65,22,15,39,8,101,9,4,0,100,0,82,769,1565,181,229,270,54,30,0.11565495207667732,0.1463258785942492,0.17252396166134185,0.0434504792332268,0.0766773162939297,DATASET_02_2013,Assam_BONGAIGAON_2013,0.0,172,0.043450479233226834,0.07667731629392971,0.012779552715654952,0.005111821086261981,0.08115015974440895,0.040255591054313096,225,0
Assam,C.I.D.,2013,1,0,0,0,0,0,0,0,0,2,0,0,2,37,0,0,0,0,0,0,0,0,16,58,0,1,2,39,0,0.0,0.017241379310344827,0.034482758620689655,0.0,0.0,DATASET_02_2013,Assam_C.I.D._2013,0.0,0,0.0,0.0,0.017241379310344827,0.0,0.034482758620689655,0.0,1,1
Assam,CACHAR,2013,59,3,0,79,0,227,12,17,206,821,336,226,54,97,52,80,12,25,0,537,0,94,2278,4880,653,422,1392,151,278,0.13381147540983607,0.08647540983606557,0.28524590163934427,0.0161885245901639,0.0465163934426229,DATASET_02_2013,Assam_CACHAR_2013,0.0,641,0.016188524590163934,0.04651639344262295,0.01209016393442623,0.0034836065573770492,0.16823770491803278,0.04221311475409836,397,0
Assam,CHIRANG,2013,33,0,0,30,0,70,2,10,20,76,25,35,10,33,12,5,1,21,0,78,0,17,309,763,130,166,133,43,47,0.17038007863695936,0.21756225425950196,0.1743119266055046,0.0393184796854521,0.091743119266055,DATASET_02_2013,Assam_CHIRANG_2013,0.0,129,0.039318479685452164,0.09174311926605505,0.04325032765399738,0.01310615989515072,0.09960681520314547,0.02621231979030144,145,0
Assam,DARRANG,2013,35,0,0,92,0,147,6,13,145,225,93,66,44,118,5,297,3,239,0,378,0,63,581,2459,712,532,482,162,71,0.2895485969906466,0.21634810898739326,0.19601464009760064,0.0374135827572183,0.0597803985359902,DATASET_02_2013,Assam_DARRANG_2013,0.0,709,0.03741358275721838,0.05978039853599024,0.014233428222854819,0.005286701911346075,0.09150061000406669,0.05896705978039853,293,0
Assam,DHEMAJI,2013,22,17,0,42,0,99,12,24,49,148,53,24,22,47,8,232,1,77,0,85,0,77,410,1397,205,293,286,69,32,0.1467430207587688,0.20973514674302077,0.2047244094488189,0.0300644237652111,0.0708661417322834,DATASET_02_2013,Assam_DHEMAJI_2013,0.0,204,0.030064423765211165,0.07086614173228346,0.015748031496062992,0.01717967072297781,0.10594130279169649,0.03507516105941303,216,0
Assam,DHUBRI,2013,62,48,4,190,0,443,43,30,269,407,112,698,183,303,90,1060,9,452,11,1080,0,77,1387,6857,1742,1272,861,486,788,0.25404695931165233,0.18550386466384716,0.12556511593991543,0.0277089106023042,0.0646055126148461,DATASET_02_2013,Assam_DHUBRI_2013,0.0,1733,0.027708910602304213,0.06460551261484614,0.009041855038646638,0.004375091147732244,0.059355403237567446,0.03922998395799913,820,0
Assam,DIBRUGARH,2013,80,7,7,65,0,149,11,34,123,662,165,16,110,41,20,858,0,151,0,239,0,79,873,3529,455,504,995,151,36,0.12893170869934825,0.14281666194389345,0.28194956078209127,0.0184188155284783,0.0422215925191272,DATASET_02_2013,Assam_DIBRUGARH_2013,0.0,455,0.01841881552847832,0.04222159251912723,0.022669311419665626,0.009634457353357892,0.18758855199773306,0.0348540663077359,353,0
Assam,G.R.P.,2013,13,0,0,0,0,8,1,5,2,156,2,9,1,2,0,0,0,0,0,0,0,0,120,317,0,27,166,3,9,0.0,0.08517350157728706,0.5236593059936908,0.0,0.0252365930599369,DATASET_02_2013,Assam_G.R.P._2013,0.0,0,0.0,0.025236593059936908,0.04100946372239748,0.015772870662460567,0.4921135646687697,0.006309148264984227,27,1
Assam,GOALPARA,2013,70,67,2,73,0,136,18,23,185,249,87,112,0,79,145,137,7,89,0,326,0,106,498,2322,495,478,562,79,257,0.2131782945736434,0.2058570198105082,0.24203273040482343,0.0314384151593453,0.0585701981050818,DATASET_02_2013,Assam_GOALPARA_2013,0.0,488,0.031438415159345395,0.05857019810508183,0.030146425495262703,0.009905254091300603,0.10723514211886305,0.07967269595176572,389,0
Assam,GOLAGHAT,2013,63,42,0,85,0,226,8,51,98,285,117,25,28,50,16,556,3,76,0,284,0,230,717,2844,448,551,559,78,41,0.15752461322081576,0.19374120956399438,0.19655414908579466,0.0298874824191279,0.0794655414908579,DATASET_02_2013,Assam_GOLAGHAT_2013,0.0,445,0.02988748241912799,0.07946554149085795,0.022151898734177215,0.017932489451476793,0.10021097046413502,0.034458509142053444,475,0
Assam,GUWAHATI CITY,2013,61,20,12,103,0,451,10,244,828,2295,1082,52,176,476,8,329,15,207,0,561,0,189,6088,12162,886,1108,4459,652,60,0.0728498602203585,0.09110343693471469,0.3666337773392534,0.008469001808913,0.0370827166584443,DATASET_02_2013,Assam_GUWAHATI CITY_2013,0.0,871,0.008469001808913008,0.037082716658444335,0.005015622430521296,0.020062489722085183,0.18870251603354712,0.06808090774543661,901,0
Assam,HAILAKANDI,2013,14,0,0,60,0,90,1,8,45,150,36,112,16,52,16,17,2,7,0,169,0,33,621,1414,238,180,240,68,128,0.16831683168316833,0.1272984441301273,0.16973125884016974,0.0424328147100424,0.0636492220650636,DATASET_02_2013,Assam_HAILAKANDI_2013,0.0,236,0.042432814710042434,0.06364922206506365,0.009900990099009901,0.005657708628005658,0.10608203677510608,0.03182461103253183,173,0
Assam,HAMREN,2013,11,0,0,14,0,15,0,1,12,18,3,2,6,1,0,0,0,0,0,0,0,0,168,248,14,41,34,7,2,0.056451612903225805,0.16532258064516128,0.13709677419354838,0.0564516129032258,0.0604838709677419,DATASET_02_2013,Assam_HAMREN_2013,0.0,14,0.056451612903225805,0.06048387096774194,0.04435483870967742,0.004032258064516129,0.07258064516129033,0.04838709677419355,41,1
Assam,JORHAT,2013,67,18,3,79,0,197,2,33,166,510,199,25,73,166,18,545,0,117,0,307,0,103,1046,3478,503,516,910,239,43,0.14462334675100633,0.14836112708453134,0.261644623346751,0.0227142035652673,0.0566417481311098,DATASET_02_2013,Assam_JORHAT_2013,0.0,503,0.022714203565267394,0.05664174813110983,0.01926394479585969,0.00948821161587119,0.1466359976998275,0.04772857964347326,399,0
Assam,KAMRUP,2013,41,17,2,66,0,172,3,24,206,463,163,97,77,62,3,196,3,86,0,305,0,146,1339,3310,460,411,859,139,100,0.13897280966767372,0.12416918429003021,0.2595166163141994,0.0199395770392749,0.0519637462235649,DATASET_02_2013,Assam_KAMRUP_2013,0.0,457,0.019939577039274924,0.051963746223564956,0.012386706948640483,0.0072507552870090634,0.13987915407854984,0.062235649546827795,325,0
Assam,KARBI ANGLONG,2013,23,15,0,8,0,58,7,9,43,96,62,25,21,15,71,43,0,16,0,39,0,75,71,637,63,136,217,36,96,0.0989010989010989,0.21350078492935637,0.34065934065934067,0.0125588697017268,0.0910518053375196,DATASET_02_2013,Assam_KARBI ANGLONG_2013,0.0,63,0.012558869701726845,0.09105180533751962,0.03610675039246468,0.0141287284144427,0.15070643642072212,0.06750392464678179,120,0
Assam,KARIMGANJ,2013,39,11,0,44,0,115,12,10,132,183,19,67,22,46,23,20,9,9,0,266,0,28,1375,2411,328,240,356,68,90,0.13604313562836998,0.09954375777685608,0.14765657403566984,0.0182496889257569,0.0476980506014102,DATASET_02_2013,Assam_KARIMGANJ_2013,0.0,319,0.018249688925756947,0.047698050601410205,0.016175860638739114,0.00414765657403567,0.07590211530485276,0.054749066777270844,231,0
Assam,KOKRAJHAR,2013,49,18,1,32,0,103,5,7,53,291,157,86,25,39,112,111,5,32,0,134,2,50,293,1448,205,247,513,64,198,0.14157458563535913,0.17058011049723756,0.35428176795580113,0.0220994475138121,0.0711325966850828,DATASET_02_2013,Assam_KOKRAJHAR_2013,0.0,198,0.022099447513812154,0.07113259668508287,0.03383977900552486,0.004834254143646409,0.20096685082872928,0.03660220994475138,215,0
Assam,LAKHIMPUR,2013,44,13,0,59,0,134,1,6,103,166,61,25,21,42,7,92,3,55,0,300,0,45,1164,2281,417,312,337,63,32,0.18281455501972818,0.13678211310828584,0.1477422183252959,0.0258658483121437,0.058746163963174,DATASET_02_2013,Assam_LAKHIMPUR_2013,0.0,414,0.025865848312143797,0.058746163963174045,0.019289785181937746,0.00263042525208242,0.07277509864094696,0.04515563349408154,257,0
Assam,MORIGAON,2013,20,25,0,76,0,123,1,12,74,141,65,83,6,71,8,392,8,45,0,271,0,101,420,1879,400,302,293,77,91,0.21287919105907396,0.16072378924960085,0.15593400745077168,0.040447046301224,0.0654603512506652,DATASET_02_2013,Assam_MORIGAON_2013,0.0,392,0.04044704630122405,0.06546035125066525,0.010643959552953698,0.006386375731772219,0.07503991484832358,0.03938265034592869,257,0
Assam,N.C.HILLS,2013,13,10,10,5,0,33,0,1,20,51,3,1,0,6,5,13,3,0,0,0,0,0,94,265,8,72,75,6,6,0.03018867924528302,0.27169811320754716,0.2830188679245283,0.0188679245283018,0.1245283018867924,DATASET_02_2013,Assam_N.C.HILLS_2013,0.0,5,0.018867924528301886,0.12452830188679245,0.04905660377358491,0.0037735849056603774,0.19245283018867926,0.07547169811320754,72,1
Assam,NAGAON,2013,96,87,6,190,0,442,34,160,407,566,225,257,137,165,56,939,23,103,3,1120,0,232,2366,7393,1439,1118,1392,302,313,0.1946435817665359,0.15122413093466794,0.1882862166914649,0.0256999864736913,0.0597862843230082,DATASET_02_2013,Assam_NAGAON_2013,0.0,1416,0.02569998647369133,0.059786284323008254,0.012985256323549304,0.02164209387258217,0.07655890707425944,0.0550520762883809,1015,0
Assam,NALBARI,2013,27,7,0,44,0,102,5,25,124,223,29,25,30,48,6,328,3,84,0,178,0,53,733,2050,309,294,406,78,31,0.15073170731707317,0.14341463414634145,0.1980487804878049,0.0214634146341463,0.0497560975609756,DATASET_02_2013,Assam_NALBARI_2013,0.0,306,0.021463414634146343,0.04975609756097561,0.013170731707317073,0.012195121951219513,0.10878048780487805,0.06048780487804878,210,0
Assam,R.P.O.,2013,4,0,0,9,0,5,2,0,0,1,0,4,4,9,0,0,0,0,0,0,0,0,46,85,9,20,3,13,4,0.10588235294117647,0.23529411764705882,0.03529411764705882,0.1058823529411764,0.0588235294117647,DATASET_02_2013,Assam_R.P.O._2013,0.0,9,0.10588235294117647,0.058823529411764705,0.047058823529411764,0.0,0.011764705882352941,0.0,20,1
Assam,SIBSAGAR,2013,78,48,2,60,0,200,1,40,155,464,123,30,23,123,34,760,5,53,0,311,0,143,839,3373,429,482,783,146,64,0.12718648087755707,0.14289949599762822,0.23213756300029648,0.0177883190038541,0.0592943966795137,DATASET_02_2013,Assam_SIBSAGAR_2013,0.0,424,0.017788319003854136,0.059294396679513785,0.023124814705010377,0.011858879335902758,0.13756300029647198,0.04595315742662318,429,0
Assam,SONITPUR,2013,94,30,0,99,0,251,11,23,186,544,175,47,84,87,23,553,15,34,0,300,0,425,1352,4159,448,542,939,171,70,0.10771820149074297,0.13031978841067565,0.22577542678528492,0.0238037989901418,0.060351045924501,DATASET_02_2013,Assam_SONITPUR_2013,0.0,433,0.023803798990141862,0.06035104592450108,0.022601586919932675,0.005530175522962251,0.13080067323875932,0.04472228901178168,508,0
Assam,STF,2013,0,0,0,0,0,0,0,0,0,0,0,0,0,0,0,0,0,0,0,0,0,0,13,13,0,0,0,0,0,0.0,0.0,0.0,0.0,0.0,DATASET_02_2013,Assam_STF_2013,0.0,0,0.0,0.0,0.0,0.0,0.0,0.0,0,1
Assam,TINSUKIA,2013,84,30,4,77,0,201,4,48,147,511,57,0,74,23,13,109,7,34,0,140,0,79,1518,3104,258,482,767,97,13,0.08311855670103092,0.15528350515463918,0.24710051546391754,0.0248067010309278,0.0647551546391752,DATASET_02_2013,Assam_TINSUKIA_2013,0.0,251,0.024806701030927834,0.06475515463917526,0.027061855670103094,0.015463917525773196,0.1646262886597938,0.04735824742268041,448,0
Assam,UDALGURI,2013,43,23,0,20,0,82,4,15,55,126,40,22,26,28,11,189,5,43,0,80,0,59,280,1113,148,230,240,54,33,0.132973944294699,0.20664869721473494,0.215633423180593,0.017969451931716,0.0736747529200359,DATASET_02_2013,Assam_UDALGURI_2013,0.0,143,0.017969451931716084,0.07367475292003593,0.03863432165318958,0.013477088948787063,0.11320754716981132,0.04941599281221923,187,0
Bihar,ARARIA,2013,51,36,4,52,0,114,10,25,38,289,67,235,30,14,15,104,12,10,0,19,5,52,1695,2813,98,302,429,44,250,0.03483825097760398,0.10735869178812656,0.152506221116246,0.0184856025595449,0.0405261286882332,DATASET_02_2013,Bihar_ARARIA_2013,0.0,81,0.01848560255954497,0.0405261286882332,0.018130110202630643,0.008887308922858158,0.10273729114824032,0.0135087095627444,292,0
Bihar,ARWAL,2013,17,0,0,6,0,34,0,6,27,77,15,51,0,30,0,76,15,3,0,30,0,0,537,909,54,66,125,30,51,0.0594059405940594,0.07260726072607261,0.13751375137513752,0.0066006600660066,0.0374037403740374,DATASET_02_2013,Bihar_ARWAL_2013,0.0,39,0.006600660066006601,0.0374037403740374,0.0187018701870187,0.006600660066006601,0.0847084708470847,0.0297029702970297,63,0
Bihar,AURANGABAD,2013,101,281,0,19,0,59,26,35,95,365,68,334,27,125,22,1204,28,37,0,141,0,0,749,3648,225,558,589,152,356,0.061677631578947366,0.15296052631578946,0.16145833333333334,0.0052083333333333,0.016173245614035,DATASET_02_2013,Bihar_AURANGABAD_2013,0.0,197,0.005208333333333333,0.01617324561403509,0.02768640350877193,0.009594298245614035,0.10005482456140351,0.026041666666666668,521,0
Bihar,BAGAHA,2013,45,0,0,15,0,68,0,12,28,183,13,94,13,51,4,0,14,17,0,55,0,14,1426,2039,101,157,236,64,98,0.049534085335948996,0.07699852869053457,0.11574301128003923,0.0073565473271211,0.0333496812162824,DATASET_02_2013,Bihar_BAGAHA_2013,0.0,87,0.007356547327121138,0.03334968121628249,0.022069641981363415,0.005885237861696911,0.08974987739087788,0.01373222167729279,140,0
Bihar,BANKA,2013,68,36,9,33,0,87,11,14,58,169,46,205,58,22,9,183,28,1,1,69,0,94,909,2065,132,259,298,80,214,0.06392251815980629,0.12542372881355932,0.14430992736077483,0.0159806295399515,0.0421307506053268,DATASET_02_2013,Bihar_BANKA_2013,0.0,104,0.015980629539951573,0.042130750605326873,0.03292978208232446,0.006779661016949152,0.08184019370460048,0.028087167070217918,258,0
Bihar,BEGUSARAI,2013,107,219,2,24,0,175,20,56,104,589,198,482,21,141,6,503,28,55,0,93,0,0,2694,5319,200,658,967,162,488,0.037601052829479224,0.12370746380898665,0.18180109043053205,0.0045121263395375,0.0329009212257943,DATASET_02_2013,Bihar_BEGUSARAI_2013,0.0,172,0.0045121263395375075,0.03290092122579432,0.020116563263771387,0.010528294792254183,0.11073510058281631,0.019552547471329198,603,0
Bihar,BETTIAH,2013,76,193,9,39,0,173,6,22,138,624,198,549,47,174,28,105,26,0,0,148,0,66,2845,5274,213,518,988,221,577,0.040386803185438,0.09821767159651118,0.18733409177095184,0.0073947667804323,0.0328024270003792,DATASET_02_2013,Bihar_BETTIAH_2013,0.0,187,0.00739476678043231,0.03280242700037922,0.01441031475161168,0.004171406901782328,0.11831626848691695,0.026166097838452786,518,0
Bihar,BHABHUA,2013,34,54,2,16,0,59,4,21,65,196,75,128,19,15,23,743,27,0,0,49,0,106,298,1860,92,190,361,34,151,0.04946236559139785,0.10215053763440861,0.19408602150537635,0.0086021505376344,0.0317204301075268,DATASET_02_2013,Bihar_BHABHUA_2013,0.0,65,0.008602150537634409,0.031720430107526884,0.01827956989247312,0.01129032258064516,0.1053763440860215,0.03494623655913978,190,0
Bihar,BHAGALPUR,2013,103,65,19,51,0,147,9,31,134,456,199,277,42,69,4,166,19,40,0,115,0,124,1716,3590,225,465,829,111,281,0.06267409470752089,0.12952646239554316,0.2309192200557103,0.0142061281337047,0.0409470752089136,DATASET_02_2013,Bihar_BHAGALPUR_2013,0.0,206,0.014206128133704735,0.04094707520891365,0.028690807799442896,0.008635097493036212,0.12701949860724235,0.03732590529247911,425,0
Bihar,BHOJPUR,2013,95,160,7,23,0,124,8,33,148,423,105,126,52,205,25,2526,38,3,0,137,0,133,621,4888,201,453,717,257,151,0.04112111292962357,0.0926759410801964,0.14668576104746317,0.0047054009819967,0.025368248772504,DATASET_02_2013,Bihar_BHOJPUR_2013,0.0,163,0.004705400981996726,0.02536824877250409,0.019435351882160393,0.006751227495908347,0.08653846153846154,0.030278232405891982,450,0
Bihar,BUXAR,2013,56,62,3,16,0,77,11,48,101,415,163,224,57,61,26,642,9,29,0,78,0,37,880,2833,132,302,738,118,250,0.046593716907871514,0.10660077656194847,0.26050123543946346,0.0056477232615601,0.0271796681962583,DATASET_02_2013,Bihar_BUXAR_2013,0.0,123,0.0056477232615601836,0.02717966819625838,0.019767031415460642,0.01694316978468055,0.14648782209671726,0.03565125308859866,273,0
Bihar,DARBHANGA,2013,77,119,5,38,0,227,14,36,103,506,159,565,76,150,55,271,33,4,1,343,0,167,2882,5674,419,520,818,226,620,0.07384561156150864,0.09164610504053577,0.14416637292915052,0.0066972153683468,0.0400070497003877,DATASET_02_2013,Bihar_DARBHANGA_2013,0.0,386,0.0066972153683468455,0.04000704970038774,0.013570673246387029,0.00634473034896017,0.08917870990482904,0.018152978498413817,516,0
Bihar,GAYA,2013,208,49,6,45,0,208,39,73,212,1204,362,503,38,167,4,875,37,0,0,212,0,320,3610,7816,294,628,1890,205,507,0.03761514841351075,0.08034800409416581,0.2418116683725691,0.0057574206755373,0.0266120777891504,DATASET_02_2013,Bihar_GAYA_2013,0.0,257,0.00575742067553736,0.02661207778915046,0.02661207778915046,0.009339815762538383,0.15404298874104402,0.02712384851586489,628,0
Bihar,GOPALGANJ,2013,81,11,2,11,0,125,10,31,103,280,104,417,41,95,18,2069,33,0,0,143,0,71,270,3811,187,271,528,136,435,0.04906848596168985,0.07110994489635267,0.13854631330359485,0.0028863815271582,0.0327997900813434,DATASET_02_2013,Bihar_GOPALGANJ_2013,0.0,154,0.0028863815271582263,0.03279979008134348,0.021254263972710574,0.008134347940173182,0.07347152978220939,0.02702702702702703,271,0
Bihar,JAMALPUR RLY.,2013,8,0,0,1,0,3,2,8,1,223,13,3,0,0,0,22,0,0,0,1,0,0,34,306,2,22,247,0,3,0.006535947712418301,0.0718954248366013,0.8071895424836601,0.0032679738562091,0.0098039215686274,DATASET_02_2013,Bihar_JAMALPUR RLY._2013,0.0,2,0.0032679738562091504,0.00980392156862745,0.026143790849673203,0.026143790849673203,0.7287581699346405,0.0032679738562091504,22,1
Bihar,JAMUI,2013,54,183,2,24,0,62,15,19,50,96,18,211,17,36,14,514,19,2,0,104,0,193,327,1942,149,361,198,53,225,0.07672502574665294,0.1858908341915551,0.101956745623069,0.0123583934088568,0.0319258496395468,DATASET_02_2013,Bihar_JAMUI_2013,0.0,130,0.012358393408856848,0.03192584963954686,0.027806385169927908,0.009783728115345005,0.04943357363542739,0.025746652935118436,359,0
Bihar,JEHANABAD,2013,34,0,2,14,0,37,13,22,37,194,14,141,20,67,11,708,30,5,0,57,0,60,522,1976,106,127,280,87,152,0.053643724696356275,0.06427125506072874,0.1417004048582996,0.0070850202429149,0.0187246963562753,DATASET_02_2013,Bihar_JEHANABAD_2013,0.0,76,0.00708502024291498,0.018724696356275303,0.01720647773279352,0.011133603238866396,0.09817813765182186,0.018724696356275303,122,0
Bihar,KATIHAR,2013,61,59,0,86,0,164,15,21,39,397,198,208,21,92,1,1430,21,1,0,99,0,114,861,3693,207,407,670,113,209,0.056051990251827784,0.11020850257243434,0.18142431627403197,0.0232873002978608,0.0444083401028973,DATASET_02_2013,Bihar_KATIHAR_2013,0.0,186,0.023287300297860816,0.044408340102897376,0.016517736257785,0.005686433793663688,0.107500676956404,0.010560519902518278,406,0
Bihar,KATIHAR RLY.,2013,10,4,2,1,0,5,1,8,0,151,0,2,2,5,0,33,0,1,0,2,0,0,31,266,4,32,160,7,2,0.015037593984962405,0.12030075187969924,0.6015037593984962,0.0037593984962406,0.018796992481203,DATASET_02_2013,Bihar_KATIHAR RLY._2013,0.0,4,0.0037593984962406013,0.018796992481203006,0.03759398496240601,0.03007518796992481,0.5676691729323309,0.0,31,1
Bihar,KHAGARIA,2013,67,76,2,8,0,73,7,22,23,170,44,135,4,32,16,1251,13,5,0,25,0,106,448,2483,51,260,266,36,151,0.02053966975432944,0.10471204188481675,0.10712847362062022,0.0032219089810712,0.0293999194522754,DATASET_02_2013,Bihar_KHAGARIA_2013,0.0,38,0.003221908981071285,0.029399919452275474,0.02698348771647201,0.008860249697946033,0.0684655658477648,0.009262988320579944,255,0
Bihar,KISHANGANJ,2013,42,21,8,52,0,107,7,14,68,145,29,179,22,70,8,255,7,0,0,65,0,21,725,1828,124,251,263,92,187,0.06783369803063458,0.13730853391684902,0.14387308533916848,0.0284463894967177,0.0585339168490153,DATASET_02_2013,Bihar_KISHANGANJ_2013,0.0,117,0.028446389496717725,0.058533916849015315,0.022975929978118162,0.007658643326039387,0.07932166301969365,0.037199124726477024,251,0
Bihar,LAKHISARAI,2013,45,90,3,9,0,40,3,19,24,125,35,156,7,41,7,297,11,0,0,70,0,46,333,1326,90,209,206,48,163,0.06787330316742081,0.15761689291101055,0.15535444947209653,0.006787330316742,0.0301659125188536,DATASET_02_2013,Bihar_LAKHISARAI_2013,0.0,79,0.006787330316742082,0.030165912518853696,0.033936651583710405,0.014328808446455505,0.0942684766214178,0.01809954751131222,209,0
Bihar,MADHEPURA,2013,46,58,14,14,0,87,1,23,41,226,65,334,30,80,7,826,17,3,0,64,0,60,812,2745,98,246,356,110,341,0.03570127504553734,0.08961748633879782,0.1296903460837887,0.0051001821493624,0.0316939890710382,DATASET_02_2013,Bihar_MADHEPURA_2013,0.0,81,0.005100182149362477,0.03169398907103825,0.016757741347905284,0.008378870673952642,0.08233151183970856,0.01493624772313297,243,0
Bihar,MADHUBANI,2013,80,0,0,37,0,158,15,28,90,388,78,265,25,50,5,1350,28,1,0,210,0,150,1780,4662,276,319,599,75,270,0.059202059202059204,0.06842556842556842,0.12848562848562847,0.0079365079365079,0.0338910338910338,DATASET_02_2013,Bihar_MADHUBANI_2013,0.0,248,0.007936507936507936,0.03389103389103389,0.01716001716001716,0.006006006006006006,0.08322608322608323,0.019305019305019305,318,0
Bihar,MOTIHARI,2013,164,719,11,25,0,260,44,44,235,549,152,918,106,175,26,1610,65,5,14,196,0,66,3015,8255,305,1272,1024,281,944,0.036947304663840094,0.15408843125378557,0.12404603270745003,0.0030284675953967,0.0314960629921259,DATASET_02_2013,Bihar_MOTIHARI_2013,0.0,240,0.0030284675953967293,0.031496062992125984,0.019866747425802543,0.005330102967898243,0.06650514839491217,0.028467595396729255,1267,0
Bihar,MUNGER,2013,60,30,2,7,0,75,3,26,55,336,95,129,68,12,0,310,13,5,0,66,0,59,935,2195,91,208,515,80,129,0.04145785876993166,0.09476082004555808,0.23462414578587698,0.0031890660592255,0.0341685649202733,DATASET_02_2013,Bihar_MUNGER_2013,0.0,78,0.0031890660592255125,0.03416856492027335,0.02733485193621868,0.01184510250569476,0.1530751708428246,0.025056947608200455,203,0
Bihar,MUZAFFARPUR,2013,208,25,29,43,0,382,61,113,292,1876,859,539,54,106,12,2465,48,5,27,81,2,128,2308,9021,206,866,3201,160,551,0.02283560580866866,0.0959982263607139,0.3548387096774194,0.0047666555814211,0.0423456379558807,DATASET_02_2013,Bihar_MUZAFFARPUR_2013,0.0,156,0.004766655581421128,0.04234563795588072,0.023057310719432435,0.012526327458153198,0.20795920629641945,0.03236891697151092,861,0
Bihar,MUZAFFARPUR RLY.,2013,13,2,0,3,0,6,5,10,4,337,54,8,0,7,0,18,0,1,0,0,0,0,188,606,4,40,410,7,8,0.006600660066006601,0.066006600660066,0.6765676567656765,0.0049504950495049,0.0099009900990099,DATASET_02_2013,Bihar_MUZAFFARPUR RLY._2013,0.0,4,0.0049504950495049506,0.009900990099009901,0.02145214521452145,0.0165016501650165,0.5561056105610561,0.006600660066006601,39,1
Bihar,NALANDA,2013,112,82,41,11,0,136,9,34,120,340,104,167,43,153,18,2892,81,18,0,174,0,160,1147,5740,284,443,607,196,185,0.049477351916376304,0.07717770034843205,0.10574912891986063,0.0019163763066202,0.0236933797909407,DATASET_02_2013,Bihar_NALANDA_2013,0.0,203,0.001916376306620209,0.023693379790940768,0.01951219512195122,0.005923344947735192,0.059233449477351915,0.020905923344947737,425,0
Bihar,NAUGACHIA,2013,49,14,6,10,0,36,3,15,18,60,17,85,12,65,3,125,16,19,0,69,0,70,889,1564,114,152,113,77,88,0.07289002557544758,0.09718670076726342,0.07225063938618925,0.0063938618925831,0.0230179028132992,DATASET_02_2013,Bihar_NAUGACHIA_2013,0.0,98,0.00639386189258312,0.023017902813299233,0.03132992327365729,0.00959079283887468,0.03836317135549872,0.011508951406649617,133,0
Bihar,NAWADAH,2013,97,37,2,20,0,75,18,26,47,203,62,333,32,112,8,712,23,3,0,122,0,156,963,2989,168,278,356,144,341,0.05620608899297424,0.09300769488123119,0.11910337905654064,0.0066912010705921,0.0250920040147206,DATASET_02_2013,Bihar_NAWADAH_2013,0.0,145,0.006691201070592171,0.025092004014720642,0.03245232519237203,0.008698561391769822,0.06791569086651054,0.015724322515891603,275,0
Bihar,PATNA,2013,286,121,5,76,0,544,37,186,591,4314,1755,617,20,1004,5,1526,96,17,2,459,0,497,7881,18302,650,1272,6883,1024,622,0.035515244235602664,0.06950060102721015,0.37607911703638947,0.0041525516337012,0.0297235274833351,DATASET_02_2013,Bihar_PATNA_2013,0.0,554,0.004152551633701235,0.029723527483335156,0.015626707463665172,0.010162823735110916,0.23571194404983062,0.03229155283575565,1255,0
Bihar,PATNA RLY.,2013,23,10,4,2,0,26,1,8,3,774,71,15,3,11,0,0,3,12,0,1,0,0,207,1105,18,86,857,14,15,0.016289592760180997,0.07782805429864253,0.7755656108597285,0.0018099547511312,0.0235294117647058,DATASET_02_2013,Bihar_PATNA RLY._2013,0.0,15,0.0018099547511312218,0.023529411764705882,0.02081447963800905,0.007239819004524887,0.7004524886877828,0.0027149321266968325,74,1
Bihar,PURNEA,2013,89,203,4,56,0,111,14,27,56,289,63,212,82,141,128,871,21,0,7,19,0,162,1458,3950,103,504,449,223,340,0.026075949367088607,0.12759493670886077,0.11367088607594937,0.0141772151898734,0.0281012658227848,DATASET_02_2013,Bihar_PURNEA_2013,0.0,82,0.014177215189873417,0.02810126582278481,0.022531645569620253,0.006835443037974683,0.07316455696202531,0.014177215189873417,504,0
Bihar,ROHTAS,2013,110,97,2,60,0,168,9,58,172,615,193,265,50,195,11,1988,48,5,0,97,0,196,619,4769,210,509,1047,245,276,0.04403438876074649,0.10673097085342839,0.21954288110715034,0.0125812539316418,0.0352275110085971,DATASET_02_2013,Bihar_ROHTAS_2013,0.0,162,0.012581253931641853,0.03522751100859719,0.023065632208010067,0.012161878800587125,0.128957852799329,0.03606626127070665,504,0
Bihar,SAHARSA,2013,30,90,7,14,0,100,6,24,29,201,42,246,55,42,11,317,10,0,0,79,0,61,1470,2792,103,271,302,97,257,0.03689111747851003,0.09706303724928367,0.10816618911174786,0.0050143266475644,0.0358166189111747,DATASET_02_2013,Bihar_SAHARSA_2013,0.0,93,0.00501432664756447,0.03581661891117478,0.010744985673352435,0.008595988538681949,0.07199140401146131,0.010386819484240688,271,0
Bihar,SAMASTIPUR,2013,83,115,17,35,0,152,10,51,73,431,128,397,30,36,23,823,32,8,0,116,0,169,3196,5802,191,471,693,66,420,0.03291968286797656,0.0811789038262668,0.11944157187176836,0.0060324026197862,0.0261978628059289,DATASET_02_2013,Bihar_SAMASTIPUR_2013,0.0,159,0.0060324026197862805,0.02619786280592899,0.014305411926921752,0.008790072388831437,0.07428472940365391,0.012581868321268529,463,0
Bihar,SARAN,2013,123,262,5,16,0,199,16,45,142,650,205,363,61,116,32,1637,69,0,0,116,0,145,1494,5492,201,666,1058,177,395,0.036598689002185,0.12126729788783686,0.19264384559359068,0.0029133284777858,0.0362345229424617,DATASET_02_2013,Bihar_SARAN_2013,0.0,132,0.0029133284777858705,0.03623452294246176,0.02239621267297888,0.00819373634377276,0.11835396941005098,0.025855790240349598,666,0
Bihar,SHEIKHPURA,2013,17,90,0,10,0,40,6,4,31,87,27,87,44,24,0,191,8,0,0,47,0,29,401,1116,65,167,155,68,87,0.05824372759856631,0.1496415770609319,0.1388888888888889,0.0089605734767025,0.03584229390681,DATASET_02_2013,Bihar_SHEIKHPURA_2013,0.0,57,0.008960573476702509,0.035842293906810034,0.015232974910394265,0.0035842293906810036,0.07795698924731183,0.027777777777777776,167,0
Bihar,SHEOHAR,2013,23,23,3,3,0,49,12,5,14,57,16,76,8,17,12,270,7,0,0,19,0,14,157,769,29,118,104,25,88,0.0377113133940182,0.15344603381014305,0.1352405721716515,0.0039011703511053,0.0637191157347204,DATASET_02_2013,Bihar_SHEOHAR_2013,0.0,22,0.0039011703511053317,0.06371911573472042,0.02990897269180754,0.006501950585175552,0.0741222366710013,0.018205461638491547,118,1
Bihar,SITAMARHI,2013,101,24,9,26,0,220,37,84,203,650,276,249,10,31,32,2142,24,3,0,140,0,156,1174,5324,193,504,1250,41,281,0.036250939143501124,0.0946656649135988,0.23478587528174305,0.0048835462058602,0.0413223140495867,DATASET_02_2013,Bihar_SITAMARHI_2013,0.0,169,0.004883546205860256,0.04132231404958678,0.01897069872276484,0.015777610818933134,0.12208865514650638,0.03812922614575507,501,0
Bihar,SIWAN,2013,105,18,2,19,0,234,6,60,119,502,241,397,19,240,12,0,45,1,0,112,0,0,3499,5390,177,445,928,259,409,0.032838589981447126,0.08256029684601113,0.17217068645640074,0.0035250463821892,0.0434137291280148,DATASET_02_2013,Bihar_SIWAN_2013,0.0,132,0.0035250463821892395,0.04341372912801484,0.01948051948051948,0.011131725417439703,0.09313543599257885,0.02207792207792208,444,0
Bihar,SUPAUL,2013,55,15,0,34,0,144,6,17,62,324,48,508,81,55,0,1310,19,5,0,78,0,106,106,2930,136,276,457,136,508,0.04641638225255973,0.09419795221843004,0.1559726962457338,0.0116040955631399,0.0491467576791808,DATASET_02_2013,Bihar_SUPAUL_2013,0.0,117,0.011604095563139932,0.049146757679180884,0.01877133105802048,0.005802047781569966,0.110580204778157,0.021160409556313993,271,0
Bihar,VAISHALI,2013,127,136,9,24,0,200,29,57,192,937,491,496,237,148,19,315,61,7,0,213,0,124,2244,5578,305,589,1706,385,515,0.05467909645034062,0.10559340265328075,0.3058443886697741,0.0043026174256005,0.0358551452133381,DATASET_02_2013,Bihar_VAISHALI_2013,0.0,244,0.004302617425600574,0.035855145213338116,0.022768017210469702,0.010218716385801362,0.16798135532448907,0.03442093940480459,582,0
Chhattisgarh,BALOD,2013,13,13,3,20,0,30,1,1,47,61,15,20,2,22,4,52,3,67,2,11,0,96,747,1215,103,148,125,24,24,0.08477366255144032,0.12181069958847737,0.102880658436214,0.0164609053497942,0.0246913580246913,DATASET_02_2013,Chhattisgarh_BALOD_2013,0.0,100,0.01646090534979424,0.024691358024691357,0.010699588477366255,0.0008230452674897119,0.050205761316872426,0.03868312757201646,81,0
Chhattisgarh,BALODA BAZAR,2013,21,15,1,55,0,144,1,13,198,151,72,29,7,23,12,706,4,110,22,31,0,134,605,2284,222,360,435,30,41,0.09719789842381786,0.15761821366024517,0.1904553415061296,0.0240805604203152,0.063047285464098,DATASET_02_2013,Chhattisgarh_BALODA BAZAR_2013,0.0,218,0.024080560420315235,0.06304728546409807,0.009194395796847636,0.005691768826619965,0.06611208406304729,0.08669001751313485,250,0
Chhattisgarh,BALRAMPUR,2013,40,11,0,84,0,17,3,10,27,40,8,20,2,11,4,74,8,50,2,31,1,93,585,1115,176,215,88,13,24,0.15784753363228698,0.19282511210762332,0.07892376681614349,0.0753363228699551,0.0152466367713004,DATASET_02_2013,Chhattisgarh_BALRAMPUR_2013,0.0,167,0.07533632286995516,0.015246636771300448,0.03587443946188341,0.008968609865470852,0.03587443946188341,0.0242152466367713,165,0
Chhattisgarh,BEMETARA,2013,18,8,0,28,0,38,0,6,80,112,34,15,4,12,11,19,5,57,2,19,0,100,950,1485,111,155,232,16,26,0.07474747474747474,0.10437710437710437,0.15622895622895622,0.0188552188552188,0.0255892255892255,DATASET_02_2013,Chhattisgarh_BEMETARA_2013,0.0,106,0.018855218855218854,0.02558922558922559,0.012121212121212121,0.00404040404040404,0.07542087542087542,0.05387205387205387,98,0
Chhattisgarh,BILASPUR,2013,77,36,1,96,0,305,3,58,477,496,274,99,16,88,31,1779,13,308,10,130,0,222,897,5147,557,884,1308,104,130,0.10821837963862443,0.17175053429182047,0.25412861861278413,0.0186516417330483,0.0592578200893724,DATASET_02_2013,Chhattisgarh_BILASPUR_2013,0.0,544,0.01865164173304838,0.05925782008937245,0.014960170973382553,0.011268700213716728,0.09636681562074995,0.09267534486108413,576,0
Chhattisgarh,BIZAPUR,2013,31,61,0,6,0,17,2,1,16,3,0,9,1,2,4,9,0,6,1,1,0,14,134,318,14,124,22,3,13,0.0440251572327044,0.389937106918239,0.06918238993710692,0.0188679245283018,0.0534591194968553,DATASET_02_2013,Chhattisgarh_BIZAPUR_2013,0.0,14,0.018867924528301886,0.05345911949685535,0.09748427672955975,0.0031446540880503146,0.009433962264150943,0.050314465408805034,118,1
Chhattisgarh,DANTEWARA,2013,30,13,0,9,0,6,1,1,19,16,3,3,0,2,12,25,0,9,0,1,0,32,191,370,19,69,40,2,15,0.051351351351351354,0.1864864864864865,0.10810810810810811,0.0243243243243243,0.0162162162162162,DATASET_02_2013,Chhattisgarh_DANTEWARA_2013,0.0,19,0.024324324324324326,0.016216216216216217,0.08108108108108109,0.002702702702702703,0.043243243243243246,0.051351351351351354,60,1
Chhattisgarh,DHAMTARI,2013,16,14,0,30,0,33,0,5,116,85,45,16,0,13,2,55,0,59,1,14,0,101,629,1189,104,157,251,13,18,0.08746846089150546,0.13204373423044574,0.2111017661900757,0.0252312867956265,0.0277544154751892,DATASET_02_2013,Chhattisgarh_DHAMTARI_2013,0.0,104,0.025231286795626577,0.027754415475189236,0.01345668629100084,0.004205214465937763,0.07148864592094197,0.0975609756097561,98,0
Chhattisgarh,DURG,2013,42,57,1,106,0,108,4,41,434,702,325,38,13,140,33,149,9,236,34,147,0,255,4341,6892,532,595,1506,153,71,0.0771909460243761,0.0863319791062101,0.21851421938479396,0.0153801508995937,0.0156703424260011,DATASET_02_2013,Chhattisgarh_DURG_2013,0.0,523,0.015380150899593732,0.01567034242600116,0.006094022054556007,0.005948926291352292,0.10185722576900755,0.06297156123041207,359,0
Chhattisgarh,GARIYABAND,2013,9,17,0,32,0,26,2,3,39,46,17,14,0,31,3,26,0,24,8,12,0,62,512,866,76,113,107,31,17,0.08775981524249422,0.13048498845265588,0.1235565819861432,0.0369515011547344,0.0300230946882217,DATASET_02_2013,Chhattisgarh_GARIYABAND_2013,0.0,76,0.03695150115473441,0.03002309468822171,0.010392609699769052,0.003464203233256351,0.053117782909930716,0.04503464203233257,89,0
Chhattisgarh,GRP RAIPUR,2013,1,3,0,2,0,2,0,3,2,193,2,2,0,2,1,8,0,3,0,1,0,0,43,266,6,14,200,2,3,0.022556390977443608,0.05263157894736842,0.7518796992481203,0.0075187969924812,0.0075187969924812,DATASET_02_2013,Chhattisgarh_GRP RAIPUR_2013,0.0,6,0.007518796992481203,0.007518796992481203,0.0037593984962406013,0.011278195488721804,0.7255639097744361,0.007518796992481203,11,1
Chhattisgarh,JAGDALPUR,2013,36,18,0,53,0,51,1,10,69,77,53,15,7,16,7,427,2,30,1,16,0,108,504,1448,102,199,210,23,22,0.07044198895027624,0.13743093922651933,0.14502762430939226,0.0366022099447513,0.0352209944751381,DATASET_02_2013,Chhattisgarh_JAGDALPUR_2013,0.0,100,0.03660220994475138,0.03522099447513812,0.024861878453038673,0.006906077348066298,0.0531767955801105,0.04765193370165746,169,0
Chhattisgarh,JANJGIR,2013,44,27,3,56,0,200,3,15,195,266,122,132,5,36,22,1248,11,161,11,138,0,181,713,3470,377,509,601,41,154,0.10864553314121038,0.14668587896253601,0.17319884726224785,0.0161383285302593,0.0576368876080691,DATASET_02_2013,Chhattisgarh_JANJGIR_2013,0.0,366,0.016138328530259365,0.05763688760806916,0.012680115273775217,0.004322766570605188,0.07665706051873199,0.056195965417867436,348,0
Chhattisgarh,JASHPUR,2013,60,9,1,88,0,68,1,9,57,81,19,11,5,21,8,73,3,52,3,25,0,119,577,1273,171,288,167,26,19,0.13432835820895522,0.22623723487824038,0.1311861743912019,0.0691280439905734,0.0534171249018067,DATASET_02_2013,Chhattisgarh_JASHPUR_2013,0.0,168,0.06912804399057344,0.05341712490180676,0.04713275726630008,0.007069913589945012,0.0636292223095051,0.04477611940298507,236,0
Chhattisgarh,KABIRDHAM,2013,21,8,1,30,0,33,0,4,65,66,24,10,2,18,3,589,3,72,3,11,0,66,376,1383,119,169,159,20,13,0.08604483007953724,0.12219812002892264,0.11496746203904555,0.0216919739696312,0.0238611713665943,DATASET_02_2013,Chhattisgarh_KABIRDHAM_2013,0.0,116,0.021691973969631236,0.02386117136659436,0.015184381778741865,0.0028922631959508315,0.04772234273318872,0.046999276934201015,97,0
Chhattisgarh,KANKER,2013,39,38,2,51,0,48,1,2,38,38,15,15,0,17,11,18,2,27,2,29,0,85,669,1132,111,208,94,17,26,0.0980565371024735,0.18374558303886926,0.08303886925795052,0.0450530035335689,0.0424028268551236,DATASET_02_2013,Chhattisgarh_KANKER_2013,0.0,109,0.045053003533568906,0.04240282685512368,0.03445229681978799,0.0017667844522968198,0.03356890459363958,0.03356890459363958,181,0
Chhattisgarh,KONDAGAON,2013,27,13,1,19,0,29,2,2,11,17,11,11,0,6,6,122,0,13,0,6,0,86,248,619,38,106,43,6,17,0.061389337641357025,0.17124394184168013,0.06946688206785137,0.0306946688206785,0.0468497576736672,DATASET_02_2013,Chhattisgarh_KONDAGAON_2013,0.0,38,0.030694668820678513,0.046849757673667204,0.04361873990306947,0.0032310177705977385,0.027463651050080775,0.017770597738287562,93,1
Chhattisgarh,KORBA,2013,48,10,1,57,0,78,0,10,119,195,89,32,1,38,10,648,4,71,9,66,0,126,689,2214,207,275,413,39,42,0.09349593495934959,0.12420957542908763,0.18654019873532068,0.0257452574525745,0.035230352303523,DATASET_02_2013,Chhattisgarh_KORBA_2013,0.0,203,0.025745257452574527,0.03523035230352303,0.02168021680216802,0.004516711833785004,0.08807588075880758,0.05374887082204156,204,0
Chhattisgarh,KORIYA,2013,30,14,0,63,0,68,1,9,130,89,22,16,1,24,3,620,3,88,4,55,0,61,361,1641,213,273,251,25,19,0.12979890310786105,0.1663619744058501,0.15295551492992077,0.0383912248628884,0.0414381474710542,DATASET_02_2013,Chhattisgarh_KORIYA_2013,0.0,210,0.038391224862888484,0.04143814747105423,0.018281535648994516,0.005484460694698354,0.05423522242535039,0.07921998781230957,185,0
Chhattisgarh,MAHASAMUND,2013,19,13,1,49,0,116,1,12,163,196,71,33,5,36,11,95,8,104,11,48,0,150,1323,2396,220,315,443,41,44,0.09181969949916527,0.13146911519198665,0.18489148580968282,0.0204507512520868,0.0484140233722871,DATASET_02_2013,Chhattisgarh_MAHASAMUND_2013,0.0,212,0.020450751252086813,0.048414023372287146,0.007929883138564273,0.005008347245409015,0.08180300500834725,0.06803005008347246,211,0
Chhattisgarh,MUNGELI,2013,27,7,0,23,0,61,0,6,86,77,9,36,1,8,11,60,4,44,3,23,0,53,688,1219,97,168,178,9,47,0.07957342083675144,0.13781788351107466,0.14602132895816242,0.0188679245283018,0.0500410172272354,DATASET_02_2013,Chhattisgarh_MUNGELI_2013,0.0,93,0.018867924528301886,0.05004101722723544,0.022149302707136997,0.004922067268252666,0.06316652994257588,0.07054963084495489,124,0
Chhattisgarh,NARAYANPUR,2013,6,27,0,10,0,5,1,3,14,7,1,0,0,3,1,47,0,3,0,2,0,9,51,189,15,55,26,3,1,0.07936507936507936,0.291005291005291,0.13756613756613756,0.0529100529100529,0.0264550264550264,DATASET_02_2013,Chhattisgarh_NARAYANPUR_2013,0.0,15,0.05291005291005291,0.026455026455026454,0.031746031746031744,0.015873015873015872,0.037037037037037035,0.07407407407407407,52,1
Chhattisgarh,RAIGARH,2013,87,49,2,90,0,163,7,39,213,390,217,69,13,57,18,701,5,126,10,53,0,229,1026,3350,284,563,866,70,87,0.08477611940298507,0.16805970149253732,0.25850746268656716,0.026865671641791,0.0486567164179104,DATASET_02_2013,Chhattisgarh_RAIGARH_2013,0.0,279,0.026865671641791045,0.048656716417910445,0.025970149253731343,0.011641791044776119,0.11641791044776119,0.0635820895522388,437,0
Chhattisgarh,RAIPUR,2013,67,82,3,139,0,428,4,54,588,1396,791,70,29,231,57,2327,11,263,32,173,0,400,2542,8907,618,1040,2833,260,127,0.06938363085213876,0.11676209722690019,0.3180644436959695,0.0156057033793645,0.0480520938587627,DATASET_02_2013,Chhattisgarh_RAIPUR_2013,0.0,607,0.015605703379364545,0.04805209385876277,0.0075221735713483775,0.006062647356012125,0.1567306612776468,0.06601549343213203,777,0
Chhattisgarh,RAJNANDGAON,2013,32,30,2,46,0,81,1,6,158,173,78,24,20,55,12,62,7,74,4,32,0,175,1868,2866,163,272,416,75,36,0.05687369155617585,0.09490579204466155,0.1451500348918353,0.0160502442428471,0.0282623866015352,DATASET_02_2013,Chhattisgarh_RAJNANDGAON_2013,0.0,156,0.016050244242847175,0.028262386601535242,0.011165387299371946,0.00209351011863224,0.06036287508722959,0.05512909979064899,198,0
Chhattisgarh,SARGUJA,2013,37,17,1,71,0,19,0,16,88,106,58,22,2,33,12,61,0,118,1,35,0,117,1000,1757,225,279,268,35,34,0.12805919180421171,0.15879339783722254,0.1525327262379055,0.0404097894137734,0.0108138873079112,DATASET_02_2013,Chhattisgarh_SARGUJA_2013,0.0,225,0.040409789413773475,0.010813887307911212,0.02105862265224815,0.00910643141718839,0.06033010813887308,0.05008537279453614,161,0
Chhattisgarh,SUKMA,2013,30,26,0,8,0,5,4,1,7,13,8,1,0,3,4,4,1,2,1,4,0,16,83,213,16,76,33,3,5,0.07511737089201878,0.3568075117370892,0.15492957746478872,0.0375586854460093,0.0234741784037558,DATASET_02_2013,Chhattisgarh_SUKMA_2013,0.0,15,0.03755868544600939,0.023474178403755867,0.14084507042253522,0.004694835680751174,0.06103286384976526,0.03286384976525822,74,1
Chhattisgarh,SURAJPUR,2013,37,11,0,59,0,56,3,11,71,97,24,24,1,27,15,542,3,84,3,67,0,114,420,1646,216,261,206,28,39,0.13122721749696234,0.15856622114216282,0.12515188335358446,0.0358444714459295,0.0340218712029161,DATASET_02_2013,Chhattisgarh_SURAJPUR_2013,0.0,213,0.035844471445929525,0.03402187120291616,0.022478736330498177,0.006682867557715674,0.058930741190765495,0.043134872417982986,177,0
Goa,NORTH GOA,2013,27,31,1,48,0,50,6,17,219,699,219,72,61,103,23,232,0,103,36,17,0,114,721,2595,204,283,1160,164,95,0.07861271676300578,0.10905587668593449,0.44701348747591524,0.0184971098265895,0.0192678227360308,DATASET_02_2013,Goa_NORTH GOA_2013,0.0,204,0.018497109826589597,0.019267822736030827,0.010404624277456647,0.006551059730250481,0.26936416184971096,0.08439306358381503,180,0
Goa,SOUTH GOA,2013,9,17,1,38,0,58,5,20,166,439,135,55,31,96,16,117,0,59,18,23,0,91,454,1717,138,207,765,127,71,0.0803727431566686,0.12055911473500291,0.44554455445544555,0.0221316249271986,0.0337798485730926,DATASET_02_2013,Goa_SOUTH GOA_2013,0.0,138,0.0221316249271986,0.0337798485730926,0.0052417006406523005,0.011648223645894,0.2556785090273733,0.09668025626092021,148,0
Gujarat,AHMEDABAD COMMR.,2013,96,68,2,116,0,458,16,582,674,3449,2091,151,227,255,24,1342,20,180,8,1756,0,268,11541,21258,2080,1518,6812,482,175,0.09784551698184213,0.07140841095117133,0.320444068115533,0.005456769216295,0.0215448301815787,DATASET_02_2013,Gujarat_AHMEDABAD COMMR._2013,0.0,2060,0.005456769216295042,0.0215448301815787,0.004515946937623483,0.027377928309342364,0.16224480195691035,0.03170571079123154,1338,0
Gujarat,AHMEDABAD RURAL,2013,38,51,2,17,0,67,19,35,94,219,84,70,38,23,8,244,0,33,0,167,0,327,2595,4050,217,262,451,61,78,0.053580246913580244,0.06469135802469136,0.11135802469135803,0.0041975308641975,0.0165432098765432,DATASET_02_2013,Gujarat_AHMEDABAD RURAL_2013,0.0,217,0.004197530864197531,0.01654320987654321,0.009382716049382716,0.008641975308641974,0.05407407407407407,0.023209876543209877,229,0
Gujarat,AHWA-DANG,2013,6,1,0,4,0,6,0,0,9,10,2,3,1,5,0,19,0,7,1,20,0,27,128,248,32,24,21,6,3,0.12903225806451613,0.0967741935483871,0.0846774193548387,0.0161290322580645,0.0241935483870967,DATASET_02_2013,Gujarat_AHWA-DANG_2013,0.0,32,0.016129032258064516,0.024193548387096774,0.024193548387096774,0.0,0.04032258064516129,0.036290322580645164,17,1
Gujarat,AMRELI,2013,30,9,3,11,0,64,1,11,78,95,52,30,22,5,12,256,0,16,2,157,0,112,1305,2229,186,145,237,27,42,0.08344549125168237,0.06505159264244055,0.1063257065948856,0.0049349484073575,0.028712427097353,DATASET_02_2013,Gujarat_AMRELI_2013,0.0,186,0.00493494840735756,0.028712427097353072,0.013458950201884253,0.00493494840735756,0.04262000897263347,0.034993270524899055,129,0
Gujarat,ANAND,2013,27,17,2,12,0,76,4,14,98,241,155,35,31,31,14,258,1,20,4,162,0,236,1530,2816,199,172,512,62,49,0.07066761363636363,0.061079545454545456,0.18181818181818182,0.0042613636363636,0.0269886363636363,DATASET_02_2013,Gujarat_ANAND_2013,0.0,198,0.004261363636363636,0.026988636363636364,0.009588068181818182,0.004971590909090909,0.08558238636363637,0.03480113636363636,152,0
Gujarat,BHARUCH,2013,38,9,0,23,0,44,10,17,170,403,197,38,71,4,4,260,0,30,0,53,0,334,1245,2756,106,171,797,75,42,0.038461538461538464,0.06204644412191582,0.28918722786647316,0.0083454281567489,0.0159651669085631,DATASET_02_2013,Gujarat_BHARUCH_2013,0.0,106,0.008345428156748911,0.015965166908563134,0.013788098693759071,0.006168359941944848,0.14622641509433962,0.061683599419448475,141,0
Gujarat,BHAVNAGAR,2013,52,31,1,17,0,109,6,40,157,388,198,75,23,49,32,551,1,50,7,220,0,4,2590,4410,295,306,789,72,107,0.06689342403628118,0.06938775510204082,0.17891156462585034,0.0038548752834467,0.0247165532879818,DATASET_02_2013,Gujarat_BHAVNAGAR_2013,0.0,294,0.003854875283446712,0.02471655328798186,0.011791383219954649,0.009070294784580499,0.08798185941043084,0.035600907029478455,256,0
Gujarat,CID CRIME,2013,0,0,0,0,0,1,0,0,0,0,0,0,2,1,0,0,0,0,0,0,0,0,4,8,0,1,0,3,0,0.0,0.125,0.0,0.0,0.125,DATASET_02_2013,Gujarat_CID CRIME_2013,0.0,0,0.0,0.125,0.0,0.0,0.0,0.0,1,1
Gujarat,DAHOD,2013,31,8,0,14,0,81,30,53,183,239,156,44,6,6,9,221,0,15,0,1,0,198,403,1544,30,232,661,12,53,0.019430051813471502,0.15025906735751296,0.42810880829015546,0.0090673575129533,0.052461139896373,DATASET_02_2013,Gujarat_DAHOD_2013,0.0,30,0.009067357512953367,0.052461139896373056,0.020077720207253884,0.03432642487046632,0.15479274611398963,0.11852331606217617,217,0
Gujarat,GANDHINAGAR,2013,21,9,1,22,0,71,3,24,110,381,189,34,10,50,2,181,0,31,6,200,0,195,5574,6933,259,182,707,60,36,0.03735756526756094,0.02625126207990769,0.10197605654117986,0.0031732294821866,0.0102408769652387,DATASET_02_2013,Gujarat_GANDHINAGAR_2013,0.0,259,0.0031732294821866435,0.010240876965238713,0.003028991778450887,0.0034617048896581565,0.05495456512332324,0.01586614741093322,151,0
Gujarat,HIMATNAGAR,2013,43,6,5,14,0,76,8,11,118,252,105,45,17,37,8,148,0,33,8,304,0,294,8828,10261,359,196,494,54,53,0.03498684338758406,0.019101452100185167,0.04814345580352792,0.0013643894357275,0.007406685508235,DATASET_02_2013,Gujarat_HIMATNAGAR_2013,0.0,359,0.001364389435727512,0.007406685508235065,0.004190624695448787,0.0010720202709287594,0.024559009843095215,0.0114998538154176,163,0
Gujarat,JAMNAGAR,2013,42,37,2,27,0,64,9,24,146,404,180,90,31,16,10,785,1,26,3,480,0,3,2045,4247,537,231,763,47,100,0.1264421944902284,0.05439133506004238,0.17965622792559455,0.0063574287732517,0.0150694607958558,DATASET_02_2013,Gujarat_JAMNAGAR_2013,0.0,536,0.0063574287732517075,0.015069460795855898,0.009889333647280433,0.0056510477984459614,0.09512597127384036,0.034377207440546266,205,0
Gujarat,JUNAGADH,2013,36,19,1,29,0,84,5,22,151,245,111,131,37,37,15,445,1,52,12,461,0,232,2074,4099,555,248,534,74,146,0.1353988777750671,0.06050256160039034,0.13027567699438888,0.0070748963161746,0.0204928031227128,DATASET_02_2013,Gujarat_JUNAGADH_2013,0.0,554,0.0070748963161746765,0.020492803122712858,0.008782629909734082,0.005367162722615272,0.05977067577457917,0.03683825323249573,196,0
Gujarat,KHEDA NORTH,2013,30,30,2,14,0,72,7,3,64,155,89,36,22,27,5,263,0,21,1,148,0,281,3657,4838,184,179,318,49,41,0.038032244729226956,0.03699875981810666,0.06572964034725093,0.0028937577511368,0.0148821827201322,DATASET_02_2013,Gujarat_KHEDA NORTH_2013,0.0,184,0.0028937577511368336,0.014882182720132286,0.0062009094667217855,0.0006200909466721786,0.032038032244729224,0.01322860686233981,158,0
Gujarat,KUTCH (EAST(G)),2013,31,16,0,25,0,51,4,20,212,323,159,41,24,31,9,303,0,34,0,249,0,9,1427,2810,308,181,718,55,50,0.10960854092526691,0.06441281138790035,0.25551601423487547,0.0088967971530249,0.0181494661921708,DATASET_02_2013,Gujarat_KUTCH (EAST(G))_2013,0.0,308,0.008896797153024912,0.018149466192170817,0.01103202846975089,0.0071174377224199285,0.11494661921708185,0.07544483985765124,147,0
Gujarat,KUTCH (WEST-BHUJ),2013,20,20,0,28,0,35,5,14,114,252,81,60,26,5,11,201,0,29,0,200,0,1,1097,2121,257,151,466,31,71,0.12116925978312117,0.07119283356907119,0.2197076850542197,0.0132013201320132,0.0165016501650165,DATASET_02_2013,Gujarat_KUTCH (WEST-BHUJ)_2013,0.0,257,0.013201320132013201,0.0165016501650165,0.00942951438000943,0.006600660066006601,0.1188118811881188,0.05374823196605375,122,0
Gujarat,MEHSANA,2013,23,18,0,11,0,139,16,55,176,551,246,83,40,51,8,407,0,37,0,321,0,181,5375,7496,369,299,1044,91,91,0.04922625400213447,0.03988794023479189,0.13927427961579508,0.0014674493062966,0.0185432230522945,DATASET_02_2013,Gujarat_MEHSANA_2013,0.0,369,0.0014674493062966916,0.01854322305229456,0.0030683030949839912,0.0073372465314834575,0.07350586979722519,0.023479188900747065,262,0
Gujarat,NARMADA,2013,14,2,0,7,0,24,0,1,26,50,31,12,8,5,3,89,0,15,0,10,0,77,383,727,32,63,108,13,15,0.04401650618982118,0.08665749656121045,0.1485557083906465,0.0096286107290233,0.0330123796423658,DATASET_02_2013,Gujarat_NARMADA_2013,0.0,32,0.009628610729023384,0.033012379642365884,0.01925722145804677,0.001375515818431912,0.0687757909215956,0.03576341127922971,48,1
Gujarat,NAVSARI,2013,14,11,0,9,0,39,8,8,108,272,165,17,56,18,1,103,0,13,1,88,0,0,967,1737,111,102,561,74,18,0.06390328151986183,0.05872193436960276,0.3229706390328152,0.005181347150259,0.0224525043177892,DATASET_02_2013,Gujarat_NAVSARI_2013,0.0,111,0.0051813471502590676,0.022452504317789293,0.008059873344847437,0.004605641911341394,0.15659182498560736,0.06217616580310881,89,0
Gujarat,PALANPUR,2013,38,46,0,62,0,104,19,63,222,474,240,76,27,74,18,549,0,96,3,377,0,279,2948,5480,538,428,1018,101,94,0.09817518248175182,0.0781021897810219,0.18576642335766425,0.0113138686131386,0.018978102189781,DATASET_02_2013,Gujarat_PALANPUR_2013,0.0,538,0.011313868613138687,0.01897810218978102,0.006934306569343066,0.011496350364963503,0.0864963503649635,0.04051094890510949,332,0
Gujarat,PANCHMAHAL,2013,59,15,2,16,0,96,18,8,132,257,171,48,18,26,23,318,0,46,0,217,0,316,1944,3563,279,260,586,44,71,0.07830479932641032,0.07297221442604547,0.1644681448217794,0.0044905978108335,0.0269435868650014,DATASET_02_2013,Gujarat_PANCHMAHAL_2013,0.0,279,0.004490597810833568,0.026943586865001402,0.01655907942744878,0.002245298905416784,0.07213022733651417,0.03704743193937693,214,0
Gujarat,PATAN,2013,14,9,0,19,0,74,17,33,92,283,133,63,27,24,11,340,0,47,1,174,0,133,2306,3677,241,213,558,51,74,0.06554256187109056,0.05792765841718792,0.151754147402774,0.0051672559151482,0.0201251019853141,DATASET_02_2013,Gujarat_PATAN_2013,0.0,241,0.005167255915148218,0.020125101985314114,0.003807451726951319,0.008974707642099537,0.07696491705194453,0.025020397062822955,166,0
Gujarat,PORBANDAR,2013,12,6,0,6,0,16,1,5,24,65,26,21,12,10,5,86,0,6,0,79,0,41,441,838,91,52,121,22,26,0.10859188544152745,0.06205250596658711,0.14439140811455847,0.0071599045346062,0.0190930787589498,DATASET_02_2013,Gujarat_PORBANDAR_2013,0.0,91,0.007159904534606206,0.01909307875894988,0.014319809069212411,0.0059665871121718375,0.07756563245823389,0.028639618138424822,46,1
Gujarat,RAJKOT COMMR.,2013,36,26,3,14,0,63,4,41,252,853,633,69,93,24,21,386,1,18,4,254,0,119,1284,3572,291,205,1783,117,90,0.0814669652855543,0.05739081746920493,0.49916013437849943,0.0039193729003359,0.0176371780515117,DATASET_02_2013,Gujarat_RAJKOT COMMR._2013,0.0,290,0.003919372900335946,0.017637178051511757,0.010078387458006719,0.011478163493840985,0.23880179171332586,0.07054871220604703,187,0
Gujarat,RAJKOT RURAL,2013,43,9,3,30,0,83,6,31,163,388,224,76,87,6,10,342,1,41,2,404,0,359,2595,4683,478,246,812,93,86,0.10207132180226351,0.05253042921204356,0.17339312406576982,0.0064061499039077,0.0177236814008114,DATASET_02_2013,Gujarat_RAJKOT RURAL_2013,0.0,477,0.0064061499039077515,0.017723681400811445,0.009182148195601111,0.00661968823403801,0.08285287209054025,0.034806747811232115,205,0
Gujarat,SURAT COMMR.,2013,99,30,9,76,0,309,11,56,364,1570,941,59,25,187,6,386,2,91,0,491,0,213,20310,24307,660,681,2942,212,65,0.02715267206977414,0.02801662072653968,0.12103509277162958,0.0031266713292467,0.0127123873781215,DATASET_02_2013,Gujarat_SURAT COMMR._2013,0.0,658,0.003126671329246719,0.01271238737812153,0.004072900810466121,0.0023038630847081088,0.0645904471962809,0.014975110050602708,590,0
Gujarat,SURAT RURAL,2013,46,8,3,19,0,36,16,23,142,449,215,33,20,40,3,147,1,15,0,114,0,368,1754,3242,149,166,845,60,36,0.0459592843923504,0.05120296113510179,0.2606415792720543,0.0058605798889574,0.0111042566317088,DATASET_02_2013,Gujarat_SURAT RURAL_2013,0.0,148,0.005860579888957434,0.011104256631708822,0.01418877236273905,0.007094386181369525,0.13849475632325725,0.04380012338062924,151,0
Gujarat,SURENDRANAGAR,2013,32,30,2,18,0,71,9,18,122,303,124,76,36,11,7,382,0,51,7,133,0,224,1286,2822,209,231,576,47,83,0.07406094968107725,0.08185683912119064,0.20411055988660523,0.0063784549964564,0.0251594613749114,DATASET_02_2013,Gujarat_SURENDRANAGAR_2013,0.0,209,0.0063784549964564135,0.025159461374911412,0.011339475549255847,0.0063784549964564135,0.1073706591070163,0.04323175053153792,180,0
Gujarat,TAPI,2013,17,2,2,8,0,17,1,2,34,88,37,7,12,14,5,52,0,13,0,12,0,129,406,822,33,62,162,26,12,0.040145985401459854,0.07542579075425791,0.19708029197080293,0.0097323600973236,0.0206812652068126,DATASET_02_2013,Gujarat_TAPI_2013,0.0,33,0.009732360097323601,0.02068126520681265,0.02068126520681265,0.0024330900243309003,0.1070559610705596,0.0413625304136253,49,1
Gujarat,VADODARA COMMR.,2013,20,34,2,19,0,82,10,151,422,1221,849,93,20,194,8,367,0,107,7,417,0,175,9433,12786,550,425,2653,214,101,0.0430157985296418,0.033239480681995934,0.2074925699984358,0.0014860003128421,0.0064132645080556,DATASET_02_2013,Gujarat_VADODARA COMMR._2013,0.0,550,0.0014860003128421711,0.006413264508055686,0.001564210855623338,0.011809791959956201,0.09549507273580479,0.03300484905365243,318,0
Gujarat,VADODARA RURAL,2013,70,13,1,25,0,72,17,17,88,305,217,58,24,26,9,227,0,29,0,110,0,433,1909,3439,164,244,644,50,67,0.0476882814771736,0.07095085780750218,0.1872637394591451,0.0072695551032276,0.0209363186972957,DATASET_02_2013,Gujarat_VADODARA RURAL_2013,0.0,164,0.007269555103227682,0.020936318697295727,0.020354754289037512,0.004943297470194824,0.08868857225937772,0.02558883396336144,215,0
Gujarat,VALSAD,2013,24,10,0,19,0,73,6,33,224,450,252,36,77,24,3,206,0,33,0,28,0,294,1170,2713,80,198,965,101,39,0.029487652045705862,0.07298193881312201,0.3556948028013269,0.0070033173608551,0.0269074824917066,DATASET_02_2013,Gujarat_VALSAD_2013,0.0,80,0.007003317360855142,0.0269074824917066,0.008846295613711759,0.012163656468853668,0.16586804275709546,0.08256542572797641,165,0
Gujarat,W.RLY AHMEDABAD,2013,11,2,0,0,0,7,1,7,7,264,30,2,0,6,0,30,0,2,0,5,0,0,37,381,7,30,309,6,2,0.01837270341207349,0.07874015748031496,0.8110236220472441,0.0,0.0183727034120734,DATASET_02_2013,Gujarat_W.RLY AHMEDABAD_2013,0.0,7,0.0,0.01837270341207349,0.028871391076115485,0.01837270341207349,0.6929133858267716,0.01837270341207349,28,1
Gujarat,W.RLY VADODARA,2013,5,1,1,1,0,2,1,7,4,414,15,3,2,2,0,23,0,6,0,0,0,2,47,522,7,24,441,4,3,0.013409961685823755,0.04597701149425287,0.8448275862068966,0.0019157088122605,0.003831417624521,DATASET_02_2013,Gujarat_W.RLY VADODARA_2013,0.0,7,0.0019157088122605363,0.0038314176245210726,0.009578544061302681,0.013409961685823755,0.7931034482758621,0.007662835249042145,18,1
Haryana,AMBALA RURAL,2013,17,5,1,17,0,67,4,10,92,195,89,0,6,47,4,67,3,32,0,79,0,122,339,1110,131,153,390,53,4,0.11801801801801802,0.13783783783783785,0.35135135135135137,0.0153153153153153,0.0603603603603603,DATASET_02_2013,Haryana_AMBALA RURAL_2013,0.0,128,0.015315315315315315,0.06036036036036036,0.015315315315315315,0.009009009009009009,0.17567567567567569,0.08288288288288288,121,0
Haryana,AMBALA URBAN,2013,17,15,2,24,0,159,7,13,394,438,267,3,64,79,6,91,1,48,18,170,0,122,583,2255,261,285,1119,143,9,0.11574279379157427,0.12638580931263857,0.49623059866962305,0.0106430155210643,0.070509977827051,DATASET_02_2013,Haryana_AMBALA URBAN_2013,0.0,260,0.010643015521064302,0.070509977827051,0.00753880266075388,0.005764966740576497,0.1942350332594235,0.17472283813747227,237,0
Haryana,BHIWANI,2013,62,49,0,52,0,169,6,36,411,741,483,174,15,167,24,253,20,97,36,144,0,183,1233,3877,349,471,1677,182,198,0.09001805519731751,0.12148568480784111,0.4325509414495744,0.01341243229301,0.0435904049522826,DATASET_02_2013,Haryana_BHIWANI_2013,0.0,329,0.013412432293010059,0.04359040495228269,0.015991746195511993,0.009285530049006964,0.19112716017539336,0.1060098013928295,374,0
Haryana,FARIDABAD,2013,60,59,3,65,0,155,6,34,392,1763,1495,183,170,53,4,135,22,90,56,255,0,221,1529,5264,488,472,3690,223,187,0.09270516717325228,0.08966565349544073,0.7009878419452887,0.0123480243161094,0.0294452887537993,DATASET_02_2013,Haryana_FARIDABAD_2013,0.0,466,0.012348024316109422,0.02944528875379939,0.011398176291793313,0.006458966565349544,0.3349164133738602,0.07446808510638298,382,0
Haryana,FATEHABAD,2013,25,20,2,30,0,47,6,9,176,258,169,21,6,83,4,134,2,46,25,193,0,97,788,1974,296,185,618,89,25,0.14994934143870314,0.09371833839918946,0.3130699088145897,0.0151975683890577,0.0238095238095238,DATASET_02_2013,Haryana_FATEHABAD_2013,0.0,294,0.015197568389057751,0.023809523809523808,0.012664640324214792,0.004559270516717325,0.13069908814589665,0.08915906788247213,139,0
Haryana,GRP,2013,19,1,0,2,0,9,1,20,1,415,99,11,6,5,0,18,3,18,51,0,0,16,551,1150,74,70,536,11,11,0.06434782608695652,0.06086956521739131,0.46608695652173915,0.0017391304347826,0.0078260869565217,DATASET_02_2013,Haryana_GRP_2013,0.0,71,0.0017391304347826088,0.00782608695652174,0.01652173913043478,0.017391304347826087,0.36086956521739133,0.0008695652173913044,52,1
Haryana,GURGAON,2013,87,72,5,82,0,263,31,137,667,4330,3323,159,98,257,10,125,18,97,42,290,0,445,2495,9729,529,774,8488,355,169,0.054373522458628844,0.07955596669750231,0.8724432110186042,0.0084284099085209,0.0270325829992805,DATASET_02_2013,Haryana_GURGAON_2013,0.0,511,0.008428409908520916,0.0270325829992805,0.008942337341967314,0.014081611676431289,0.44506115736458013,0.06855791962174941,677,0
Haryana,HISSAR,2013,55,62,2,61,0,114,8,63,468,1182,782,107,22,178,25,221,17,118,31,319,0,208,2164,5432,546,483,2503,200,132,0.10051546391752578,0.08891752577319588,0.46078792341678937,0.0112297496318114,0.0209867452135493,DATASET_02_2013,Haryana_HISSAR_2013,0.0,529,0.011229749631811487,0.020986745213549336,0.01012518409425626,0.011597938144329897,0.21759941089837997,0.0861561119293078,365,0
Haryana,I&P HARYANA,2013,0,0,0,0,0,0,0,0,0,0,0,0,0,0,0,0,0,0,0,0,0,0,649,649,0,0,0,0,0,0.0,0.0,0.0,0.0,0.0,DATASET_02_2013,Haryana_I&P HARYANA_2013,0.0,0,0.0,0.0,0.0,0.0,0.0,0.0,0,1
Haryana,JHAJJAR,2013,43,36,5,17,0,50,2,28,162,452,254,29,13,65,6,111,22,44,16,109,0,225,591,2028,208,225,898,78,35,0.10256410256410256,0.11094674556213018,0.4428007889546351,0.0083826429980276,0.02465483234714,DATASET_02_2013,Haryana_JHAJJAR_2013,0.0,186,0.008382642998027613,0.02465483234714004,0.021203155818540435,0.013806706114398421,0.22287968441814596,0.07988165680473373,181,0
Haryana,JIND,2013,58,30,11,38,0,100,2,33,308,726,490,167,54,35,12,174,9,69,34,121,0,169,769,2923,271,341,1559,89,179,0.09271296613068765,0.11666096476223059,0.5333561409510776,0.0130003421142661,0.0342114266164899,DATASET_02_2013,Haryana_JIND_2013,0.0,262,0.013000342114266164,0.03421142661648991,0.019842627437564146,0.01128977078344167,0.24837495723571673,0.10537119397878891,272,0
Haryana,KAITHAL,2013,31,14,1,26,0,106,6,16,181,325,236,0,46,21,2,167,4,39,11,146,0,133,527,1805,226,239,764,67,2,0.12520775623268698,0.13240997229916898,0.4232686980609418,0.0144044321329639,0.0587257617728531,DATASET_02_2013,Haryana_KAITHAL_2013,0.0,222,0.014404432132963989,0.058725761772853186,0.017174515235457065,0.00886426592797784,0.18005540166204986,0.10027700831024931,200,0
Haryana,KARNAL,2013,56,33,3,72,0,362,6,54,459,975,681,37,7,224,15,214,12,181,21,213,0,254,1099,4302,499,767,2175,231,52,0.11599256159925617,0.1782891678289168,0.5055788005578801,0.0167364016736401,0.0841469084146908,DATASET_02_2013,Haryana_KARNAL_2013,0.0,487,0.016736401673640166,0.08414690841469084,0.01301720130172013,0.012552301255230125,0.22663877266387727,0.10669456066945607,586,0
Haryana,KURUKSHETRA,2013,20,23,1,25,0,56,0,25,288,641,467,0,14,104,5,129,8,70,26,137,0,195,867,2635,266,220,1421,118,5,0.10094876660341556,0.08349146110056926,0.5392789373814042,0.0094876660341555,0.0212523719165085,DATASET_02_2013,Haryana_KURUKSHETRA_2013,0.0,258,0.009487666034155597,0.02125237191650854,0.007590132827324478,0.009487666034155597,0.24326375711574952,0.10929791271347249,150,0
Haryana,MAHENDRAGARH,2013,45,13,2,28,0,69,10,21,182,360,181,91,21,20,10,107,9,81,48,84,0,116,641,1960,250,269,754,41,101,0.12755102040816327,0.13724489795918368,0.3846938775510204,0.0142857142857142,0.035204081632653,DATASET_02_2013,Haryana_MAHENDRAGARH_2013,0.0,241,0.014285714285714285,0.03520408163265306,0.02295918367346939,0.010714285714285714,0.1836734693877551,0.09285714285714286,188,0
Haryana,MEWAT,2013,32,58,2,68,0,44,10,18,59,536,392,171,13,97,5,67,10,46,7,198,0,154,812,2427,329,278,1015,110,176,0.13555830243098477,0.11454470539761022,0.4182117840955913,0.0280181293778327,0.0181293778327152,DATASET_02_2013,Haryana_MEWAT_2013,0.0,319,0.028018129377832716,0.018129377832715288,0.013185002060156572,0.007416563658838072,0.22084878450762258,0.024309847548413678,232,0
Haryana,PALWAL,2013,40,54,5,51,0,66,4,28,128,695,503,165,36,28,1,148,12,77,23,192,0,184,806,2747,355,325,1358,64,166,0.1292318893338187,0.11831088460138332,0.4943574808882417,0.0185657080451401,0.0240262104113578,DATASET_02_2013,Haryana_PALWAL_2013,0.0,343,0.018565708045140152,0.024026210411357846,0.014561339643247179,0.010192937750273025,0.2530032763014197,0.04659628685839097,248,0
Haryana,PANCHKULA,2013,12,2,1,15,0,163,7,21,212,464,328,13,13,136,2,44,4,41,9,80,0,90,457,1790,149,262,1032,149,15,0.08324022346368715,0.1463687150837989,0.576536312849162,0.0083798882681564,0.0910614525139664,DATASET_02_2013,Haryana_PANCHKULA_2013,0.0,145,0.008379888268156424,0.09106145251396648,0.0067039106145251395,0.011731843575418994,0.25921787709497207,0.11843575418994413,221,0
Haryana,PANIPAT,2013,59,25,3,52,0,144,9,31,232,890,738,32,9,119,7,144,14,60,19,118,0,266,1064,3299,263,383,1900,128,39,0.07972112761442861,0.11609578660200061,0.5759321006365565,0.0157623522279478,0.0436495907850863,DATASET_02_2013,Haryana_PANIPAT_2013,0.0,249,0.015762352227947862,0.04364959078508639,0.017884207335556228,0.009396786905122764,0.2697787208244923,0.07032434070930585,323,0
Haryana,REWARI,2013,35,37,0,43,0,67,15,52,226,727,542,58,46,25,12,112,13,62,52,117,0,204,795,2703,287,311,1562,71,70,0.10617832038475768,0.11505734369219386,0.5778764335923049,0.0159082500924898,0.024787273399926,DATASET_02_2013,Haryana_REWARI_2013,0.0,274,0.015908250092489827,0.024787273399926008,0.012948575656677765,0.019237883832778396,0.26896041435442103,0.08361080281169071,249,0
Haryana,ROHTAK,2013,63,47,3,51,0,80,2,39,325,830,649,90,16,67,7,151,17,55,39,127,0,213,875,3103,289,340,1845,83,97,0.09313567515307766,0.10957138253303254,0.5945858846277796,0.0164357073799548,0.0257815017724782,DATASET_02_2013,Haryana_ROHTAK_2013,0.0,272,0.01643570737995488,0.025781501772478246,0.02030293264582662,0.012568482114083145,0.2674830808894618,0.10473735095069288,285,0
Haryana,SIRSA,2013,34,28,2,64,0,140,1,15,228,524,342,46,14,35,9,239,5,58,13,187,2,119,1061,2825,329,342,1110,49,55,0.11646017699115044,0.12106194690265487,0.3929203539823009,0.0226548672566371,0.0495575221238938,DATASET_02_2013,Haryana_SIRSA_2013,0.0,322,0.02265486725663717,0.049557522123893805,0.012035398230088496,0.005309734513274336,0.18548672566371682,0.0807079646017699,284,0
Haryana,SONIPAT,2013,81,61,1,50,0,69,5,49,327,754,516,3,16,96,17,179,27,71,48,167,0,358,1177,3570,363,387,1651,112,20,0.10168067226890756,0.10840336134453782,0.4624649859943978,0.0140056022408963,0.0193277310924369,DATASET_02_2013,Haryana_SONIPAT_2013,0.0,336,0.014005602240896359,0.019327731092436976,0.0226890756302521,0.013725490196078431,0.21120448179271709,0.09159663865546218,316,0
Haryana,YAMUNANAGAR,2013,31,37,0,38,0,273,6,11,203,399,337,0,5,89,2,141,11,60,18,171,0,148,895,2541,298,456,956,94,2,0.11727666273120818,0.179456906729634,0.3762298307752853,0.0149547422274695,0.1074380165289256,DATASET_02_2013,Haryana_YAMUNANAGAR_2013,0.0,287,0.0149547422274695,0.10743801652892562,0.012199921290830381,0.004329004329004329,0.15702479338842976,0.07988980716253444,396,0
Himachal Pradesh,BADDIPOLICEDIST,2013,10,4,1,6,0,24,1,0,30,42,24,31,21,19,1,174,0,17,1,20,0,60,149,611,44,63,97,40,32,0.07201309328968904,0.10310965630114566,0.15875613747954173,0.0098199672667757,0.0392798690671031,DATASET_02_2013,Himachal Pradesh_BADDIPOLICEDIST_2013,0.0,44,0.009819967266775777,0.03927986906710311,0.016366612111292964,0.0,0.06873977086743044,0.049099836333878884,46,1
Himachal Pradesh,BILASPUR,2013,4,12,0,13,0,51,1,0,69,49,14,29,13,32,10,60,0,32,23,32,0,27,674,1131,100,113,133,45,39,0.08841732979664015,0.09991158267020336,0.11759504862953139,0.0114942528735632,0.0450928381962864,DATASET_02_2013,Himachal Pradesh_BILASPUR_2013,0.0,100,0.011494252873563218,0.04509283819628647,0.0035366931918656055,0.0,0.04332449160035367,0.0610079575596817,81,0
Himachal Pradesh,CHAMBA,2013,5,3,0,19,0,14,0,0,66,46,12,38,7,14,6,59,0,31,1,7,0,44,333,694,58,72,124,21,44,0.08357348703170028,0.1037463976945245,0.1786743515850144,0.0273775216138328,0.0201729106628242,DATASET_02_2013,Himachal Pradesh_CHAMBA_2013,0.0,58,0.027377521613832854,0.020172910662824207,0.007204610951008645,0.0,0.06628242074927954,0.09510086455331412,41,1
Himachal Pradesh,CID,2013,0,0,0,1,0,0,0,0,0,0,0,0,0,0,0,0,0,0,0,0,0,0,9,10,1,1,0,0,0,0.1,0.1,0.0,0.1,0.0,DATASET_02_2013,Himachal Pradesh_CID_2013,0.0,1,0.1,0.0,0.0,0.0,0.0,0.0,1,1
Himachal Pradesh,G.R.P.,2013,0,0,1,0,0,0,1,0,0,5,0,0,0,0,0,0,0,1,0,0,0,0,12,20,1,3,6,0,0,0.05,0.15,0.3,0.0,0.0,DATASET_02_2013,Himachal Pradesh_G.R.P._2013,0.0,1,0.0,0.0,0.0,0.0,0.25,0.0,2,1
Himachal Pradesh,HAMIRPUR,2013,6,2,0,12,0,16,0,0,66,45,23,16,8,41,3,163,0,31,20,23,0,41,379,873,86,67,134,49,19,0.09851088201603665,0.07674684994272624,0.15349369988545247,0.0137457044673539,0.0183276059564719,DATASET_02_2013,Himachal Pradesh_HAMIRPUR_2013,0.0,86,0.013745704467353952,0.018327605956471937,0.006872852233676976,0.0,0.05154639175257732,0.07560137457044673,36,0
Himachal Pradesh,KANGRA,2013,28,15,1,33,0,61,0,6,139,112,37,73,14,72,21,152,0,100,31,53,0,8,1964,2884,217,244,294,86,94,0.07524271844660194,0.08460471567267684,0.10194174757281553,0.0114424410540915,0.0211511789181692,DATASET_02_2013,Himachal Pradesh_KANGRA_2013,0.0,217,0.01144244105409154,0.02115117891816921,0.009708737864077669,0.0020804438280166435,0.038834951456310676,0.048196948682385575,144,0
Himachal Pradesh,KINNAUR,2013,0,0,0,6,0,4,0,1,26,11,2,9,4,0,0,8,0,8,0,4,0,18,74,173,18,19,40,4,9,0.10404624277456648,0.10982658959537572,0.23121387283236994,0.0346820809248554,0.0231213872832369,DATASET_02_2013,Himachal Pradesh_KINNAUR_2013,0.0,18,0.03468208092485549,0.023121387283236993,0.0,0.005780346820809248,0.06358381502890173,0.15028901734104047,11,1
Himachal Pradesh,KULLU,2013,7,7,0,29,0,29,4,0,73,51,16,32,6,43,38,46,0,44,2,30,0,55,512,1009,105,120,144,49,70,0.10406342913776016,0.11892963330029732,0.14271555996035679,0.0287413280475718,0.0287413280475718,DATASET_02_2013,Himachal Pradesh_KULLU_2013,0.0,105,0.028741328047571853,0.028741328047571853,0.006937561942517344,0.0,0.05054509415262636,0.07234886025768088,76,0
Himachal Pradesh,LAHAUL-SPITI,2013,1,0,0,1,0,0,0,0,0,3,0,0,0,0,0,0,0,0,1,0,0,11,70,87,2,2,3,0,0,0.022988505747126436,0.022988505747126436,0.034482758620689655,0.0114942528735632,0.0,DATASET_02_2013,Himachal Pradesh_LAHAUL-SPITI_2013,0.0,2,0.011494252873563218,0.0,0.011494252873563218,0.0,0.034482758620689655,0.0,2,1
Himachal Pradesh,MANDI,2013,9,6,0,31,0,48,2,0,119,89,13,51,6,57,20,105,0,73,14,34,0,58,1107,1831,152,169,223,63,71,0.08301474604041507,0.0922992900054615,0.12179137083560895,0.0169306389950846,0.026215182960131,DATASET_02_2013,Himachal Pradesh_MANDI_2013,0.0,152,0.016930638995084655,0.026215182960131075,0.004915346805024577,0.0,0.04860731840524304,0.06499180775532495,96,0
Himachal Pradesh,SHIMLA,2013,11,13,2,32,0,49,2,1,161,157,48,93,30,41,28,48,0,63,11,29,0,111,769,1652,135,173,369,71,121,0.08171912832929783,0.10472154963680387,0.22336561743341404,0.0193704600484261,0.0296610169491525,DATASET_02_2013,Himachal Pradesh_SHIMLA_2013,0.0,135,0.01937046004842615,0.029661016949152543,0.006658595641646489,0.0006053268765133172,0.0950363196125908,0.09745762711864407,110,0
Himachal Pradesh,SIRMAUR,2013,7,2,0,25,0,17,1,1,34,58,29,40,6,38,3,41,0,40,4,23,0,62,410,814,92,93,123,44,43,0.11302211302211303,0.11425061425061425,0.1511056511056511,0.0307125307125307,0.0208845208845208,DATASET_02_2013,Himachal Pradesh_SIRMAUR_2013,0.0,92,0.030712530712530713,0.020884520884520884,0.0085995085995086,0.0012285012285012285,0.07125307125307126,0.04176904176904177,53,0
Himachal Pradesh,SOLAN,2013,5,0,1,17,0,16,1,3,97,79,38,26,12,29,3,238,0,19,1,16,0,52,270,885,53,62,218,41,29,0.059887005649717516,0.07005649717514124,0.24632768361581922,0.0192090395480226,0.0180790960451977,DATASET_02_2013,Himachal Pradesh_SOLAN_2013,0.0,53,0.0192090395480226,0.01807909604519774,0.005649717514124294,0.003389830508474576,0.08926553672316384,0.1096045197740113,43,0
Himachal Pradesh,UNA,2013,11,6,0,25,0,23,1,2,52,71,25,49,8,86,5,63,0,34,2,57,0,52,526,1076,118,102,151,94,54,0.10966542750929369,0.09479553903345725,0.14033457249070633,0.0232342007434944,0.0213754646840148,DATASET_02_2013,Himachal Pradesh_UNA_2013,0.0,118,0.023234200743494422,0.02137546468401487,0.010223048327137546,0.0018587360594795538,0.06598513011152417,0.048327137546468404,68,0
Jammu & Kashmir,ANANTNAG,2013,8,14,0,19,0,93,2,4,88,71,15,162,4,26,16,3,0,129,26,4,0,29,726,1426,178,269,180,30,178,0.12482468443197756,0.18863955119214587,0.12622720897615708,0.0133239831697054,0.0652173913043478,DATASET_02_2013,Jammu & Kashmir_ANANTNAG_2013,0.0,178,0.01332398316970547,0.06521739130434782,0.005610098176718092,0.002805049088359046,0.04978962131837307,0.061711079943899017,140,0
Jammu & Kashmir,AWANTIPORA,2013,4,8,0,5,0,14,0,3,18,12,1,23,1,8,1,0,0,18,4,1,0,21,190,332,28,52,34,9,24,0.08433734939759036,0.1566265060240964,0.10240963855421686,0.0150602409638554,0.0421686746987951,DATASET_02_2013,Jammu & Kashmir_AWANTIPORA_2013,0.0,28,0.015060240963855422,0.04216867469879518,0.012048192771084338,0.009036144578313253,0.03614457831325301,0.05421686746987952,34,1
Jammu & Kashmir,BANDIPORA,2013,4,8,3,8,0,51,0,0,30,33,1,109,7,13,4,0,0,47,9,5,0,0,321,653,69,121,64,20,113,0.10566615620214395,0.18529862174578868,0.09800918836140889,0.0122511485451761,0.0781010719754977,DATASET_02_2013,Jammu & Kashmir_BANDIPORA_2013,0.0,69,0.01225114854517611,0.0781010719754977,0.006125574272588055,0.0,0.05053598774885146,0.045941807044410414,74,0
Jammu & Kashmir,BARAMULLA,2013,8,17,0,19,0,95,0,12,75,97,20,219,7,23,15,8,0,135,18,13,0,0,696,1457,185,286,204,30,234,0.1269732326698696,0.19629375428963625,0.1400137268359643,0.0130404941660947,0.0652024708304735,DATASET_02_2013,Jammu & Kashmir_BARAMULLA_2013,0.0,185,0.013040494166094716,0.06520247083047358,0.00549073438572409,0.008236101578586136,0.06657515442690459,0.05147563486616335,151,0
Jammu & Kashmir,BUDGAM,2013,4,31,4,11,0,63,0,2,85,110,13,198,5,18,20,0,0,26,13,2,0,19,606,1218,52,141,210,23,218,0.042692939244663386,0.11576354679802955,0.1724137931034483,0.0090311986863711,0.0517241379310344,DATASET_02_2013,Jammu & Kashmir_BUDGAM_2013,0.0,52,0.0090311986863711,0.05172413793103448,0.003284072249589491,0.0016420361247947454,0.090311986863711,0.06978653530377668,115,0
Jammu & Kashmir,CRIME JAMMU,2013,0,0,0,0,0,0,0,0,0,0,0,0,0,18,0,0,0,0,0,0,0,0,1,19,0,0,0,18,0,0.0,0.0,0.0,0.0,0.0,DATASET_02_2013,Jammu & Kashmir_CRIME JAMMU_2013,0.0,0,0.0,0.0,0.0,0.0,0.0,0.0,0,1
Jammu & Kashmir,CRIME SRINAGAR,2013,0,0,0,0,0,0,0,0,0,0,0,0,3,27,0,0,0,0,0,0,0,0,0,30,0,0,0,30,0,0.0,0.0,0.0,0.0,0.0,DATASET_02_2013,Jammu & Kashmir_CRIME SRINAGAR_2013,0.0,0,0.0,0.0,0.0,0.0,0.0,0.0,0,1
Jammu & Kashmir,DODA,2013,4,20,0,29,0,37,0,1,46,49,1,25,7,19,9,11,0,41,9,41,0,2,524,874,120,132,97,26,34,0.13729977116704806,0.15102974828375287,0.11098398169336385,0.0331807780320366,0.0423340961098398,DATASET_02_2013,Jammu & Kashmir_DODA_2013,0.0,120,0.03318077803203661,0.04233409610983982,0.004576659038901602,0.0011441647597254005,0.05606407322654462,0.05263157894736842,91,0
Jammu & Kashmir,GANDERBAL,2013,1,12,0,5,0,29,1,1,35,42,4,94,4,11,3,1,0,64,4,5,0,14,226,553,78,113,83,15,97,0.1410488245931284,0.20433996383363473,0.15009041591320071,0.0090415913200723,0.0524412296564195,DATASET_02_2013,Jammu & Kashmir_GANDERBAL_2013,0.0,78,0.009041591320072333,0.05244122965641953,0.0018083182640144665,0.0018083182640144665,0.0759493670886076,0.06329113924050633,49,0
Jammu & Kashmir,HANDWARA,2013,2,12,0,10,0,30,0,0,14,55,0,45,2,7,2,4,0,77,5,5,0,2,241,513,97,131,69,9,47,0.18908382066276802,0.2553606237816764,0.13450292397660818,0.0194931773879142,0.0584795321637426,DATASET_02_2013,Jammu & Kashmir_HANDWARA_2013,0.0,97,0.01949317738791423,0.05847953216374269,0.003898635477582846,0.0,0.10721247563352826,0.02729044834307992,54,0
Jammu & Kashmir,JAMMU,2013,11,91,2,50,0,96,0,2,312,398,219,89,42,130,26,11,5,72,53,92,0,111,2947,4547,272,324,931,172,115,0.05981966131515285,0.07125577303716736,0.20475038486914449,0.0109962612711678,0.0211128216406421,DATASET_02_2013,Jammu & Kashmir_JAMMU_2013,0.0,267,0.010996261271167804,0.021112821640642182,0.002419177479656917,0.0004398504508467121,0.08753023971849572,0.06861667033208708,252,0
Jammu & Kashmir,KARGIL,2013,1,0,1,0,0,1,0,0,4,4,0,14,1,1,0,0,0,1,0,0,0,12,68,108,1,4,8,2,14,0.009259259259259259,0.037037037037037035,0.07407407407407407,0.0,0.0092592592592592,DATASET_02_2013,Jammu & Kashmir_KARGIL_2013,0.0,1,0.0,0.009259259259259259,0.009259259259259259,0.0,0.037037037037037035,0.037037037037037035,3,1
Jammu & Kashmir,KATHUA,2013,6,13,0,20,0,27,0,0,67,73,29,19,7,19,5,11,0,37,15,21,0,2,836,1178,93,103,169,26,24,0.07894736842105263,0.08743633276740238,0.1434634974533107,0.0169779286926994,0.0229202037351443,DATASET_02_2013,Jammu & Kashmir_KATHUA_2013,0.0,93,0.01697792869269949,0.022920203735144314,0.0050933786078098476,0.0,0.06196943972835314,0.056876061120543296,66,0
Jammu & Kashmir,KISHTWAR,2013,5,13,0,12,0,15,1,2,14,10,0,2,0,1,7,0,0,14,5,19,0,0,271,391,50,62,27,1,9,0.1278772378516624,0.1585677749360614,0.06905370843989769,0.0306905370843989,0.0383631713554987,DATASET_02_2013,Jammu & Kashmir_KISHTWAR_2013,0.0,50,0.030690537084398978,0.03836317135549872,0.01278772378516624,0.005115089514066497,0.02557544757033248,0.03580562659846547,48,1
Jammu & Kashmir,KULGAM,2013,3,48,1,13,0,61,0,18,31,47,7,102,5,11,9,74,0,136,18,0,0,26,336,941,167,280,103,16,111,0.17747077577045697,0.2975557917109458,0.10945802337938364,0.0138150903294367,0.0648246546227417,DATASET_02_2013,Jammu & Kashmir_KULGAM_2013,0.0,167,0.01381509032943677,0.06482465462274177,0.003188097768331562,0.019128586609989374,0.04994686503719448,0.03294367693942614,144,0
Jammu & Kashmir,KUPWARA,2013,5,25,0,19,0,54,0,2,29,76,1,144,5,17,11,2,0,47,14,10,0,11,315,790,90,152,108,22,155,0.11392405063291139,0.19240506329113924,0.13670886075949368,0.0240506329113924,0.0683544303797468,DATASET_02_2013,Jammu & Kashmir_KUPWARA_2013,0.0,90,0.024050632911392405,0.06835443037974684,0.006329113924050633,0.002531645569620253,0.09620253164556962,0.03670886075949367,105,0
Jammu & Kashmir,LEH,2013,0,1,0,2,0,0,0,0,9,8,0,0,2,1,0,0,0,2,1,0,0,0,130,156,5,5,17,3,0,0.03205128205128205,0.03205128205128205,0.10897435897435898,0.0128205128205128,0.0,DATASET_02_2013,Jammu & Kashmir_LEH_2013,0.0,5,0.01282051282051282,0.0,0.0,0.0,0.05128205128205128,0.057692307692307696,3,1
Jammu & Kashmir,POONCH,2013,7,18,5,20,0,27,0,1,32,22,2,62,2,18,16,66,0,45,4,14,0,0,446,806,83,123,57,20,78,0.10297766749379653,0.15260545905707196,0.0707196029776675,0.0248138957816377,0.0334987593052109,DATASET_02_2013,Jammu & Kashmir_POONCH_2013,0.0,83,0.02481389578163772,0.033498759305210915,0.008684863523573201,0.0012406947890818859,0.02729528535980149,0.03970223325062035,78,0
Jammu & Kashmir,PULWAMA,2013,8,8,0,10,0,28,0,4,11,20,1,79,8,7,8,64,0,19,9,3,0,8,133,429,41,77,36,15,87,0.09557109557109557,0.1794871794871795,0.08391608391608392,0.0233100233100233,0.0652680652680652,DATASET_02_2013,Jammu & Kashmir_PULWAMA_2013,0.0,41,0.023310023310023312,0.06526806526806526,0.018648018648018648,0.009324009324009324,0.046620046620046623,0.02564102564102564,58,1
Jammu & Kashmir,RAILWAYS JAMMU,2013,1,1,0,0,0,0,0,0,0,2,0,0,0,0,1,0,0,1,0,0,0,0,14,20,1,3,2,0,1,0.05,0.15,0.1,0.0,0.0,DATASET_02_2013,Jammu & Kashmir_RAILWAYS JAMMU_2013,0.0,1,0.0,0.0,0.05,0.0,0.1,0.0,2,1
Jammu & Kashmir,RAILWAYS KASHMIR,2013,0,0,0,0,0,0,0,0,0,2,2,10,0,0,0,0,0,0,2,0,0,0,5,19,2,0,4,0,10,0.10526315789473684,0.0,0.21052631578947367,0.0,0.0,DATASET_02_2013,Jammu & Kashmir_RAILWAYS KASHMIR_2013,0.0,2,0.0,0.0,0.0,0.0,0.10526315789473684,0.0,0,1
Jammu & Kashmir,RAILWAYS KATRA,2013,0,0,0,0,0,0,0,0,0,0,0,0,0,0,0,0,0,0,0,0,0,0,1,1,0,0,0,0,0,0.0,0.0,0.0,0.0,0.0,DATASET_02_2013,Jammu & Kashmir_RAILWAYS KATRA_2013,0.0,0,0.0,0.0,0.0,0.0,0.0,0.0,0,1
Jammu & Kashmir,RAJOURI,2013,11,30,3,30,0,59,0,2,55,61,17,36,6,53,15,23,1,46,16,57,0,36,1274,1814,150,181,135,59,51,0.08269018743109151,0.09977949283351709,0.07442116868798236,0.0165380374862183,0.0325248070562293,DATASET_02_2013,Jammu & Kashmir_RAJOURI_2013,0.0,149,0.016538037486218304,0.03252480705622933,0.006063947078280044,0.0011025358324145535,0.03362734288864388,0.03031973539140022,135,0
Jammu & Kashmir,RAMBAN,2013,6,15,0,13,0,21,0,0,20,34,11,3,4,7,4,10,0,21,6,9,0,7,557,737,49,76,65,11,7,0.06648575305291723,0.10312075983717775,0.08819538670284939,0.0176390773405698,0.0284938941655359,DATASET_02_2013,Jammu & Kashmir_RAMBAN_2013,0.0,49,0.017639077340569877,0.028493894165535955,0.008141112618724558,0.0,0.04613297150610583,0.027137042062415198,55,1
Jammu & Kashmir,REASI,2013,5,9,3,13,0,19,0,0,24,27,4,24,5,7,3,10,0,5,8,14,0,0,528,704,40,54,55,12,27,0.056818181818181816,0.07670454545454546,0.078125,0.018465909090909,0.0269886363636363,DATASET_02_2013,Jammu & Kashmir_REASI_2013,0.0,40,0.018465909090909092,0.026988636363636364,0.007102272727272727,0.0,0.03835227272727273,0.03409090909090909,49,1
Jammu & Kashmir,SAMBA,2013,5,23,1,5,0,8,0,0,29,28,12,41,0,16,8,5,1,23,7,12,0,0,565,777,48,65,69,16,49,0.06177606177606178,0.08365508365508366,0.0888030888030888,0.0064350064350064,0.0102960102960102,DATASET_02_2013,Jammu & Kashmir_SAMBA_2013,0.0,47,0.006435006435006435,0.010296010296010296,0.006435006435006435,0.0,0.036036036036036036,0.03732303732303732,42,1
Jammu & Kashmir,SHOPIAN,2013,6,17,0,5,0,17,0,3,13,81,2,46,2,7,6,0,0,27,4,2,0,7,142,387,38,75,99,9,52,0.09819121447028424,0.1937984496124031,0.2558139534883721,0.0129198966408268,0.0439276485788113,DATASET_02_2013,Jammu & Kashmir_SHOPIAN_2013,0.0,38,0.012919896640826873,0.04392764857881137,0.015503875968992248,0.007751937984496124,0.20930232558139536,0.03359173126614987,48,1
Jammu & Kashmir,SOPORE,2013,13,24,1,15,0,34,0,0,71,113,3,43,4,12,5,2,0,63,3,5,0,0,170,578,86,150,187,16,48,0.14878892733564014,0.25951557093425603,0.3235294117647059,0.0259515570934256,0.0588235294117647,DATASET_02_2013,Jammu & Kashmir_SOPORE_2013,0.0,86,0.025951557093425604,0.058823529411764705,0.02249134948096886,0.0,0.19550173010380623,0.12283737024221453,87,0
Jammu & Kashmir,SRINAGAR,2013,16,38,4,22,0,90,2,30,232,333,206,115,19,97,25,16,0,266,90,72,0,59,1264,2792,450,468,803,116,140,0.16117478510028654,0.167621776504298,0.28760744985673353,0.0078796561604584,0.0322349570200573,DATASET_02_2013,Jammu & Kashmir_SRINAGAR_2013,0.0,450,0.007879656160458453,0.032234957020057305,0.0057306590257879654,0.010744985673352435,0.11926934097421203,0.0830945558739255,202,0
Jammu & Kashmir,UDHAMPUR,2013,6,14,0,23,0,14,0,0,43,54,12,10,3,16,2,3,0,27,11,22,0,4,888,1140,83,84,109,19,12,0.07280701754385965,0.07368421052631578,0.0956140350877193,0.0201754385964912,0.0122807017543859,DATASET_02_2013,Jammu & Kashmir_UDHAMPUR_2013,0.0,83,0.02017543859649123,0.012280701754385965,0.005263157894736842,0.0,0.04736842105263158,0.037719298245614034,57,0
Jharkhand,BOKARO,2013,47,7,0,58,0,78,13,28,159,736,219,139,199,145,0,0,15,8,0,243,0,0,1759,3634,324,239,1155,344,139,0.089157952669235,0.06576774903687396,0.317831590533847,0.0159603742432581,0.0214639515685195,DATASET_02_2013,Jharkhand_BOKARO_2013,0.0,309,0.015960374243258118,0.02146395156851954,0.012933406714364337,0.007705008255365988,0.20253164556962025,0.043753439735828285,231,0
Jharkhand,CHAIBASA,2013,121,53,5,77,0,27,5,18,7,186,37,22,11,53,4,123,0,36,0,55,0,92,164,1061,168,342,253,64,26,0.1583411875589067,0.3223374175306315,0.23845428840716307,0.0725730442978322,0.0254476908576814,DATASET_02_2013,Jharkhand_CHAIBASA_2013,0.0,168,0.07257304429783223,0.02544769085768143,0.11404335532516494,0.016965127238454288,0.17530631479736097,0.006597549481621112,306,0
Jharkhand,CHATRA,2013,42,1,1,25,0,29,11,14,30,114,32,53,9,26,6,25,10,16,0,19,0,95,536,1062,70,139,201,35,59,0.06591337099811675,0.13088512241054615,0.18926553672316385,0.0235404896421845,0.027306967984934,DATASET_02_2013,Jharkhand_CHATRA_2013,0.0,60,0.023540489642184557,0.027306967984934087,0.03954802259887006,0.013182674199623353,0.10734463276836158,0.02824858757062147,123,0
Jharkhand,DEOGHAR,2013,55,45,0,61,0,67,13,16,102,306,109,257,111,138,5,421,24,65,0,252,0,85,370,2394,402,322,546,249,262,0.16791979949874686,0.13450292397660818,0.22807017543859648,0.0254803675856307,0.0279866332497911,DATASET_02_2013,Jharkhand_DEOGHAR_2013,0.0,378,0.025480367585630742,0.027986633249791143,0.02297410192147034,0.006683375104427736,0.12781954887218044,0.042606516290726815,257,0
Jharkhand,DHANBAD,2013,68,27,23,65,0,157,35,63,194,947,405,254,109,201,7,236,37,6,0,89,0,3,2245,4768,197,444,1644,310,261,0.04131711409395973,0.09312080536912752,0.3447986577181208,0.0136325503355704,0.0329278523489932,DATASET_02_2013,Jharkhand_DHANBAD_2013,0.0,160,0.01363255033557047,0.032927852348993286,0.014261744966442953,0.013213087248322148,0.19861577181208054,0.040687919463087245,438,0
Jharkhand,DHANBAD RLY.,2013,10,0,0,0,0,7,7,7,1,263,19,1,0,3,0,0,0,11,0,0,0,0,99,409,11,42,297,3,1,0.02689486552567237,0.10268948655256724,0.726161369193154,0.0,0.0171149144254278,DATASET_02_2013,Jharkhand_DHANBAD RLY._2013,0.0,11,0.0,0.017114914425427872,0.02444987775061125,0.017114914425427872,0.6430317848410758,0.0024449877750611247,31,1
Jharkhand,DUMKA,2013,79,43,4,41,0,38,8,14,60,226,60,107,12,49,23,298,10,15,0,73,0,112,605,1817,139,242,368,61,130,0.07649972482113374,0.13318657127132635,0.20253164556962025,0.0225646670335718,0.0209135938359933,DATASET_02_2013,Jharkhand_DUMKA_2013,0.0,129,0.022564667033571822,0.020913593835993397,0.043478260869565216,0.007705008255365988,0.12438084755090809,0.03302146395156852,227,0
Jharkhand,GARHWA,2013,33,37,8,53,0,31,5,41,42,40,38,164,52,126,60,722,30,33,0,125,0,58,1028,2688,241,241,166,178,224,0.0896577380952381,0.0896577380952381,0.061755952380952384,0.0197172619047619,0.011532738095238,DATASET_02_2013,Jharkhand_GARHWA_2013,0.0,211,0.019717261904761904,0.011532738095238096,0.012276785714285714,0.01525297619047619,0.01488095238095238,0.015625,208,0
Jharkhand,GIRIDIH,2013,53,104,0,53,0,84,21,30,86,336,86,326,14,276,5,504,44,24,0,323,0,122,1965,4378,444,369,559,290,331,0.10141617176793057,0.08428506167199634,0.1276838739150297,0.0121059844677935,0.0191868433074463,DATASET_02_2013,Jharkhand_GIRIDIH_2013,0.0,400,0.012105984467793512,0.019186843307446324,0.012105984467793512,0.006852444038373686,0.0767473732297853,0.01964367291000457,345,0
Jharkhand,GODDA,2013,65,0,0,44,0,58,2,12,31,144,46,38,15,13,4,0,8,0,0,0,0,0,1366,1800,52,181,235,28,42,0.028888888888888888,0.10055555555555555,0.13055555555555556,0.0244444444444444,0.0322222222222222,DATASET_02_2013,Jharkhand_GODDA_2013,0.0,44,0.024444444444444446,0.03222222222222222,0.03611111111111111,0.006666666666666667,0.08,0.017222222222222222,181,0
Jharkhand,GUMLA,2013,183,27,8,59,0,39,1,23,14,86,26,16,3,14,13,198,1,15,0,17,0,89,123,929,92,355,150,17,29,0.09903121636167922,0.3821313240043057,0.16146393972012918,0.0635091496232508,0.0419806243272335,DATASET_02_2013,Jharkhand_GUMLA_2013,0.0,91,0.06350914962325081,0.04198062432723358,0.1969860064585576,0.024757804090419805,0.09257265877287406,0.015069967707212056,340,0
Jharkhand,HAZARIBAGH,2013,77,28,7,63,0,72,19,26,75,336,134,172,16,94,5,180,28,35,0,50,0,176,1255,2719,176,327,590,110,177,0.06472968002942259,0.120264803236484,0.21699154100772342,0.0231702831923501,0.0264803236484001,DATASET_02_2013,Jharkhand_HAZARIBAGH_2013,0.0,148,0.02317028319235013,0.026480323648400146,0.02831923501287238,0.009562339095255609,0.12357484369253402,0.027583670467083488,292,0
Jharkhand,JAMSHEDPUR,2013,103,30,8,85,0,86,11,53,153,922,370,108,150,507,4,925,15,86,5,186,0,8,1278,4727,377,462,1509,657,112,0.07975460122699386,0.0977364078696848,0.31922995557436007,0.0179818066426909,0.0181933573090755,DATASET_02_2013,Jharkhand_JAMSHEDPUR_2013,0.0,362,0.017981806642690924,0.018193357309075522,0.021789718637613708,0.011212185318383753,0.19504971440660038,0.032367251956843666,376,0
Jharkhand,JAMSHEDPUR RLY.,2013,7,0,1,3,0,1,2,7,5,146,19,0,2,3,0,0,1,4,0,0,0,0,37,219,8,25,179,5,0,0.0365296803652968,0.1141552511415525,0.817351598173516,0.0136986301369863,0.0045662100456621,DATASET_02_2013,Jharkhand_JAMSHEDPUR RLY._2013,0.0,7,0.0136986301369863,0.0045662100456621,0.0319634703196347,0.0319634703196347,0.6666666666666666,0.0228310502283105,21,1
Jharkhand,JAMTARA,2013,20,11,2,32,0,24,2,10,11,110,36,86,15,124,3,28,8,9,1,150,0,11,598,1255,200,110,169,139,89,0.1593625498007968,0.08764940239043825,0.1346613545816733,0.0254980079681274,0.0191235059760956,DATASET_02_2013,Jharkhand_JAMTARA_2013,0.0,192,0.02549800796812749,0.019123505976095617,0.01593625498007968,0.00796812749003984,0.08764940239043825,0.008764940239043825,101,0
Jharkhand,KHUNTI,2013,90,12,2,9,0,16,0,13,5,34,14,38,1,12,2,35,0,8,1,8,0,43,53,382,26,150,66,13,40,0.06806282722513089,0.39267015706806285,0.17277486910994763,0.0235602094240837,0.0418848167539267,DATASET_02_2013,Jharkhand_KHUNTI_2013,0.0,26,0.02356020942408377,0.041884816753926704,0.2356020942408377,0.034031413612565446,0.08900523560209424,0.013089005235602094,142,1
Jharkhand,KODERMA,2013,25,59,5,23,0,32,3,7,23,130,38,125,23,151,0,263,6,17,0,48,0,81,715,1736,94,171,201,174,125,0.05414746543778802,0.09850230414746544,0.11578341013824885,0.0132488479262672,0.0184331797235023,DATASET_02_2013,Jharkhand_KODERMA_2013,0.0,88,0.013248847926267281,0.018433179723502304,0.014400921658986175,0.004032258064516129,0.0748847926267281,0.013248847926267281,154,0
Jharkhand,LATEHAR,2013,49,21,3,27,0,25,8,8,7,106,12,41,20,10,4,45,5,19,0,16,0,54,230,698,67,160,141,30,45,0.09598853868194843,0.22922636103151864,0.2020057306590258,0.0386819484240687,0.0358166189111747,DATASET_02_2013,Jharkhand_LATEHAR_2013,0.0,62,0.03868194842406877,0.03581661891117478,0.07020057306590258,0.011461318051575931,0.1518624641833811,0.01002865329512894,141,0
Jharkhand,LOHARDAGGA,2013,30,0,2,34,0,29,3,6,10,61,26,11,2,36,0,0,3,2,0,35,0,42,277,584,74,106,106,38,11,0.1267123287671233,0.1815068493150685,0.1815068493150685,0.0582191780821917,0.0496575342465753,DATASET_02_2013,Jharkhand_LOHARDAGGA_2013,0.0,71,0.05821917808219178,0.04965753424657534,0.05136986301369863,0.010273972602739725,0.10445205479452055,0.017123287671232876,104,0
Jharkhand,PAKUR,2013,32,12,2,48,0,34,3,11,11,107,26,114,9,62,3,110,2,10,0,147,0,56,366,1139,207,152,158,71,117,0.18173836698858647,0.1334503950834065,0.13871817383669885,0.0421422300263388,0.0298507462686567,DATASET_02_2013,Jharkhand_PAKUR_2013,0.0,205,0.04214223002633889,0.029850746268656716,0.028094820017559263,0.009657594381035996,0.09394205443371378,0.009657594381035996,142,0
Jharkhand,PALAMU,2013,88,64,0,31,0,53,18,44,84,230,67,142,14,107,4,511,22,18,0,31,0,88,679,2228,102,316,443,121,146,0.04578096947935368,0.14183123877917414,0.1988330341113106,0.0139138240574506,0.0237881508078994,DATASET_02_2013,Jharkhand_PALAMU_2013,0.0,80,0.013913824057450628,0.02378815080789946,0.03949730700179533,0.019748653500897665,0.10323159784560143,0.03770197486535009,298,0
Jharkhand,RAMGARH,2013,25,45,4,36,0,40,8,15,21,217,67,47,36,96,0,257,14,18,9,25,0,113,187,1213,102,191,328,132,47,0.08408903544929926,0.1574608408903545,0.27040395713107995,0.0296784830997526,0.0329760923330585,DATASET_02_2013,Jharkhand_RAMGARH_2013,0.0,88,0.02967848309975268,0.03297609233305853,0.020610057708161583,0.01236603462489695,0.17889530090684255,0.01731244847485573,173,0
Jharkhand,RANCHI,2013,137,75,15,70,0,68,20,55,119,703,201,105,21,126,19,354,13,23,2,47,2,245,640,2860,157,463,1098,147,124,0.05489510489510489,0.1618881118881119,0.3839160839160839,0.0244755244755244,0.0237762237762237,DATASET_02_2013,Jharkhand_RANCHI_2013,0.0,142,0.024475524475524476,0.023776223776223775,0.0479020979020979,0.019230769230769232,0.2458041958041958,0.04160839160839161,440,0
Jharkhand,SAHEBGANJ,2013,53,17,2,145,0,120,0,6,36,113,38,70,29,115,7,603,5,13,0,104,0,51,445,1938,267,356,193,144,77,0.13777089783281735,0.18369453044375644,0.09958720330237358,0.0748194014447884,0.0619195046439628,DATASET_02_2013,Jharkhand_SAHEBGANJ_2013,0.0,262,0.07481940144478844,0.06191950464396285,0.027347781217750257,0.0030959752321981426,0.058307533539731685,0.018575851393188854,343,0
Jharkhand,SARAIKELA,2013,65,30,3,33,0,33,8,19,40,183,58,23,1,71,2,87,6,24,0,28,0,113,288,1057,91,215,308,72,25,0.08609271523178808,0.20340586565752128,0.2913907284768212,0.0312204351939451,0.0312204351939451,DATASET_02_2013,Jharkhand_SARAIKELA_2013,0.0,85,0.03122043519394513,0.03122043519394513,0.06149479659413434,0.017975402081362345,0.17313150425733206,0.03784295175023652,191,0
Jharkhand,SIMDEGA,2013,73,26,2,29,0,23,6,22,13,57,12,6,10,19,5,47,0,9,0,13,0,51,100,513,51,190,110,29,11,0.09941520467836257,0.37037037037037035,0.21442495126705652,0.0565302144249512,0.0448343079922027,DATASET_02_2013,Jharkhand_SIMDEGA_2013,0.0,51,0.056530214424951264,0.04483430799220273,0.14230019493177387,0.042884990253411304,0.1111111111111111,0.025341130604288498,181,0
Karnataka,BAGALKOT,2013,52,33,1,30,0,18,9,22,147,197,113,292,4,84,7,231,3,86,2,46,0,0,1071,2340,167,251,488,88,299,0.07136752136752136,0.10726495726495726,0.20854700854700856,0.0128205128205128,0.0076923076923076,DATASET_02_2013,Karnataka_BAGALKOT_2013,0.0,164,0.01282051282051282,0.007692307692307693,0.022222222222222223,0.009401709401709401,0.0841880341880342,0.06282051282051282,165,0
Karnataka,BANGALORE COMMR.,2013,217,442,26,80,0,642,40,619,1404,10643,5356,362,133,2987,16,3132,52,378,73,482,0,160,7972,30318,1065,2444,18062,3120,378,0.03512764694241045,0.08061217758427337,0.5957516986608615,0.0026386964839369,0.0211755392835939,DATASET_02_2013,Karnataka_BANGALORE COMMR._2013,0.0,1013,0.002638696483936935,0.021175539283593905,0.007157464212678937,0.020416914044462036,0.35104558348176,0.04630912329309321,2066,0
Karnataka,BANGALORE RURAL,2013,69,76,3,57,0,93,30,129,311,596,305,246,35,281,10,562,22,130,0,112,0,24,2869,5663,321,587,1371,316,256,0.05668373653540526,0.10365530637471305,0.24209782800635704,0.0100653363941373,0.0164223909588557,DATASET_02_2013,Karnataka_BANGALORE RURAL_2013,0.0,299,0.010065336394137384,0.01642239095885573,0.012184354582376832,0.02277944552357408,0.10524457001589263,0.05491788804520572,457,0
Karnataka,BELGAUM,2013,113,103,0,61,0,40,8,67,310,472,268,473,20,296,16,775,7,246,12,200,0,36,3335,6594,526,638,1125,316,489,0.07976948741279952,0.0967546254170458,0.17060964513193813,0.0092508340915984,0.0060661207158022,DATASET_02_2013,Karnataka_BELGAUM_2013,0.0,519,0.009250834091598423,0.006066120715802244,0.01713679102214134,0.01016075219896876,0.07158022444646649,0.047012435547467396,392,0
Karnataka,BELLARY,2013,57,41,0,36,0,58,7,53,177,351,205,206,25,214,3,414,5,99,0,58,0,3,1461,3269,198,351,793,239,209,0.06056898133985929,0.10737228510247782,0.24258182930559805,0.0110125420617925,0.0177424288773325,DATASET_02_2013,Karnataka_BELLARY_2013,0.0,193,0.011012542061792597,0.017742428877332517,0.01743652493117161,0.01621290914652799,0.10737228510247782,0.05414499847048027,252,0
Karnataka,BIDAR,2013,40,47,7,18,0,34,3,30,107,171,75,207,4,53,15,941,7,82,9,112,0,13,2058,3963,228,261,386,57,222,0.05753217259651779,0.06585919757759273,0.09740095886954328,0.0045420136260408,0.0085793590714105,DATASET_02_2013,Karnataka_BIDAR_2013,0.0,221,0.004542013626040878,0.008579359071410548,0.010093363613424174,0.00757002271006813,0.04314912944738834,0.026999747665909665,179,0
Karnataka,BIJAPUR,2013,66,45,3,28,0,37,6,27,118,145,84,205,4,54,11,383,2,94,0,92,0,0,1245,2569,216,306,380,58,216,0.08407940833008953,0.1191124951342935,0.1479174776177501,0.0108991825613079,0.0144024912417282,DATASET_02_2013,Karnataka_BIJAPUR_2013,0.0,214,0.010899182561307902,0.014402491241728299,0.025690930323082912,0.010509926041261192,0.05644219540677306,0.045932269365511876,212,0
Karnataka,CBPURA,2013,43,32,12,33,0,26,1,26,76,211,92,228,23,56,0,472,17,57,0,51,0,0,1007,2372,158,230,406,79,228,0.06661045531197302,0.09696458684654301,0.1711635750421585,0.0139123102866779,0.0109612141652613,DATASET_02_2013,Karnataka_CBPURA_2013,0.0,141,0.01391231028667791,0.010961214165261383,0.01812816188870152,0.010961214165261383,0.08895446880269814,0.03204047217537943,173,0
Karnataka,CHAMARAJNAGAR,2013,27,63,4,16,0,17,5,11,54,137,58,141,3,41,3,515,4,95,0,25,0,0,705,1866,140,238,265,44,144,0.07502679528403002,0.12754555198285103,0.1420150053590568,0.0085744908896034,0.0091103965702036,DATASET_02_2013,Karnataka_CHAMARAJNAGAR_2013,0.0,136,0.00857449088960343,0.009110396570203644,0.014469453376205787,0.005894962486602358,0.07341907824222937,0.028938906752411574,143,0
Karnataka,CHICKMAGALUR,2013,38,37,6,21,1,36,7,20,106,162,75,154,13,71,0,577,7,141,0,69,0,0,1292,2758,238,306,370,84,154,0.08629441624365482,0.11094996374184192,0.13415518491660625,0.0076142131979695,0.0130529369108049,DATASET_02_2013,Karnataka_CHICKMAGALUR_2013,0.0,232,0.007614213197969543,0.01305293691080493,0.013778100072516316,0.007251631617113851,0.05873821609862219,0.03843364757070341,165,0
Karnataka,CHITRADURGA,2013,31,42,1,31,0,28,4,25,130,213,98,193,7,62,17,782,7,178,0,64,0,4,2150,3970,280,340,470,69,210,0.07052896725440806,0.08564231738035265,0.11838790931989925,0.007808564231738,0.0070528967254408,DATASET_02_2013,Karnataka_CHITRADURGA_2013,0.0,273,0.0078085642317380355,0.007052896725440806,0.0078085642317380355,0.006297229219143577,0.05365239294710328,0.0327455919395466,162,0
Karnataka,DAKSHIN KANNADA,2013,17,24,0,14,0,17,6,29,109,100,33,164,1,52,11,292,0,72,2,45,0,5,1089,2050,133,179,277,53,175,0.06487804878048781,0.0873170731707317,0.1351219512195122,0.0068292682926829,0.0082926829268292,DATASET_02_2013,Karnataka_DAKSHIN KANNADA_2013,0.0,133,0.006829268292682927,0.008292682926829269,0.008292682926829269,0.014146341463414635,0.04878048780487805,0.05317073170731707,107,0
Karnataka,DAVANAGERE,2013,33,23,2,33,0,31,7,58,180,397,199,352,30,93,3,641,14,167,5,127,0,12,1626,3843,346,354,841,123,355,0.09003382773874577,0.09211553473848556,0.21883944834764507,0.0085870413739266,0.0080666146239916,DATASET_02_2013,Karnataka_DAVANAGERE_2013,0.0,332,0.00858704137392662,0.008066614623991674,0.00858704137392662,0.015092375748113453,0.10330470986208691,0.0468384074941452,187,0
Karnataka,DHARWAD COMMR.,2013,19,50,0,16,0,99,7,65,184,393,201,157,14,180,9,221,4,37,5,85,0,9,881,2443,147,293,850,194,166,0.06017191977077364,0.11993450675399099,0.3479328694228408,0.0065493246009005,0.040523945968072,DATASET_02_2013,Karnataka_DHARWAD COMMR._2013,0.0,143,0.006549324600900532,0.040523945968072045,0.007777322963569382,0.02660663119115841,0.16086778550961933,0.07531723291035612,256,0
Karnataka,DHARWAD RURAL,2013,25,42,2,18,0,13,1,5,38,54,18,85,8,19,5,146,1,34,0,27,0,4,711,1238,80,140,116,27,90,0.06462035541195477,0.11308562197092084,0.09369951534733441,0.0145395799676898,0.0105008077544426,DATASET_02_2013,Karnataka_DHARWAD RURAL_2013,0.0,79,0.014539579967689823,0.01050080775444265,0.020193861066235864,0.004038772213247173,0.04361873990306947,0.030694668820678513,106,0
Karnataka,GADAG,2013,24,25,0,18,0,13,1,12,39,75,39,104,2,27,5,130,1,40,0,36,0,140,400,1092,95,133,166,29,109,0.08699633699633699,0.12179487179487179,0.152014652014652,0.0164835164835164,0.0119047619047619,DATASET_02_2013,Karnataka_GADAG_2013,0.0,94,0.016483516483516484,0.011904761904761904,0.02197802197802198,0.01098901098901099,0.06868131868131869,0.03571428571428571,93,0
Karnataka,GULBARGA,2013,88,118,7,54,0,60,13,62,195,274,129,470,4,79,19,781,8,125,0,122,0,18,2014,4524,309,527,673,83,489,0.06830238726790451,0.11648983200707339,0.14876215738284704,0.0119363395225464,0.013262599469496,DATASET_02_2013,Karnataka_GULBARGA_2013,0.0,301,0.011936339522546418,0.013262599469496022,0.019451812555260833,0.013704686118479222,0.0605658709106985,0.04310344827586207,402,0
Karnataka,HASSAN,2013,57,92,4,61,0,57,3,52,224,415,227,170,12,114,19,1275,12,182,0,157,0,0,2524,5433,412,508,921,126,189,0.07583287318240382,0.09350266887539113,0.1695196024295969,0.011227682679919,0.0104914411927112,DATASET_02_2013,Karnataka_HASSAN_2013,0.0,400,0.011227682679919013,0.010491441192711209,0.010491441192711209,0.009571139333701455,0.07638505429780969,0.041229523283637035,326,0
Karnataka,HAVERI,2013,16,31,0,18,0,14,5,20,76,145,81,254,12,49,0,251,1,80,0,55,0,239,890,2157,154,184,327,61,254,0.07139545665275845,0.08530366249420492,0.15159944367176634,0.0083449235048678,0.0064904960593416,DATASET_02_2013,Karnataka_HAVERI_2013,0.0,153,0.008344923504867872,0.006490496059341678,0.007417709782104775,0.00927213722763097,0.06722299490032453,0.03523412146499768,104,0
Karnataka,K.G.F.,2013,12,31,0,23,0,12,3,15,67,62,30,50,0,29,0,151,6,13,0,15,0,0,333,822,57,109,177,29,50,0.06934306569343066,0.13260340632603407,0.21532846715328466,0.0279805352798053,0.0145985401459854,DATASET_02_2013,Karnataka_K.G.F._2013,0.0,51,0.027980535279805353,0.014598540145985401,0.014598540145985401,0.01824817518248175,0.07542579075425791,0.08150851581508516,96,0
Karnataka,KODAGU,2013,30,33,1,26,0,23,3,17,107,128,25,48,3,54,2,462,2,40,2,41,0,3,682,1707,111,173,280,57,50,0.06502636203866433,0.10134739308728764,0.16403046280023434,0.0152314001171646,0.0134739308728763,DATASET_02_2013,Karnataka_KODAGU_2013,0.0,109,0.015231400117164616,0.013473930872876391,0.01757469244288225,0.00995899238429994,0.07498535442296426,0.0626830697129467,133,0
Karnataka,KOLAR,2013,45,43,0,20,0,10,5,50,99,187,71,251,2,75,8,327,3,25,0,25,0,14,1086,2275,73,198,412,77,259,0.03208791208791209,0.08703296703296703,0.1810989010989011,0.0087912087912087,0.0043956043956043,DATASET_02_2013,Karnataka_KOLAR_2013,0.0,70,0.008791208791208791,0.004395604395604396,0.01978021978021978,0.02197802197802198,0.08219780219780219,0.04351648351648352,173,0
Karnataka,KOPPAL,2013,22,14,0,22,0,14,3,7,49,84,53,138,3,54,0,206,0,39,0,59,0,0,1018,1732,120,121,196,57,138,0.06928406466512702,0.06986143187066975,0.11316397228637413,0.0127020785219399,0.0080831408775981,DATASET_02_2013,Karnataka_KOPPAL_2013,0.0,120,0.012702078521939953,0.008083140877598153,0.012702078521939953,0.0040415704387990765,0.04849884526558892,0.028290993071593534,82,0
Karnataka,MANDYA,2013,50,76,3,31,0,74,9,67,221,559,213,305,12,120,25,1175,19,221,4,160,0,0,2409,5544,435,531,1069,132,330,0.07846320346320346,0.09577922077922078,0.1928210678210678,0.0055916305916305,0.0133477633477633,DATASET_02_2013,Karnataka_MANDYA_2013,0.0,416,0.005591630591630592,0.013347763347763348,0.009018759018759018,0.012085137085137086,0.10082972582972582,0.039862914862914864,310,0
Karnataka,MANGALORE CITY,2013,25,32,0,20,0,12,9,67,164,241,130,118,8,248,2,311,1,54,5,65,0,22,1467,2872,145,219,611,256,120,0.0504874651810585,0.07625348189415042,0.21274373259052926,0.0069637883008356,0.0041782729805013,DATASET_02_2013,Karnataka_MANGALORE CITY_2013,0.0,144,0.006963788300835654,0.004178272980501393,0.008704735376044569,0.023328690807799445,0.08391364902506963,0.057103064066852366,165,0
Karnataka,MYSORE COMMR.,2013,30,28,2,19,0,22,11,151,125,580,424,71,17,236,0,341,12,11,1,43,0,0,1206,2916,86,274,1291,253,71,0.029492455418381344,0.09396433470507544,0.44272976680384085,0.0065157750342935,0.0075445816186556,DATASET_02_2013,Karnataka_MYSORE COMMR._2013,0.0,74,0.006515775034293553,0.0075445816186556925,0.0102880658436214,0.05178326474622771,0.19890260631001372,0.042866941015089165,263,0
Karnataka,MYSORE RURAL,2013,66,45,2,26,0,55,8,34,220,341,143,258,6,98,16,869,14,69,0,64,0,0,1921,4116,173,305,746,104,274,0.042031098153547136,0.07410106899902819,0.18124392614188534,0.0063168124392614,0.0133624878522837,DATASET_02_2013,Karnataka_MYSORE RURAL_2013,0.0,159,0.006316812439261419,0.01336248785228377,0.016034985422740525,0.00826044703595724,0.08284742468415938,0.05344995140913508,236,0
Karnataka,RAICHUR,2013,47,46,0,43,0,24,8,13,67,156,78,294,8,108,4,639,3,156,0,162,0,8,1274,3062,364,337,322,116,298,0.11887655127367734,0.1100587851077727,0.10516002612671456,0.0140431090790333,0.007838014369693,DATASET_02_2013,Karnataka_RAICHUR_2013,0.0,361,0.014043109079033311,0.007838014369693011,0.01534944480731548,0.004245591116917048,0.05094709340300457,0.021881123448726322,181,0
Karnataka,RAILWAYS,2013,18,4,0,1,0,3,7,65,2,726,8,0,1,8,0,16,2,3,0,0,0,7,46,913,6,101,808,9,0,0.0065717415115005475,0.11062431544359255,0.8849945235487404,0.0010952902519167,0.0032858707557502,DATASET_02_2013,Karnataka_RAILWAYS_2013,0.0,4,0.001095290251916758,0.0032858707557502738,0.019715224534501644,0.07119386637458927,0.7951807228915663,0.002190580503833516,98,1
Karnataka,RAMANAGAR,2013,51,71,1,21,0,43,19,92,273,507,271,250,10,68,53,620,11,141,0,57,0,0,2064,4363,230,439,1162,78,303,0.05271602108640844,0.1006188402475361,0.26633050653220264,0.0048132019252807,0.0098556039422415,DATASET_02_2013,Karnataka_RAMANAGAR_2013,0.0,219,0.00481320192528077,0.009855603942241577,0.01168920467568187,0.021086408434563372,0.11620444648177859,0.06257162502865,298,0
Karnataka,SHIMOGA,2013,44,65,2,43,0,67,10,66,191,340,147,330,14,217,15,1367,5,267,4,300,0,8,2580,5943,619,564,754,231,345,0.10415615009254585,0.09490156486622918,0.12687195019350497,0.0072354029951203,0.011273767457513,DATASET_02_2013,Karnataka_SHIMOGA_2013,0.0,614,0.007235402995120309,0.01127376745751304,0.00740366818105334,0.01110550227158001,0.05721016321723035,0.03213865051320882,297,0
Karnataka,TUMKUR,2013,58,49,2,37,0,41,10,90,210,421,198,201,26,157,18,741,14,206,0,87,0,32,2422,4829,344,493,929,183,219,0.07123628080347898,0.102091530337544,0.19237937461172086,0.0076620418306067,0.0084903706771588,DATASET_02_2013,Karnataka_TUMKUR_2013,0.0,330,0.0076620418306067506,0.008490370677158831,0.012010768275005176,0.018637399047421826,0.08718161109960654,0.043487264443984264,287,0
Karnataka,UDUPI,2013,20,26,0,22,0,23,7,41,110,120,45,128,6,146,7,332,2,67,0,78,0,5,1524,2667,169,206,323,152,135,0.06336707911511061,0.0772403449568804,0.12110986126734158,0.0082489688788901,0.0086239220097487,DATASET_02_2013,Karnataka_UDUPI_2013,0.0,167,0.008248968878890138,0.00862392200974878,0.0074990626171728535,0.01537307836520435,0.04499437570303712,0.0412448443944507,139,0
Karnataka,UTTAR KANNADA,2013,18,24,0,17,0,51,4,35,67,99,38,128,7,138,11,482,6,155,13,94,0,0,1627,2977,285,304,243,145,139,0.09573396036278133,0.10211622438696674,0.08162579778300302,0.0057104467584816,0.017131340275445,DATASET_02_2013,Karnataka_UTTAR KANNADA_2013,0.0,279,0.005710446758481693,0.01713134027544508,0.006046355391333557,0.01175680214981525,0.033254954652334565,0.022505878401074906,149,0
Karnataka,YADGIRI,2013,33,31,1,16,0,29,1,8,46,54,29,204,0,30,2,558,3,123,0,61,0,131,158,1489,203,242,138,30,206,0.13633310946944258,0.16252518468770988,0.09267965077233042,0.0107454667562122,0.0194761584956346,DATASET_02_2013,Karnataka_YADGIRI_2013,0.0,200,0.010745466756212223,0.019476158495634655,0.02216252518468771,0.005372733378106112,0.03626595030221625,0.03089321692411014,119,0
Kerala,ALAPUZHA,2013,19,34,3,45,0,14,3,39,162,197,68,483,19,274,25,1417,1,293,26,327,0,5,6812,10198,692,450,469,293,508,0.06785644243969406,0.04412629927436752,0.04598940968817415,0.0044126299274367,0.0013728181996469,DATASET_02_2013,Kerala_ALAPUZHA_2013,0.0,691,0.004412629927436752,0.0013728181996469895,0.0018631104138066288,0.003824279270445185,0.019317513237889782,0.015885467738772308,157,0
Kerala,ERNAKULAM COMMR.,2013,7,22,2,40,0,10,5,39,88,307,103,333,35,524,5,463,0,169,23,130,0,2,11274,13499,362,294,542,559,338,0.026816801244536632,0.021779391066004888,0.04015112230535595,0.0029631824579598,0.0007407956144899,DATASET_02_2013,Kerala_ERNAKULAM COMMR._2013,0.0,362,0.002963182457959849,0.0007407956144899622,0.0005185569301429736,0.0028891028965108527,0.02274242536484184,0.006519001407511668,125,0
Kerala,ERNAKULAM RURAL,2013,23,38,9,67,0,14,7,65,188,279,90,543,20,283,7,1178,2,238,41,177,0,4,11275,14462,525,461,629,303,550,0.03630203291384317,0.03187664223482229,0.04349329276725211,0.0046328308670999,0.0009680542110358,DATASET_02_2013,Kerala_ERNAKULAM RURAL_2013,0.0,523,0.0046328308670999865,0.000968054211035818,0.0015903747752731296,0.0044945374083805835,0.01929193749135666,0.012999585119623841,223,0
Kerala,IDUKKI,2013,21,39,2,67,0,4,5,17,155,152,21,286,21,173,6,1292,0,218,12,146,0,0,2483,5101,443,373,350,194,292,0.08684571652617133,0.07312291707508331,0.06861399725544011,0.0131346794746128,0.0007841599686336,DATASET_02_2013,Kerala_IDUKKI_2013,0.0,443,0.013134679474612821,0.0007841599686336013,0.004116839835326407,0.0033326798666928055,0.029798078808076847,0.030386198784552048,155,0
Kerala,KANNUR,2013,19,34,4,60,0,22,5,62,205,149,47,763,16,211,101,1266,0,191,11,341,0,2,3420,6899,603,397,468,227,864,0.08740397159008552,0.057544571677054644,0.0678359182490216,0.0086969125960284,0.003188867951877,DATASET_02_2013,Kerala_KANNUR_2013,0.0,603,0.00869691259602841,0.003188867951877084,0.002754022322075663,0.00898680968256269,0.021597332946803886,0.029714451369763733,206,0
Kerala,KASARGOD,2013,18,17,3,81,0,21,3,30,135,170,116,513,11,127,40,859,2,163,8,232,0,1,2963,5401,486,336,454,138,553,0.08998333641918163,0.06221070172190335,0.08405850768376226,0.0149972227365302,0.0038881688576189,DATASET_02_2013,Kerala_KASARGOD_2013,0.0,484,0.014997222736530272,0.0038881688576189594,0.0033327161636733937,0.005554526939455656,0.03147565265691538,0.024995371227550453,173,0
Kerala,KOLLAM COMMR.,2013,16,36,8,64,0,18,3,66,117,150,55,311,12,158,18,962,1,198,17,304,0,204,5071,7790,584,409,391,170,329,0.07496790757381258,0.05250320924261874,0.05019255455712452,0.0082156611039794,0.0023106546854942,DATASET_02_2013,Kerala_KOLLAM COMMR._2013,0.0,583,0.008215661103979461,0.0023106546854942235,0.0020539152759948653,0.008472400513478818,0.019255455712451863,0.015019255455712453,211,0
Kerala,KOLLAM RURAL,2013,19,46,8,92,0,12,2,14,176,186,40,515,7,188,13,1248,2,273,14,254,0,3,4171,7257,635,466,418,195,528,0.08750172247485187,0.06421386247760782,0.057599559046437925,0.0126774149097423,0.0016535758577924,DATASET_02_2013,Kerala_KOLLAM RURAL_2013,0.0,633,0.012677414909742318,0.0016535758577924762,0.0026181617748380873,0.0019291718340912222,0.025630425795783382,0.024252445914289652,193,0
Kerala,KOTTAYAM,2013,25,33,6,47,0,12,0,35,172,249,67,486,34,237,9,1900,0,251,30,216,0,4,8556,12314,544,409,523,271,495,0.044177359103459476,0.033214227708299494,0.04247198310865681,0.0038167938931297,0.0009745005684586,DATASET_02_2013,Kerala_KOTTAYAM_2013,0.0,544,0.003816793893129771,0.0009745005684586649,0.002030209517622219,0.002842293324671106,0.0202208867955173,0.013967841481240865,158,0
Kerala,KOZHIKODE COMMR.,2013,13,14,1,30,0,11,4,43,108,194,107,336,17,150,14,593,0,110,44,136,0,1,2136,3966,320,226,456,167,350,0.08068582955118507,0.05698436712052446,0.11497730711043873,0.0075642965204236,0.0027735753908219,DATASET_02_2013,Kerala_KOZHIKODE COMMR._2013,0.0,320,0.007564296520423601,0.002773575390821987,0.0032778618255168935,0.010842158345940494,0.04891578416540595,0.02723146747352496,116,0
Kerala,KOZHIKODE RURAL,2013,8,27,2,64,0,19,0,22,137,165,84,896,8,169,62,950,0,208,15,292,0,2,3086,6132,579,350,408,177,958,0.09442270058708414,0.05707762557077625,0.06653620352250489,0.0104370515329419,0.0030984996738421,DATASET_02_2013,Kerala_KOZHIKODE RURAL_2013,0.0,579,0.010437051532941943,0.0030984996738421394,0.001304631441617743,0.003587736464448793,0.026908023483365948,0.022341813437703847,142,0
Kerala,MALAPPURAM,2013,25,36,6,99,0,11,3,33,286,267,101,947,16,478,28,1000,0,272,20,651,0,5,13651,17840,1042,485,690,494,975,0.05840807174887892,0.02718609865470852,0.03867713004484305,0.00554932735426,0.0006165919282511,DATASET_02_2013,Kerala_MALAPPURAM_2013,0.0,1042,0.00554932735426009,0.000616591928251121,0.0014013452914798206,0.0018497757847533633,0.014966367713004485,0.016031390134529148,213,0
Kerala,PALAKKAD,2013,25,33,13,93,0,18,2,43,159,203,57,756,50,281,27,1296,0,161,19,402,0,2,8246,11848,675,388,464,331,783,0.056971640783254555,0.03274814314652262,0.03916272788656313,0.0078494260634706,0.0015192437542201,DATASET_02_2013,Kerala_PALAKKAD_2013,0.0,675,0.007849426063470628,0.0015192437542201215,0.002110060769750169,0.00362930452397029,0.01713369345037137,0.013419986495611073,227,0
Kerala,PATHANAMTHITTA,2013,25,32,2,45,0,4,0,37,162,161,22,423,8,230,20,1240,1,187,1,113,0,0,3300,6002,347,332,382,238,443,0.05781406197934022,0.055314895034988334,0.06364545151616129,0.0074975008330556,0.0006664445184938,DATASET_02_2013,Kerala_PATHANAMTHITTA_2013,0.0,346,0.007497500833055648,0.0006664445184938354,0.0041652782405864714,0.0061646117960679776,0.026824391869376876,0.026991002999000334,145,0
Kerala,RAILWAYS,2013,2,2,0,0,0,1,0,3,2,229,0,4,0,3,0,28,0,33,12,0,0,0,38,368,45,41,234,3,4,0.12228260869565218,0.11141304347826086,0.6358695652173914,0.0,0.0027173913043478,DATASET_02_2013,Kerala_RAILWAYS_2013,0.0,45,0.0,0.002717391304347826,0.005434782608695652,0.008152173913043478,0.6222826086956522,0.005434782608695652,8,1
Kerala,THRISSUR COMMR.,2013,19,8,6,29,0,2,2,21,75,157,27,384,14,353,8,311,1,85,17,125,0,4,4862,6485,257,172,282,367,392,0.039629915188897455,0.026522744795682344,0.043484965304548956,0.0044718581341557,0.0003084040092521,DATASET_02_2013,Kerala_THRISSUR COMMR._2013,0.0,256,0.004471858134155744,0.00030840400925212025,0.0029298380878951427,0.003238242097147263,0.02420971472629144,0.01156515034695451,87,0
Kerala,THRISSUR RURAL,2013,13,29,9,64,0,13,5,39,121,179,36,512,8,349,36,747,3,258,27,387,0,1,14390,17207,739,430,380,357,548,0.04294763758935317,0.0249898297204626,0.02208403556692044,0.0037194165165339,0.0007555064799209,DATASET_02_2013,Kerala_THRISSUR RURAL_2013,0.0,736,0.003719416516533969,0.0007555064799209624,0.0007555064799209624,0.0022665194397628874,0.010402743069680944,0.0070320218515720345,172,0
Kerala,TRIVANDRUM COMMR.,2013,12,19,7,54,0,7,3,73,106,274,83,565,27,246,6,990,1,299,33,154,0,3,7204,10171,541,474,539,273,571,0.05319044341755973,0.04660308720873071,0.05299380591878871,0.0053092124668174,0.0006882312456985,DATASET_02_2013,Kerala_TRIVANDRUM COMMR._2013,0.0,540,0.005309212466817422,0.0006882312456985547,0.0011798249926260938,0.00717726870514207,0.02693933733162914,0.010421787434863829,175,0
Kerala,TRIVANDRUM RURAL,2013,44,90,8,130,0,32,14,87,282,346,105,748,11,293,37,1870,6,641,27,349,0,3,5267,10326,1153,1046,834,304,785,0.1116598876622119,0.10129769513848538,0.08076699593259733,0.0125895797017238,0.0030989734650397,DATASET_02_2013,Kerala_TRIVANDRUM RURAL_2013,0.0,1147,0.012589579701723804,0.0030989734650397056,0.004261088514429595,0.0084253341080767,0.033507650590741817,0.027309703660662404,405,0
Kerala,WAYANADU,2013,19,14,5,50,0,7,1,16,93,65,21,238,5,114,17,789,1,114,7,84,0,3,1423,3068,256,226,196,119,255,0.08344198174706649,0.07366362451108213,0.06388526727509779,0.0162972620599739,0.0022816166883963,DATASET_02_2013,Kerala_WAYANADU_2013,0.0,255,0.016297262059973925,0.0022816166883963492,0.006192959582790091,0.005215123859191656,0.0211864406779661,0.0303129074315515,112,0
Madhya Pradesh,AGAR,2013,19,17,0,24,0,18,1,7,33,76,46,17,2,14,12,281,1,41,1,30,0,63,552,1209,97,127,163,16,29,0.08023159636062861,0.10504549214226634,0.1348221670802316,0.0198511166253101,0.0148883374689826,DATASET_02_2013,Madhya Pradesh_AGAR_2013,0.0,96,0.019851116625310174,0.01488833746898263,0.015715467328370553,0.005789909015715467,0.06286186931348221,0.02729528535980149,86,0
Madhya Pradesh,ALIRAJPUR,2013,48,31,1,29,0,18,3,8,31,67,41,16,1,4,8,232,0,14,0,19,0,70,575,1175,62,152,150,5,24,0.05276595744680851,0.12936170212765957,0.1276595744680851,0.0246808510638297,0.0153191489361702,DATASET_02_2013,Madhya Pradesh_ALIRAJPUR_2013,0.0,62,0.02468085106382979,0.015319148936170212,0.04085106382978723,0.006808510638297872,0.05702127659574468,0.026382978723404255,138,0
Madhya Pradesh,ANUPPUR,2013,27,22,2,84,0,34,4,21,158,129,56,10,11,13,7,125,9,115,13,85,0,68,920,1860,306,309,368,24,17,0.16451612903225807,0.16612903225806452,0.1978494623655914,0.0451612903225806,0.0182795698924731,DATASET_02_2013,Madhya Pradesh_ANUPPUR_2013,0.0,297,0.04516129032258064,0.01827956989247312,0.014516129032258065,0.01129032258064516,0.06935483870967742,0.08494623655913978,194,0
Madhya Pradesh,ASHOK NAGAR,2013,26,26,0,64,0,28,2,22,75,91,40,17,4,4,6,844,8,141,6,40,0,73,1053,2534,259,309,230,8,23,0.10220994475138122,0.12194159431728492,0.09076558800315707,0.0252565114443567,0.011049723756906,DATASET_02_2013,Madhya Pradesh_ASHOK NAGAR_2013,0.0,251,0.025256511444356748,0.011049723756906077,0.010260457774269928,0.008681925808997633,0.03591160220994475,0.029597474348855565,168,0
Madhya Pradesh,BALAGHAT,2013,50,12,7,99,0,5,2,10,94,100,38,51,15,33,7,239,6,140,10,92,0,123,1775,2871,347,325,244,48,58,0.12086381051898293,0.11320097526994079,0.08498780912574017,0.0344827586206896,0.0017415534656913,DATASET_02_2013,Madhya Pradesh_BALAGHAT_2013,0.0,341,0.034482758620689655,0.0017415534656913968,0.017415534656913968,0.0034831069313827935,0.034831069313827935,0.03274120515499826,185,0
Madhya Pradesh,BARWANI,2013,32,21,1,51,0,43,1,13,86,170,87,20,0,9,3,65,7,76,9,17,0,153,1483,2260,160,238,357,9,23,0.07079646017699115,0.10530973451327434,0.1579646017699115,0.0225663716814159,0.0190265486725663,DATASET_02_2013,Madhya Pradesh_BARWANI_2013,0.0,153,0.02256637168141593,0.01902654867256637,0.01415929203539823,0.005752212389380531,0.0752212389380531,0.03805309734513274,162,0
Madhya Pradesh,BETUL,2013,62,34,3,119,0,83,0,20,129,198,63,9,0,19,3,231,7,222,18,92,0,160,1954,3363,458,543,410,19,12,0.13618792744573296,0.16146297948260482,0.12191495688373476,0.0353850728516205,0.0246803449301219,DATASET_02_2013,Madhya Pradesh_BETUL_2013,0.0,451,0.035385072851620576,0.024680344930121913,0.018435920309247695,0.005947071067499257,0.058876003568242644,0.0383586083853702,321,0
Madhya Pradesh,BHIND,2013,61,100,3,57,0,55,6,73,156,337,210,64,11,44,9,1455,28,117,0,53,0,204,1491,4333,255,472,782,55,73,0.058850680821601664,0.1089314562658666,0.1804754211862451,0.013154858066005,0.0126932840987768,DATASET_02_2013,Madhya Pradesh_BHIND_2013,0.0,227,0.013154858066005077,0.01269328409877683,0.014078006000461574,0.016847449803831065,0.07777521347795985,0.036002769443803366,355,0
Madhya Pradesh,BHOPAL,2013,55,115,0,173,0,107,0,209,908,2452,1586,78,22,172,18,38,18,357,52,344,0,285,8514,13927,944,1016,5155,194,96,0.06778200617505564,0.0729518202053565,0.37014432397501257,0.0124219142672506,0.0076829180728082,DATASET_02_2013,Madhya Pradesh_BHOPAL_2013,0.0,926,0.012421914267250663,0.007682918072808214,0.003949163495368708,0.015006821282401092,0.17606088892080132,0.06519709915990522,659,0
Madhya Pradesh,BHOPAL RLY.,2013,3,5,2,5,0,5,0,31,6,1638,14,4,2,5,0,2,0,15,4,2,0,0,224,1953,26,66,1689,7,4,0.013312852022529442,0.03379416282642089,0.8648233486943164,0.0025601638504864,0.0025601638504864,DATASET_02_2013,Madhya Pradesh_BHOPAL RLY._2013,0.0,26,0.002560163850486431,0.002560163850486431,0.0015360983102918587,0.015873015873015872,0.8387096774193549,0.0030721966205837174,51,1
Madhya Pradesh,BURHANPUR,2013,15,7,0,34,0,22,1,7,47,106,42,10,3,8,1,473,5,92,9,42,0,57,697,1636,182,178,203,11,11,0.11124694376528117,0.10880195599022005,0.12408312958435208,0.0207823960880195,0.0134474327628361,DATASET_02_2013,Madhya Pradesh_BURHANPUR_2013,0.0,177,0.02078239608801956,0.013447432762836185,0.009168704156479218,0.004278728606356968,0.0647921760391198,0.028728606356968216,86,0
Madhya Pradesh,CHHATARPUR,2013,46,52,4,77,0,38,2,37,268,224,200,31,5,28,11,305,24,220,0,81,0,176,2898,4527,402,476,731,33,42,0.08880053015241882,0.10514689639938149,0.16147559089905014,0.0170090567704881,0.0083940799646565,DATASET_02_2013,Madhya Pradesh_CHHATARPUR_2013,0.0,378,0.017009056770488182,0.008394079964656506,0.010161254694057875,0.008173183123481335,0.049480892423238346,0.05920035343494588,256,0
Madhya Pradesh,CHHINDWARA,2013,78,34,3,151,0,192,1,17,187,211,100,44,9,26,32,2203,9,194,39,145,0,229,1337,5142,538,670,516,35,76,0.10462854920264489,0.13029949436017113,0.10035005834305717,0.029366005445352,0.0373395565927654,DATASET_02_2013,Madhya Pradesh_CHHINDWARA_2013,0.0,529,0.029366005445352002,0.03733955659276546,0.015169194865810968,0.0033061065733177753,0.04103461688059121,0.03636717230649553,476,0
Madhya Pradesh,DAMOH,2013,39,33,0,50,0,21,0,15,97,104,46,10,0,11,5,1016,25,147,0,59,0,109,889,2630,281,305,262,11,15,0.10684410646387833,0.11596958174904944,0.09961977186311786,0.0190114068441064,0.0079847908745247,DATASET_02_2013,Madhya Pradesh_DAMOH_2013,0.0,256,0.019011406844106463,0.007984790874524715,0.014828897338403042,0.005703422053231939,0.03954372623574144,0.03688212927756654,158,0
Madhya Pradesh,DATIYA,2013,39,52,0,27,0,24,1,30,60,123,43,13,5,12,12,254,16,64,0,40,0,91,1401,2267,147,237,257,17,25,0.06484340538156154,0.10454344949272165,0.1133656815174239,0.011910013233348,0.0105866784296427,DATASET_02_2013,Madhya Pradesh_DATIYA_2013,0.0,131,0.011910013233348038,0.0105866784296427,0.017203352448169385,0.013233348037053375,0.054256726951918834,0.02646669607410675,173,0
Madhya Pradesh,DEWAS,2013,38,54,1,81,0,19,1,14,148,437,160,32,20,22,16,372,8,124,14,101,0,236,3239,4980,328,332,760,42,48,0.06586345381526104,0.06666666666666667,0.15261044176706828,0.0162650602409638,0.0038152610441767,DATASET_02_2013,Madhya Pradesh_DEWAS_2013,0.0,320,0.016265060240963854,0.003815261044176707,0.007630522088353414,0.002811244979919679,0.08775100401606425,0.02971887550200803,208,0
Madhya Pradesh,DHAR,2013,56,40,0,108,0,175,7,33,200,602,332,61,20,37,16,400,48,211,18,115,0,334,3680,6164,500,630,1174,57,77,0.08111615833874107,0.10220635950681375,0.19046073977936404,0.017521090201168,0.0283906554185593,DATASET_02_2013,Madhya Pradesh_DHAR_2013,0.0,452,0.01752109020116807,0.028390655418559375,0.009085009733939001,0.0053536664503569115,0.09766385463984426,0.03244646333549643,419,0
Madhya Pradesh,DINDORI,2013,22,6,16,76,0,20,0,1,50,63,15,9,2,14,4,83,6,120,8,47,0,57,1386,1990,257,261,129,16,13,0.12914572864321608,0.13115577889447236,0.06482412060301508,0.0381909547738693,0.0100502512562814,DATASET_02_2013,Madhya Pradesh_DINDORI_2013,0.0,251,0.03819095477386935,0.010050251256281407,0.011055276381909548,0.0005025125628140704,0.03165829145728643,0.02512562814070352,141,0
Madhya Pradesh,GUNA,2013,39,38,1,105,0,26,5,35,156,323,170,34,5,19,10,610,5,157,18,36,0,162,1992,3788,321,406,689,24,44,0.08474128827877508,0.10718057022175291,0.18189017951425554,0.0277191129883843,0.0068637803590285,DATASET_02_2013,Madhya Pradesh_GUNA_2013,0.0,316,0.02771911298838437,0.006863780359028511,0.010295670538542767,0.009239704329461458,0.08526927138331573,0.04118268215417107,249,0
Madhya Pradesh,GWALIOR,2013,93,151,17,158,0,67,8,145,852,1641,1231,102,39,122,25,678,43,369,47,446,0,256,5356,10693,1063,1008,3877,161,127,0.09941082951463574,0.09426727765828112,0.3625736463106705,0.0147760216964369,0.0062657813522865,DATASET_02_2013,Madhya Pradesh_GWALIOR_2013,0.0,1020,0.01477602169643692,0.006265781352286543,0.008697278593472364,0.01356027307584401,0.15346488356868979,0.07967829421116618,639,0
Madhya Pradesh,HARDA,2013,14,9,2,33,0,9,0,9,35,77,47,13,1,3,5,90,3,48,3,16,0,41,689,1100,103,124,168,4,18,0.09363636363636364,0.11272727272727273,0.15272727272727274,0.03,0.0081818181818181,DATASET_02_2013,Madhya Pradesh_HARDA_2013,0.0,100,0.03,0.008181818181818182,0.012727272727272728,0.008181818181818182,0.07,0.031818181818181815,76,0
Madhya Pradesh,HOSHANGABAD,2013,40,45,0,79,0,106,2,24,178,268,142,18,8,17,15,327,10,152,17,84,0,169,2071,3630,342,448,614,25,33,0.09421487603305785,0.12341597796143251,0.16914600550964187,0.021763085399449,0.0292011019283746,DATASET_02_2013,Madhya Pradesh_HOSHANGABAD_2013,0.0,332,0.021763085399449034,0.029201101928374655,0.011019283746556474,0.006611570247933884,0.07382920110192838,0.049035812672176306,296,0
Madhya Pradesh,INDORE,2013,106,215,10,190,0,398,4,224,1455,5906,4315,84,25,143,53,1393,31,369,69,350,0,544,10669,22249,1009,1516,11904,168,137,0.04535035282484606,0.0681378938379253,0.5350352824846061,0.0085397096498719,0.0178884444244685,DATASET_02_2013,Madhya Pradesh_INDORE_2013,0.0,978,0.008539709649871904,0.017888444424468516,0.004764259067823273,0.01006786821879635,0.26545013259022876,0.0653961975819138,1147,0
Madhya Pradesh,INDORE RLY.,2013,2,1,0,3,0,6,0,6,2,367,13,2,0,0,0,0,1,9,0,0,0,0,72,471,13,27,388,0,2,0.027600849256900213,0.05732484076433121,0.8237791932059448,0.0063694267515923,0.0127388535031847,DATASET_02_2013,Madhya Pradesh_INDORE RLY._2013,0.0,12,0.006369426751592357,0.012738853503184714,0.004246284501061571,0.012738853503184714,0.7791932059447984,0.004246284501061571,18,1
Madhya Pradesh,JABALPUR,2013,76,125,5,145,0,174,3,117,509,927,551,57,21,163,27,3471,37,303,67,218,0,301,4034,10790,770,948,2107,184,84,0.07136237256719184,0.08785912882298424,0.19527340129749768,0.0134383688600556,0.0161260426320667,DATASET_02_2013,Madhya Pradesh_JABALPUR_2013,0.0,733,0.013438368860055607,0.01612604263206673,0.007043558850787767,0.010843373493975903,0.08591288229842446,0.047173308619091754,645,0
Madhya Pradesh,JABALPUR RLY.,2013,3,3,0,1,0,2,0,18,10,756,13,2,0,4,0,5,1,13,1,1,0,1,182,1005,17,40,797,4,2,0.01691542288557214,0.03980099502487562,0.7930348258706468,0.0009950248756218,0.0019900497512437,DATASET_02_2013,Madhya Pradesh_JABALPUR RLY._2013,0.0,16,0.0009950248756218905,0.001990049751243781,0.0029850746268656717,0.01791044776119403,0.7522388059701492,0.009950248756218905,27,1
Madhya Pradesh,JHABUA,2013,20,7,1,49,0,96,3,23,76,158,85,29,3,8,12,66,0,60,0,10,0,90,1786,2498,119,259,345,11,41,0.047638110488390714,0.10368294635708566,0.13811048839071258,0.0196156925540432,0.0384307445956765,DATASET_02_2013,Madhya Pradesh_JHABUA_2013,0.0,119,0.019615692554043235,0.03843074459567654,0.008006405124099279,0.009207365892714172,0.0632506004803843,0.03042433947157726,199,0
Madhya Pradesh,KATNI,2013,46,26,7,65,0,72,1,12,155,171,98,19,2,25,5,1169,13,206,8,60,0,145,1589,3803,352,435,437,27,24,0.0925585064422824,0.11438338154088877,0.11490928214567447,0.0170917696555351,0.018932421772285,DATASET_02_2013,Madhya Pradesh_KATNI_2013,0.0,339,0.017091769655535105,0.01893242177228504,0.012095713910070997,0.003155403628714173,0.044964501709176964,0.0407572968708914,229,0
Madhya Pradesh,KHANDWA,2013,34,40,0,97,0,105,1,15,214,258,87,38,8,26,5,73,6,179,13,46,1,129,2047,3336,342,471,575,34,43,0.10251798561151079,0.14118705035971224,0.1723621103117506,0.0290767386091127,0.0314748201438848,DATASET_02_2013,Madhya Pradesh_KHANDWA_2013,0.0,335,0.02907673860911271,0.03147482014388489,0.010191846522781775,0.0044964028776978415,0.07733812949640288,0.06414868105515588,292,0
Madhya Pradesh,KHARGON,2013,43,35,2,95,0,177,2,28,193,440,186,34,4,9,8,101,34,213,16,111,0,306,2946,4800,469,595,849,13,42,0.09770833333333333,0.12395833333333334,0.176875,0.0197916666666666,0.036875,DATASET_02_2013,Madhya Pradesh_KHARGON_2013,0.0,435,0.019791666666666666,0.036875,0.008958333333333334,0.005833333333333334,0.09166666666666666,0.04020833333333333,382,0
Madhya Pradesh,MANDLA,2013,28,16,2,88,0,14,0,2,63,53,28,4,1,13,2,249,2,104,11,46,0,91,1116,1906,251,254,146,14,6,0.1316894018887723,0.13326337880377753,0.07660020986358866,0.0461699895068205,0.0073452256033578,DATASET_02_2013,Madhya Pradesh_MANDLA_2013,0.0,249,0.046169989506820566,0.007345225603357817,0.014690451206715634,0.001049317943336831,0.027806925498426022,0.03305351521511018,150,0
Madhya Pradesh,MANDSAUR,2013,27,52,0,74,0,31,2,7,116,319,144,13,18,46,16,183,4,143,17,145,1,122,2434,3772,384,336,588,64,29,0.10180275715800637,0.08907741251325557,0.15588547189819724,0.0196182396606574,0.0082184517497348,DATASET_02_2013,Madhya Pradesh_MANDSAUR_2013,0.0,379,0.019618239660657476,0.008218451749734889,0.0071580063626723225,0.001855779427359491,0.08457051961823966,0.030752916224814422,193,0
Madhya Pradesh,MORENA,2013,55,128,5,60,0,48,7,52,169,519,290,99,2,44,6,1905,40,116,5,151,0,181,1979,5588,372,471,1037,46,105,0.06657122405153901,0.08428775948460988,0.18557623478883323,0.0107372942018611,0.0085898353614889,DATASET_02_2013,Madhya Pradesh_MORENA_2013,0.0,332,0.010737294201861132,0.008589835361488905,0.00984251968503937,0.009305654974946313,0.09287759484609878,0.03024337866857552,355,0
Madhya Pradesh,NARSINGHPUR,2013,30,40,1,101,0,69,1,11,184,191,83,18,6,23,13,1500,16,189,12,115,0,148,981,3649,433,442,470,29,31,0.11866264730063031,0.12112907645930392,0.1288024116196218,0.0276788161140038,0.0189092902164976,DATASET_02_2013,Madhya Pradesh_NARSINGHPUR_2013,0.0,417,0.027678816114003836,0.01890929021649767,0.00822143052891203,0.0030145245272677444,0.05234310770073993,0.050424773910660456,253,0
Madhya Pradesh,NEEMUCH,2013,8,11,0,49,0,48,0,27,107,213,104,35,37,22,1,423,0,84,10,62,3,97,1287,2525,208,227,451,59,36,0.08237623762376238,0.0899009900990099,0.1786138613861386,0.0194059405940594,0.019009900990099,DATASET_02_2013,Madhya Pradesh_NEEMUCH_2013,0.0,205,0.019405940594059406,0.01900990099009901,0.0031683168316831685,0.010693069306930694,0.08435643564356436,0.04237623762376238,143,0
Madhya Pradesh,PANNA,2013,20,23,3,45,0,14,0,5,71,48,21,0,0,8,7,197,14,85,2,29,0,84,1172,1828,175,195,145,8,7,0.09573304157549234,0.10667396061269147,0.07932166301969365,0.024617067833698,0.0076586433260393,DATASET_02_2013,Madhya Pradesh_PANNA_2013,0.0,161,0.02461706783369803,0.007658643326039387,0.010940919037199124,0.002735229759299781,0.0262582056892779,0.038840262582056896,110,0
Madhya Pradesh,RAISEN,2013,50,57,0,115,0,36,1,7,104,230,111,26,5,13,6,1852,9,204,33,94,0,219,1595,4656,455,470,453,18,32,0.0977233676975945,0.10094501718213059,0.09729381443298969,0.0246993127147766,0.0077319587628865,DATASET_02_2013,Madhya Pradesh_RAISEN_2013,0.0,446,0.02469931271477663,0.007731958762886598,0.010738831615120275,0.0015034364261168386,0.04939862542955326,0.022336769759450172,266,0
Madhya Pradesh,RAJGARH,2013,32,29,0,120,0,82,3,21,167,305,168,47,12,13,48,245,8,203,10,83,0,131,2873,4433,424,490,664,25,95,0.0956462891946763,0.11053462666365892,0.14978569817279494,0.0270697044890593,0.0184976314008572,DATASET_02_2013,Madhya Pradesh_RAJGARH_2013,0.0,416,0.027069704489059328,0.01849763140085721,0.007218587863749154,0.004737198285585382,0.06880216557635913,0.0376720054139409,287,0
Madhya Pradesh,RATLAM,2013,39,51,1,88,0,61,0,41,136,288,119,20,12,38,14,1034,10,89,5,77,2,168,1317,3497,271,370,584,50,34,0.0774949957106091,0.10580497569345153,0.16700028595939376,0.0251644266514154,0.0174435230197312,DATASET_02_2013,Madhya Pradesh_RATLAM_2013,0.0,259,0.025164426651415498,0.0174435230197312,0.011152416356877323,0.011724335144409494,0.08235630540463254,0.03889047755218759,281,0
Madhya Pradesh,REWA,2013,49,52,0,113,0,32,4,64,616,483,280,42,12,44,28,636,47,178,3,127,0,258,2948,5741,468,492,1447,56,70,0.08151889914649016,0.08569935551297683,0.25204668176275913,0.0196829820588747,0.0055739418219822,DATASET_02_2013,Madhya Pradesh_REWA_2013,0.0,421,0.01968298205887476,0.005573941821982233,0.008535098414910295,0.011147883643964466,0.08413168437554433,0.10729838007315799,314,0
Madhya Pradesh,SAGAR,2013,58,68,2,135,0,55,0,47,313,434,205,119,14,48,26,2250,36,422,40,130,0,266,3547,8016,763,787,999,62,145,0.09518463073852296,0.09817864271457086,0.12462574850299402,0.0168413173652694,0.0068612774451097,DATASET_02_2013,Madhya Pradesh_SAGAR_2013,0.0,727,0.016841317365269462,0.0068612774451097805,0.007235528942115769,0.005863273453093812,0.05414171656686627,0.03904690618762475,365,0
Madhya Pradesh,SATNA,2013,69,52,2,124,0,41,4,50,393,497,293,50,19,67,19,791,35,204,11,135,0,302,3362,6232,509,546,1237,86,69,0.08167522464698332,0.08761232349165597,0.19849165596919127,0.0198973042362002,0.006578947368421,DATASET_02_2013,Madhya Pradesh_SATNA_2013,0.0,474,0.01989730423620026,0.006578947368421052,0.011071887034659821,0.008023106546854942,0.07974967907573813,0.06306161745827984,342,0
Madhya Pradesh,SEONI,2013,29,19,1,75,0,47,1,12,88,98,33,13,3,17,4,220,15,130,8,24,0,152,1674,2632,252,314,232,20,17,0.09574468085106383,0.11930091185410334,0.08814589665653495,0.0284954407294832,0.0178571428571428,DATASET_02_2013,Madhya Pradesh_SEONI_2013,0.0,237,0.028495440729483283,0.017857142857142856,0.011018237082066869,0.004559270516717325,0.03723404255319149,0.03343465045592705,184,0
Madhya Pradesh,SHAHDOL,2013,42,34,0,115,0,130,2,20,294,225,51,21,8,23,13,546,9,216,9,193,0,107,2336,4344,542,559,592,31,34,0.12476979742173112,0.12868324125230202,0.13627992633517497,0.0264732965009208,0.0299263351749539,DATASET_02_2013,Madhya Pradesh_SHAHDOL_2013,0.0,533,0.02647329650092081,0.02992633517495396,0.009668508287292817,0.004604051565377533,0.05179558011049724,0.06767955801104972,343,0
Madhya Pradesh,SHAJAPUR,2013,14,38,0,44,0,20,0,15,125,306,135,39,12,6,17,1204,2,113,7,37,0,86,436,2523,203,244,581,18,56,0.08045977011494253,0.09671026555687673,0.23028141101862862,0.0174395560840269,0.0079270709472849,DATASET_02_2013,Madhya Pradesh_SHAJAPUR_2013,0.0,201,0.01743955608402695,0.007927070947284977,0.005548949663099485,0.005945303210463734,0.12128418549346016,0.04954419342053112,131,0
Madhya Pradesh,SHEOPUR,2013,18,9,0,32,0,7,1,9,44,76,51,36,5,17,0,850,5,45,3,39,0,45,166,1409,124,121,181,22,36,0.0880056777856636,0.0858765081618169,0.12845990063875087,0.0227111426543648,0.0049680624556423,DATASET_02_2013,Madhya Pradesh_SHEOPUR_2013,0.0,119,0.0227111426543648,0.0049680624556423,0.0127750177430802,0.0063875088715401,0.0539389638041164,0.031227821149751596,76,0
Madhya Pradesh,SHIVPURI,2013,63,44,1,106,0,32,4,50,140,251,121,50,14,28,31,844,14,211,13,78,0,173,2613,4772,422,511,566,42,81,0.0884325230511316,0.10708298407376363,0.11860854987426656,0.0222129086336965,0.0067057837384744,DATASET_02_2013,Madhya Pradesh_SHIVPURI_2013,0.0,408,0.022212908633696564,0.006705783738474434,0.013202011735121543,0.010477787091366304,0.052598491198658844,0.02933780385582565,300,0
Madhya Pradesh,SIDHI,2013,21,24,3,46,0,76,0,11,156,97,21,6,6,14,8,290,17,116,4,70,0,98,1589,2653,253,297,285,20,14,0.09536373916321146,0.11194873727855258,0.10742555597436863,0.0173388616660384,0.0286468149264983,DATASET_02_2013,Madhya Pradesh_SIDHI_2013,0.0,236,0.017338861666038447,0.028646814926498305,0.0079155672823219,0.0041462495288352805,0.0365623822088202,0.05880135695439125,181,0
Madhya Pradesh,SIHORE,2013,40,40,2,95,0,38,2,28,174,301,145,28,4,30,8,246,14,116,11,69,0,192,2466,3907,305,361,650,34,36,0.07806501151778858,0.09239825953416944,0.16636805733299206,0.0243153314563603,0.0097261325825441,DATASET_02_2013,Madhya Pradesh_SIHORE_2013,0.0,291,0.02431533145636038,0.009726132582544152,0.010238034297414897,0.007166624008190427,0.0770412080880471,0.0445354491937548,245,0
Madhya Pradesh,SINGRAULI,2013,36,22,0,38,0,86,0,17,131,209,74,39,5,22,2,284,18,111,2,74,0,145,1711,2954,243,310,431,27,41,0.08226134055517942,0.1049424509140149,0.14590385917400137,0.0128639133378469,0.0291130670277589,DATASET_02_2013,Madhya Pradesh_SINGRAULI_2013,0.0,225,0.012863913337846988,0.02911306702775897,0.012186865267433988,0.005754908598510494,0.07075152335815843,0.044346648612051454,199,0
Madhya Pradesh,TIKAMGARH,2013,25,19,1,67,0,36,0,21,115,89,47,30,0,18,13,655,14,140,5,40,0,128,1780,3196,266,309,272,18,43,0.08322903629536921,0.09668335419274092,0.0851063829787234,0.0209637046307884,0.0112640801001251,DATASET_02_2013,Madhya Pradesh_TIKAMGARH_2013,0.0,252,0.020963704630788487,0.011264080100125156,0.007822277847309137,0.006570713391739674,0.027847309136420525,0.03598247809762203,169,0
Madhya Pradesh,UJJAIN,2013,66,120,1,113,0,41,2,67,363,952,522,62,17,62,21,1474,13,232,37,207,0,223,3897,7970,602,642,1906,79,83,0.07553324968632372,0.08055207026348808,0.23914680050188206,0.0141781681304893,0.0051442910915934,DATASET_02_2013,Madhya Pradesh_UJJAIN_2013,0.0,589,0.014178168130489334,0.0051442910915934755,0.008281053952321205,0.008406524466750314,0.11944792973651192,0.045545796737766625,410,0
Madhya Pradesh,UMARIYA,2013,17,6,0,38,0,38,2,7,99,71,25,5,3,9,13,72,5,73,7,58,0,0,1056,1579,181,181,204,12,18,0.11462951234958835,0.11462951234958835,0.12919569347688412,0.0240658644711842,0.0240658644711842,DATASET_02_2013,Madhya Pradesh_UMARIYA_2013,0.0,176,0.024065864471184292,0.024065864471184292,0.010766307789740342,0.004433185560481318,0.04496516782773907,0.06269791006966434,108,0
Madhya Pradesh,VIDISHA,2013,44,50,4,125,0,127,1,17,271,370,155,49,10,13,20,705,20,240,11,123,0,155,2332,4687,519,608,814,23,69,0.11073181139321528,0.1297205035203755,0.17367185833155538,0.0266695114145508,0.0270962235971837,DATASET_02_2013,Madhya Pradesh_VIDISHA_2013,0.0,499,0.026669511414550887,0.0270962235971837,0.009387668017921912,0.0036270535523789203,0.07894175378707062,0.05781950074674632,368,0
Maharashtra,AHMEDNAGAR,2013,112,71,6,105,0,81,44,351,552,1603,555,584,52,251,52,759,10,243,34,397,0,733,1879,7934,789,1013,3105,303,636,0.09944542475422233,0.12767834635744896,0.39135366775901187,0.0132341820015124,0.0102092261154524,DATASET_02_2013,Maharashtra_AHMEDNAGAR_2013,0.0,779,0.013234182001512478,0.010209226115452483,0.01411646080161331,0.04423997983362743,0.2020418452230905,0.06957398537937988,770,0
Maharashtra,AKOLA,2013,35,47,2,46,0,31,17,79,198,731,156,152,10,116,31,942,4,200,35,121,0,118,1059,3979,406,457,1181,126,183,0.10203568735863282,0.11485297813520985,0.29680824327720534,0.0115606936416184,0.0077909022367429,DATASET_02_2013,Maharashtra_AKOLA_2013,0.0,402,0.011560693641618497,0.0077909022367429,0.008796179944709727,0.01985423473234481,0.18371450113093743,0.04976124654435788,257,0
Maharashtra,AMRAVATI COMMR.,2013,19,41,2,26,0,27,5,72,205,651,159,101,27,65,10,392,2,96,27,38,0,65,901,2776,189,288,1092,92,111,0.0680835734870317,0.1037463976945245,0.39337175792507206,0.0093659942363112,0.0097262247838616,DATASET_02_2013,Maharashtra_AMRAVATI COMMR._2013,0.0,187,0.009365994236311239,0.009726224783861672,0.006844380403458214,0.025936599423631124,0.23451008645533142,0.07384726224783862,192,0
Maharashtra,AMRAVATI RURAL,2013,55,60,4,78,0,53,5,48,222,985,105,96,17,62,68,1445,1,317,35,175,0,238,1473,5440,606,620,1365,79,164,0.11139705882352942,0.11397058823529412,0.2509191176470588,0.0143382352941176,0.0097426470588235,DATASET_02_2013,Maharashtra_AMRAVATI RURAL_2013,0.0,605,0.014338235294117646,0.00974264705882353,0.01011029411764706,0.008823529411764706,0.18106617647058823,0.040808823529411765,303,0
Maharashtra,AURANGABAD COMMR.,2013,32,50,0,22,0,49,21,166,295,1184,619,181,19,238,29,500,5,173,38,151,0,157,716,4033,389,513,2285,257,210,0.09645425241755518,0.12720059509050335,0.5665757500619886,0.0054549962806843,0.0121497644433424,DATASET_02_2013,Maharashtra_AURANGABAD COMMR._2013,0.0,384,0.005454996280684354,0.012149764443342426,0.007934540044631788,0.0411604264815274,0.29357798165137616,0.0731465410364493,340,0
Maharashtra,AURANGABAD RURAL,2013,45,65,4,36,0,23,24,50,170,848,147,343,6,89,22,784,14,167,31,273,0,271,1294,4565,521,414,1239,95,365,0.11412924424972617,0.09069003285870755,0.2714129244249726,0.0078860898138006,0.005038335158817,DATASET_02_2013,Maharashtra_AURANGABAD RURAL_2013,0.0,507,0.007886089813800658,0.005038335158817087,0.009857612267250822,0.01095290251916758,0.18576122672508213,0.03723986856516977,247,0
Maharashtra,BEED,2013,79,83,11,92,0,71,19,105,343,618,219,397,92,198,49,864,5,230,12,382,0,293,761,4713,721,690,1304,290,446,0.1529811160619563,0.1464035646085296,0.2766815192022067,0.0195204752811372,0.0150647146191385,DATASET_02_2013,Maharashtra_BEED_2013,0.0,716,0.01952047528113728,0.015064714619138553,0.016762147252280923,0.022278803309993635,0.13112667091024824,0.07277742414597921,460,0
Maharashtra,BHANDARA,2013,28,12,0,40,0,20,4,27,132,533,66,54,16,51,23,306,0,74,41,52,0,178,666,2257,207,205,762,67,77,0.09171466548515729,0.09082853345148427,0.33761630482941957,0.0177226406734603,0.0088613203367301,DATASET_02_2013,Maharashtra_BHANDARA_2013,0.0,207,0.017722640673460344,0.008861320336730172,0.012405848471422242,0.011962782454585734,0.2361541869738591,0.05848471422241914,131,0
Maharashtra,BULDHANA,2013,54,43,3,56,0,21,8,41,182,533,125,228,16,99,47,1074,20,185,66,140,0,248,956,4024,467,411,889,115,275,0.11605367793240556,0.10213717693836978,0.2209244532803181,0.0139165009940357,0.0052186878727634,DATASET_02_2013,Maharashtra_BULDHANA_2013,0.0,447,0.013916500994035786,0.005218687872763419,0.01341948310139165,0.010188866799204771,0.13245526838966204,0.045228628230616304,226,0
Maharashtra,CHANDRAPUR,2013,37,25,4,88,0,38,5,53,284,800,209,116,41,71,32,663,8,179,123,180,0,273,1453,4476,578,429,1351,112,148,0.1291331546023235,0.09584450402144772,0.3018319928507596,0.0196604110813226,0.0084897229669347,DATASET_02_2013,Maharashtra_CHANDRAPUR_2013,0.0,570,0.01966041108132261,0.008489722966934763,0.008266309204647005,0.011840929401251117,0.17873100983020554,0.06344950848972297,250,0
Maharashtra,DHULE,2013,47,52,1,40,0,27,42,89,184,353,119,213,56,87,7,302,6,58,9,228,0,324,1010,3136,341,356,787,143,220,0.10873724489795919,0.11352040816326531,0.25095663265306123,0.0127551020408163,0.008609693877551,DATASET_02_2013,Maharashtra_DHULE_2013,0.0,335,0.012755102040816327,0.00860969387755102,0.014987244897959183,0.028380102040816327,0.11256377551020408,0.058673469387755105,298,0
Maharashtra,GADCHIROLI,2013,42,61,1,33,0,6,3,6,97,131,36,16,9,18,22,186,0,53,6,14,0,101,227,1033,106,205,273,27,38,0.10261374636979671,0.1984511132623427,0.26427879961277834,0.0319457889641819,0.0058083252662149,DATASET_02_2013,Maharashtra_GADCHIROLI_2013,0.0,106,0.031945788964181994,0.005808325266214908,0.04065827686350436,0.005808325266214908,0.12681510164569215,0.09390125847047434,152,0
Maharashtra,GONDIA,2013,31,10,4,52,0,24,5,9,174,246,52,28,4,58,15,352,1,94,10,55,0,137,575,1887,212,229,486,62,43,0.11234764175940647,0.12135665076841548,0.2575516693163752,0.0275569687334393,0.012718600953895,DATASET_02_2013,Maharashtra_GONDIA_2013,0.0,211,0.02755696873343932,0.012718600953895072,0.016428192898781134,0.0047694753577106515,0.13036565977742448,0.09220985691573927,135,0
Maharashtra,HINGOLI,2013,27,22,1,15,0,15,1,8,56,122,27,87,10,66,9,311,4,55,2,86,0,101,397,1400,162,144,214,76,96,0.11571428571428571,0.10285714285714286,0.15285714285714286,0.0107142857142857,0.0107142857142857,DATASET_02_2013,Maharashtra_HINGOLI_2013,0.0,158,0.010714285714285714,0.010714285714285714,0.019285714285714285,0.005714285714285714,0.08714285714285715,0.04,89,0
Maharashtra,JALGAON,2013,73,90,5,58,0,59,35,114,368,976,269,315,110,219,35,652,2,238,42,425,0,401,1323,5548,765,672,1762,329,350,0.13788752703677,0.12112472963229992,0.3175919250180245,0.0104542177361211,0.0106344628695025,DATASET_02_2013,Maharashtra_JALGAON_2013,0.0,763,0.010454217736121124,0.010634462869502523,0.013157894736842105,0.02054794520547945,0.17591925018024512,0.06633020908435472,434,0
Maharashtra,JALNA,2013,57,92,4,35,0,31,19,61,225,492,155,215,16,105,29,532,50,132,6,351,0,172,539,3173,574,431,952,121,244,0.18090135518436812,0.1358335959659628,0.30003151591553734,0.0110305704380712,0.0097699338165773,DATASET_02_2013,Maharashtra_JALNA_2013,0.0,524,0.011030570438071227,0.009769933816577371,0.017964071856287425,0.01922470847778128,0.15505830444374408,0.0709108099590293,299,0
Maharashtra,KOLHAPUR,2013,68,57,0,84,0,53,20,163,403,886,379,348,64,292,22,520,14,117,37,204,0,367,1075,4800,456,562,1851,356,370,0.095,0.11708333333333333,0.385625,0.0175,0.0110416666666666,DATASET_02_2013,Maharashtra_KOLHAPUR_2013,0.0,442,0.0175,0.011041666666666667,0.014166666666666666,0.03395833333333333,0.18458333333333332,0.08395833333333333,445,0
Maharashtra,LATUR,2013,67,45,7,37,0,38,24,50,264,427,163,254,12,102,37,570,4,116,3,297,0,259,828,3443,457,384,928,114,291,0.13273308161487074,0.11153064188207958,0.269532384548359,0.0107464420563462,0.0110368864362474,DATASET_02_2013,Maharashtra_LATUR_2013,0.0,453,0.010746442056346209,0.01103688643624746,0.019459773453383677,0.014522218995062446,0.12401975021783329,0.07667731629392971,268,0
Maharashtra,MUMBAI COMMR.,2013,170,190,8,391,0,381,41,2757,2936,10561,3789,385,697,2134,47,3922,21,1163,444,602,0,586,7337,34840,2621,5101,20084,2831,432,0.07522962112514352,0.1464121699196326,0.5764638346727899,0.0112227324913892,0.0109357060849598,DATASET_02_2013,Maharashtra_MUMBAI COMMR._2013,0.0,2600,0.011222732491389208,0.010935706084959817,0.004879448909299655,0.07913318025258324,0.30312858783008034,0.08427095292766934,3938,0
Maharashtra,MUMBAI RLY.,2013,4,6,1,6,0,7,3,513,6,1838,0,5,15,65,0,47,0,41,5,0,0,3,119,2684,52,581,2360,80,5,0.019374068554396422,0.21646795827123697,0.879284649776453,0.0022354694485842,0.0026080476900149,DATASET_02_2013,Maharashtra_MUMBAI RLY._2013,0.0,52,0.0022354694485842027,0.0026080476900149033,0.0014903129657228018,0.19113263785394932,0.6847988077496274,0.0022354694485842027,540,0
Maharashtra,NAGPUR COMMR.,2013,103,85,7,91,0,118,15,492,1159,2764,1430,207,69,268,26,1012,4,209,52,218,0,321,2182,9426,574,1120,5860,337,233,0.0608953957139826,0.11882028431996605,0.6216847018883938,0.0096541481009972,0.0125185656694249,DATASET_02_2013,Maharashtra_NAGPUR COMMR._2013,0.0,570,0.009654148100997241,0.012518565669424995,0.010927222575854021,0.052196053469127944,0.29323148737534477,0.12295777636325059,911,0
Maharashtra,NAGPUR RLY.,2013,6,3,0,2,0,4,2,72,0,1324,15,9,3,11,0,20,0,15,3,1,0,2,87,1577,21,104,1413,14,9,0.013316423589093214,0.06594800253646163,0.896005072923272,0.0012682308180088,0.0025364616360177,DATASET_02_2013,Maharashtra_NAGPUR RLY._2013,0.0,21,0.0012682308180088776,0.0025364616360177552,0.003804692454026633,0.045656309448319596,0.839568801521877,0.0,89,1
Maharashtra,NAGPUR RURAL,2013,50,32,6,75,0,32,7,43,227,951,165,78,41,57,20,613,4,149,28,82,0,375,1364,4242,338,394,1393,98,98,0.07967939651107968,0.09288071664309289,0.32838283828382836,0.0176803394625176,0.0075436115040075,DATASET_02_2013,Maharashtra_NAGPUR RURAL_2013,0.0,334,0.01768033946251768,0.007543611504007544,0.011786892975011787,0.010136727958510137,0.22418670438472418,0.05351249410655351,245,0
Maharashtra,NANDED,2013,60,71,10,64,0,61,20,61,431,538,201,293,27,232,46,967,30,135,6,341,0,229,1433,5058,576,482,1251,259,339,0.11387900355871886,0.09529458283906682,0.24733096085409254,0.0126532226176354,0.0120601028074337,DATASET_02_2013,Maharashtra_NANDED_2013,0.0,546,0.01265322261763543,0.012060102807433769,0.011862396204033215,0.012060102807433769,0.10636615262949782,0.08521154606563859,347,0
Maharashtra,NANDURBAR,2013,26,15,0,23,0,20,17,10,85,181,53,100,17,45,3,240,1,44,13,75,0,126,516,1558,156,155,346,62,103,0.10012836970474968,0.09948652118100128,0.2220795892169448,0.014762516046213,0.0128369704749679,DATASET_02_2013,Maharashtra_NANDURBAR_2013,0.0,155,0.014762516046213094,0.012836970474967908,0.01668806161745828,0.006418485237483954,0.11617458279845956,0.05455712451861361,111,0
Maharashtra,NASIK COMMR.,2013,35,20,2,20,0,31,13,145,279,905,489,93,32,154,7,248,7,96,9,181,0,127,1954,4401,313,362,1831,186,100,0.07112019995455578,0.08225403317427857,0.41604180867984547,0.0045444217223358,0.0070438536696205,DATASET_02_2013,Maharashtra_NASIK COMMR._2013,0.0,306,0.0045444217223358325,0.0070438536696205405,0.007952738014087708,0.032947057486934786,0.20563508293569643,0.06339468302658487,266,0
Maharashtra,NASIK RURAL,2013,82,59,2,85,0,49,47,120,314,908,347,452,33,236,30,794,9,224,21,405,0,750,1839,6477,744,668,1736,269,482,0.11486799444187124,0.10313416705264783,0.2680253203643662,0.0131233595800524,0.0075652308167361,DATASET_02_2013,Maharashtra_NASIK RURAL_2013,0.0,735,0.013123359580052493,0.007565230816736143,0.012660182183109464,0.018527095877721167,0.14018835880809016,0.04847923421337039,444,0
Maharashtra,NAVI MUMBAI,2013,48,31,4,69,0,84,15,350,662,1352,685,83,75,406,7,444,8,138,55,139,0,320,1085,5390,409,739,3064,481,90,0.07588126159554731,0.13710575139146566,0.5684601113172542,0.0128014842300556,0.0155844155844155,DATASET_02_2013,Maharashtra_NAVI MUMBAI_2013,0.0,401,0.012801484230055659,0.015584415584415584,0.008905380333951763,0.06493506493506493,0.250834879406308,0.12282003710575139,601,0
Maharashtra,OSMANABAD,2013,37,47,7,48,0,37,18,30,179,380,83,206,15,128,23,517,4,127,12,166,0,270,609,2864,357,351,690,143,229,0.12465083798882681,0.12255586592178772,0.2409217877094972,0.0167597765363128,0.0129189944134078,DATASET_02_2013,Maharashtra_OSMANABAD_2013,0.0,353,0.01675977653631285,0.012918994413407821,0.012918994413407821,0.01047486033519553,0.13268156424581007,0.0625,224,0
Maharashtra,PARBHANI,2013,48,88,5,40,0,66,35,68,338,519,161,198,15,157,36,934,4,132,6,271,0,132,479,3573,453,482,1121,172,234,0.12678421494542402,0.13490064371676463,0.3137419535404422,0.0111950741673663,0.0184718723761544,DATASET_02_2013,Maharashtra_PARBHANI_2013,0.0,449,0.01119507416736636,0.018471872376154493,0.01343408900083963,0.01903162608452281,0.1452560873215785,0.09459837671424573,350,0
Maharashtra,PUNE COMMR.,2013,129,137,10,171,0,177,20,866,1195,4091,2400,496,67,943,34,1018,9,304,128,344,0,533,2421,13159,956,1814,8572,1010,530,0.07264989740861767,0.1378524203966867,0.6514172809484003,0.012994908427692,0.0134508701269093,DATASET_02_2013,Maharashtra_PUNE COMMR._2013,0.0,947,0.012994908427692074,0.013450870126909339,0.009803176533171214,0.06581047192035869,0.310889885249639,0.0908123717607721,1510,0
Maharashtra,PUNE RLY.,2013,6,6,0,3,0,2,4,21,0,399,3,2,3,2,0,2,0,6,1,0,0,2,37,498,10,48,427,5,2,0.020080321285140562,0.0963855421686747,0.857429718875502,0.0060240963855421,0.0040160642570281,DATASET_02_2013,Maharashtra_PUNE RLY._2013,0.0,10,0.006024096385542169,0.004016064257028112,0.012048192771084338,0.04216867469879518,0.8012048192771084,0.0,42,1
Maharashtra,PUNE RURAL,2013,132,108,13,150,0,100,42,279,887,2241,1072,578,83,328,45,901,6,277,72,224,0,965,1742,9208,729,1101,4521,411,623,0.07917028670721112,0.11956993918331885,0.4909860990443093,0.0162901824500434,0.0108601216333622,DATASET_02_2013,Maharashtra_PUNE RURAL_2013,0.0,723,0.01629018245004344,0.010860121633362294,0.014335360556038228,0.030299739357080798,0.243375325803649,0.09632927888792354,824,0
Maharashtra,RAIGAD,2013,39,24,1,42,0,17,12,65,181,484,103,181,17,141,9,314,4,92,45,80,0,266,574,2595,263,292,845,158,190,0.10134874759152215,0.11252408477842003,0.325626204238921,0.0161849710982658,0.0065510597302504,DATASET_02_2013,Maharashtra_RAIGAD_2013,0.0,259,0.016184971098265895,0.006551059730250481,0.015028901734104046,0.025048169556840076,0.18651252408477842,0.0697495183044316,200,0
Maharashtra,RATNAGIRI,2013,18,12,2,27,0,15,8,38,157,245,47,85,30,86,6,162,0,82,26,39,0,157,371,1568,174,202,495,116,91,0.11096938775510204,0.1288265306122449,0.3156887755102041,0.017219387755102,0.0095663265306122,DATASET_02_2013,Maharashtra_RATNAGIRI_2013,0.0,174,0.01721938775510204,0.009566326530612245,0.011479591836734694,0.02423469387755102,0.15625,0.10012755102040816,120,0
Maharashtra,SANGLI,2013,59,42,5,77,0,45,3,45,257,545,189,233,15,186,21,467,8,141,15,141,0,349,687,3353,382,417,1039,201,254,0.11392782582761705,0.12436623918878616,0.3098717566358485,0.022964509394572,0.0134208171786459,DATASET_02_2013,Maharashtra_SANGLI_2013,0.0,374,0.022964509394572025,0.013420817178645988,0.01759618252311363,0.013420817178645988,0.1625410080524903,0.07664777810915598,276,0
Maharashtra,SATARA,2013,62,72,7,88,0,59,53,275,608,1458,425,417,53,214,22,566,4,297,45,201,0,410,1162,6086,635,913,2819,267,439,0.10433782451528097,0.15001643115346697,0.4631942162339796,0.0144594150509365,0.0096943805455142,DATASET_02_2013,Maharashtra_SATARA_2013,0.0,631,0.014459415050936576,0.009694380545514296,0.010187315149523497,0.045185672034176796,0.2395662175484719,0.09990141307919816,616,0
Maharashtra,SINDHUDURG,2013,12,6,1,11,0,7,3,14,90,117,15,49,16,45,12,108,0,50,12,12,0,93,181,841,85,104,239,61,61,0.10107015457788347,0.12366230677764566,0.28418549346016647,0.0130796670630202,0.0083234244946492,DATASET_02_2013,Maharashtra_SINDHUDURG_2013,0.0,85,0.013079667063020214,0.008323424494649227,0.014268727705112961,0.016646848989298454,0.13912009512485138,0.1070154577883472,54,0
Maharashtra,SOLAPUR COMMR.,2013,18,30,0,37,0,39,31,139,249,539,295,136,13,147,3,194,1,53,23,63,0,86,362,2166,177,347,1253,160,139,0.0817174515235457,0.16020313942751616,0.5784856879039705,0.0170821791320406,0.0180055401662049,DATASET_02_2013,Maharashtra_SOLAPUR COMMR._2013,0.0,176,0.017082179132040628,0.018005540166204988,0.008310249307479225,0.0641735918744229,0.24884579870729456,0.1149584487534626,294,0
Maharashtra,SOLAPUR RURAL,2013,74,45,12,82,0,39,21,85,340,1290,283,397,29,130,34,728,1,149,28,109,0,496,958,5057,369,507,2019,159,431,0.072968162942456,0.10025706940874037,0.399248566343682,0.0162151473205457,0.0077120822622107,DATASET_02_2013,Maharashtra_SOLAPUR RURAL_2013,0.0,368,0.016215147320545777,0.007712082262210797,0.014633181728297409,0.016808384417638916,0.25509195175004945,0.06723353767055566,358,0
Maharashtra,THANE COMMR.,2013,96,107,6,182,0,302,32,1071,1595,2856,1484,376,148,1043,53,1586,14,467,119,423,0,336,1784,12631,1205,2263,7038,1191,429,0.09540020584276779,0.17916237827567097,0.5572005383580081,0.0144089937455466,0.0239094291821708,DATASET_02_2013,Maharashtra_THANE COMMR._2013,0.0,1191,0.014408993745546671,0.02390942918217085,0.007600348349299343,0.0847913862718708,0.22611036339165544,0.12627662101179637,1796,0
Maharashtra,THANE RURAL,2013,133,83,10,133,0,82,45,444,864,1514,667,359,50,558,13,913,8,246,100,217,0,676,1008,7477,704,1176,3534,608,372,0.09415540992376621,0.15728233248629128,0.472649458338906,0.0177878828407115,0.0109669653604386,DATASET_02_2013,Maharashtra_THANE RURAL_2013,0.0,696,0.017787882840711516,0.01096696536043868,0.017787882840711516,0.05938210512237528,0.2024876287280995,0.11555436672462217,930,0
Maharashtra,WARDHA,2013,45,49,7,73,0,51,4,71,305,736,103,77,16,67,66,645,1,227,35,116,0,161,1203,3959,452,527,1219,83,143,0.11417024501136651,0.133114422834049,0.3079060368779995,0.0184389997474109,0.012882040919424,DATASET_02_2013,Maharashtra_WARDHA_2013,0.0,451,0.018438999747410964,0.012882040919424097,0.011366506693609498,0.01793382167213943,0.18590553169992421,0.07703965647890881,300,0
Maharashtra,WASHIM,2013,27,43,2,26,0,24,2,31,136,343,91,141,4,77,24,424,10,153,22,142,0,125,757,2513,353,308,603,81,165,0.14046955829685634,0.12256267409470752,0.23995224830879427,0.0103461997612415,0.009550338241146,DATASET_02_2013,Maharashtra_WASHIM_2013,0.0,343,0.010346199761241544,0.00955033824114604,0.010744130521289296,0.012335853561480302,0.13649025069637882,0.05411858336649423,155,0
Maharashtra,YAVATMAL,2013,85,91,16,104,0,124,19,149,494,1472,239,246,46,168,71,1856,12,388,750,381,0,243,5849,12567,1635,976,2373,214,317,0.1301026497970876,0.07766372244768044,0.1888278825495345,0.0082756425559003,0.0098671122781889,DATASET_02_2013,Maharashtra_YAVATMAL_2013,0.0,1623,0.008275642555900374,0.009867112278188907,0.006763746319726267,0.011856449431049574,0.11713217156043607,0.039309302140526775,588,0
Manipur,BISHNUPUR,2013,6,14,0,7,0,7,0,0,12,45,27,6,2,5,1,13,0,3,0,1,0,0,104,234,11,37,84,7,7,0.04700854700854701,0.1581196581196581,0.358974358974359,0.0299145299145299,0.0299145299145299,DATASET_02_2013,Manipur_BISHNUPUR_2013,0.0,11,0.029914529914529916,0.029914529914529916,0.02564102564102564,0.0,0.19230769230769232,0.05128205128205128,34,1
Manipur,CHANDEL,2013,10,4,0,1,0,3,0,0,3,4,0,0,0,0,2,3,0,0,0,0,0,1,16,53,1,18,7,0,2,0.018867924528301886,0.33962264150943394,0.1320754716981132,0.0188679245283018,0.0566037735849056,DATASET_02_2013,Manipur_CHANDEL_2013,0.0,1,0.018867924528301886,0.05660377358490566,0.18867924528301888,0.0,0.07547169811320754,0.05660377358490566,18,1
Manipur,CHURACHANDPUR,2013,8,8,0,0,0,5,0,0,8,20,12,2,0,6,3,7,0,2,0,0,0,0,16,106,2,23,40,6,5,0.018867924528301886,0.2169811320754717,0.37735849056603776,0.0,0.0471698113207547,DATASET_02_2013,Manipur_CHURACHANDPUR_2013,0.0,2,0.0,0.04716981132075472,0.07547169811320754,0.0,0.18867924528301888,0.07547169811320754,21,1
Manipur,CID,2013,0,0,0,0,0,0,0,0,0,0,0,0,0,0,0,0,0,0,0,0,0,0,0,0,0,0,0,0,0,,,,,,DATASET_02_2013,Manipur_CID_2013,0.0,0,,,,,,,0,1
Manipur,IMPHAL EAST,2013,8,39,1,12,0,48,0,0,11,184,154,23,7,22,10,42,0,9,0,8,0,0,124,577,29,117,349,29,33,0.05025996533795494,0.2027729636048527,0.6048526863084922,0.0207972270363951,0.0831889081455806,DATASET_02_2013,Manipur_IMPHAL EAST_2013,0.0,29,0.02079722703639515,0.0831889081455806,0.01386481802426343,0.0,0.3188908145580589,0.019064124783362217,108,0
Manipur,IMPHAL WEST,2013,28,64,1,26,0,55,0,3,20,493,444,15,17,45,5,107,0,34,0,9,0,1,412,1366,69,211,960,62,20,0.050512445095168376,0.15446559297218154,0.7027818448023426,0.0190336749633967,0.0402635431918008,DATASET_02_2013,Manipur_IMPHAL WEST_2013,0.0,69,0.01903367496339678,0.04026354319180088,0.020497803806734993,0.0021961932650073207,0.3609077598828697,0.014641288433382138,177,0
Manipur,SENAPATI,2013,11,7,1,0,0,12,0,0,2,18,4,1,1,7,3,2,0,0,0,1,0,0,43,123,1,31,24,8,4,0.008130081300813009,0.25203252032520324,0.1951219512195122,0.0,0.0975609756097561,DATASET_02_2013,Manipur_SENAPATI_2013,0.0,1,0.0,0.0975609756097561,0.08943089430894309,0.0,0.14634146341463414,0.016260162601626018,31,1
Manipur,TAMENGLONG,2013,3,12,0,0,0,6,0,0,1,7,1,2,1,2,3,3,0,1,0,0,0,0,24,90,1,22,9,3,5,0.011111111111111112,0.24444444444444444,0.1,0.0,0.0666666666666666,DATASET_02_2013,Manipur_TAMENGLONG_2013,0.0,1,0.0,0.06666666666666667,0.03333333333333333,0.0,0.07777777777777778,0.011111111111111112,21,1
Manipur,THOUBAL,2013,15,41,1,24,0,41,0,0,25,72,40,13,14,36,7,45,0,9,0,9,0,0,169,524,42,131,137,50,20,0.08015267175572519,0.25,0.26145038167938933,0.0458015267175572,0.0782442748091603,DATASET_02_2013,Manipur_THOUBAL_2013,0.0,42,0.04580152671755725,0.07824427480916031,0.02862595419847328,0.0,0.13740458015267176,0.04770992366412214,122,0
Manipur,UKHRUL,2013,4,22,0,2,0,4,0,0,3,11,5,5,28,4,4,1,0,1,0,1,0,0,15,105,4,33,19,32,9,0.0380952380952381,0.3142857142857143,0.18095238095238095,0.019047619047619,0.0380952380952381,DATASET_02_2013,Manipur_UKHRUL_2013,0.0,4,0.01904761904761905,0.0380952380952381,0.0380952380952381,0.0,0.10476190476190476,0.02857142857142857,32,1
Meghalaya,GARO HILLS EAST,2013,13,16,6,5,0,7,3,10,5,32,8,0,1,6,0,4,0,6,0,0,0,0,74,188,11,66,58,7,0,0.05851063829787234,0.35106382978723405,0.30851063829787234,0.026595744680851,0.0372340425531914,DATASET_02_2013,Meghalaya_GARO HILLS EAST_2013,0.0,11,0.026595744680851064,0.03723404255319149,0.06914893617021277,0.05319148936170213,0.1702127659574468,0.026595744680851064,60,1
Meghalaya,GARO HILLS NORTH,2013,3,9,0,1,0,18,6,4,3,17,5,1,8,1,5,6,0,0,0,1,0,6,25,115,2,41,35,9,6,0.017391304347826087,0.3565217391304348,0.30434782608695654,0.008695652173913,0.1565217391304348,DATASET_02_2013,Meghalaya_GARO HILLS NORTH_2013,0.0,2,0.008695652173913044,0.1565217391304348,0.02608695652173913,0.034782608695652174,0.14782608695652175,0.02608695652173913,41,1
Meghalaya,GARO HILLS SOUTH,2013,18,20,0,7,0,10,8,0,5,19,10,0,3,0,0,10,0,2,0,1,0,6,43,152,10,65,42,3,0,0.06578947368421052,0.4276315789473684,0.27631578947368424,0.0460526315789473,0.0657894736842105,DATASET_02_2013,Meghalaya_GARO HILLS SOUTH_2013,0.0,10,0.046052631578947366,0.06578947368421052,0.11842105263157894,0.0,0.125,0.03289473684210526,63,1
Meghalaya,GARO HILLS SOUTH W.,2013,7,5,2,10,0,3,6,1,9,9,1,0,3,3,0,5,0,5,0,0,0,3,20,92,15,39,26,6,0,0.16304347826086957,0.42391304347826086,0.2826086956521739,0.108695652173913,0.0326086956521739,DATASET_02_2013,Meghalaya_GARO HILLS SOUTH W._2013,0.0,15,0.10869565217391304,0.03260869565217391,0.07608695652173914,0.010869565217391304,0.09782608695652174,0.09782608695652174,34,1
Meghalaya,GARO HILLS WEST,2013,15,9,4,15,0,18,3,6,27,97,42,9,8,19,6,28,0,16,0,6,0,16,92,400,37,86,175,27,15,0.0925,0.215,0.4375,0.0375,0.045,DATASET_02_2013,Meghalaya_GARO HILLS WEST_2013,0.0,37,0.0375,0.045,0.0375,0.015,0.2425,0.0675,70,1
Meghalaya,JAINTIA HILLS EAST,2013,23,8,0,14,0,20,2,5,5,58,8,0,14,8,7,33,0,3,0,0,0,24,67,292,17,75,78,22,7,0.05821917808219178,0.2568493150684932,0.2671232876712329,0.047945205479452,0.0684931506849315,DATASET_02_2013,Meghalaya_JAINTIA HILLS EAST_2013,0.0,17,0.04794520547945205,0.0684931506849315,0.07876712328767123,0.017123287671232876,0.19863013698630136,0.017123287671232876,72,1
Meghalaya,JAINTIA HILLS WEST,2013,20,0,2,24,0,2,4,7,19,42,2,0,2,11,15,39,0,10,0,2,0,10,83,293,36,69,74,13,15,0.12286689419795221,0.2354948805460751,0.2525597269624573,0.0819112627986348,0.0068259385665529,DATASET_02_2013,Meghalaya_JAINTIA HILLS WEST_2013,0.0,36,0.08191126279863481,0.006825938566552901,0.06825938566552901,0.023890784982935155,0.14334470989761092,0.06484641638225255,59,1
Meghalaya,KHASI HILLS EAST,2013,26,23,2,55,0,40,4,29,83,217,26,0,53,69,72,111,2,32,0,11,0,33,258,1127,100,211,359,122,72,0.08873114463176575,0.18722271517302574,0.318544809228039,0.0488021295474711,0.0354924578527063,DATASET_02_2013,Meghalaya_KHASI HILLS EAST_2013,0.0,98,0.048802129547471165,0.0354924578527063,0.023070097604259095,0.025732031943212066,0.19254658385093168,0.07364685004436557,179,0
Meghalaya,KHASI HILLS SOUTH W.,2013,10,0,2,11,0,2,5,2,1,12,2,1,2,0,0,14,0,2,0,2,0,3,11,82,15,34,22,2,1,0.18292682926829268,0.4146341463414634,0.2682926829268293,0.1341463414634146,0.024390243902439,DATASET_02_2013,Meghalaya_KHASI HILLS SOUTH W._2013,0.0,15,0.13414634146341464,0.024390243902439025,0.12195121951219512,0.024390243902439025,0.14634146341463414,0.012195121951219513,32,1
Meghalaya,KHASI HILLS WEST,2013,12,7,0,12,0,6,8,2,10,30,1,2,1,1,1,7,0,14,0,0,0,0,64,177,26,61,51,2,3,0.14689265536723164,0.3446327683615819,0.288135593220339,0.0677966101694915,0.0338983050847457,DATASET_02_2013,Meghalaya_KHASI HILLS WEST_2013,0.0,26,0.06779661016949153,0.03389830508474576,0.06779661016949153,0.011299435028248588,0.1694915254237288,0.05649717514124294,47,1
Meghalaya,RI-BHOI,2013,19,14,1,29,0,13,2,2,20,84,18,0,3,4,21,19,0,8,0,0,0,28,74,341,37,88,126,7,21,0.10850439882697947,0.25806451612903225,0.36950146627565983,0.0850439882697947,0.0381231671554252,DATASET_02_2013,Meghalaya_RI-BHOI_2013,0.0,37,0.08504398826979472,0.03812316715542522,0.05571847507331378,0.005865102639296188,0.24633431085043989,0.05865102639296188,80,1
Mizoram,AIZAWL,2013,9,8,0,37,0,2,0,1,195,326,44,0,9,45,24,22,0,37,0,5,0,17,105,844,79,94,566,54,24,0.09360189573459715,0.11137440758293839,0.6706161137440758,0.0438388625592417,0.0023696682464454,DATASET_02_2013,Mizoram_AIZAWL_2013,0.0,79,0.04383886255924171,0.002369668246445498,0.01066350710900474,0.001184834123222749,0.3862559241706161,0.23104265402843602,57,0
Mizoram,CHAMPHAI,2013,0,5,1,12,0,1,0,0,39,88,1,1,0,4,0,7,0,5,0,0,0,0,26,189,17,24,128,4,1,0.08994708994708994,0.12698412698412698,0.6772486772486772,0.0634920634920634,0.0052910052910052,DATASET_02_2013,Mizoram_CHAMPHAI_2013,0.0,17,0.06349206349206349,0.005291005291005291,0.0,0.0,0.4656084656084656,0.20634920634920634,19,1
Mizoram,KOLASIB,2013,6,2,0,9,0,1,3,0,44,61,13,0,5,0,2,8,0,7,0,0,0,0,26,176,16,28,121,5,2,0.09090909090909091,0.1590909090909091,0.6875,0.0511363636363636,0.0056818181818181,DATASET_02_2013,Mizoram_KOLASIB_2013,0.0,16,0.05113636363636364,0.005681818181818182,0.03409090909090909,0.0,0.3465909090909091,0.25,21,1
Mizoram,LAWNGTLAI,2013,1,1,0,3,0,0,0,1,18,23,0,0,2,2,0,8,0,6,0,0,0,4,20,90,9,12,42,4,0,0.1,0.13333333333333333,0.4666666666666667,0.0333333333333333,0.0,DATASET_02_2013,Mizoram_LAWNGTLAI_2013,0.0,9,0.03333333333333333,0.0,0.011111111111111112,0.011111111111111112,0.25555555555555554,0.2,6,1
Mizoram,LUNGLEI,2013,6,2,0,15,0,0,0,0,29,53,2,0,1,4,0,5,0,13,0,0,0,9,17,154,28,36,84,5,0,0.18181818181818182,0.23376623376623376,0.5454545454545454,0.0974025974025974,0.0,DATASET_02_2013,Mizoram_LUNGLEI_2013,0.0,28,0.09740259740259741,0.0,0.03896103896103896,0.0,0.34415584415584416,0.18831168831168832,23,1
Mizoram,MAMIT,2013,3,0,1,5,0,3,1,1,16,24,0,0,0,0,1,8,0,5,0,0,0,4,16,88,10,19,42,0,1,0.11363636363636363,0.2159090909090909,0.4772727272727273,0.0568181818181818,0.034090909090909,DATASET_02_2013,Mizoram_MAMIT_2013,0.0,10,0.056818181818181816,0.03409090909090909,0.03409090909090909,0.011363636363636364,0.2727272727272727,0.18181818181818182,14,1
Mizoram,SAIHA,2013,0,1,0,4,0,0,0,0,17,29,0,0,0,0,0,8,0,1,0,0,0,3,4,67,5,6,46,0,0,0.07462686567164178,0.08955223880597014,0.6865671641791045,0.0597014925373134,0.0,DATASET_02_2013,Mizoram_SAIHA_2013,0.0,5,0.05970149253731343,0.0,0.0,0.0,0.43283582089552236,0.2537313432835821,5,1
Mizoram,SERCHHIP,2013,2,0,0,4,0,0,0,0,16,39,3,0,0,0,0,4,0,7,0,0,0,0,16,88,11,13,58,0,0,0.125,0.14772727272727273,0.6590909090909091,0.0454545454545454,0.0,DATASET_02_2013,Mizoram_SERCHHIP_2013,0.0,11,0.045454545454545456,0.0,0.022727272727272728,0.0,0.4431818181818182,0.18181818181818182,6,1
Mizoram,SPL NARCOTIC,2013,0,0,0,0,0,0,0,0,0,0,0,0,0,0,0,0,0,0,0,0,0,0,0,1,0,0,0,0,0,0.0,0.0,0.0,0.0,0.0,DATASET_02_2013,Mizoram_SPL NARCOTIC_2013,0.0,0,0.0,0.0,0.0,0.0,0.0,0.0,0,1
Mizoram,TRAFFIC PS,2013,0,0,0,0,0,0,0,0,0,0,0,0,0,0,0,0,0,0,0,0,0,12,0,12,0,0,0,0,0,0.0,0.0,0.0,0.0,0.0,DATASET_02_2013,Mizoram_TRAFFIC PS_2013,0.0,0,0.0,0.0,0.0,0.0,0.0,0.0,0,1
Nagaland,DIMAPUR,2013,37,22,1,14,0,22,3,29,13,242,190,1,8,39,8,6,1,18,1,4,0,14,85,572,38,146,477,47,9,0.06643356643356643,0.25524475524475526,0.833916083916084,0.0244755244755244,0.0384615384615384,DATASET_02_2013,Nagaland_DIMAPUR_2013,0.0,37,0.024475524475524476,0.038461538461538464,0.06468531468531469,0.050699300699300696,0.4230769230769231,0.022727272727272728,128,0
Nagaland,KIPHIRE,2013,2,8,0,2,0,2,0,0,0,4,0,4,0,1,0,2,0,0,0,0,0,0,17,42,2,14,4,1,4,0.047619047619047616,0.3333333333333333,0.09523809523809523,0.0476190476190476,0.0476190476190476,DATASET_02_2013,Nagaland_KIPHIRE_2013,0.0,2,0.047619047619047616,0.047619047619047616,0.047619047619047616,0.0,0.09523809523809523,0.0,14,1
Nagaland,KOHIMA,2013,11,3,13,5,0,7,0,11,5,48,18,0,1,8,0,4,0,0,0,0,0,0,45,162,5,50,82,9,0,0.030864197530864196,0.30864197530864196,0.5061728395061729,0.0308641975308641,0.0432098765432098,DATASET_02_2013,Nagaland_KOHIMA_2013,0.0,5,0.030864197530864196,0.043209876543209874,0.06790123456790123,0.06790123456790123,0.2962962962962963,0.030864197530864196,50,1
Nagaland,LONGLENG,2013,0,2,0,0,0,0,0,0,1,3,1,0,0,1,0,2,0,0,0,0,0,0,5,14,0,2,5,1,0,0.0,0.14285714285714285,0.35714285714285715,0.0,0.0,DATASET_02_2013,Nagaland_LONGLENG_2013,0.0,0,0.0,0.0,0.0,0.0,0.21428571428571427,0.07142857142857142,2,1
Nagaland,MOKOKCHUNG,2013,5,4,1,3,0,6,0,4,4,18,4,4,0,4,1,8,0,0,0,0,0,2,24,88,3,23,30,4,5,0.03409090909090909,0.26136363636363635,0.3409090909090909,0.034090909090909,0.0681818181818181,DATASET_02_2013,Nagaland_MOKOKCHUNG_2013,0.0,3,0.03409090909090909,0.06818181818181818,0.056818181818181816,0.045454545454545456,0.20454545454545456,0.045454545454545456,23,1
Nagaland,MON,2013,8,1,0,1,0,2,0,1,0,12,2,1,2,1,0,4,0,0,0,0,0,5,12,50,1,13,15,3,1,0.02,0.26,0.3,0.02,0.04,DATASET_02_2013,Nagaland_MON_2013,0.0,1,0.02,0.04,0.16,0.02,0.24,0.0,13,1
Nagaland,PEREN,2013,0,2,0,1,0,0,0,0,3,5,0,0,0,1,0,0,0,0,0,0,0,0,3,15,1,3,8,1,0,0.06666666666666667,0.2,0.5333333333333333,0.0666666666666666,0.0,DATASET_02_2013,Nagaland_PEREN_2013,0.0,1,0.06666666666666667,0.0,0.0,0.0,0.3333333333333333,0.2,3,1
Nagaland,PHEK,2013,7,4,3,4,0,0,0,2,3,16,2,0,0,1,0,13,0,0,0,0,0,0,29,82,4,20,23,1,0,0.04878048780487805,0.24390243902439024,0.2804878048780488,0.048780487804878,0.0,DATASET_02_2013,Nagaland_PHEK_2013,0.0,4,0.04878048780487805,0.0,0.08536585365853659,0.024390243902439025,0.1951219512195122,0.036585365853658534,20,1
Nagaland,TUENSANG,2013,1,3,0,1,0,0,0,0,0,13,0,1,0,0,0,5,0,0,0,0,0,5,27,56,1,5,13,0,1,0.017857142857142856,0.08928571428571429,0.23214285714285715,0.0178571428571428,0.0,DATASET_02_2013,Nagaland_TUENSANG_2013,0.0,1,0.017857142857142856,0.0,0.017857142857142856,0.0,0.23214285714285715,0.0,5,1
Nagaland,WOKHA,2013,2,9,0,0,0,1,0,0,2,28,7,0,0,4,0,12,0,0,0,0,0,0,29,87,0,12,37,4,0,0.0,0.13793103448275862,0.42528735632183906,0.0,0.0114942528735632,DATASET_02_2013,Nagaland_WOKHA_2013,0.0,0,0.0,0.011494252873563218,0.022988505747126436,0.0,0.3218390804597701,0.022988505747126436,12,1
Nagaland,ZUNHEBOTO,2013,5,5,0,0,0,0,0,2,5,17,7,0,0,1,0,3,0,0,0,0,0,0,10,48,0,12,31,1,0,0.0,0.25,0.6458333333333334,0.0,0.0,DATASET_02_2013,Nagaland_ZUNHEBOTO_2013,0.0,0,0.0,0.0,0.10416666666666667,0.041666666666666664,0.3541666666666667,0.10416666666666667,12,1
Odisha,ANGUL,2013,58,134,0,64,0,127,29,81,183,716,169,155,18,52,23,45,0,288,7,68,0,160,1634,3842,427,781,1178,70,178,0.11114003123373244,0.20327954190525768,0.30661114003123374,0.0166579906298802,0.0330557001561686,DATASET_02_2013,Odisha_ANGUL_2013,0.0,427,0.01665799062988027,0.03305570015616866,0.015096304008328995,0.021082769390942217,0.18636127017178553,0.0476314419573139,493,0
Odisha,BALASORE,2013,56,101,1,94,0,176,16,80,271,400,125,53,16,169,17,1422,49,251,30,396,0,5,438,4067,820,775,892,185,70,0.2016228178018195,0.19055815097123185,0.21932628473075977,0.0231128596016719,0.0432751413818539,DATASET_02_2013,Odisha_BALASORE_2013,0.0,771,0.023112859601671993,0.04327514138185395,0.013769363166953529,0.01967051880993361,0.09835259404966806,0.06663388246865011,524,0
Odisha,BARAGARH,2013,33,82,0,49,0,45,8,47,80,143,38,103,0,43,10,89,4,149,14,79,0,87,510,1587,295,413,316,43,113,0.18588531821045998,0.260239445494644,0.19911783238815375,0.0308758664146187,0.0283553875236294,DATASET_02_2013,Odisha_BARAGARH_2013,0.0,291,0.03087586641461878,0.02835538752362949,0.020793950850661626,0.029615626969124134,0.09010712035286704,0.05040957781978576,264,0
Odisha,BERHAMPUR,2013,21,105,1,33,0,71,9,74,115,267,156,44,53,66,4,267,1,183,27,71,0,83,460,1985,315,497,621,119,48,0.15869017632241814,0.2503778337531486,0.3128463476070529,0.016624685138539,0.0357682619647355,DATASET_02_2013,Odisha_BERHAMPUR_2013,0.0,314,0.01662468513853904,0.035768261964735516,0.01057934508816121,0.03727959697732997,0.1345088161209068,0.05793450881612091,314,0
Odisha,BHADRAK,2013,33,66,0,69,0,111,11,24,94,142,45,16,15,75,23,42,12,136,19,202,0,67,1551,2708,438,450,316,90,39,0.16174298375184637,0.16617429837518463,0.11669128508124077,0.0254800590841949,0.0409896602658788,DATASET_02_2013,Odisha_BHADRAK_2013,0.0,426,0.025480059084194977,0.04098966026587888,0.012186115214180207,0.008862629246676515,0.05243722304283604,0.03471196454948301,314,0
Odisha,BOLANGIR,2013,37,55,0,44,0,50,27,45,121,185,63,85,6,66,14,0,11,101,8,42,0,104,1002,2008,206,359,441,72,99,0.10258964143426295,0.17878486055776893,0.2196215139442231,0.0219123505976095,0.0249003984063745,DATASET_02_2013,Odisha_BOLANGIR_2013,0.0,195,0.021912350597609563,0.0249003984063745,0.018426294820717132,0.022410358565737053,0.09213147410358566,0.0602589641434263,258,0
Odisha,BOUDH,2013,19,20,0,49,0,39,4,10,22,37,15,24,11,17,4,217,1,107,8,31,0,34,52,706,196,248,88,28,28,0.2776203966005666,0.35127478753541075,0.12464589235127478,0.0694050991501416,0.0552407932011331,DATASET_02_2013,Odisha_BOUDH_2013,0.0,195,0.06940509915014165,0.05524079320113314,0.026912181303116147,0.014164305949008499,0.05240793201133145,0.031161473087818695,141,0
Odisha,CUTTACK,2013,51,7,0,44,0,61,20,54,117,221,77,41,2,54,11,715,29,12,1,28,0,133,806,2407,114,249,489,56,52,0.04736186123805567,0.10344827586206896,0.20315745741587038,0.0182800166181969,0.0253427503115911,DATASET_02_2013,Odisha_CUTTACK_2013,0.0,85,0.018280016618196927,0.02534275031159119,0.0211882010801828,0.022434565849605317,0.09181553801412547,0.04860822600747819,237,0
Odisha,DCP BBSR,2013,49,74,0,51,0,119,11,88,340,1582,857,78,3,256,14,818,18,92,26,58,0,166,1640,5497,245,484,2878,259,92,0.04456976532654175,0.08804802619610697,0.5235583045297435,0.0092777878843005,0.0216481717300345,DATASET_02_2013,Odisha_DCP BBSR_2013,0.0,227,0.009277787884300528,0.021648171730034565,0.00891395306530835,0.016008732035655813,0.28779334182281247,0.061851919228670185,392,0
Odisha,DCP CTC,2013,34,12,13,30,0,84,9,55,167,796,388,24,9,125,5,5,2,27,6,183,0,310,1046,2954,248,264,1415,134,29,0.08395396073121192,0.08937034529451592,0.47901150981719703,0.0101557210561949,0.0284360189573459,DATASET_02_2013,Odisha_DCP CTC_2013,0.0,246,0.010155721056194989,0.02843601895734597,0.011509817197020988,0.018618821936357482,0.2694651320243737,0.05653351387948544,237,0
Odisha,DEOGARH,2013,14,21,0,19,0,10,2,8,17,44,5,7,3,7,2,176,1,40,1,18,0,32,55,478,79,114,76,10,9,0.16527196652719664,0.2384937238493724,0.1589958158995816,0.0397489539748954,0.0209205020920502,DATASET_02_2013,Odisha_DEOGARH_2013,0.0,78,0.0397489539748954,0.02092050209205021,0.029288702928870293,0.016736401673640166,0.09205020920502092,0.03556485355648536,74,0
Odisha,DHENKANAL,2013,54,141,0,37,0,56,15,68,87,205,59,110,9,45,29,46,17,376,44,54,0,117,618,2131,528,747,434,54,139,0.24777099953073675,0.35053965274519006,0.2036602534021586,0.017362740497419,0.026278742374472,DATASET_02_2013,Odisha_DHENKANAL_2013,0.0,511,0.017362740497419052,0.02627874237447208,0.025340215861098078,0.031909901454716096,0.09619896762083528,0.04082590333176912,371,0
Odisha,GAJAPATI,2013,7,25,0,19,0,8,1,3,18,26,10,40,4,32,2,65,4,80,6,10,0,42,31,424,119,143,58,36,42,0.2806603773584906,0.33726415094339623,0.13679245283018868,0.0448113207547169,0.0188679245283018,DATASET_02_2013,Odisha_GAJAPATI_2013,0.0,115,0.04481132075471698,0.018867924528301886,0.01650943396226415,0.007075471698113208,0.06132075471698113,0.04245283018867924,63,0
Odisha,GANJAM,2013,86,243,0,80,0,65,42,69,109,193,68,108,47,73,34,343,20,407,39,40,0,48,280,2326,586,992,481,120,142,0.2519346517626827,0.42648323301805674,0.206792777300086,0.0343938091143594,0.027944969905417,DATASET_02_2013,Odisha_GANJAM_2013,0.0,566,0.034393809114359415,0.027944969905417026,0.03697334479793637,0.029664660361134996,0.08297506448839209,0.0468615649183147,585,0
Odisha,JAGATSINGHPUR,2013,53,38,0,40,0,81,14,115,133,412,100,87,10,61,24,207,30,177,7,113,0,239,477,2324,367,518,774,71,111,0.1579173838209983,0.22289156626506024,0.33304647160068845,0.0172117039586919,0.0348537005163511,DATASET_02_2013,Odisha_JAGATSINGHPUR_2013,0.0,337,0.01721170395869191,0.034853700516351116,0.02280550774526678,0.04948364888123924,0.17728055077452667,0.0572289156626506,341,0
Odisha,JAJPUR,2013,49,32,0,76,0,108,11,56,131,438,150,66,11,77,17,977,35,171,20,169,0,429,133,3008,471,503,786,88,83,0.15658244680851063,0.16722074468085107,0.2613031914893617,0.0252659574468085,0.0359042553191489,DATASET_02_2013,Odisha_JAJPUR_2013,0.0,436,0.02526595744680851,0.03590425531914894,0.016289893617021278,0.018617021276595744,0.1456117021276596,0.043550531914893616,332,0
Odisha,JHARSUGUDA,2013,22,3,0,21,0,25,9,37,82,189,44,36,19,26,9,307,6,88,5,54,0,102,174,1214,174,205,361,45,45,0.14332784184514002,0.16886326194398682,0.29736408566721584,0.0172981878088962,0.0205930807248764,DATASET_02_2013,Odisha_JHARSUGUDA_2013,0.0,168,0.01729818780889621,0.02059308072487644,0.018121911037891267,0.030477759472817133,0.1556836902800659,0.06754530477759473,117,0
Odisha,KALAHANDI,2013,42,50,0,55,0,58,5,32,57,105,18,80,23,55,15,451,9,157,21,116,0,80,324,1735,358,399,217,78,95,0.20634005763688762,0.22997118155619597,0.1250720461095101,0.031700288184438,0.0334293948126801,DATASET_02_2013,Odisha_KALAHANDI_2013,0.0,349,0.03170028818443804,0.03342939481268011,0.02420749279538905,0.018443804034582133,0.06051873198847262,0.032853025936599424,242,0
Odisha,KANDHAMAL,2013,24,11,0,43,0,53,5,15,43,68,21,10,10,55,3,340,4,101,6,37,0,1,79,909,191,252,152,65,13,0.21012101210121012,0.27722772277227725,0.16721672167216722,0.0473047304730473,0.0583058305830583,DATASET_02_2013,Odisha_KANDHAMAL_2013,0.0,187,0.047304730473047306,0.058305830583058306,0.026402640264026403,0.0165016501650165,0.0748074807480748,0.047304730473047306,151,0
Odisha,KENDRAPARA,2013,46,97,0,53,0,109,7,49,124,159,66,43,3,54,18,1278,0,26,4,41,0,0,170,2282,124,387,405,57,61,0.05433829973707274,0.16958808063102543,0.17747589833479405,0.023225241016652,0.0477651183172655,DATASET_02_2013,Odisha_KENDRAPARA_2013,0.0,124,0.02322524101665206,0.047765118317265556,0.020157756354075372,0.02147239263803681,0.06967572304995617,0.05433829973707274,361,0
Odisha,KEONJHAR,2013,92,102,18,115,0,88,16,48,117,278,105,75,43,42,17,642,29,244,20,194,0,241,156,2579,602,723,564,85,92,0.23342380767739435,0.2803412175261729,0.21868941450174487,0.0445909267157813,0.0341217526172935,DATASET_02_2013,Odisha_KEONJHAR_2013,0.0,573,0.04459092671578131,0.03412175261729353,0.03567274137262505,0.018611865063978286,0.10779371849554091,0.045366421093447074,479,0
Odisha,KHURDA,2013,43,72,0,33,0,76,20,70,98,198,63,66,9,57,13,0,17,105,8,127,0,250,719,1982,290,419,449,66,79,0.14631685166498487,0.2114026236125126,0.2265388496468214,0.0166498486377396,0.0383451059535822,DATASET_02_2013,Odisha_KHURDA_2013,0.0,273,0.016649848637739658,0.03834510595358224,0.021695257315842584,0.035317860746720484,0.09989909182643794,0.04944500504540868,314,0
Odisha,KORAPUT,2013,52,44,0,77,0,58,20,43,97,120,35,71,6,51,12,0,5,112,8,63,0,101,515,1456,265,406,315,57,83,0.1820054945054945,0.27884615384615385,0.21634615384615385,0.0528846153846153,0.0398351648351648,DATASET_02_2013,Odisha_KORAPUT_2013,0.0,260,0.052884615384615384,0.03983516483516483,0.03571428571428571,0.029532967032967032,0.08241758241758242,0.06662087912087912,294,0
Odisha,MALKANGIR,2013,34,39,0,15,0,27,6,5,22,39,4,28,18,60,5,5,2,39,6,14,0,25,105,494,76,165,76,78,33,0.15384615384615385,0.3340080971659919,0.15384615384615385,0.0303643724696356,0.0546558704453441,DATASET_02_2013,Odisha_MALKANGIR_2013,0.0,74,0.030364372469635626,0.05465587044534413,0.06882591093117409,0.010121457489878543,0.07894736842105263,0.044534412955465584,126,0
Odisha,MAYURBHANJ,2013,91,84,0,142,0,126,4,40,138,272,79,26,12,80,15,597,19,343,13,102,0,181,671,2958,619,830,533,92,41,0.209263015551048,0.2805949966193374,0.1801893171061528,0.0480054090601757,0.0425963488843813,DATASET_02_2013,Odisha_MAYURBHANJ_2013,0.0,600,0.048005409060175794,0.04259634888438134,0.030764029749830966,0.013522650439486139,0.09195402298850575,0.04665314401622718,487,0
Odisha,NAYAGARH,2013,36,142,2,30,0,55,19,58,59,141,62,48,4,45,10,483,13,13,2,23,0,72,264,1520,81,355,339,49,58,0.053289473684210525,0.23355263157894737,0.22302631578947368,0.0197368421052631,0.0361842105263157,DATASET_02_2013,Odisha_NAYAGARH_2013,0.0,68,0.019736842105263157,0.03618421052631579,0.02368421052631579,0.038157894736842106,0.09276315789473684,0.03881578947368421,342,0
Odisha,NOWRANGPUR,2013,19,24,2,67,0,71,10,14,33,76,21,65,3,29,6,147,0,111,13,68,0,52,732,1542,259,318,154,32,71,0.16796368352788585,0.20622568093385213,0.09987029831387809,0.043450064850843,0.0460440985732814,DATASET_02_2013,Odisha_NOWRANGPUR_2013,0.0,259,0.04345006485084306,0.046044098573281456,0.01232166018158236,0.009079118028534372,0.04928664072632944,0.021400778210116732,207,0
Odisha,NUAPADA,2013,17,46,0,24,0,49,11,22,41,85,30,25,5,40,7,58,7,120,14,23,0,43,443,1080,188,289,189,45,32,0.17407407407407408,0.2675925925925926,0.175,0.0222222222222222,0.0453703703703703,DATASET_02_2013,Odisha_NUAPADA_2013,0.0,181,0.022222222222222223,0.04537037037037037,0.01574074074074074,0.020370370370370372,0.0787037037037037,0.03796296296296296,169,0
Odisha,PURI,2013,64,65,0,58,0,93,10,113,189,449,180,139,5,105,13,192,24,56,5,181,0,187,1799,3753,324,459,941,110,152,0.08633093525179857,0.1223021582733813,0.2507327471356248,0.0154543032240873,0.0247801758593125,DATASET_02_2013,Odisha_PURI_2013,0.0,300,0.015454303224087397,0.02478017585931255,0.01705302424726885,0.030109245936584067,0.11963762323474554,0.050359712230215826,403,0
Odisha,RAYAGADA,2013,27,48,1,78,0,92,8,20,72,84,18,30,12,34,9,45,3,136,10,48,0,61,345,1163,275,410,202,46,39,0.236457437661221,0.352536543422184,0.17368873602751506,0.0670679277730008,0.0791057609630266,DATASET_02_2013,Odisha_RAYAGADA_2013,0.0,272,0.06706792777300086,0.07910576096302666,0.023215821152192607,0.017196904557179708,0.07222699914015478,0.061908856405846945,274,0
Odisha,ROURKELA,2013,62,18,0,71,0,61,24,67,184,515,161,31,7,66,5,236,5,134,17,32,0,151,715,2410,259,437,951,73,36,0.1074688796680498,0.1813278008298755,0.3946058091286307,0.029460580912863,0.025311203319502,DATASET_02_2013,Odisha_ROURKELA_2013,0.0,254,0.02946058091286307,0.025311203319502075,0.025726141078838173,0.02780082987551867,0.21369294605809128,0.07634854771784233,303,0
Odisha,SAMBALPUR,2013,48,95,0,81,0,56,19,114,247,513,181,70,15,68,17,53,9,63,7,37,0,179,1342,3038,197,476,1074,83,87,0.06484529295589203,0.15668202764976957,0.3535220539828835,0.0266622778143515,0.0184331797235023,DATASET_02_2013,Odisha_SAMBALPUR_2013,0.0,188,0.026662277814351546,0.018433179723502304,0.015799868334430547,0.037524687294272545,0.16886109282422646,0.08130348913759051,413,0
Odisha,SONEPUR,2013,13,18,0,17,0,13,4,9,45,84,18,15,0,34,0,12,1,67,1,44,0,46,227,650,130,141,160,34,15,0.2,0.2169230769230769,0.24615384615384617,0.0261538461538461,0.02,DATASET_02_2013,Odisha_SONEPUR_2013,0.0,129,0.026153846153846153,0.02,0.02,0.013846153846153847,0.12923076923076923,0.06923076923076923,74,0
Odisha,SRP(CUTTACK),2013,3,2,0,0,0,0,2,12,6,375,39,0,0,10,0,6,0,3,0,1,0,0,60,482,4,22,434,10,0,0.008298755186721992,0.04564315352697095,0.9004149377593361,0.0,0.0,DATASET_02_2013,Odisha_SRP(CUTTACK)_2013,0.0,4,0.0,0.0,0.006224066390041493,0.024896265560165973,0.7780082987551867,0.012448132780082987,19,1
Odisha,SRP(ROURKELA),2013,6,2,0,1,0,5,1,12,17,288,26,0,0,3,0,0,0,15,0,0,0,4,85,443,16,42,344,3,0,0.03611738148984198,0.09480812641083522,0.7765237020316027,0.0022573363431151,0.0112866817155756,DATASET_02_2013,Odisha_SRP(ROURKELA)_2013,0.0,16,0.002257336343115124,0.011286681715575621,0.013544018058690745,0.02708803611738149,0.6501128668171557,0.03837471783295711,27,1
Odisha,SUNDARGARH,2013,59,55,1,53,0,44,7,21,71,199,42,38,6,37,9,457,8,88,3,25,0,207,185,1576,177,328,340,43,47,0.11230964467005077,0.20812182741116753,0.21573604060913706,0.0336294416243654,0.0279187817258883,DATASET_02_2013,Odisha_SUNDARGARH_2013,0.0,169,0.03362944162436548,0.027918781725888325,0.037436548223350255,0.0133248730964467,0.12626903553299493,0.0450507614213198,240,0
Punjab,AMRITSAR RURAL,2013,44,55,4,34,0,67,1,9,96,222,35,0,14,142,5,205,3,60,1,50,0,167,300,1491,148,274,363,156,5,0.09926224010731052,0.18376928236083165,0.24346076458752516,0.0228034875922199,0.044936284372904,DATASET_02_2013,Punjab_AMRITSAR RURAL_2013,0.0,145,0.022803487592219986,0.04493628437290409,0.029510395707578806,0.006036217303822937,0.1488933601609658,0.06438631790744467,214,0
Punjab,BARNALA,2013,14,22,2,17,0,44,0,2,60,128,64,0,8,26,4,65,2,11,0,17,0,81,263,771,47,112,254,34,4,0.0609597924773022,0.14526588845654995,0.32944228274967574,0.0220492866407263,0.0570687418936446,DATASET_02_2013,Punjab_BARNALA_2013,0.0,45,0.02204928664072633,0.057068741893644616,0.018158236057068743,0.0025940337224383916,0.16601815823605706,0.07782101167315175,101,0
Punjab,BATALA,2013,25,23,4,31,0,31,1,9,52,70,36,0,7,63,1,155,1,26,0,35,0,57,229,826,93,150,168,70,1,0.11259079903147699,0.18159806295399517,0.2033898305084746,0.0375302663438256,0.0375302663438256,DATASET_02_2013,Punjab_BATALA_2013,0.0,92,0.03753026634382567,0.03753026634382567,0.03026634382566586,0.010895883777239709,0.0847457627118644,0.06295399515738499,124,0
Punjab,BHATINDA,2013,36,51,6,52,0,62,0,2,225,326,198,0,17,157,9,229,4,57,2,89,0,120,644,2096,204,266,751,174,9,0.09732824427480916,0.1269083969465649,0.3583015267175573,0.0248091603053435,0.0295801526717557,DATASET_02_2013,Punjab_BHATINDA_2013,0.0,200,0.02480916030534351,0.029580152671755726,0.01717557251908397,0.0009541984732824427,0.15553435114503816,0.10734732824427481,209,0
Punjab,CP AMRITSAR,2013,18,55,4,29,0,62,2,6,102,259,99,0,17,255,3,157,4,53,4,101,0,78,436,1652,191,229,468,272,3,0.11561743341404358,0.13861985472154964,0.28329297820823246,0.0175544794188861,0.0375302663438256,DATASET_02_2013,Punjab_CP AMRITSAR_2013,0.0,187,0.017554479418886198,0.03753026634382567,0.010895883777239709,0.0036319612590799033,0.15677966101694915,0.06174334140435835,176,0
Punjab,CP JALANDHAR,2013,23,33,4,41,0,67,0,11,179,388,163,0,6,232,2,129,11,78,14,162,0,64,447,1894,306,257,741,238,2,0.16156282998944033,0.13569165786694826,0.39123548046462514,0.0216473072861668,0.0353748680042238,DATASET_02_2013,Punjab_CP JALANDHAR_2013,0.0,295,0.02164730728616684,0.03537486800422387,0.012143611404435059,0.005807814149947202,0.20485744456177402,0.0945089757127772,179,0
Punjab,CP LUDHIANA,2013,71,72,6,109,0,145,3,10,198,495,243,0,46,305,2,193,13,81,21,140,0,247,1025,3194,364,497,949,351,2,0.11396368190356919,0.15560425798371946,0.2971195992485911,0.0341264871634314,0.0453976205385097,DATASET_02_2013,Punjab_CP LUDHIANA_2013,0.0,351,0.03412648716343143,0.04539762053850971,0.022229179711959923,0.0031308703819661866,0.15497808390732623,0.061991233562930494,416,0
Punjab,FARIDKOT,2013,15,26,3,20,0,21,0,1,50,72,24,0,7,46,2,113,3,29,0,21,0,3,291,724,73,115,147,53,2,0.10082872928176796,0.15883977900552487,0.20303867403314918,0.0276243093922651,0.0290055248618784,DATASET_02_2013,Punjab_FARIDKOT_2013,0.0,70,0.027624309392265192,0.029005524861878452,0.020718232044198894,0.0013812154696132596,0.09944751381215469,0.06906077348066299,86,0
Punjab,FATEHGARH SAHIB,2013,12,11,5,17,0,22,0,2,51,68,36,0,3,127,0,133,1,13,0,47,0,110,183,811,78,82,157,130,0,0.09617755856966707,0.10110974106041924,0.1935881627620222,0.0209617755856966,0.0271270036991368,DATASET_02_2013,Punjab_FATEHGARH SAHIB_2013,0.0,77,0.02096177558569667,0.027127003699136867,0.014796547472256474,0.002466091245376079,0.08384710234278668,0.06288532675709001,69,0
Punjab,FAZILKA,2013,20,23,2,34,0,32,0,3,67,109,44,0,5,65,0,167,4,14,4,33,0,40,239,863,89,128,223,70,0,0.10312862108922363,0.14831981460023175,0.25840092699884126,0.0393974507531865,0.0370799536500579,DATASET_02_2013,Punjab_FAZILKA_2013,0.0,85,0.039397450753186555,0.03707995365005794,0.023174971031286212,0.0034762456546929316,0.12630359212050984,0.0776361529548088,114,0
Punjab,FEROZPUR,2013,31,43,6,17,0,33,0,2,86,156,55,0,17,128,5,193,3,8,0,48,0,90,359,1233,76,140,299,145,5,0.06163828061638281,0.11354420113544202,0.24249797242497972,0.0137875101378751,0.0267639902676399,DATASET_02_2013,Punjab_FEROZPUR_2013,0.0,73,0.013787510137875101,0.0267639902676399,0.025141930251419302,0.0016220600162206002,0.12652068126520682,0.06974858069748581,132,0
Punjab,G.R.P,2013,10,4,0,2,0,2,0,3,2,85,15,0,0,0,0,7,0,5,0,0,0,0,279,419,7,26,105,0,0,0.016706443914081145,0.06205250596658711,0.25059665871121717,0.0047732696897374,0.0047732696897374,DATASET_02_2013,Punjab_G.R.P_2013,0.0,7,0.00477326968973747,0.00477326968973747,0.02386634844868735,0.007159904534606206,0.20286396181384247,0.00477326968973747,21,1
Punjab,GURDASPUR,2013,9,24,4,23,0,42,0,3,42,110,27,0,8,56,1,120,3,41,1,44,0,98,252,884,112,146,182,64,1,0.12669683257918551,0.16515837104072398,0.20588235294117646,0.0260180995475113,0.0475113122171945,DATASET_02_2013,Punjab_GURDASPUR_2013,0.0,109,0.026018099547511313,0.04751131221719457,0.010180995475113122,0.003393665158371041,0.1244343891402715,0.04751131221719457,105,0
Punjab,HOSHIARPUR,2013,52,36,6,36,0,39,0,25,141,171,38,0,7,149,7,204,5,54,0,154,0,217,355,1667,249,248,375,156,7,0.14937012597480503,0.14877024595080984,0.22495500899820037,0.0215956808638272,0.0233953209358128,DATASET_02_2013,Punjab_HOSHIARPUR_2013,0.0,244,0.021595680863827234,0.023395320935812838,0.03119376124775045,0.014997000599880024,0.10257948410317937,0.08458308338332333,194,0
Punjab,JALANDHAR RURAL,2013,39,54,4,39,0,26,4,8,137,182,51,0,2,231,2,202,5,51,5,71,0,149,364,1579,171,225,382,233,2,0.10829639012032932,0.14249525015832806,0.24192526915769474,0.0246991766941101,0.0164661177960734,DATASET_02_2013,Punjab_JALANDHAR RURAL_2013,0.0,166,0.024699176694110196,0.016466117796073463,0.024699176694110196,0.00506649778340722,0.11526282457251424,0.08676377454084863,174,0
Punjab,KAPURTHALA,2013,31,24,1,30,0,42,2,6,97,159,35,0,7,172,2,183,7,40,0,62,0,93,305,1267,139,176,299,179,2,0.10970797158642462,0.13891081294396213,0.23599052880820837,0.0236779794790844,0.0331491712707182,DATASET_02_2013,Punjab_KAPURTHALA_2013,0.0,132,0.02367797947908445,0.03314917127071823,0.0244672454617206,0.004735595895816891,0.1254932912391476,0.07655880031570639,136,0
Punjab,KHANNA,2013,22,25,5,16,0,31,0,4,81,189,54,0,8,57,0,104,2,29,6,24,0,124,243,971,77,132,328,65,0,0.07929969104016478,0.13594232749742532,0.33779608650875387,0.0164778578784757,0.0319258496395468,DATASET_02_2013,Punjab_KHANNA_2013,0.0,75,0.016477857878475798,0.03192584963954686,0.02265705458290422,0.004119464469618949,0.19464469618949537,0.08341915550978372,103,0
Punjab,LUDHIANA RURAL,2013,19,16,1,17,0,49,1,2,72,103,30,0,8,79,1,92,2,18,1,20,0,67,291,864,58,123,208,87,1,0.06712962962962964,0.1423611111111111,0.24074074074074073,0.0196759259259259,0.0567129629629629,DATASET_02_2013,Punjab_LUDHIANA RURAL_2013,0.0,56,0.019675925925925927,0.056712962962962965,0.02199074074074074,0.0023148148148148147,0.11921296296296297,0.08333333333333333,105,0
Punjab,MANSA,2013,15,20,5,18,0,13,0,0,57,57,26,0,7,43,1,79,1,16,2,23,0,64,210,640,60,87,140,50,1,0.09375,0.1359375,0.21875,0.028125,0.0203125,DATASET_02_2013,Punjab_MANSA_2013,0.0,59,0.028125,0.0203125,0.0234375,0.0,0.0890625,0.0890625,71,1
Punjab,MOGA,2013,28,41,1,29,0,41,1,4,86,134,47,0,14,116,4,129,5,22,0,24,0,78,283,1044,80,167,272,130,4,0.07662835249042145,0.15996168582375478,0.26053639846743293,0.0277777777777777,0.0392720306513409,DATASET_02_2013,Punjab_MOGA_2013,0.0,75,0.027777777777777776,0.039272030651340994,0.02681992337164751,0.0038314176245210726,0.12835249042145594,0.08237547892720307,145,0
Punjab,MUKTSAR,2013,16,27,3,18,0,55,0,2,71,99,28,0,10,70,0,108,3,20,1,39,0,62,197,804,81,141,200,80,0,0.10074626865671642,0.17537313432835822,0.24875621890547264,0.0223880597014925,0.0684079601990049,DATASET_02_2013,Punjab_MUKTSAR_2013,0.0,78,0.022388059701492536,0.06840796019900497,0.01990049751243781,0.0024875621890547263,0.12313432835820895,0.08830845771144279,121,0
Punjab,PATHANKOT,2013,7,5,3,11,0,20,0,1,26,28,14,0,4,69,1,21,0,10,0,32,0,68,131,437,53,57,69,73,1,0.12128146453089245,0.13043478260869565,0.15789473684210525,0.0251716247139588,0.045766590389016,DATASET_02_2013,Punjab_PATHANKOT_2013,0.0,53,0.02517162471395881,0.04576659038901602,0.016018306636155607,0.002288329519450801,0.06407322654462243,0.059496567505720827,47,1
Punjab,PATIALA,2013,40,59,8,56,0,70,0,1,202,350,153,0,12,328,5,231,11,84,2,159,0,326,908,2869,312,318,706,340,5,0.10874869292436389,0.11084001394214012,0.24607877309166956,0.0195189961659114,0.0243987452073893,DATASET_02_2013,Punjab_PATIALA_2013,0.0,301,0.01951899616591147,0.024398745207389334,0.013942140118508192,0.0003485535029627048,0.12199372603694666,0.07040780759846636,234,0
Punjab,ROPAR,2013,13,19,1,30,0,60,0,3,73,123,56,0,2,59,4,120,4,29,0,27,0,132,316,1016,90,155,255,61,4,0.08858267716535433,0.15255905511811024,0.25098425196850394,0.0295275590551181,0.0590551181102362,DATASET_02_2013,Punjab_ROPAR_2013,0.0,86,0.02952755905511811,0.05905511811023622,0.012795275590551181,0.002952755905511811,0.12106299212598425,0.0718503937007874,126,0
Punjab,SANGRUR,2013,24,62,8,56,0,60,1,2,120,191,85,0,14,148,4,206,11,48,2,63,0,157,891,2078,180,261,399,162,4,0.08662175168431184,0.12560153994225218,0.19201154956689123,0.026948989412897,0.0288739172281039,DATASET_02_2013,Punjab_SANGRUR_2013,0.0,169,0.026948989412897015,0.028873917228103944,0.011549566891241578,0.0009624639076034649,0.09191530317613089,0.05774783445620789,213,0
Punjab,SAS NGR,2013,30,32,3,51,0,91,1,7,180,424,221,0,23,478,0,108,10,92,0,191,0,493,608,2826,344,307,833,501,0,0.12172682236376504,0.1086341118188252,0.29476291578202407,0.0180467091295116,0.0322009907997169,DATASET_02_2013,Punjab_SAS NGR_2013,0.0,334,0.018046709129511677,0.032200990799716916,0.010615711252653927,0.0024769992922859165,0.15003538570417552,0.06369426751592357,215,0
Punjab,SBS NAGAR,2013,11,17,3,21,0,13,0,10,75,86,21,0,11,77,0,110,1,13,1,31,0,87,103,671,67,88,192,88,0,0.09985096870342772,0.13114754098360656,0.28614008941877794,0.0312965722801788,0.0193740685543964,DATASET_02_2013,Punjab_SBS NAGAR_2013,0.0,66,0.03129657228017884,0.019374068554396422,0.01639344262295082,0.014903129657228018,0.12816691505216096,0.11177347242921014,75,0
Punjab,TARN TARAN,2013,36,44,2,34,0,34,1,3,79,101,23,0,6,127,0,153,7,43,0,34,0,111,248,1076,118,197,207,133,0,0.10966542750929369,0.18308550185873607,0.19237918215613384,0.0315985130111524,0.0315985130111524,DATASET_02_2013,Punjab_TARN TARAN_2013,0.0,111,0.031598513011152414,0.031598513011152414,0.03345724907063197,0.0027881040892193307,0.09386617100371747,0.07342007434944238,154,0
Rajasthan,AJMER,2013,49,50,9,100,0,207,4,22,287,955,561,6,28,1402,10,314,16,166,1,863,0,527,3615,8636,1146,607,1829,1430,16,0.13270032422417785,0.07028716998610468,0.2117878647522001,0.0115794349235757,0.0239694302918017,DATASET_02_2013,Rajasthan_AJMER_2013,0.0,1130,0.01157943492357573,0.02396943029180176,0.005673923112552107,0.0025474756831866605,0.11058360352014822,0.03323297823066235,441,0
Rajasthan,ALWAR,2013,115,85,6,316,0,363,4,66,314,3964,2893,6,30,1349,21,3063,42,288,0,707,0,558,3377,14677,1353,1243,7241,1379,27,0.09218505144103019,0.08469033181167814,0.4933569530558016,0.021530285480684,0.0247325747768617,DATASET_02_2013,Rajasthan_ALWAR_2013,0.0,1311,0.021530285480684065,0.024732574776861756,0.007835388703413505,0.004496831777611229,0.2700824419159229,0.02139401785105948,955,0
Rajasthan,BANSWARA,2013,36,11,0,117,0,110,2,18,73,120,67,39,7,152,13,705,13,108,0,205,0,178,876,2784,443,402,280,159,52,0.1591235632183908,0.14439655172413793,0.10057471264367816,0.0420258620689655,0.0395114942528735,DATASET_02_2013,Rajasthan_BANSWARA_2013,0.0,430,0.04202586206896552,0.039511494252873564,0.01293103448275862,0.00646551724137931,0.04310344827586207,0.02622126436781609,294,0
Rajasthan,BARAN,2013,24,55,2,66,0,102,0,4,44,308,153,1,18,246,11,328,1,208,0,289,0,121,1505,3333,564,461,509,264,12,0.1692169216921692,0.13831383138313832,0.15271527152715272,0.0198019801980198,0.0306030603060306,DATASET_02_2013,Rajasthan_BARAN_2013,0.0,563,0.019801980198019802,0.0306030603060306,0.0072007200720072,0.0012001200120012002,0.0924092409240924,0.013201320132013201,253,0
Rajasthan,BARMER,2013,31,27,1,55,0,27,1,11,150,389,224,0,7,350,26,409,21,190,0,274,0,217,1808,3996,540,343,775,357,26,0.13513513513513514,0.08583583583583583,0.19394394394394393,0.0137637637637637,0.0067567567567567,DATASET_02_2013,Rajasthan_BARMER_2013,0.0,519,0.013763763763763764,0.006756756756756757,0.007757757757757758,0.0027527527527527527,0.09734734734734735,0.03753753753753754,153,0
Rajasthan,BHARATPUR,2013,94,86,2,164,0,293,2,37,91,2068,1365,1,8,822,24,60,34,156,0,574,0,249,5430,10203,928,834,3563,830,25,0.0909536410859551,0.08174066451043811,0.349211016367735,0.0160737038126041,0.0287170440066647,DATASET_02_2013,Rajasthan_BHARATPUR_2013,0.0,894,0.016073703812604135,0.028717044006664708,0.009212976575517005,0.003626384396746055,0.2026854846613741,0.00891894540821327,678,0
Rajasthan,BHILWARA,2013,30,40,5,101,0,128,1,34,197,689,377,8,4,626,5,46,8,135,0,652,0,331,2447,5489,896,474,1298,630,13,0.16323556203315723,0.08635452723629077,0.23647294589178355,0.0184004372381125,0.0233193660047367,DATASET_02_2013,Rajasthan_BHILWARA_2013,0.0,888,0.018400437238112587,0.023319366004736747,0.005465476407360175,0.006194206595008198,0.125523774822372,0.03588996174166515,339,0
Rajasthan,BIKANER,2013,49,61,7,100,0,81,2,9,140,346,148,0,7,740,16,265,18,63,0,516,0,275,2282,4978,697,372,645,747,16,0.14001607071112895,0.07472880674969867,0.12957010847730013,0.0200883889112093,0.0162715950180795,DATASET_02_2013,Rajasthan_BIKANER_2013,0.0,679,0.020088388911209322,0.01627159501807955,0.009843310566492567,0.0018079550020088388,0.06950582563278425,0.02812374447569305,309,0
Rajasthan,BUNDI,2013,24,22,2,63,0,104,1,6,63,201,98,4,15,315,5,646,2,117,0,326,0,155,1221,3292,508,339,369,330,9,0.1543134872417983,0.10297691373025517,0.11208991494532199,0.0191373025516403,0.031591737545565,DATASET_02_2013,Rajasthan_BUNDI_2013,0.0,506,0.01913730255164034,0.031591737545565005,0.007290400972053463,0.0018226002430133657,0.06105710814094775,0.01913730255164034,222,0
Rajasthan,CHITTORGARH,2013,45,46,0,93,0,165,0,17,156,440,237,26,23,411,12,816,4,142,0,782,1,227,1573,4980,1022,508,850,434,38,0.20522088353413653,0.10200803212851406,0.1706827309236948,0.0186746987951807,0.0331325301204819,DATASET_02_2013,Rajasthan_CHITTORGARH_2013,0.0,1017,0.018674698795180723,0.03313253012048193,0.009036144578313253,0.0034136546184738957,0.08835341365461848,0.03132530120481928,366,0
Rajasthan,CHURU,2013,31,42,4,73,0,88,0,4,120,233,86,0,5,557,17,427,10,15,0,420,0,192,1487,3725,518,257,443,562,17,0.13906040268456377,0.06899328859060402,0.11892617449664429,0.0195973154362416,0.0236241610738255,DATASET_02_2013,Rajasthan_CHURU_2013,0.0,508,0.01959731543624161,0.023624161073825502,0.00832214765100671,0.0010738255033557046,0.0625503355704698,0.032214765100671144,242,0
Rajasthan,DAUSA,2013,44,25,1,41,0,128,0,11,47,1160,778,68,9,487,7,34,11,163,0,221,0,231,2982,5673,436,413,1996,496,75,0.0768552793936189,0.07280098713202891,0.35184205887537456,0.0072272166402256,0.0225630178036312,DATASET_02_2013,Rajasthan_DAUSA_2013,0.0,425,0.00722721664022563,0.022563017803631236,0.007756037369998237,0.0019390093424995593,0.20447734884540808,0.008284858099770845,250,0
Rajasthan,DHOLPUR,2013,40,52,1,56,0,91,2,10,50,420,204,0,5,189,11,1219,40,28,0,196,0,114,1360,3889,320,280,686,194,11,0.08228336333247621,0.07199794291591669,0.1763949601439959,0.0143995885831833,0.0233993314476729,DATASET_02_2013,Rajasthan_DHOLPUR_2013,0.0,280,0.014399588583183338,0.023399331447672922,0.010285420416559526,0.0025713551041398816,0.10799691437387503,0.012856775520699408,252,0
Rajasthan,DISCOM,2013,0,0,0,0,0,0,0,0,0,0,0,0,0,0,0,0,0,0,0,0,0,0,0,0,0,0,0,0,0,,,,,,DATASET_02_2013,Rajasthan_DISCOM_2013,0.0,0,,,,,,,0,1
Rajasthan,DUNGARPUR,2013,32,9,1,86,0,109,0,9,50,95,48,12,32,63,11,141,6,99,0,175,0,141,1309,2380,366,345,202,95,23,0.15378151260504203,0.14495798319327732,0.08487394957983194,0.0361344537815126,0.045798319327731,DATASET_02_2013,Rajasthan_DUNGARPUR_2013,0.0,360,0.03613445378151261,0.04579831932773109,0.013445378151260505,0.003781512605042017,0.03991596638655462,0.02100840336134454,246,0
Rajasthan,G.R.P.AJMER,2013,4,2,0,1,0,9,5,4,1,670,30,3,3,4,0,1,1,10,1,0,0,3,141,864,13,35,710,7,3,0.015046296296296295,0.04050925925925926,0.8217592592592593,0.0011574074074074,0.0104166666666666,DATASET_02_2013,Rajasthan_G.R.P.AJMER_2013,0.0,12,0.0011574074074074073,0.010416666666666666,0.004629629629629629,0.004629629629629629,0.7754629629629629,0.0011574074074074073,25,1
Rajasthan,G.R.P.JODHPUR,2013,3,1,0,0,0,1,0,1,0,111,14,0,0,0,0,0,0,3,0,0,0,2,32,155,3,9,126,0,0,0.01935483870967742,0.05806451612903226,0.8129032258064516,0.0,0.0064516129032258,DATASET_02_2013,Rajasthan_G.R.P.JODHPUR_2013,0.0,3,0.0,0.0064516129032258064,0.01935483870967742,0.0064516129032258064,0.7161290322580646,0.0,6,1
Rajasthan,GANGANAGAR,2013,38,65,1,151,0,156,0,3,187,330,172,0,15,1043,3,707,20,127,3,957,0,206,2334,6347,1258,541,692,1058,3,0.19820387584685678,0.08523711989916496,0.1090278871907988,0.0237907672916338,0.0245785410430124,DATASET_02_2013,Rajasthan_GANGANAGAR_2013,0.0,1238,0.023790767291633843,0.024578541043012447,0.005987080510477391,0.00047266425082716245,0.05199306759098787,0.029462738301559793,414,0
Rajasthan,HANUMANGARH,2013,52,64,1,105,0,104,0,6,112,265,134,0,5,746,6,415,15,121,1,599,0,188,2020,4825,841,453,517,751,6,0.17430051813471503,0.0938860103626943,0.1071502590673575,0.021761658031088,0.0215544041450777,DATASET_02_2013,Rajasthan_HANUMANGARH_2013,0.0,826,0.021761658031088083,0.02155440414507772,0.01077720207253886,0.001243523316062176,0.054922279792746116,0.023212435233160623,332,0
Rajasthan,JAIPUR EAST,2013,36,33,6,49,0,125,3,116,461,3156,2689,65,15,849,16,86,5,107,0,267,0,209,2269,7878,428,475,6425,864,81,0.05432850977405433,0.0602944909875603,0.8155623254633155,0.0062198527545062,0.0158669713125158,DATASET_02_2013,Rajasthan_JAIPUR EAST_2013,0.0,423,0.00621985275450622,0.015866971312515868,0.00456968773800457,0.014724549378014725,0.4006092916984006,0.05851739020055852,368,0
Rajasthan,JAIPUR NORTH,2013,19,19,2,37,0,121,3,72,130,907,660,14,27,805,1,295,4,68,0,300,0,72,1109,4005,409,341,1772,832,15,0.1021223470661673,0.08514357053682896,0.44244694132334583,0.0092384519350811,0.0302122347066167,DATASET_02_2013,Rajasthan_JAIPUR NORTH_2013,0.0,405,0.009238451935081148,0.030212234706616728,0.004744069912609238,0.017977528089887642,0.2264669163545568,0.03245942571785269,273,0
Rajasthan,JAIPUR RURAL,2013,54,33,1,68,0,125,8,24,181,702,279,24,15,804,24,343,8,120,0,269,0,409,2984,6198,465,433,1194,819,48,0.07502420135527589,0.06986124556308487,0.19264278799612777,0.0109712810584059,0.0201677960632462,DATASET_02_2013,Rajasthan_JAIPUR RURAL_2013,0.0,457,0.010971281058405937,0.02016779606324621,0.008712487899322363,0.003872216844143272,0.1132623426911907,0.02920296869958051,313,0
Rajasthan,JAIPUR SOUTH,2013,21,21,0,42,0,95,1,98,261,1687,1378,19,89,886,7,112,7,39,0,214,0,178,1675,5452,302,317,3425,975,26,0.0553925165077036,0.05814380044020543,0.6282098312545855,0.0077035950110051,0.0174247982391782,DATASET_02_2013,Rajasthan_JAIPUR SOUTH_2013,0.0,295,0.007703595011005136,0.017424798239178283,0.003851797505502568,0.01797505502567865,0.3094277329420396,0.047872340425531915,278,0
Rajasthan,JAIPUR WEST,2013,29,21,2,64,0,181,2,97,386,1412,1091,3,166,1360,7,299,5,69,0,329,0,272,1947,6653,467,465,2988,1526,10,0.0701938974898542,0.06989328122651435,0.44912069742973093,0.009619720426875,0.0272057718322561,DATASET_02_2013,Rajasthan_JAIPUR WEST_2013,0.0,462,0.009619720426875094,0.027205771832256125,0.004358935818427777,0.014579888771982564,0.21223508191793175,0.05801893882459041,396,0
Rajasthan,JAISALMER,2013,8,1,0,17,0,19,0,7,40,108,33,4,0,202,6,279,4,88,0,37,0,83,531,1434,146,140,188,202,10,0.10181311018131102,0.09762900976290098,0.13110181311018132,0.0118549511854951,0.0132496513249651,DATASET_02_2013,Rajasthan_JAISALMER_2013,0.0,142,0.011854951185495118,0.013249651324965132,0.005578800557880056,0.0048814504881450485,0.07531380753138076,0.02789400278940028,52,0
Rajasthan,JALORE,2013,33,21,0,44,0,50,1,12,99,218,103,10,3,252,10,6,12,72,0,180,0,135,1434,2593,308,233,433,255,20,0.11878133436174315,0.08985730813729272,0.16698804473582723,0.0169687620516775,0.0192826841496336,DATASET_02_2013,Rajasthan_JALORE_2013,0.0,296,0.016968762051677595,0.01928268414963363,0.012726571538758195,0.004627844195912071,0.08407250289240262,0.03817971461627458,161,0
Rajasthan,JHALAWAR,2013,54,60,4,117,0,141,1,25,94,400,231,42,3,205,28,750,5,307,5,478,0,109,1296,4133,912,709,751,208,70,0.22066295669005564,0.17154609242680863,0.18170820227437698,0.0283087345753689,0.0341156544882651,DATASET_02_2013,Rajasthan_JHALAWAR_2013,0.0,907,0.02830873457536898,0.03411565448826518,0.013065569804016453,0.006048874909266876,0.09678199854827002,0.022743769658843456,402,0
Rajasthan,JHUNJHUNU,2013,59,37,4,72,0,81,0,11,124,382,159,9,3,717,10,591,12,40,0,405,0,275,1918,4752,529,304,676,720,19,0.11132154882154882,0.06397306397306397,0.14225589225589225,0.0151515151515151,0.0170454545454545,DATASET_02_2013,Rajasthan_JHUNJHUNU_2013,0.0,517,0.015151515151515152,0.017045454545454544,0.012415824915824917,0.0023148148148148147,0.08038720538720538,0.026094276094276093,264,0
Rajasthan,JODHPUR EAST,2013,20,55,1,20,0,65,0,20,106,523,324,0,2,510,10,496,1,51,0,205,0,125,608,2818,277,232,973,512,10,0.09829666430092264,0.0823278921220724,0.3452803406671398,0.0070972320794889,0.0230660042583392,DATASET_02_2013,Rajasthan_JODHPUR EAST_2013,0.0,276,0.007097232079488999,0.023066004258339247,0.007097232079488999,0.007097232079488999,0.18559261887863734,0.03761533002129169,181,0
Rajasthan,JODHPUR RURAL,2013,31,41,1,50,0,59,2,11,127,287,62,1,2,233,15,656,11,88,0,166,0,233,918,2932,315,283,489,235,16,0.10743519781718963,0.09652114597544338,0.16678035470668487,0.0170532060027285,0.0201227830832196,DATASET_02_2013,Rajasthan_JODHPUR RURAL_2013,0.0,304,0.017053206002728513,0.020122783083219645,0.010572987721691678,0.003751705320600273,0.09788540245566166,0.04331514324693042,195,0
Rajasthan,JODHPUR WEST,2013,25,55,2,50,0,65,2,69,198,704,488,0,10,348,17,364,6,90,0,168,0,132,683,2989,314,358,1461,358,17,0.1050518568082971,0.11977249916359986,0.4887922382067581,0.0167280026764804,0.0217464034794245,DATASET_02_2013,Rajasthan_JODHPUR WEST_2013,0.0,308,0.01672800267648043,0.021746403479424557,0.008364001338240215,0.023084643693542992,0.23553027768484444,0.0662428905988625,268,0
Rajasthan,KARAULI,2013,34,32,1,48,0,119,2,15,32,846,551,1,2,237,13,0,13,79,0,179,0,103,2876,4636,319,330,1446,239,14,0.06880931837791199,0.07118205349439172,0.31190681622088007,0.0103537532355478,0.0256686798964624,DATASET_02_2013,Rajasthan_KARAULI_2013,0.0,306,0.010353753235547885,0.025668679896462467,0.007333908541846419,0.0032355478861087143,0.18248490077653148,0.006902502157031924,251,0
Rajasthan,KOTA CITY,2013,19,75,1,86,0,204,1,19,112,840,612,0,9,905,4,84,6,101,5,512,0,105,1774,4872,710,506,1584,914,4,0.14573070607553365,0.10385878489326765,0.3251231527093596,0.0176518883415435,0.041871921182266,DATASET_02_2013,Rajasthan_KOTA CITY_2013,0.0,704,0.017651888341543513,0.04187192118226601,0.0038998357963875205,0.0038998357963875205,0.1724137931034483,0.022988505747126436,405,0
Rajasthan,KOTA RURAL,2013,20,48,0,45,0,70,2,9,61,169,84,4,12,217,6,159,0,166,0,247,0,108,1060,2408,458,360,325,229,10,0.19019933554817275,0.14950166112956811,0.13496677740863788,0.018687707641196,0.0290697674418604,DATASET_02_2013,Rajasthan_KOTA RURAL_2013,0.0,458,0.018687707641196014,0.029069767441860465,0.008305647840531562,0.003737541528239203,0.0701827242524917,0.025332225913621262,194,0
Rajasthan,NAGAUR,2013,57,57,0,97,0,116,0,6,199,427,189,0,10,576,7,91,20,110,0,500,0,311,2602,5186,727,443,821,586,7,0.1401851137678365,0.08542229078287698,0.1583108368684921,0.0187042036251446,0.022367913613575,DATASET_02_2013,Rajasthan_NAGAUR_2013,0.0,707,0.01870420362514462,0.02236791361357501,0.010991129965291169,0.0011569610489780178,0.08233706131893559,0.03837254145777092,333,0
Rajasthan,PALI,2013,47,64,0,92,0,140,0,38,236,410,200,0,9,586,8,217,16,222,0,512,0,295,3260,6152,842,603,884,595,8,0.1368660598179454,0.09801690507152146,0.14369310793237972,0.0149544863459037,0.0227568270481144,DATASET_02_2013,Rajasthan_PALI_2013,0.0,826,0.01495448634590377,0.022756827048114433,0.007639791937581275,0.006176853055916775,0.06664499349804942,0.03836150845253576,381,0
Rajasthan,PRATAPGARH,2013,27,29,0,200,0,152,0,7,47,137,50,27,2,205,8,638,6,171,0,333,0,69,878,2936,710,586,241,207,35,0.24182561307901906,0.19959128065395096,0.08208446866485014,0.0681198910081744,0.0517711171662125,DATASET_02_2013,Rajasthan_PRATAPGARH_2013,0.0,704,0.0681198910081744,0.051771117166212535,0.009196185286103543,0.0023841961852861036,0.04666212534059946,0.01600817438692098,415,0
Rajasthan,RAJSAMAND,2013,15,16,0,40,0,75,1,25,76,183,95,25,8,309,10,534,9,72,1,271,0,203,697,2571,393,244,380,317,35,0.1528588098016336,0.09490470633994555,0.14780241151302995,0.0155581485803189,0.029171528588098,DATASET_02_2013,Rajasthan_RAJSAMAND_2013,0.0,384,0.015558148580318941,0.029171528588098017,0.005834305717619603,0.009723842862699339,0.07117852975495916,0.02956048230260599,172,0
Rajasthan,SAWAI MADHOPUR,2013,32,29,2,39,0,89,0,9,43,640,454,0,3,309,9,0,5,60,0,206,0,90,2511,4077,310,260,1146,312,9,0.07603630120186411,0.06377238165317635,0.28108903605592345,0.0095658572479764,0.0218297767966642,DATASET_02_2013,Rajasthan_SAWAI MADHOPUR_2013,0.0,305,0.009565857247976454,0.021829776796664212,0.007848908511160166,0.002207505518763797,0.15697817022320334,0.010546970811871474,200,0
Rajasthan,SIKAR,2013,68,41,3,73,0,186,3,12,250,779,330,15,9,1157,33,188,13,50,0,397,0,370,3293,6941,533,436,1374,1166,48,0.07679008788359026,0.0628151563175335,0.19795418527589684,0.0105172165394035,0.0267972914565624,DATASET_02_2013,Rajasthan_SIKAR_2013,0.0,520,0.010517216539403544,0.026797291456562455,0.009796859242184123,0.00172885751332661,0.11223166690678577,0.03601786486097104,386,0
Rajasthan,SIROHI,2013,37,27,2,47,0,63,0,6,65,119,57,4,12,230,6,386,8,109,0,213,0,165,649,2148,377,291,247,242,10,0.175512104283054,0.13547486033519554,0.11499068901303539,0.0218808193668528,0.0293296089385474,DATASET_02_2013,Rajasthan_SIROHI_2013,0.0,369,0.021880819366852888,0.029329608938547486,0.01722532588454376,0.002793296089385475,0.05540037243947858,0.03026070763500931,182,0
Rajasthan,TONK,2013,15,17,0,33,0,81,0,2,106,285,134,35,6,361,6,1204,5,75,8,352,0,178,1253,4022,473,223,527,367,41,0.11760318249627051,0.055445052212829436,0.13102933863749378,0.0082048731974142,0.0201392342118349,DATASET_02_2013,Rajasthan_TONK_2013,0.0,468,0.008204873197414222,0.02013923421183491,0.0037294878170064643,0.0004972650422675286,0.07086026852312283,0.026355047240179015,148,0
Rajasthan,UDAIPUR,2013,72,87,11,167,0,298,3,83,267,843,444,66,12,1031,25,1381,10,336,0,598,0,428,2489,8212,1111,1057,1640,1043,91,0.13528981977593765,0.12871407696054554,0.19970774476376035,0.0203360935216755,0.0362883584997564,DATASET_02_2013,Rajasthan_UDAIPUR_2013,0.0,1101,0.020336093521675598,0.03628835849975645,0.00876765708718948,0.010107160253287872,0.10265465172917682,0.03251339503166099,721,0
Sikkim,EAST,2013,9,5,0,22,0,9,0,5,53,80,9,4,6,23,4,45,0,16,0,3,0,24,132,440,41,66,147,29,8,0.09318181818181819,0.15,0.3340909090909091,0.05,0.0204545454545454,DATASET_02_2013,Sikkim_EAST_2013,0.0,41,0.05,0.020454545454545454,0.020454545454545454,0.011363636363636364,0.18181818181818182,0.12045454545454545,50,1
Sikkim,NORTH,2013,0,0,0,1,0,0,0,0,2,5,2,1,0,0,0,7,0,0,0,0,0,9,10,35,1,1,9,0,1,0.02857142857142857,0.02857142857142857,0.2571428571428571,0.0285714285714285,0.0,DATASET_02_2013,Sikkim_NORTH_2013,0.0,1,0.02857142857142857,0.0,0.0,0.0,0.14285714285714285,0.05714285714285714,1,1
Sikkim,SOUTH,2013,4,6,0,15,0,5,0,1,20,32,4,17,0,2,9,47,0,8,0,1,0,12,69,248,24,39,57,2,26,0.0967741935483871,0.15725806451612903,0.22983870967741934,0.0604838709677419,0.0201612903225806,DATASET_02_2013,Sikkim_SOUTH_2013,0.0,24,0.06048387096774194,0.020161290322580645,0.016129032258064516,0.004032258064516129,0.12903225806451613,0.08064516129032258,31,1
Sikkim,WEST,2013,2,1,0,5,0,2,0,0,10,5,2,10,0,0,6,23,0,5,0,1,0,11,46,128,11,15,17,0,16,0.0859375,0.1171875,0.1328125,0.0390625,0.015625,DATASET_02_2013,Sikkim_WEST_2013,0.0,11,0.0390625,0.015625,0.015625,0.0,0.0390625,0.078125,10,1
Tamil Nadu,ARIYALUR,2013,18,41,1,10,0,19,2,15,42,97,28,42,0,7,4,295,3,23,0,8,0,144,1218,1991,44,129,184,7,46,0.022099447513812154,0.06479156202913108,0.09241587142139629,0.0050226017076845,0.0095429432446007,DATASET_02_2013,Tamil Nadu_ARIYALUR_2013,0.0,41,0.005022601707684581,0.009542943244600702,0.009040683073832245,0.007533902561526871,0.048719236564540434,0.02109492717227524,106,0
Tamil Nadu,CHENNAI,2013,201,202,1,83,0,60,5,81,467,1664,292,97,13,492,22,1213,12,55,155,221,0,1240,11315,17747,526,688,2509,505,119,0.029638812193610187,0.03876711556882854,0.1413760072124866,0.0046768467910069,0.0033808531019327,DATASET_02_2013,Tamil Nadu_CHENNAI_2013,0.0,514,0.004676846791006931,0.003380853101932721,0.011325857891474616,0.004564151687609173,0.09376232602693413,0.026314306643376344,633,0
Tamil Nadu,CHENNAI RLY.,2013,0,6,0,0,0,0,1,18,2,268,2,16,0,5,0,27,0,5,0,1,0,2,247,598,6,30,291,5,16,0.010033444816053512,0.05016722408026756,0.4866220735785953,0.0,0.0,DATASET_02_2013,Tamil Nadu_CHENNAI RLY._2013,0.0,6,0.0,0.0,0.0,0.030100334448160536,0.44816053511705684,0.0033444816053511705,25,1
Tamil Nadu,COIMBATORE RURAL,2013,50,46,0,11,0,30,2,89,160,379,108,84,6,97,9,510,1,41,7,49,0,680,2800,5053,109,269,738,103,93,0.021571343756184445,0.05323570156342767,0.14605185038590937,0.0021769245992479,0.0059370670888581,DATASET_02_2013,Tamil Nadu_COIMBATORE RURAL_2013,0.0,108,0.0021769245992479713,0.005937067088858104,0.009895111814763506,0.017613299030279042,0.07500494755590738,0.03166435780724322,228,0
Tamil Nadu,COIMBATORE URBAN,2013,26,53,0,17,0,9,3,114,122,407,127,12,14,165,16,230,1,15,4,48,0,291,16367,17945,85,237,773,179,28,0.004736695458344943,0.013207021454444134,0.04307606575647813,0.0009473390916689,0.0005015324602953,DATASET_02_2013,Tamil Nadu_COIMBATORE URBAN_2013,0.0,84,0.0009473390916689885,0.0005015324602953469,0.0014488715519643354,0.006352744497074394,0.02268041237113402,0.006798551128448036,222,0
Tamil Nadu,CUDDALORE,2013,58,117,1,36,0,60,2,42,149,513,202,209,1,55,29,1028,6,8,0,66,0,476,5898,8758,116,324,908,56,238,0.013245033112582781,0.03699474765928294,0.10367663850194109,0.0041105275176981,0.0068508791961635,DATASET_02_2013,Tamil Nadu_CUDDALORE_2013,0.0,110,0.004110527517698105,0.006850879196163508,0.006622516556291391,0.004795615437314455,0.05857501712719799,0.01701301667047271,316,0
Tamil Nadu,DHARMAPURI,2013,44,82,10,23,0,157,0,35,124,231,116,102,5,83,33,1308,2,48,1,65,0,338,1719,4416,139,399,506,88,135,0.03147644927536232,0.09035326086956522,0.11458333333333333,0.0052083333333333,0.035552536231884,DATASET_02_2013,Tamil Nadu_DHARMAPURI_2013,0.0,137,0.005208333333333333,0.035552536231884056,0.009963768115942028,0.00792572463768116,0.052309782608695655,0.028079710144927536,351,0
Tamil Nadu,DINDIGUL,2013,64,89,0,13,0,95,2,43,105,198,75,74,24,164,4,543,1,46,0,95,0,567,3712,5845,155,352,423,188,78,0.026518391787852865,0.0602224123182207,0.07236954662104363,0.002224123182207,0.0162532078699743,DATASET_02_2013,Tamil Nadu_DINDIGUL_2013,0.0,154,0.0022241231822070144,0.016253207869974338,0.010949529512403765,0.0073567151411462785,0.033875106928999144,0.017964071856287425,306,0
Tamil Nadu,ERODE,2013,52,29,1,14,0,32,2,56,146,267,123,20,8,107,12,386,0,25,0,21,0,511,2651,4342,60,211,594,115,32,0.013818516812528788,0.04859511745739291,0.136803316444035,0.00322432058959,0.0073698756333486,DATASET_02_2013,Tamil Nadu_ERODE_2013,0.0,60,0.0032243205895900505,0.007369875633348687,0.011976047904191617,0.012897282358360202,0.06149239981575311,0.03362505757715339,186,0
Tamil Nadu,KANCHIPURAM,2013,77,103,0,24,0,9,4,28,230,603,207,162,4,75,19,572,3,15,0,18,0,845,5178,7977,60,260,1072,79,181,0.00752162467092892,0.032593706907358654,0.13438636078726338,0.0030086498683715,0.0011282437006393,DATASET_02_2013,Tamil Nadu_KANCHIPURAM_2013,0.0,57,0.003008649868371568,0.0011282437006393381,0.009652751661025449,0.003510091513100163,0.07559232794283566,0.028832894571894196,245,0
Tamil Nadu,KANYAKUMARI,2013,40,115,3,12,0,35,0,106,159,249,74,0,0,157,27,567,1,5,0,118,0,290,2308,4203,136,316,588,157,27,0.03235783963835356,0.07518439210088032,0.13990007137758745,0.0028551034975017,0.0083273852010468,DATASET_02_2013,Tamil Nadu_KANYAKUMARI_2013,0.0,135,0.0028551034975017845,0.008327385201046872,0.009517011658339281,0.025220080894599095,0.05924339757316203,0.03783012134189864,311,0
Tamil Nadu,KARUR,2013,21,16,0,7,0,17,1,21,43,126,49,19,2,19,3,143,0,9,1,11,0,314,1240,2013,28,92,240,21,22,0.013909587680079483,0.04570293094883259,0.11922503725782414,0.0034773969200198,0.0084451068057625,DATASET_02_2013,Tamil Nadu_KARUR_2013,0.0,28,0.003477396920019871,0.008445106805762544,0.010432190760059613,0.010432190760059613,0.06259314456035768,0.02136115250869349,83,1
Tamil Nadu,KRISHNAGIRI,2013,66,61,0,8,0,70,2,56,125,190,74,169,0,65,19,731,12,48,2,47,0,449,2981,5101,117,311,447,65,188,0.022936679082532836,0.060968437561262495,0.08762987649480494,0.0015683199372672,0.013722799451088,DATASET_02_2013,Tamil Nadu_KRISHNAGIRI_2013,0.0,105,0.0015683199372672025,0.013722799451088022,0.01293863948245442,0.010978239560870417,0.03724759851009606,0.02450499901980004,263,0
Tamil Nadu,MADURAI RURAL,2013,81,212,1,33,0,111,5,181,313,687,176,187,25,631,32,767,4,73,17,263,0,529,3692,7855,390,697,1362,656,219,0.04964990451941439,0.08873329089751751,0.17339274347549333,0.0042011457670273,0.0141311266709102,DATASET_02_2013,Tamil Nadu_MADURAI RURAL_2013,0.0,386,0.004201145767027371,0.014131126670910248,0.010311903246339911,0.0230426479949077,0.08746021642266072,0.039847231063017186,624,0
Tamil Nadu,MADURAI URBAN,2013,39,49,2,16,0,32,4,102,57,425,220,36,5,263,11,198,3,23,2,91,0,144,1504,3031,135,267,808,268,47,0.044539755856153086,0.08808973935994721,0.26657868690201253,0.0052787858792477,0.0105575717584955,DATASET_02_2013,Tamil Nadu_MADURAI URBAN_2013,0.0,132,0.005278785879247773,0.010557571758495546,0.012867040580666447,0.03365225998020455,0.14021774991751898,0.018805674694820192,244,0
Tamil Nadu,NAGAPATTINAM,2013,51,70,0,9,0,24,2,31,79,270,75,26,0,8,12,518,3,30,23,9,0,231,2523,3919,74,217,457,8,38,0.018882367951007912,0.05537126818065833,0.1166113804541975,0.0022965042102577,0.0061240112273539,DATASET_02_2013,Tamil Nadu_NAGAPATTINAM_2013,0.0,71,0.0022965042102577188,0.0061240112273539165,0.013013523858127074,0.007910181168665476,0.06889512630773156,0.02015820362337331,187,0
Tamil Nadu,NAMAKKAL,2013,42,37,0,23,0,44,1,50,107,156,55,59,5,68,8,487,0,57,11,15,0,438,2503,4113,106,254,369,73,67,0.025771942620957937,0.06175540967663506,0.08971553610503283,0.0055920252856795,0.0106977875030391,DATASET_02_2013,Tamil Nadu_NAMAKKAL_2013,0.0,106,0.0055920252856795525,0.010697787503039144,0.010211524434719184,0.012156576707999028,0.03792851932895697,0.026015074155117918,197,0
Tamil Nadu,NILGIRIS,2013,11,13,0,15,0,10,1,6,53,45,10,16,11,8,4,203,0,18,1,1,0,46,739,1203,35,74,115,19,20,0.029093931837073983,0.06151288445552785,0.09559434746467166,0.0124688279301745,0.0083125519534497,DATASET_02_2013,Tamil Nadu_NILGIRIS_2013,0.0,35,0.012468827930174564,0.00831255195344971,0.00914380714879468,0.004987531172069825,0.03740648379052369,0.04405652535328346,56,1
Tamil Nadu,PERAMBALUR,2013,14,12,0,8,0,4,0,11,40,72,27,25,0,19,1,149,0,13,1,5,0,147,779,1300,27,62,150,19,26,0.02076923076923077,0.047692307692307694,0.11538461538461539,0.0061538461538461,0.003076923076923,DATASET_02_2013,Tamil Nadu_PERAMBALUR_2013,0.0,27,0.006153846153846154,0.003076923076923077,0.010769230769230769,0.008461538461538461,0.055384615384615386,0.03076923076923077,49,1
Tamil Nadu,PUDUKOTTAI,2013,43,38,0,10,0,54,4,20,44,110,36,53,36,44,20,274,3,29,0,39,0,324,2233,3379,81,198,214,80,73,0.023971589227582125,0.05859721811186742,0.06333234684817994,0.0029594554601953,0.0159810594850547,DATASET_02_2013,Tamil Nadu_PUDUKOTTAI_2013,0.0,78,0.002959455460195324,0.01598105948505475,0.012725658478839894,0.005918910920390648,0.032554010062148565,0.013021604024859426,169,0
Tamil Nadu,RAMNATHAPURAM,2013,50,91,0,9,0,25,1,66,115,127,25,72,15,63,19,452,2,24,2,20,0,264,2162,3583,57,266,334,78,91,0.01590845660061401,0.07423946413619871,0.09321797376500139,0.002511861568518,0.0069773932458833,DATASET_02_2013,Tamil Nadu_RAMNATHAPURAM_2013,0.0,55,0.0025118615685180016,0.006977393245883338,0.013954786491766676,0.018420318169132012,0.035445157689087355,0.032096008931063354,242,0
Tamil Nadu,SALEM RURAL,2013,54,52,1,26,0,69,5,44,104,157,47,132,0,58,35,1444,5,62,0,47,0,588,2944,5832,140,313,357,58,167,0.02400548696844993,0.05366941015089163,0.061213991769547324,0.0044581618655692,0.0118312757201646,DATASET_02_2013,Tamil Nadu_SALEM RURAL_2013,0.0,135,0.004458161865569273,0.011831275720164609,0.009259259259259259,0.0075445816186556925,0.026920438957475996,0.01783264746227709,251,0
Tamil Nadu,SALEM URBAN,2013,28,35,0,16,0,22,1,41,67,122,66,26,4,40,0,329,1,10,9,49,0,138,1914,2852,85,153,297,44,26,0.029803646563814866,0.05364656381486676,0.1041374474053296,0.005610098176718,0.0077138849929873,DATASET_02_2013,Tamil Nadu_SALEM URBAN_2013,0.0,84,0.005610098176718092,0.007713884992987377,0.009817671809256662,0.014375876577840112,0.042776998597475455,0.023492286115007012,143,0
Tamil Nadu,SIVAGANGAI,2013,47,96,4,16,0,34,4,86,126,220,55,55,2,72,10,349,4,35,0,87,0,255,2239,3742,142,322,491,74,65,0.03794762159273116,0.08605024051309461,0.13121325494388028,0.0042757883484767,0.009086050240513,DATASET_02_2013,Tamil Nadu_SIVAGANGAI_2013,0.0,138,0.00427578834847675,0.009086050240513094,0.012560128273650455,0.022982362373062535,0.05879208979155532,0.03367183324425441,287,0
Tamil Nadu,THANJAVUR,2013,58,122,0,31,0,61,0,145,165,423,215,147,3,88,35,820,0,68,4,46,0,457,3820,6510,149,485,948,91,182,0.022887864823348696,0.07450076804915515,0.1456221198156682,0.0047619047619047,0.0093701996927803,DATASET_02_2013,Tamil Nadu_THANJAVUR_2013,0.0,149,0.004761904761904762,0.009370199692780337,0.008909370199692781,0.02227342549923195,0.06497695852534562,0.02534562211981567,417,0
Tamil Nadu,THENI,2013,39,78,0,25,0,38,1,38,110,253,60,61,0,133,16,657,5,41,0,62,0,223,2531,4311,133,260,462,133,77,0.03085131060078868,0.06031083275342148,0.10716771050800278,0.0057991185339828,0.0088146601716539,DATASET_02_2013,Tamil Nadu_THENI_2013,0.0,128,0.005799118533982834,0.008814660171653908,0.009046624913013222,0.008814660171653908,0.058687079563906286,0.025516121549524474,219,0
Tamil Nadu,THIRUNELVELI RURAL,2013,106,304,0,74,0,122,2,88,220,265,51,5,10,694,57,973,6,82,0,486,0,447,6407,10365,648,778,626,704,62,0.06251808972503618,0.07506029908345394,0.06039556198745779,0.0071394114809454,0.0117703810902074,DATASET_02_2013,Tamil Nadu_THIRUNELVELI RURAL_2013,0.0,642,0.00713941148094549,0.011770381090207428,0.010226724553786782,0.008490110950313556,0.025566811384466957,0.021225277375783887,696,0
Tamil Nadu,THIRUNELVELI URBAN,2013,24,87,0,12,0,14,1,69,90,154,52,0,0,32,12,169,0,4,0,18,0,88,750,1525,34,211,366,32,12,0.022295081967213116,0.13836065573770492,0.24,0.0078688524590163,0.0091803278688524,DATASET_02_2013,Tamil Nadu_THIRUNELVELI URBAN_2013,0.0,34,0.007868852459016393,0.009180327868852459,0.015737704918032787,0.04524590163934426,0.10098360655737705,0.05901639344262295,207,0
Tamil Nadu,THIRUVALLUR,2013,31,38,1,21,0,23,3,18,151,228,71,172,1,98,12,392,9,11,0,19,0,325,2449,4003,60,146,471,99,184,0.014988758431176618,0.0364726455158631,0.11766175368473644,0.0052460654509118,0.005745690731951,DATASET_02_2013,Tamil Nadu_THIRUVALLUR_2013,0.0,51,0.005246065450911816,0.005745690731951037,0.007744191856107919,0.0044966275293529855,0.05695728203847115,0.03772170871846115,135,0
Tamil Nadu,THIRUVANNAMALAI,2013,46,50,1,50,0,56,2,15,121,250,66,81,10,71,22,613,2,31,2,34,0,445,2707,4614,119,251,454,81,103,0.025791070654529694,0.054399653229302125,0.09839618552232336,0.0108365843086259,0.012136974425661,DATASET_02_2013,Tamil Nadu_THIRUVANNAMALAI_2013,0.0,117,0.010836584308625921,0.012136974425661032,0.009969657563935847,0.003250975292587776,0.054182921543129606,0.02622453402687473,220,0
Tamil Nadu,THIRUVARUR,2013,34,66,0,15,0,23,2,34,90,190,39,19,0,12,23,428,1,5,0,15,0,184,2818,3963,36,179,355,12,42,0.009084027252081756,0.04516780217007318,0.08957860206913953,0.003785011355034,0.0058036840777189,DATASET_02_2013,Tamil Nadu_THIRUVARUR_2013,0.0,35,0.003785011355034065,0.0058036840777189,0.008579359071410548,0.008579359071410548,0.047943477163764826,0.022710068130204392,174,0
Tamil Nadu,THOOTHUGUDI,2013,85,194,1,52,0,30,5,82,214,284,92,0,16,144,34,644,2,35,1,64,0,369,3260,5519,154,484,677,160,34,0.027903605725674942,0.08769704656640696,0.12266714984598659,0.0094219967385395,0.0054357673491574,DATASET_02_2013,Tamil Nadu_THOOTHUGUDI_2013,0.0,152,0.00942199673853959,0.005435767349157456,0.015401340822612792,0.014857764087697047,0.051458597572023916,0.03877514042398985,449,0
Tamil Nadu,TIRUPPUR,2013,75,43,0,20,0,53,2,144,243,462,188,61,10,109,11,581,8,40,7,91,0,692,3240,5895,166,377,1039,119,72,0.028159457167090753,0.06395250212044105,0.17625106022052586,0.003392705682782,0.0089906700593723,DATASET_02_2013,Tamil Nadu_TIRUPPUR_2013,0.0,158,0.0033927056827820186,0.00899067005937235,0.01272264631043257,0.024427480916030534,0.07837150127226464,0.04122137404580153,337,0
Tamil Nadu,TRICHY RLY.,2013,0,0,0,0,0,0,0,25,5,91,0,0,1,2,0,15,0,3,0,0,0,11,69,223,3,28,121,3,0,0.013452914798206279,0.12556053811659193,0.5426008968609866,0.0,0.0,DATASET_02_2013,Tamil Nadu_TRICHY RLY._2013,0.0,3,0.0,0.0,0.0,0.11210762331838565,0.4080717488789238,0.02242152466367713,25,1
Tamil Nadu,TRICHY RURAL,2013,52,34,0,23,0,35,5,34,64,146,50,44,0,29,5,332,3,40,0,49,0,509,2721,4131,115,223,299,29,49,0.02783829581215202,0.053982086661825225,0.07237956911159525,0.0055676591624304,0.008472524812394,DATASET_02_2013,Tamil Nadu_TRICHY RURAL_2013,0.0,112,0.005567659162430404,0.008472524812394093,0.012587751149842653,0.00823045267489712,0.03534253207455822,0.015492616799806342,183,0
Tamil Nadu,TRICHY URBAN,2013,21,27,0,10,0,8,1,44,44,233,43,2,0,90,2,162,0,18,6,25,0,127,1958,2783,59,129,365,90,4,0.021200143729788,0.04635285662953647,0.13115343154868847,0.003593244699964,0.0028745957599712,DATASET_02_2013,Tamil Nadu_TRICHY URBAN_2013,0.0,59,0.0035932446999640674,0.002874595759971254,0.007545813869924541,0.015810276679841896,0.08372260150916278,0.015810276679841896,111,0
Tamil Nadu,VELLORE,2013,66,91,3,51,0,97,1,36,297,663,311,70,0,126,8,918,8,33,57,40,0,720,6485,9802,189,378,1308,126,78,0.01928177922872883,0.03856355845745766,0.13344215466231382,0.0052030197918792,0.0098959396041624,DATASET_02_2013,Tamil Nadu_VELLORE_2013,0.0,181,0.005203019791879209,0.009895939604162416,0.0067333197306672105,0.003672719853091206,0.06763925729442971,0.03029993878800245,345,0
Tamil Nadu,VILLUPURAM,2013,71,140,2,67,0,166,2,29,194,481,283,284,3,105,46,1084,4,127,0,80,0,801,5110,8801,278,604,989,108,330,0.03158731962277014,0.06862856493580274,0.11237359390978298,0.0076127712759913,0.0188614930121577,DATASET_02_2013,Tamil Nadu_VILLUPURAM_2013,0.0,274,0.007612771275991364,0.01886149301215771,0.008067265083513237,0.0032950801045335755,0.05465288035450517,0.022042949664810817,477,0
Tamil Nadu,VIRUDHUNAGAR,2013,51,68,0,33,0,31,2,43,138,244,58,62,4,149,13,473,3,16,0,48,0,295,2659,4336,100,244,485,153,75,0.023062730627306273,0.05627306273062731,0.11185424354243542,0.007610701107011,0.0071494464944649,DATASET_02_2013,Tamil Nadu_VIRUDHUNAGAR_2013,0.0,97,0.00761070110701107,0.007149446494464945,0.0117619926199262,0.009916974169741697,0.05627306273062731,0.031826568265682656,228,0
Tripura,DHALAI,2013,18,3,1,17,0,14,1,3,19,29,7,7,9,19,5,78,1,38,0,51,0,0,80,394,107,95,59,28,12,0.2715736040609137,0.24111675126903553,0.14974619289340102,0.0431472081218274,0.0355329949238578,DATASET_02_2013,Tripura_DHALAI_2013,0.0,106,0.04314720812182741,0.03553299492385787,0.04568527918781726,0.007614213197969543,0.07360406091370558,0.048223350253807105,57,0
Tripura,GOMATI,2013,22,7,0,31,0,30,1,7,35,95,41,18,2,20,17,299,6,45,2,164,0,0,246,1049,248,143,179,22,35,0.23641563393708293,0.1363203050524309,0.17063870352716873,0.0295519542421353,0.0285986653956148,DATASET_02_2013,Tripura_GOMATI_2013,0.0,242,0.029551954242135366,0.028598665395614873,0.020972354623450904,0.00667302192564347,0.0905624404194471,0.03336510962821735,98,0
Tripura,GRP,2013,0,0,0,0,0,0,0,1,0,5,0,0,0,0,0,5,0,0,0,0,0,1,2,14,0,1,6,0,0,0.0,0.07142857142857142,0.42857142857142855,0.0,0.0,DATASET_02_2013,Tripura_GRP_2013,0.0,0,0.0,0.0,0.0,0.07142857142857142,0.35714285714285715,0.0,1,1
Tripura,KHOWAI,2013,12,0,0,23,0,3,1,4,21,34,12,11,4,8,8,92,4,43,1,42,0,0,114,425,113,86,72,12,19,0.26588235294117646,0.2023529411764706,0.16941176470588235,0.0541176470588235,0.0070588235294117,DATASET_02_2013,Tripura_KHOWAI_2013,0.0,109,0.05411764705882353,0.007058823529411765,0.02823529411764706,0.009411764705882352,0.08,0.04941176470588235,43,0
Tripura,NORTH,2013,12,10,0,20,0,11,1,10,23,42,9,7,9,31,2,121,4,51,0,113,0,0,122,592,188,115,85,40,9,0.31756756756756754,0.19425675675675674,0.14358108108108109,0.0337837837837837,0.018581081081081,DATASET_02_2013,Tripura_NORTH_2013,0.0,184,0.033783783783783786,0.018581081081081082,0.02027027027027027,0.016891891891891893,0.07094594594594594,0.03885135135135135,64,0
Tripura,SIPAHIJALA,2013,13,4,0,27,0,19,2,6,44,78,0,27,3,16,9,262,1,73,0,118,0,0,240,943,219,144,130,19,36,0.23223753976670203,0.15270413573700956,0.1378579003181336,0.0286320254506892,0.0201484623541887,DATASET_02_2013,Tripura_SIPAHIJALA_2013,0.0,218,0.02863202545068929,0.02014846235418876,0.013785790031813362,0.006362672322375398,0.08271474019088017,0.04665959703075292,71,0
Tripura,SOUTH,2013,21,17,0,32,0,15,0,4,20,38,0,19,9,19,5,185,5,38,0,93,0,0,199,725,168,127,62,28,24,0.2317241379310345,0.17517241379310344,0.08551724137931034,0.0441379310344827,0.0206896551724137,DATASET_02_2013,Tripura_SOUTH_2013,0.0,163,0.044137931034482755,0.020689655172413793,0.028965517241379312,0.005517241379310344,0.05241379310344828,0.027586206896551724,89,0
Tripura,UNAKOTI,2013,9,7,0,37,0,18,1,2,9,37,8,2,4,19,7,125,5,18,1,51,0,0,76,433,112,92,57,23,9,0.2586605080831409,0.21247113163972287,0.13163972286374134,0.0854503464203233,0.0415704387990762,DATASET_02_2013,Tripura_UNAKOTI_2013,0.0,107,0.08545034642032333,0.04157043879907621,0.020785219399538105,0.004618937644341801,0.08545034642032333,0.020785219399538105,74,0
Tripura,WEST,2013,35,11,0,46,0,34,2,7,52,175,59,32,11,70,30,318,3,101,3,195,0,9,499,1635,348,236,295,81,62,0.21284403669724772,0.14434250764525994,0.18042813455657492,0.0281345565749235,0.0207951070336391,DATASET_02_2013,Tripura_WEST_2013,0.0,345,0.028134556574923548,0.020795107033639144,0.021406727828746176,0.004281345565749235,0.10703363914373089,0.031804281345565746,135,0
Uttar Pradesh,AGRA,2013,133,200,29,78,0,424,11,204,342,3015,2365,435,176,427,5,299,98,239,0,399,0,442,2326,9298,814,1318,5937,603,440,0.08754570875457088,0.14175091417509142,0.6385244138524414,0.00838890083889,0.0456012045601204,DATASET_02_2013,Uttar Pradesh_AGRA_2013,0.0,716,0.008388900838890084,0.045601204560120456,0.014304151430415144,0.02194020219402022,0.32426328242632824,0.036782103678210366,1079,0
Uttar Pradesh,ALIGARH,2013,185,261,22,99,0,399,22,195,315,1969,1372,386,140,483,9,278,73,300,0,455,0,361,2173,8129,927,1483,3873,623,395,0.11403616681018576,0.182433263624062,0.476442366834789,0.0121786197564276,0.0490835281092385,DATASET_02_2013,Uttar Pradesh_ALIGARH_2013,0.0,854,0.012178619756427604,0.04908352810923853,0.022758026817566737,0.0239881904293271,0.2422192151556157,0.03875015377045147,1183,0
Uttar Pradesh,ALLAHABAD,2013,123,95,44,102,0,306,5,58,356,1625,1121,117,117,446,5,409,66,215,0,322,0,449,3483,8357,705,948,3165,563,122,0.08436041641737466,0.11343783654421444,0.37872442263970324,0.0122053368433648,0.0366160105300945,DATASET_02_2013,Uttar Pradesh_ALLAHABAD_2013,0.0,639,0.012205336843364844,0.03661601053009453,0.014718200311116428,0.006940289577599617,0.1944477683379203,0.042599018786645924,733,0
Uttar Pradesh,AMBEDKAR NAGAR,2013,32,27,7,15,0,60,1,10,23,90,34,39,22,49,0,116,17,16,0,4,0,79,732,1339,52,168,158,71,39,0.038834951456310676,0.12546676624346528,0.1179985063480209,0.0112023898431665,0.0448095593726661,DATASET_02_2013,Uttar Pradesh_AMBEDKAR NAGAR_2013,0.0,35,0.011202389843166542,0.04480955937266617,0.02389843166542196,0.0074682598954443615,0.06721433905899925,0.01717699775952203,152,0
Uttar Pradesh,AMETHI,2013,31,61,12,38,0,116,5,35,61,142,65,50,19,27,14,211,16,83,0,35,0,137,572,1666,172,381,308,46,64,0.10324129651860744,0.22869147659063627,0.18487394957983194,0.0228091236494597,0.0696278511404561,DATASET_02_2013,Uttar Pradesh_AMETHI_2013,0.0,156,0.022809123649459785,0.06962785114045618,0.018607442977190875,0.02100840336134454,0.08523409363745499,0.036614645858343335,298,0
Uttar Pradesh,AMROHA,2013,65,80,9,23,0,113,3,38,55,279,112,34,35,117,0,117,16,57,0,171,0,190,995,2401,267,388,487,152,34,0.1112036651395252,0.1615993336109954,0.20283215326947104,0.0095793419408579,0.0470637234485631,DATASET_02_2013,Uttar Pradesh_AMROHA_2013,0.0,251,0.009579341940857976,0.0470637234485631,0.027072053311120368,0.01582673885880883,0.11620158267388588,0.022907122032486463,331,0
Uttar Pradesh,AURAIYA,2013,27,28,14,16,0,78,3,12,25,180,110,12,23,38,0,49,28,38,0,68,0,162,515,1316,150,216,330,61,12,0.11398176291793313,0.1641337386018237,0.2507598784194529,0.0121580547112462,0.0592705167173252,DATASET_02_2013,Uttar Pradesh_AURAIYA_2013,0.0,122,0.0121580547112462,0.05927051671732523,0.020516717325227963,0.00911854103343465,0.13677811550151975,0.018996960486322188,178,0
Uttar Pradesh,AZAMGARH,2013,68,90,23,39,0,154,3,60,86,272,143,190,52,154,1,333,36,20,0,155,0,240,643,2621,250,457,564,206,191,0.09538344143456697,0.17436093094238841,0.21518504387638307,0.0148798168637924,0.0587561999236932,DATASET_02_2013,Uttar Pradesh_AZAMGARH_2013,0.0,214,0.014879816863792446,0.05875619992369325,0.025944296070202214,0.022892025944296072,0.10377718428080886,0.03281190385349103,437,0
Uttar Pradesh,BADAUN,2013,112,143,24,54,0,139,2,53,50,245,118,5,28,98,0,398,58,102,0,58,0,170,866,2607,272,629,468,126,5,0.10433448408131953,0.2412734944380514,0.17951668584579977,0.0207134637514384,0.0533179900268507,DATASET_02_2013,Uttar Pradesh_BADAUN_2013,0.0,214,0.020713463751438434,0.05331799002685079,0.04296125815113157,0.02032988108937476,0.09397775220560031,0.019179133103183737,527,0
Uttar Pradesh,BAGHPAT,2013,79,112,11,25,0,98,3,83,53,296,148,51,34,85,0,87,12,56,0,106,0,84,554,1831,199,467,583,119,51,0.10868377935554342,0.2550518842162753,0.318405243036592,0.0136537411250682,0.0535226652102676,DATASET_02_2013,Uttar Pradesh_BAGHPAT_2013,0.0,187,0.013653741125068269,0.05352266521026761,0.04314582195521573,0.04533042053522665,0.1616602949208083,0.02894593118514473,411,0
Uttar Pradesh,BAHRAICH,2013,47,55,24,35,0,151,1,18,61,271,112,68,41,196,5,179,42,44,0,1,0,154,995,2389,122,375,463,237,73,0.05106739221431561,0.15696944328170784,0.1938049393051486,0.0146504813729593,0.0632063624947676,DATASET_02_2013,Uttar Pradesh_BAHRAICH_2013,0.0,80,0.014650481372959398,0.06320636249476769,0.019673503557974047,0.007534533277521975,0.11343658434491419,0.025533696107157805,331,0
Uttar Pradesh,BALLIA,2013,35,38,13,18,0,143,1,14,109,263,152,104,22,84,1,178,24,107,0,4,0,140,490,1790,153,369,539,106,105,0.08547486033519552,0.20614525139664805,0.3011173184357542,0.0100558659217877,0.0798882681564245,DATASET_02_2013,Uttar Pradesh_BALLIA_2013,0.0,129,0.01005586592178771,0.07988826815642458,0.019553072625698324,0.00782122905027933,0.146927374301676,0.06089385474860335,262,0
Uttar Pradesh,BALRAMPUR,2013,21,23,7,23,0,71,0,6,37,48,11,18,14,52,0,58,7,24,0,8,0,27,203,649,62,175,102,66,18,0.09553158705701079,0.2696456086286595,0.15716486902927582,0.0354391371340523,0.1093990755007704,DATASET_02_2013,Uttar Pradesh_BALRAMPUR_2013,0.0,55,0.03543913713405239,0.10939907550077041,0.032357473035439135,0.009244992295839754,0.07395993836671803,0.05701078582434515,151,0
Uttar Pradesh,BANDA,2013,45,47,17,47,0,145,0,23,84,249,108,75,36,82,7,39,32,151,0,129,0,123,724,2055,359,475,464,118,82,0.17469586374695864,0.23114355231143552,0.22579075425790754,0.0228710462287104,0.0705596107055961,DATASET_02_2013,Uttar Pradesh_BANDA_2013,0.0,327,0.022871046228710463,0.0705596107055961,0.021897810218978103,0.01119221411192214,0.12116788321167883,0.040875912408759124,324,0
Uttar Pradesh,BARABANKI,2013,57,50,20,39,0,81,1,17,57,158,81,3,79,191,14,320,26,39,0,98,0,263,1164,2677,202,304,314,270,17,0.07545760179305193,0.1135599551737019,0.1172954800149421,0.0145685468808367,0.0302577512140455,DATASET_02_2013,Uttar Pradesh_BARABANKI_2013,0.0,176,0.014568546880836758,0.030257751214045572,0.02129249159506911,0.00635039223010833,0.059021292491595066,0.02129249159506911,265,0
Uttar Pradesh,BAREILLY,2013,114,162,34,84,0,329,3,80,141,773,417,163,128,442,1,228,58,198,0,257,0,348,3313,6860,597,1004,1414,570,164,0.0870262390670554,0.14635568513119535,0.20612244897959184,0.0122448979591836,0.0479591836734693,DATASET_02_2013,Uttar Pradesh_BAREILLY_2013,0.0,539,0.012244897959183673,0.04795918367346939,0.01661807580174927,0.011661807580174927,0.11268221574344023,0.020553935860058308,806,0
Uttar Pradesh,BASTI,2013,27,11,4,24,0,82,2,16,36,134,64,26,27,41,0,194,11,53,0,44,0,98,329,1162,132,219,252,68,26,0.11359724612736662,0.1884681583476764,0.21686746987951808,0.0206540447504302,0.0705679862306368,DATASET_02_2013,Uttar Pradesh_BASTI_2013,0.0,121,0.020654044750430294,0.07056798623063683,0.02323580034423408,0.013769363166953529,0.1153184165232358,0.03098106712564544,166,0
Uttar Pradesh,BIJNOR,2013,83,74,24,71,0,168,5,56,86,405,149,73,66,253,0,13,31,178,1,6,0,239,1804,3639,287,659,701,319,73,0.07886782082989832,0.1810937070623798,0.19263533937895025,0.0195108546303929,0.0461665292662819,DATASET_02_2013,Uttar Pradesh_BIJNOR_2013,0.0,256,0.019510854630392965,0.046166529266281946,0.02280846386369882,0.01538884308876065,0.11129431162407255,0.023632866172025282,481,0
Uttar Pradesh,BULANDSHAHAR,2013,185,199,19,97,0,335,12,117,109,828,476,138,71,222,4,14,52,197,2,162,0,333,1615,4712,510,1161,1542,293,142,0.10823429541595925,0.24639219015280137,0.3272495755517827,0.0205857385398981,0.0710950764006791,DATASET_02_2013,Uttar Pradesh_BULANDSHAHAR_2013,0.0,458,0.020585738539898132,0.07109507640067912,0.039261460101867575,0.024830220713073003,0.17572156196943972,0.023132427843803056,964,0
Uttar Pradesh,CHANDOLI,2013,31,26,8,20,0,53,1,14,31,102,45,31,34,71,5,168,16,68,1,0,0,97,306,1083,105,221,193,105,36,0.09695290858725762,0.20406278855032317,0.17820867959372114,0.0184672206832871,0.0489381348107109,DATASET_02_2013,Uttar Pradesh_CHANDOLI_2013,0.0,89,0.018467220683287166,0.048938134810710986,0.028624192059095107,0.012927054478301015,0.09418282548476455,0.028624192059095107,153,0
Uttar Pradesh,CHITRAKOOT DHAM,2013,20,10,8,23,0,27,1,3,42,81,40,11,18,47,8,11,14,35,0,7,0,73,368,807,79,127,167,65,19,0.09789343246592318,0.15737298636926889,0.20693928128872366,0.0285006195786864,0.0334572490706319,DATASET_02_2013,Uttar Pradesh_CHITRAKOOT DHAM_2013,0.0,65,0.028500619578686492,0.03345724907063197,0.024783147459727387,0.0037174721189591076,0.10037174721189591,0.05204460966542751,92,0
Uttar Pradesh,DEORIA,2013,50,25,23,44,0,180,2,29,100,214,117,85,23,101,5,217,37,87,0,27,0,147,484,1882,195,440,462,124,90,0.10361317747077577,0.23379383634431455,0.2454835281615303,0.0233793836344314,0.0956429330499468,DATASET_02_2013,Uttar Pradesh_DEORIA_2013,0.0,158,0.023379383634431455,0.09564293304994687,0.026567481402763018,0.015409139213602551,0.11370882040382571,0.053134962805526036,353,0
Uttar Pradesh,ETAH,2013,59,128,23,34,0,120,3,44,47,345,185,104,40,83,9,279,32,122,1,99,0,199,735,2506,288,533,624,123,113,0.1149241819632881,0.21268954509177973,0.2490023942537909,0.0135674381484437,0.0478850758180367,DATASET_02_2013,Uttar Pradesh_ETAH_2013,0.0,256,0.013567438148443736,0.047885075818036714,0.023543495610534718,0.017557861133280128,0.13766959297685555,0.018754988028731046,411,0
Uttar Pradesh,ETAWAH,2013,62,69,12,23,0,88,2,39,55,345,273,10,42,96,6,156,30,30,0,62,0,198,916,2242,145,325,714,138,16,0.06467439785905442,0.14495985727029437,0.3184656556645852,0.0102586975914362,0.039250669045495,DATASET_02_2013,Uttar Pradesh_ETAWAH_2013,0.0,115,0.010258697591436218,0.039250669045495096,0.027653880463871544,0.017395182872435324,0.15388046387154328,0.024531668153434435,295,0
Uttar Pradesh,FAIZABAD,2013,37,32,13,35,0,138,1,28,83,264,132,40,53,105,0,193,11,79,1,7,0,189,839,2150,133,363,508,158,40,0.06186046511627907,0.16883720930232557,0.23627906976744187,0.0162790697674418,0.0641860465116279,DATASET_02_2013,Uttar Pradesh_FAIZABAD_2013,0.0,122,0.01627906976744186,0.0641860465116279,0.017209302325581394,0.013023255813953489,0.12279069767441861,0.038604651162790694,284,0
Uttar Pradesh,FATEHGARH,2013,56,66,19,25,0,105,1,13,59,239,163,25,23,49,0,125,34,30,0,38,0,125,719,1754,127,315,475,72,25,0.07240592930444698,0.17958950969213228,0.2708095781071836,0.0142531356898517,0.0598631698973774,DATASET_02_2013,Uttar Pradesh_FATEHGARH_2013,0.0,93,0.014253135689851768,0.05986316989737742,0.03192702394526796,0.007411630558722919,0.1362599771949829,0.033637400228050174,285,0
Uttar Pradesh,FATEHPUR,2013,61,38,31,42,0,123,3,13,49,154,81,45,39,103,5,273,39,87,0,80,0,268,778,2234,248,398,300,142,50,0.11101163831692032,0.17815577439570277,0.13428827215756492,0.018800358102059,0.0550581915846016,DATASET_02_2013,Uttar Pradesh_FATEHPUR_2013,0.0,209,0.018800358102059087,0.05505819158460161,0.02730528200537153,0.005819158460161146,0.06893464637421665,0.021933751119068933,311,0
Uttar Pradesh,FIROZABAD,2013,106,143,12,39,0,233,7,90,88,699,475,176,98,207,1,316,66,112,0,165,0,283,1185,4026,382,742,1359,305,177,0.09488325881768504,0.18430203676105317,0.3375558867362146,0.0096870342771982,0.0578738201689021,DATASET_02_2013,Uttar Pradesh_FIROZABAD_2013,0.0,316,0.009687034277198211,0.057873820168902135,0.026328862394436166,0.022354694485842028,0.1736214605067064,0.02185792349726776,630,0
Uttar Pradesh,G.R.P.,2013,35,9,4,3,0,55,8,52,1,3043,127,28,11,29,0,20,3,84,0,1,0,2,776,4169,91,250,3231,40,28,0.021827776445190693,0.059966418805468935,0.7750059966418805,0.0007195970256656,0.0131926121372031,DATASET_02_2013,Uttar Pradesh_G.R.P._2013,0.0,88,0.0007195970256656273,0.013192612137203167,0.008395298632765651,0.012473015111537538,0.7299112497001679,0.00023986567522187575,166,0
Uttar Pradesh,GAUTAMBUDH NAGAR,2013,96,107,17,39,0,204,5,205,228,3313,2211,199,108,264,0,15,31,136,6,164,0,354,2704,8199,376,809,5962,372,199,0.04585925112818636,0.0986705695816563,0.7271618490059764,0.004756677643615,0.0248810830589096,DATASET_02_2013,Uttar Pradesh_GAUTAMBUDH NAGAR_2013,0.0,345,0.004756677643615075,0.024881083058909622,0.011708744968898645,0.02500304915233565,0.40407366752042934,0.027808269301134284,673,0
Uttar Pradesh,GHAZIABAD,2013,137,119,46,84,0,346,11,122,222,3073,2326,73,102,386,0,91,44,233,0,491,0,384,3163,9150,852,1098,5754,488,73,0.09311475409836066,0.12,0.6288524590163934,0.0091803278688524,0.0378142076502732,DATASET_02_2013,Uttar Pradesh_GHAZIABAD_2013,0.0,808,0.009180327868852459,0.03781420765027323,0.014972677595628415,0.013333333333333334,0.33584699453551914,0.024262295081967214,865,0
Uttar Pradesh,GHAZIPUR,2013,50,58,17,22,0,108,6,31,52,180,98,76,21,88,16,223,27,59,1,76,0,119,389,1626,185,351,367,109,92,0.11377613776137761,0.2158671586715867,0.22570725707257072,0.013530135301353,0.066420664206642,DATASET_02_2013,Uttar Pradesh_GHAZIPUR_2013,0.0,158,0.013530135301353014,0.06642066420664207,0.03075030750307503,0.019065190651906518,0.11070110701107011,0.03198031980319803,292,0
Uttar Pradesh,GONDA,2013,27,33,22,24,0,166,2,27,85,207,91,59,56,210,0,283,32,62,0,4,0,120,920,2342,122,363,412,266,59,0.05209222886421862,0.15499573014517506,0.17591801878736124,0.0102476515798462,0.0708795900939368,DATASET_02_2013,Uttar Pradesh_GONDA_2013,0.0,90,0.010247651579846286,0.07087959009393681,0.01152860802732707,0.01152860802732707,0.08838599487617421,0.036293766011955594,301,0
Uttar Pradesh,GORAKHPUR,2013,124,122,35,87,0,337,14,77,194,908,637,184,95,331,2,402,39,111,0,95,0,297,985,4444,332,907,1830,426,186,0.0747074707470747,0.2040954095409541,0.4117911791179118,0.0195769576957695,0.0758325832583258,DATASET_02_2013,Uttar Pradesh_GORAKHPUR_2013,0.0,293,0.019576957695769576,0.07583258325832583,0.0279027902790279,0.017326732673267328,0.20432043204320433,0.043654365436543656,796,0
Uttar Pradesh,HAMIRPUR,2013,33,35,13,50,0,80,3,21,31,84,27,54,20,33,2,54,15,117,5,0,0,75,315,1040,187,352,166,53,56,0.1798076923076923,0.3384615384615385,0.1596153846153846,0.048076923076923,0.0769230769230769,DATASET_02_2013,Uttar Pradesh_HAMIRPUR_2013,0.0,172,0.04807692307692308,0.07692307692307693,0.03173076923076923,0.020192307692307693,0.08076923076923077,0.02980769230769231,235,0
Uttar Pradesh,HAPUR,2013,53,81,11,35,0,100,2,41,15,417,256,45,24,111,2,24,21,75,0,52,0,158,570,1839,183,398,731,135,47,0.09951060358890701,0.21642196846112016,0.39749864056552475,0.019032082653616,0.0543773790103317,DATASET_02_2013,Uttar Pradesh_HAPUR_2013,0.0,162,0.019032082653616094,0.054377379010331704,0.028820010875475803,0.022294725394236,0.2267536704730832,0.008156606851549755,323,0
Uttar Pradesh,HARDOI,2013,65,50,33,28,0,145,1,18,61,249,118,32,34,68,3,244,24,131,0,122,0,309,1272,2890,305,471,447,102,35,0.10553633217993079,0.1629757785467128,0.15467128027681662,0.0096885813148788,0.0501730103806228,DATASET_02_2013,Uttar Pradesh_HARDOI_2013,0.0,281,0.009688581314878892,0.050173010380622836,0.02249134948096886,0.006228373702422145,0.08615916955017301,0.02110726643598616,340,0
Uttar Pradesh,HATHRAS,2013,61,65,13,37,0,104,5,41,39,405,233,74,38,84,6,131,21,73,0,76,0,159,661,2094,207,399,723,122,80,0.0988538681948424,0.19054441260744986,0.3452722063037249,0.0176695319961795,0.049665711556829,DATASET_02_2013,Uttar Pradesh_HATHRAS_2013,0.0,186,0.01766953199617956,0.049665711556829036,0.02913085004775549,0.019579751671442217,0.19340974212034384,0.01862464183381089,326,0
Uttar Pradesh,JALAUN,2013,31,19,8,7,0,63,0,13,32,127,75,8,23,50,1,143,22,52,0,33,0,125,221,978,114,193,247,73,9,0.1165644171779141,0.19734151329243355,0.25255623721881393,0.0071574642126789,0.0644171779141104,DATASET_02_2013,Uttar Pradesh_JALAUN_2013,0.0,92,0.007157464212678937,0.06441717791411043,0.03169734151329243,0.013292433537832311,0.12985685071574643,0.032719836400818,141,0
Uttar Pradesh,JAUNPUR,2013,50,52,21,53,0,132,1,51,90,285,154,77,24,95,1,281,60,75,0,77,0,201,591,2218,265,435,581,119,78,0.11947700631199279,0.19612263300270513,0.26194770063119927,0.0238954012623985,0.0595130748422001,DATASET_02_2013,Uttar Pradesh_JAUNPUR_2013,0.0,205,0.023895401262398558,0.059513074842200184,0.02254283137962128,0.022993688007213707,0.1284941388638413,0.0405770964833183,360,0
Uttar Pradesh,JHANSI,2013,49,35,20,40,0,85,3,22,64,290,200,79,20,79,7,201,24,72,1,65,0,200,565,1923,202,326,579,99,86,0.10504420176807072,0.16952678107124286,0.30109204368174725,0.0208008320332813,0.0442017680707228,DATASET_02_2013,Uttar Pradesh_JHANSI_2013,0.0,178,0.02080083203328133,0.044201768070722826,0.02548101924076963,0.011440457618304731,0.15080603224128966,0.033281331253250133,254,0
Uttar Pradesh,KANNAUJ,2013,33,27,15,16,0,86,0,6,32,147,67,15,16,46,6,1,26,40,0,59,0,160,777,1508,141,223,252,62,21,0.09350132625994695,0.14787798408488065,0.16710875331564987,0.0106100795755968,0.0570291777188328,DATASET_02_2013,Uttar Pradesh_KANNAUJ_2013,0.0,115,0.010610079575596816,0.05702917771883289,0.021883289124668436,0.003978779840848806,0.09748010610079576,0.021220159151193633,183,0
Uttar Pradesh,KANPUR DEHAT,2013,49,20,10,29,0,78,1,13,19,107,55,34,38,64,0,253,32,45,0,67,0,264,908,2031,173,245,195,102,34,0.08517971442639094,0.12063023141309699,0.09601181683899557,0.0142786804529788,0.0384047267355982,DATASET_02_2013,Uttar Pradesh_KANPUR DEHAT_2013,0.0,141,0.014278680452978828,0.03840472673559823,0.0241260462826194,0.006400787789266372,0.05268340718857706,0.009354997538158542,200,0
Uttar Pradesh,KANPUR NAGAR,2013,121,97,22,41,0,261,0,72,171,1195,922,102,155,393,7,228,56,110,0,239,0,498,3278,7060,446,724,2360,548,109,0.0631728045325779,0.10254957507082153,0.3342776203966006,0.0058073654390934,0.0369688385269121,DATASET_02_2013,Uttar Pradesh_KANPUR NAGAR_2013,0.0,390,0.005807365439093485,0.036968838526912184,0.017138810198300283,0.010198300283286119,0.16926345609065155,0.024220963172804533,614,0
Uttar Pradesh,KASGANJ,2013,47,52,14,17,0,101,0,8,46,163,91,45,22,49,7,178,24,43,0,27,0,91,405,1339,111,282,308,71,52,0.08289768483943241,0.210604929051531,0.23002240477968633,0.0126960418222554,0.075429424943988,DATASET_02_2013,Uttar Pradesh_KASGANJ_2013,0.0,87,0.012696041822255415,0.07542942494398805,0.0351008215085885,0.00597460791635549,0.12173263629574309,0.03435399551904406,239,0
Uttar Pradesh,KAUSHAMBI,2013,29,22,18,27,0,69,0,12,59,92,36,20,25,68,1,94,22,108,0,67,0,117,750,1600,224,285,199,93,21,0.14,0.178125,0.124375,0.016875,0.043125,DATASET_02_2013,Uttar Pradesh_KAUSHAMBI_2013,0.0,202,0.016875,0.043125,0.018125,0.0075,0.0575,0.036875,177,0
Uttar Pradesh,KHIRI,2013,88,139,27,49,0,204,2,31,67,564,292,63,39,121,0,467,57,85,0,152,0,282,1149,3587,343,625,956,160,63,0.09562308335656537,0.17424031223863953,0.26651798160022305,0.0136604404795093,0.0568720379146919,DATASET_02_2013,Uttar Pradesh_KHIRI_2013,0.0,286,0.01366044047950934,0.05687203791469194,0.024533035963200445,0.008642319487036521,0.15723445776414832,0.018678561471982158,540,0
Uttar Pradesh,KUSHI NAGAR,2013,50,24,27,33,0,145,1,17,48,168,108,154,33,101,13,314,29,66,0,48,0,180,536,1988,176,363,342,134,167,0.08853118712273642,0.18259557344064387,0.1720321931589537,0.016599597585513,0.0729376257545271,DATASET_02_2013,Uttar Pradesh_KUSHI NAGAR_2013,0.0,147,0.01659959758551308,0.07293762575452717,0.025150905432595575,0.008551307847082495,0.08450704225352113,0.02414486921529175,297,0
Uttar Pradesh,LALITPUR,2013,18,9,14,10,0,30,1,10,17,51,21,17,14,24,4,92,11,50,0,18,0,61,245,696,89,142,100,38,21,0.1278735632183908,0.20402298850574713,0.14367816091954022,0.014367816091954,0.043103448275862,DATASET_02_2013,Uttar Pradesh_LALITPUR_2013,0.0,78,0.014367816091954023,0.04310344827586207,0.02586206896551724,0.014367816091954023,0.07327586206896551,0.02442528735632184,92,0
Uttar Pradesh,LUCKNOW,2013,133,116,22,76,0,381,11,69,553,2613,1705,165,538,1077,4,38,60,360,1,920,0,488,5948,13583,1417,1168,4951,1615,169,0.10432157844364279,0.08598984024147832,0.364499742324965,0.0055952293307811,0.0280497680924685,DATASET_02_2013,Uttar Pradesh_LUCKNOW_2013,0.0,1357,0.005595229330781123,0.028049768092468525,0.009791651328866967,0.005079879260840757,0.19237281896488256,0.040712655525288965,808,0
Uttar Pradesh,MAHARAJGANJ,2013,32,17,13,28,0,117,2,12,25,99,43,48,34,76,7,165,23,40,0,58,0,95,476,1369,149,261,181,110,55,0.10883856829802775,0.19065010956902848,0.13221329437545654,0.0204528853177501,0.0854638422205989,DATASET_02_2013,Uttar Pradesh_MAHARAJGANJ_2013,0.0,126,0.020452885317750184,0.08546384222059898,0.02337472607742878,0.008765522279035792,0.0723155588020453,0.018261504747991233,221,0
Uttar Pradesh,MAHOBA,2013,29,18,11,30,0,49,3,8,44,81,37,24,12,31,2,0,16,61,0,26,0,67,325,838,133,209,173,43,26,0.15871121718377088,0.2494033412887828,0.2064439140811456,0.035799522673031,0.058472553699284,DATASET_02_2013,Uttar Pradesh_MAHOBA_2013,0.0,117,0.03579952267303103,0.05847255369928401,0.034606205250596656,0.00954653937947494,0.09665871121718377,0.05250596658711217,148,0
Uttar Pradesh,MAINPURI,2013,71,82,15,20,0,165,3,33,108,404,310,93,37,84,10,204,38,92,0,94,0,231,648,2432,244,481,858,121,103,0.10032894736842106,0.19777960526315788,0.3527960526315789,0.0082236842105263,0.0678453947368421,DATASET_02_2013,Uttar Pradesh_MAINPURI_2013,0.0,206,0.008223684210526315,0.0678453947368421,0.02919407894736842,0.013569078947368422,0.16611842105263158,0.044407894736842105,389,0
Uttar Pradesh,MATHURA,2013,108,123,22,59,0,174,6,70,127,1028,745,160,57,236,6,241,32,99,0,196,0,414,1225,4386,386,661,1976,293,166,0.08800729594163247,0.15070679434564524,0.45052439580483356,0.0134518923848609,0.0396716826265389,DATASET_02_2013,Uttar Pradesh_MATHURA_2013,0.0,354,0.013451892384860921,0.03967168262653899,0.024623803009575923,0.01595987232102143,0.23438212494300045,0.02895576835385317,562,0
Uttar Pradesh,MAU,2013,27,41,14,26,0,102,0,18,72,243,152,94,26,107,3,260,11,53,1,94,0,112,191,1495,185,281,485,133,97,0.12374581939799331,0.1879598662207358,0.32441471571906355,0.017391304347826,0.0682274247491638,DATASET_02_2013,Uttar Pradesh_MAU_2013,0.0,174,0.017391304347826087,0.06822742474916388,0.018060200668896322,0.012040133779264214,0.1625418060200669,0.048160535117056855,228,0
Uttar Pradesh,MEERUT,2013,238,264,18,109,0,357,14,328,283,2740,1938,273,80,392,9,23,42,277,0,209,0,318,2376,8360,637,1605,5303,472,282,0.07619617224880383,0.19198564593301434,0.6343301435406699,0.0130382775119617,0.0427033492822966,DATASET_02_2013,Uttar Pradesh_MEERUT_2013,0.0,595,0.013038277511961722,0.04270334928229665,0.028468899521531102,0.03923444976076555,0.3277511961722488,0.03385167464114833,1328,0
Uttar Pradesh,MIRZAPUR,2013,23,2,9,5,0,9,0,4,18,42,18,0,32,82,0,85,19,5,0,30,0,80,341,786,59,57,82,114,0,0.07506361323155217,0.07251908396946564,0.10432569974554708,0.0063613231552162,0.0114503816793893,DATASET_02_2013,Uttar Pradesh_MIRZAPUR_2013,0.0,40,0.006361323155216285,0.011450381679389313,0.029262086513994912,0.005089058524173028,0.05343511450381679,0.022900763358778626,52,1
Uttar Pradesh,MORADABAD,2013,89,78,9,69,0,187,14,52,100,715,411,68,43,230,0,46,27,156,1,299,0,192,1364,3747,552,654,1292,273,68,0.14731785428342675,0.1745396317053643,0.34480918067787564,0.0184147317854283,0.0499065919402188,DATASET_02_2013,Uttar Pradesh_MORADABAD_2013,0.0,525,0.018414731785428344,0.04990659194021884,0.02375233520149453,0.013877768881772085,0.19081932212436617,0.02668801708033093,498,0
Uttar Pradesh,MUZAFFARNAGAR,2013,188,163,13,49,0,270,317,134,60,706,404,194,74,205,11,187,25,125,0,270,0,205,1298,4496,469,1259,1621,279,205,0.10431494661921709,0.28002669039145905,0.36054270462633453,0.0108985765124555,0.0600533807829181,DATASET_02_2013,Uttar Pradesh_MUZAFFARNAGAR_2013,0.0,444,0.010898576512455516,0.06005338078291815,0.04181494661921708,0.029804270462633453,0.1570284697508897,0.013345195729537367,1134,0
Uttar Pradesh,PILIBHIT,2013,39,22,7,30,0,97,0,12,24,117,69,7,42,147,0,173,35,67,0,125,0,120,1731,2798,257,274,222,189,7,0.09185132237312366,0.09792709077912795,0.07934238741958542,0.0107219442458899,0.0346676197283774,DATASET_02_2013,Uttar Pradesh_PILIBHIT_2013,0.0,222,0.010721944245889922,0.03466761972837741,0.013938527519656898,0.004288777698355968,0.04181558255897069,0.008577555396711936,207,0
Uttar Pradesh,PRATAPGARH,2013,63,116,27,66,0,184,4,68,116,332,189,250,47,156,22,314,30,151,0,39,0,156,1167,3311,286,679,709,203,272,0.08637873754152824,0.20507399577167018,0.21413470250679553,0.0199335548172757,0.055572334642102,DATASET_02_2013,Uttar Pradesh_PRATAPGARH_2013,0.0,256,0.019933554817275746,0.05557233464210208,0.019027484143763214,0.02053760193295077,0.10027182120205376,0.03503473270915131,528,0
Uttar Pradesh,RAIBAREILLY,2013,58,47,13,43,0,106,1,19,72,195,91,57,41,78,2,150,23,66,0,72,0,191,849,2085,204,353,378,119,59,0.09784172661870504,0.16930455635491606,0.18129496402877698,0.0206235011990407,0.0508393285371702,DATASET_02_2013,Uttar Pradesh_RAIBAREILLY_2013,0.0,181,0.02062350119904077,0.05083932853717026,0.027817745803357313,0.009112709832134292,0.09352517985611511,0.034532374100719423,287,0
Uttar Pradesh,RAMPUR,2013,50,73,11,26,0,100,4,29,42,312,132,42,31,123,0,2,19,46,0,119,0,123,815,1970,210,339,519,154,42,0.1065989847715736,0.17208121827411169,0.26345177664974617,0.0131979695431472,0.0507614213197969,DATASET_02_2013,Uttar Pradesh_RAMPUR_2013,0.0,191,0.013197969543147208,0.050761421319796954,0.025380710659898477,0.014720812182741117,0.15837563451776648,0.02131979695431472,293,0
Uttar Pradesh,SAHARANPUR,2013,95,91,13,34,0,153,9,114,77,557,296,105,43,291,0,108,34,90,0,198,0,160,1362,3541,356,599,1053,334,105,0.10053657158994635,0.16916125388308387,0.2973736232702626,0.0096018073990398,0.0432081332956791,DATASET_02_2013,Uttar Pradesh_SAHARANPUR_2013,0.0,322,0.009601807399039819,0.043208133295679185,0.02682857949731714,0.03219429539678057,0.15730019768426998,0.021745269697825472,509,0
Uttar Pradesh,SAMBHAL,2013,78,75,16,42,0,131,6,56,65,316,155,68,40,102,0,65,30,94,0,88,0,84,927,2284,254,498,598,142,68,0.11120840630472854,0.2180385288966725,0.2618213660245184,0.0183887915936952,0.0573555166374781,DATASET_02_2013,Uttar Pradesh_SAMBHAL_2013,0.0,224,0.01838879159369527,0.05735551663747811,0.03415061295971979,0.024518388791593695,0.138353765323993,0.028458844133099823,404,0
Uttar Pradesh,SANT KABIRNAGAR,2013,26,12,3,23,0,64,0,16,12,42,25,36,19,42,2,134,5,17,0,8,0,56,227,744,53,161,95,61,38,0.07123655913978495,0.2163978494623656,0.12768817204301075,0.0309139784946236,0.086021505376344,DATASET_02_2013,Uttar Pradesh_SANT KABIRNAGAR_2013,0.0,48,0.030913978494623656,0.08602150537634409,0.03494623655913978,0.021505376344086023,0.056451612903225805,0.016129032258064516,144,0
Uttar Pradesh,SHAHJAHANPUR,2013,89,96,20,36,0,136,2,24,47,230,98,24,55,140,5,220,43,104,0,142,0,228,1260,2903,325,507,401,195,29,0.11195315191181536,0.17464691698243195,0.13813296589734758,0.0124009645194626,0.0468480881846365,DATASET_02_2013,Uttar Pradesh_SHAHJAHANPUR_2013,0.0,282,0.012400964519462624,0.04684808818463658,0.030657940062004823,0.00826730967964175,0.0792283844299001,0.01619014812263176,403,0
Uttar Pradesh,SHAMLI,2013,63,75,8,34,0,91,7,43,23,266,172,108,14,47,0,7,11,66,0,52,0,53,441,1410,163,387,511,61,108,0.11560283687943262,0.274468085106383,0.3624113475177305,0.0241134751773049,0.0645390070921985,DATASET_02_2013,Uttar Pradesh_SHAMLI_2013,0.0,152,0.024113475177304965,0.06453900709219858,0.04468085106382979,0.03049645390070922,0.18865248226950354,0.016312056737588652,321,0
Uttar Pradesh,SHRAWASTI,2013,21,17,6,21,0,55,2,8,41,52,12,18,17,68,1,162,18,53,0,0,0,60,214,835,92,183,115,85,19,0.11017964071856287,0.21916167664670658,0.1377245508982036,0.0251497005988023,0.0658682634730539,DATASET_02_2013,Uttar Pradesh_SHRAWASTI_2013,0.0,74,0.025149700598802394,0.0658682634730539,0.025149700598802394,0.009580838323353293,0.06227544910179641,0.04910179640718563,130,0
Uttar Pradesh,SIDHARTHNAGAR,2013,19,4,3,17,0,60,5,9,27,87,54,24,9,26,0,5,8,26,0,33,0,54,342,758,84,143,182,35,24,0.11081794195250659,0.18865435356200527,0.24010554089709762,0.0224274406332453,0.079155672823219,DATASET_02_2013,Uttar Pradesh_SIDHARTHNAGAR_2013,0.0,76,0.022427440633245383,0.079155672823219,0.025065963060686015,0.011873350923482849,0.11477572559366754,0.03562005277044855,117,0
Uttar Pradesh,SITAPUR,2013,82,55,18,95,0,267,3,44,131,375,155,50,46,110,19,143,63,211,0,130,0,228,1863,3934,499,775,708,156,69,0.126842907981698,0.19700050838840874,0.17996949669547535,0.0241484494153533,0.0678698525673614,DATASET_02_2013,Uttar Pradesh_SITAPUR_2013,0.0,436,0.02414844941535333,0.06786985256736146,0.020843924758515507,0.011184544992374174,0.09532282663955262,0.033299440772750384,564,0
Uttar Pradesh,SONBHADRA,2013,29,10,14,32,0,20,0,1,33,82,36,1,22,25,0,116,13,22,0,12,0,138,208,779,79,128,152,47,1,0.10141206675224647,0.1643132220795892,0.1951219512195122,0.0410783055198973,0.0256739409499358,DATASET_02_2013,Uttar Pradesh_SONBHADRA_2013,0.0,66,0.0410783055198973,0.025673940949935817,0.037227214377406934,0.0012836970474967907,0.10526315789473684,0.04236200256739409,106,0
Uttar Pradesh,ST.RAVIDASNAGAR,2013,12,16,9,10,0,18,0,7,23,67,32,4,13,30,0,76,13,15,0,19,0,57,123,512,57,87,129,43,4,0.111328125,0.169921875,0.251953125,0.01953125,0.03515625,DATASET_02_2013,Uttar Pradesh_ST.RAVIDASNAGAR_2013,0.0,44,0.01953125,0.03515625,0.0234375,0.013671875,0.130859375,0.044921875,72,0
Uttar Pradesh,SULTANPUR,2013,39,66,11,29,0,115,7,34,100,294,144,84,31,81,3,236,15,87,0,111,0,160,779,2284,242,388,579,112,87,0.10595446584938704,0.16987740805604204,0.2535026269702277,0.0126970227670753,0.0503502626970227,DATASET_02_2013,Uttar Pradesh_SULTANPUR_2013,0.0,227,0.012697022767075307,0.050350262697022766,0.017075306479859893,0.0148861646234676,0.1287215411558669,0.043782837127845885,301,0
Uttar Pradesh,UNNAO,2013,90,46,14,41,0,189,2,36,68,271,110,31,65,100,1,28,44,119,0,190,0,293,1197,2825,394,537,487,165,32,0.13946902654867258,0.19008849557522123,0.17238938053097344,0.0145132743362831,0.0669026548672566,DATASET_02_2013,Uttar Pradesh_UNNAO_2013,0.0,350,0.014513274336283187,0.06690265486725663,0.03185840707964602,0.012743362831858408,0.09592920353982301,0.024070796460176992,418,0
Uttar Pradesh,VARANASI,2013,59,66,16,57,0,228,4,85,179,930,601,109,228,536,1,213,36,207,3,347,0,208,1542,5077,650,722,1799,764,110,0.1280283632066181,0.14220996651565884,0.35434311601339374,0.0112271026196572,0.0449084104786291,DATASET_02_2013,Uttar Pradesh_VARANASI_2013,0.0,614,0.011227102619657278,0.04490841047862911,0.01162103604490841,0.016742170573173135,0.18317904274177663,0.03525704155997637,515,0
Uttarakhand,ALMORA,2013,1,3,0,8,0,32,0,1,9,15,2,2,3,9,0,6,2,7,3,9,0,7,53,172,29,52,27,12,2,0.1686046511627907,0.3023255813953488,0.1569767441860465,0.0465116279069767,0.1860465116279069,DATASET_02_2013,Uttarakhand_ALMORA_2013,0.0,27,0.046511627906976744,0.18604651162790697,0.005813953488372093,0.005813953488372093,0.0872093023255814,0.05232558139534884,45,1
Uttarakhand,BAGESHWAR,2013,1,0,2,2,0,16,0,1,12,6,0,1,0,4,2,10,1,3,1,2,0,5,15,84,9,25,19,4,3,0.10714285714285714,0.2976190476190476,0.2261904761904762,0.0238095238095238,0.1904761904761904,DATASET_02_2013,Uttarakhand_BAGESHWAR_2013,0.0,8,0.023809523809523808,0.19047619047619047,0.011904761904761904,0.011904761904761904,0.07142857142857142,0.14285714285714285,22,1
Uttarakhand,CHAMOLI,2013,4,2,2,8,0,35,0,2,6,6,0,3,2,3,0,12,0,7,0,2,0,3,21,119,17,60,14,5,3,0.14285714285714285,0.5042016806722689,0.11764705882352941,0.0672268907563025,0.2941176470588235,DATASET_02_2013,Uttarakhand_CHAMOLI_2013,0.0,17,0.06722689075630252,0.29411764705882354,0.03361344537815126,0.01680672268907563,0.05042016806722689,0.05042016806722689,53,1
Uttarakhand,CHAMPAWAT,2013,5,1,1,0,0,15,0,1,5,3,1,7,0,1,1,33,1,5,0,1,0,11,6,97,7,28,10,1,8,0.07216494845360824,0.28865979381443296,0.10309278350515463,0.0,0.1546391752577319,DATASET_02_2013,Uttarakhand_CHAMPAWAT_2013,0.0,6,0.0,0.15463917525773196,0.05154639175257732,0.010309278350515464,0.030927835051546393,0.05154639175257732,23,1
Uttarakhand,DEHRADUN,2013,35,29,12,41,0,279,4,27,59,394,190,89,44,224,6,51,9,62,27,159,0,133,583,2279,298,489,674,268,95,0.13075910487055725,0.21456779289161912,0.29574374725756913,0.0179903466432645,0.1224221149627029,DATASET_02_2013,Uttarakhand_DEHRADUN_2013,0.0,289,0.017990346643264588,0.12242211496270294,0.015357612988152698,0.01184730144800351,0.17288284335234752,0.025888547608600262,427,0
Uttarakhand,HARIDWAR,2013,39,62,12,75,0,312,3,52,49,534,210,89,50,127,7,519,5,76,17,101,0,117,541,2796,274,631,848,177,96,0.09799713876967096,0.22567954220314734,0.3032904148783977,0.0268240343347639,0.111587982832618,DATASET_02_2013,Uttarakhand_HARIDWAR_2013,0.0,269,0.02682403433476395,0.11158798283261803,0.013948497854077254,0.01859799713876967,0.19098712446351931,0.017525035765379112,555,0
Uttarakhand,NAINITAL,2013,17,9,1,20,0,117,1,10,0,132,60,34,7,37,0,85,5,33,11,31,0,80,208,842,100,208,203,44,34,0.1187648456057007,0.24703087885985747,0.24109263657957244,0.0237529691211401,0.1389548693586698,DATASET_02_2013,Uttarakhand_NAINITAL_2013,0.0,95,0.023752969121140142,0.13895486935866982,0.020190023752969122,0.011876484560570071,0.15676959619952494,0.0,175,0
Uttarakhand,PAURI GARHWAL,2013,6,6,2,3,0,43,0,4,15,49,15,19,7,15,0,48,2,11,7,6,0,7,56,307,29,75,83,22,19,0.09446254071661238,0.24429967426710097,0.2703583061889251,0.009771986970684,0.1400651465798045,DATASET_02_2013,Uttarakhand_PAURI GARHWAL_2013,0.0,27,0.009771986970684038,0.14006514657980457,0.019543973941368076,0.013029315960912053,0.15960912052117263,0.048859934853420196,64,1
Uttarakhand,PITHORAGARH,2013,2,2,0,7,0,28,0,1,8,9,1,4,0,5,0,23,2,4,2,5,0,7,8,117,20,44,19,5,4,0.17094017094017094,0.37606837606837606,0.1623931623931624,0.0598290598290598,0.2393162393162393,DATASET_02_2013,Uttarakhand_PITHORAGARH_2013,0.0,18,0.05982905982905983,0.23931623931623933,0.017094017094017096,0.008547008547008548,0.07692307692307693,0.06837606837606838,40,1
Uttarakhand,RUDRA PRAYAG,2013,6,2,1,5,0,19,0,0,14,6,0,3,3,5,1,3,4,1,3,3,0,4,18,101,16,34,20,8,4,0.15841584158415842,0.33663366336633666,0.19801980198019803,0.0495049504950495,0.1881188118811881,DATASET_02_2013,Uttarakhand_RUDRA PRAYAG_2013,0.0,12,0.04950495049504951,0.18811881188118812,0.0594059405940594,0.0,0.0594059405940594,0.13861386138613863,33,1
Uttarakhand,TEHRI GARHWAL,2013,5,3,1,5,0,23,0,0,2,10,3,3,3,3,0,1,0,2,0,0,0,0,53,114,7,39,15,6,3,0.06140350877192982,0.34210526315789475,0.13157894736842105,0.043859649122807,0.2017543859649122,DATASET_02_2013,Uttarakhand_TEHRI GARHWAL_2013,0.0,7,0.043859649122807015,0.20175438596491227,0.043859649122807015,0.0,0.08771929824561403,0.017543859649122806,37,1
Uttarakhand,UDHAMSINGH NAGAR,2013,72,60,7,48,0,94,9,39,62,428,267,77,29,109,0,217,12,82,0,116,0,195,763,2426,258,411,805,138,77,0.10634789777411377,0.1694146743610882,0.33182192910140146,0.0197856553998351,0.0387469084913437,DATASET_02_2013,Uttarakhand_UDHAMSINGH NAGAR_2013,0.0,246,0.01978565539983512,0.038746908491343775,0.02967848309975268,0.016075845012366034,0.17642209398186315,0.025556471558120363,329,0
Uttarakhand,UTTARKASHI,2013,4,2,1,6,0,19,0,0,7,4,0,3,2,6,0,3,0,2,1,0,0,0,32,92,9,34,11,8,3,0.09782608695652174,0.3695652173913043,0.11956521739130435,0.0652173913043478,0.2065217391304347,DATASET_02_2013,Uttarakhand_UTTARKASHI_2013,0.0,9,0.06521739130434782,0.20652173913043478,0.043478260869565216,0.0,0.043478260869565216,0.07608695652173914,32,1
West Bengal,24 PARGANAS NORTH,2013,136,280,52,115,0,428,20,46,11,1350,258,511,98,236,29,30,35,307,8,1716,0,8,7949,13409,2181,1384,1685,334,540,0.1626519501827131,0.10321425907972258,0.1256618688940264,0.0085763293310463,0.0319188604668506,DATASET_02_2013,West Bengal_24 PARGANAS NORTH_2013,0.0,2146,0.008576329331046312,0.03191886046685062,0.010142441643672161,0.003430531732418525,0.10067864866880454,0.0008203445447087777,1077,0
West Bengal,24 PARGANAS SOUTH,2013,226,4,28,189,0,397,18,41,134,1226,169,1914,3,474,21,336,49,212,2,1978,0,81,8173,15567,2430,1115,1588,477,1935,0.1560994411254577,0.07162587524892401,0.10201066358322092,0.0121410676430911,0.0255026658958052,DATASET_02_2013,West Bengal_24 PARGANAS SOUTH_2013,0.0,2381,0.012141067643091155,0.02550266589580523,0.014517890409198946,0.002633776578659986,0.07875634354724738,0.008607952720498491,903,0
West Bengal,ASANSOL,2013,56,49,7,31,0,125,13,38,22,733,247,262,98,138,3,168,15,73,1,467,0,201,2232,4785,587,392,1053,236,265,0.12267502612330199,0.0819226750261233,0.22006269592476488,0.0064785788923719,0.0261233019853709,DATASET_02_2013,West Bengal_ASANSOL_2013,0.0,572,0.006478578892371996,0.02612330198537095,0.011703239289446186,0.007941483803552769,0.15318704284221527,0.004597701149425287,319,0
West Bengal,BANKURA,2013,57,57,7,24,0,44,11,21,9,172,30,229,23,80,11,171,19,76,0,278,0,157,1032,2494,397,297,243,103,240,0.15918203688853247,0.11908580593424219,0.09743384121892543,0.0096230954290296,0.0176423416198877,DATASET_02_2013,West Bengal_BANKURA_2013,0.0,378,0.009623095429029671,0.01764234161988773,0.02285485164394547,0.008420208500400962,0.06896551724137931,0.0036086607858861267,221,0
West Bengal,BDN CP,2013,17,8,4,17,0,60,1,14,8,747,214,10,49,242,5,270,6,77,6,229,0,50,578,2491,335,198,984,291,15,0.13448414291449218,0.07948615014050582,0.39502207948615015,0.006824568446407,0.0240867121637896,DATASET_02_2013,West Bengal_BDN CP_2013,0.0,329,0.006824568446407065,0.02408671216378964,0.006824568446407065,0.005620232838217583,0.29987956643918107,0.003211561621838619,121,0
West Bengal,BIRBHUM,2013,95,59,34,41,0,58,7,14,15,298,111,232,19,85,13,622,12,99,0,245,0,185,684,2882,397,407,445,104,245,0.13775156141568357,0.14122137404580154,0.15440666204024983,0.0142262317834836,0.0201249132546842,DATASET_02_2013,West Bengal_BIRBHUM_2013,0.0,385,0.014226231783483692,0.020124913254684247,0.03296321998612075,0.004857737682165163,0.10340041637751561,0.005204718945176961,308,0
West Bengal,BKP CP,2013,88,74,12,41,0,169,10,31,2,1325,420,90,107,411,0,249,21,197,7,705,0,149,2728,6581,971,622,1788,518,90,0.14754596565871447,0.0945145114724206,0.27169123233551135,0.0062300562224585,0.0256799878437927,DATASET_02_2013,West Bengal_BKP CP_2013,0.0,950,0.006230056222458593,0.025679987843792735,0.013371827989667224,0.004710530314541863,0.20133718279896673,0.000303905181583346,425,0
West Bengal,BURDWAN,2013,129,247,18,41,0,122,12,29,3,650,156,277,40,163,36,562,25,123,0,378,0,795,1244,4973,567,721,850,203,313,0.11401568469736577,0.1449829077015886,0.17092298411421677,0.0082445204102151,0.0245324753669817,DATASET_02_2013,West Bengal_BURDWAN_2013,0.0,542,0.008244520410215162,0.0245324753669817,0.02594007641262819,0.005831490046249749,0.1307058113814599,0.0006032575909913533,598,0
West Bengal,COOCHBEHAR,2013,54,119,8,110,0,165,7,9,9,339,142,74,10,92,78,196,15,240,1,631,0,142,2129,4437,997,712,506,102,152,0.22470137480279467,0.16046878521523553,0.11404101870633311,0.0247915258057245,0.0371872887085868,DATASET_02_2013,West Bengal_COOCHBEHAR_2013,0.0,982,0.02479152580572459,0.03718728870858688,0.012170385395537525,0.002028397565922921,0.07640297498309669,0.002028397565922921,472,0
West Bengal,DAKSHIN DINAJPUR,2013,41,153,5,35,0,116,1,6,0,240,47,9,19,293,17,144,32,69,0,345,0,148,921,2606,481,426,294,312,26,0.18457405986185726,0.1634689178818112,0.1128165771297007,0.0134305448963929,0.044512663085188,DATASET_02_2013,West Bengal_DAKSHIN DINAJPUR_2013,0.0,449,0.01343054489639294,0.044512663085188024,0.015732924021488872,0.0023023791250959325,0.0920951650038373,0.0,357,0
West Bengal,DARJEELING,2013,30,33,7,30,0,44,1,8,3,339,45,30,33,18,17,695,0,54,2,158,0,105,329,1943,244,207,396,51,47,0.12557900154400412,0.1065362840967576,0.2038085434894493,0.0154400411734431,0.0226453937210499,DATASET_02_2013,West Bengal_DARJEELING_2013,0.0,244,0.01544004117344313,0.022645393721049924,0.01544004117344313,0.004117344312918168,0.17447246525990737,0.001544004117344313,153,0
West Bengal,HOOGHLY,2013,126,24,18,54,0,183,7,17,9,996,213,398,58,190,39,145,19,143,11,922,0,5,3451,6931,1149,572,1242,248,437,0.16577694416390132,0.08252777377001876,0.179194921367768,0.007791083537729,0.026403116433415,DATASET_02_2013,West Bengal_HOOGHLY_2013,0.0,1130,0.0077910835377290434,0.026403116433415093,0.01817919492136777,0.002452748521136921,0.14370220747366902,0.0012985139229548406,429,0
West Bengal,HOWRAH,2013,76,60,13,23,0,106,14,15,29,307,85,196,51,145,4,709,10,131,4,682,0,20,2227,4849,850,438,450,196,200,0.1752938750257785,0.09032790266034234,0.0928026397195298,0.0047432460301093,0.0218601773561559,DATASET_02_2013,West Bengal_HOWRAH_2013,0.0,840,0.004743246030109301,0.02186017735615591,0.015673334708187256,0.0030934213239843266,0.06331202309754588,0.005980614559703032,307,0
West Bengal,HOWRAH CITY,2013,53,4,6,22,0,201,7,35,6,1163,214,73,131,234,2,32,3,215,48,609,0,23,3470,6388,897,543,1425,365,75,0.14041953663118348,0.08500313087038197,0.2230745147150908,0.0034439574201628,0.0314652473387601,DATASET_02_2013,West Bengal_HOWRAH CITY_2013,0.0,894,0.0034439574201628053,0.031465247338760174,0.008296806512210394,0.005479023168440827,0.18206011271133374,0.000939261114589856,328,0
West Bengal,HOWRAH G.R.P.,2013,7,7,1,1,0,7,0,2,0,293,0,3,1,5,0,0,2,9,2,1,0,0,62,415,15,34,295,6,3,0.03614457831325301,0.0819277108433735,0.7108433734939759,0.0024096385542168,0.016867469879518,DATASET_02_2013,West Bengal_HOWRAH G.R.P._2013,0.0,13,0.0024096385542168677,0.016867469879518072,0.016867469879518072,0.004819277108433735,0.7060240963855422,0.0,25,1
West Bengal,JALPAIGURI,2013,106,188,18,121,0,287,3,35,16,1251,249,27,47,106,11,157,12,305,2,779,0,220,3466,7161,1219,1063,1554,153,38,0.17022762184052506,0.1484429548945678,0.21700879765395895,0.0168970814132104,0.0400782013685239,DATASET_02_2013,West Bengal_JALPAIGURI_2013,0.0,1207,0.016897081413210446,0.04007820136852395,0.014802401899176093,0.004887585532746823,0.17469627147046501,0.0022343248149699763,758,0
West Bengal,JHARGRAM,2013,31,19,2,10,0,23,2,9,8,93,13,41,3,18,4,14,6,42,2,62,0,34,256,680,122,138,125,21,45,0.17941176470588235,0.20294117647058824,0.18382352941176472,0.0147058823529411,0.0338235294117647,DATASET_02_2013,West Bengal_JHARGRAM_2013,0.0,116,0.014705882352941176,0.033823529411764704,0.045588235294117645,0.013235294117647059,0.13676470588235295,0.011764705882352941,96,0
West Bengal,KHARAGPUR G.R.P.,2013,2,1,2,2,0,1,0,3,0,142,1,2,0,1,0,8,0,10,0,0,0,0,16,190,12,21,146,1,2,0.06315789473684211,0.11052631578947368,0.7684210526315789,0.0105263157894736,0.0052631578947368,DATASET_02_2013,West Bengal_KHARAGPUR G.R.P._2013,0.0,12,0.010526315789473684,0.005263157894736842,0.010526315789473684,0.015789473684210527,0.7473684210526316,0.0,11,1
West Bengal,KOLKATA,2013,77,115,37,75,0,210,4,42,82,4910,680,362,337,2052,0,3496,15,707,412,1005,9,449,11865,26319,2223,1267,5718,2389,362,0.08446369542915765,0.04814012690451765,0.21725749458566054,0.0028496523424142,0.0079790265587598,DATASET_02_2013,West Bengal_KOLKATA_2013,0.0,2199,0.0028496523424142253,0.007979026558759832,0.0029256430715452714,0.0015958053117519663,0.18655724001671797,0.0031156198943728865,560,0
West Bengal,MALDA,2013,113,392,25,140,0,197,10,17,13,456,214,64,0,147,11,163,14,177,0,597,0,0,2623,5280,928,1071,710,147,75,0.17575757575757575,0.2028409090909091,0.13446969696969696,0.0265151515151515,0.037310606060606,DATASET_02_2013,West Bengal_MALDA_2013,0.0,914,0.026515151515151516,0.03731060606060606,0.02140151515151515,0.0032196969696969696,0.08636363636363636,0.002462121212121212,894,0
West Bengal,MURSHIDABAD,2013,168,622,34,215,0,396,6,22,6,933,287,309,66,114,54,3728,35,407,7,1939,0,389,2647,12310,2603,1870,1254,180,363,0.21145410235580828,0.15190901705930138,0.10186839967506092,0.0174654752233956,0.0321689683184402,DATASET_02_2013,West Bengal_MURSHIDABAD_2013,0.0,2568,0.017465475223395612,0.032168968318440294,0.013647441104792851,0.0017871649065800163,0.07579203899268887,0.00048740861088545896,1463,0
West Bengal,NADIA,2013,146,568,23,87,0,389,15,35,13,1288,228,172,82,383,13,3292,69,213,13,1666,0,298,3303,12135,2048,1476,1579,465,185,0.16876802637000413,0.12163164400494438,0.13011948908117016,0.0071693448702101,0.0320560362587556,DATASET_02_2013,West Bengal_NADIA_2013,0.0,1979,0.007169344870210136,0.032056036258755666,0.012031314379892872,0.00288421920065925,0.1061392665842604,0.0010712814173877215,1263,0
West Bengal,PASCHIM MIDNAPUR,2013,100,182,6,46,0,170,5,41,11,704,160,293,66,62,46,132,25,327,17,549,0,10,1921,4739,964,877,921,128,339,0.20341844270943238,0.18506013926988815,0.19434479848069214,0.0097066891749314,0.0358725469508335,DATASET_02_2013,West Bengal_PASCHIM MIDNAPUR_2013,0.0,939,0.00970668917493142,0.03587254695083351,0.02110149820637265,0.008651614264612787,0.14855454737286347,0.0023211648027009917,550,0
West Bengal,PURAB MIDNAPUR,2013,101,41,19,53,0,221,6,24,20,524,115,350,45,159,24,20,24,126,2,606,0,339,2547,5295,811,591,689,204,374,0.15316336166194522,0.11161473087818696,0.13012275731822473,0.0100094428706326,0.0417374881964117,DATASET_02_2013,West Bengal_PURAB MIDNAPUR_2013,0.0,787,0.010009442870632672,0.04173748819641171,0.01907459867799811,0.004532577903682719,0.09896128423040604,0.003777148253068933,465,0
West Bengal,PURULIA,2013,72,10,6,54,0,54,5,22,2,226,48,94,31,33,4,395,8,78,0,158,0,124,216,1613,298,301,303,64,98,0.18474891506509608,0.18660880347179168,0.18784872907625544,0.0334779913205207,0.0334779913205207,DATASET_02_2013,West Bengal_PURULIA_2013,0.0,290,0.03347799132052077,0.03347799132052077,0.044637321760694355,0.013639181649101054,0.14011159330440173,0.0012399256044637321,223,0
West Bengal,SEALDAH G.R.P.,2013,21,7,1,2,0,14,0,4,0,363,3,7,5,7,0,65,0,45,1,2,0,0,45,647,50,94,370,12,7,0.07727975270479134,0.14528593508500773,0.5718701700154559,0.0030911901081916,0.0216383307573415,DATASET_02_2013,West Bengal_SEALDAH G.R.P._2013,0.0,50,0.0030911901081916537,0.021638330757341576,0.03245749613601236,0.0061823802163833074,0.5610510046367851,0.0,49,1
West Bengal,SILIGURI G.R.P.,2013,4,1,0,0,0,3,0,1,0,173,0,0,0,1,0,0,0,11,2,0,0,0,45,242,13,20,174,1,0,0.05371900826446281,0.08264462809917356,0.71900826446281,0.0,0.012396694214876,DATASET_02_2013,West Bengal_SILIGURI G.R.P._2013,0.0,13,0.0,0.012396694214876033,0.01652892561983471,0.004132231404958678,0.7148760330578512,0.0,9,1
West Bengal,SILIGURI_PC,2013,40,15,12,35,0,122,3,25,7,1127,281,5,112,234,2,351,5,206,24,616,0,110,2124,5175,886,458,1443,346,7,0.17120772946859902,0.0885024154589372,0.2788405797101449,0.0067632850241545,0.0235748792270531,DATASET_02_2013,West Bengal_SILIGURI_PC_2013,0.0,881,0.00676328502415459,0.02357487922705314,0.007729468599033816,0.004830917874396135,0.21777777777777776,0.001352657004830918,252,0
West Bengal,UTTAR DINAJPUR,2013,92,184,10,71,0,261,18,41,2,536,130,108,30,72,51,2009,5,234,3,793,0,10,2455,6998,1106,911,727,102,159,0.15804515575878822,0.1301800514432695,0.10388682480708773,0.0101457559302657,0.0372963703915404,DATASET_02_2013,West Bengal_UTTAR DINAJPUR_2013,0.0,1101,0.01014575593026579,0.03729637039154044,0.013146613318090883,0.005858816804801372,0.07659331237496428,0.0002857959416976279,677,0
A&N Islands,CAR,2013,0,0,0,1,0,0,0,0,1,1,0,0,1,1,0,2,0,2,2,0,0,1,12,24,5,3,2,2,0,0.20833333333333334,0.125,0.08333333333333333,0.0416666666666666,0.0,DATASET_02_2013,A&N Islands_CAR_2013,0.0,5,0.041666666666666664,0.0,0.0,0.0,0.041666666666666664,0.041666666666666664,1,1
A&N Islands,NORTH,2013,1,1,0,5,0,6,0,0,5,7,0,0,3,0,1,17,0,10,1,5,0,3,91,156,21,23,12,3,1,0.1346153846153846,0.14743589743589744,0.07692307692307693,0.032051282051282,0.0384615384615384,DATASET_02_2013,A&N Islands_NORTH_2013,0.0,21,0.03205128205128205,0.038461538461538464,0.00641025641025641,0.0,0.04487179487179487,0.03205128205128205,13,1
A&N Islands,SOUTH,2013,5,3,1,21,0,8,1,1,36,29,2,0,1,24,1,36,1,33,5,4,0,2,220,432,64,73,69,25,1,0.14814814814814814,0.16898148148148148,0.1597222222222222,0.0486111111111111,0.0185185185185185,DATASET_02_2013,A&N Islands_SOUTH_2013,0.0,63,0.04861111111111111,0.018518518518518517,0.011574074074074073,0.0023148148148148147,0.06712962962962964,0.08333333333333333,40,1
Chandigarh,CHANDIGARH,2013,22,50,3,45,0,261,11,62,258,1519,874,54,25,284,8,59,1,143,26,92,0,6,1146,4077,307,597,2724,309,62,0.07530046602894284,0.14643119941133187,0.6681383370125092,0.0110375275938189,0.0640176600441501,DATASET_02_2013,Chandigarh_CHANDIGARH_2013,0.0,306,0.011037527593818985,0.0640176600441501,0.005396124601422614,0.015207260240372823,0.37257787588913416,0.06328182487122884,454,0
D&N Haveli,D&N HAVELI,2013,3,2,1,5,0,13,1,0,21,58,26,7,1,10,18,15,0,1,1,1,0,16,139,314,8,26,106,11,25,0.025477707006369428,0.08280254777070063,0.3375796178343949,0.0159235668789808,0.0414012738853503,DATASET_02_2013,D&N Haveli_D&N HAVELI_2013,0.0,8,0.01592356687898089,0.041401273885350316,0.009554140127388535,0.0,0.18471337579617833,0.06687898089171974,25,1
Daman & Diu,DAMAN,2013,7,0,4,7,0,11,6,1,18,35,23,11,3,17,8,12,0,2,0,2,0,28,44,217,11,38,83,20,19,0.05069124423963134,0.17511520737327188,0.3824884792626728,0.032258064516129,0.0506912442396313,DATASET_02_2013,Daman & Diu_DAMAN_2013,0.0,11,0.03225806451612903,0.05069124423963134,0.03225806451612903,0.004608294930875576,0.16129032258064516,0.08294930875576037,36,1
Daman & Diu,DIU,2013,2,1,0,1,0,2,0,0,1,3,2,0,0,2,0,2,0,0,0,0,0,7,8,29,1,6,6,2,0,0.034482758620689655,0.20689655172413793,0.20689655172413793,0.0344827586206896,0.0689655172413793,DATASET_02_2013,Daman & Diu_DIU_2013,0.0,1,0.034482758620689655,0.06896551724137931,0.06896551724137931,0.0,0.10344827586206896,0.034482758620689655,6,1
Delhi UT,CAW,2013,0,0,0,0,0,0,0,0,0,0,0,0,0,0,0,0,0,1,0,202,0,0,0,203,203,1,0,0,0,1.0,0.0049261083743842365,0.0,0.0,0.0,DATASET_02_2013,Delhi UT_CAW_2013,0.0,203,0.0,0.0,0.0,0.0,0.0,0.0,0,1
Delhi UT,CENTRAL,2013,20,35,5,71,0,220,1,55,121,1928,948,4,45,323,5,122,2,174,28,50,0,79,1274,4562,325,581,3053,368,9,0.07124068391056554,0.12735642262165717,0.6692240245506357,0.0155633494081543,0.0482244629548443,DATASET_02_2013,Delhi UT_CENTRAL_2013,0.0,323,0.015563349408154318,0.048224462954844366,0.004384042086804033,0.012056115738711091,0.42262165716790884,0.0265234546251644,407,0
Delhi UT,CRIME BRANCH,2013,2,6,0,4,0,1,0,0,0,1,0,0,1,48,0,0,0,0,0,0,0,0,12,80,4,13,1,49,0,0.05,0.1625,0.0125,0.05,0.0125,DATASET_02_2013,Delhi UT_CRIME BRANCH_2013,0.0,4,0.05,0.0125,0.025,0.0,0.0125,0.0,13,1
Delhi UT,EAST,2013,51,60,10,210,0,737,5,134,236,4252,2313,7,34,240,11,177,11,364,133,246,0,134,3332,10388,964,1571,6940,274,18,0.09279938390450519,0.1512321909896034,0.6680785521755872,0.0202156334231805,0.0709472468232576,DATASET_02_2013,Delhi UT_EAST_2013,0.0,953,0.02021563342318059,0.0709472468232576,0.004909510974201001,0.012899499422410473,0.4093184443588756,0.022718521370812476,1207,0
Delhi UT,EOW,2013,0,0,0,0,0,0,0,0,0,0,0,0,3,76,0,0,0,0,0,0,0,0,84,163,0,0,0,79,0,0.0,0.0,0.0,0.0,0.0,DATASET_02_2013,Delhi UT_EOW_2013,0.0,0,0.0,0.0,0.0,0.0,0.0,0.0,0,1
Delhi UT,GRP(RLY),2013,13,2,0,4,0,19,0,20,0,553,5,2,0,15,0,4,0,11,1,0,0,0,116,760,16,69,578,15,2,0.021052631578947368,0.09078947368421053,0.7605263157894737,0.0052631578947368,0.025,DATASET_02_2013,Delhi UT_GRP(RLY)_2013,0.0,16,0.005263157894736842,0.025,0.017105263157894738,0.02631578947368421,0.7276315789473684,0.0,58,1
Delhi UT,IGI AIRPORT,2013,0,0,0,0,0,1,0,2,0,79,11,0,5,12,0,2,0,9,5,0,0,5,228,351,14,12,92,17,0,0.039886039886039885,0.03418803418803419,0.2621082621082621,0.0,0.0028490028490028,DATASET_02_2013,Delhi UT_IGI AIRPORT_2013,0.0,14,0.0,0.002849002849002849,0.0,0.005698005698005698,0.22507122507122507,0.0,3,1
Delhi UT,METRO RAIL,2013,1,1,0,0,0,8,0,2,4,875,19,2,4,11,0,1,1,16,12,2,0,1,21,962,31,28,900,15,2,0.032224532224532226,0.029106029106029108,0.9355509355509356,0.0,0.0083160083160083,DATASET_02_2013,Delhi UT_METRO RAIL_2013,0.0,30,0.0,0.008316008316008316,0.0010395010395010396,0.002079002079002079,0.9095634095634095,0.004158004158004158,12,1
Delhi UT,NEW DELHI,2013,7,6,2,19,0,74,0,14,19,473,127,19,18,71,1,21,1,66,25,17,0,55,512,1458,128,188,633,89,20,0.0877914951989026,0.1289437585733882,0.43415637860082307,0.0130315500685871,0.0507544581618655,DATASET_02_2013,Delhi UT_NEW DELHI_2013,0.0,127,0.013031550068587106,0.05075445816186557,0.004801097393689987,0.009602194787379973,0.3244170096021948,0.013031550068587106,122,0
Delhi UT,NORTH,2013,29,25,2,53,0,266,2,87,165,1542,657,12,38,167,11,93,9,164,25,107,0,148,1135,4081,358,628,2453,205,23,0.08772359715755942,0.15388385199705953,0.601078167115903,0.0129870129870129,0.0651801029159519,DATASET_02_2013,Delhi UT_NORTH_2013,0.0,349,0.012987012987012988,0.06518010291595197,0.007106101445724087,0.021318304337172262,0.3778485665278118,0.04043126684636118,464,0
Delhi UT,NORTH-EAST,2013,69,87,9,183,0,923,5,223,143,3703,2094,12,20,200,13,241,27,333,30,438,0,119,2260,9041,1011,1832,6168,220,25,0.11182391328392877,0.2026324521623714,0.6822254175423073,0.0202411237694945,0.1020904767171773,DATASET_02_2013,Delhi UT_NORTH-EAST_2013,0.0,984,0.020241123769494523,0.1020904767171773,0.007631899126202854,0.02466541311801792,0.40957858643955314,0.01581683442097113,1499,0
Delhi UT,NORTH-WEST,2013,47,56,3,143,0,597,10,194,331,2548,1182,8,28,218,1,172,17,301,45,236,0,180,1428,6564,742,1351,4265,246,9,0.11304082876294942,0.20581962218159658,0.6497562461913468,0.0217854966483851,0.0909506398537477,DATASET_02_2013,Delhi UT_NORTH-WEST_2013,0.0,725,0.02178549664838513,0.09095063985374771,0.0071602681291895185,0.0295551492992078,0.3881779402803169,0.0504265691651432,1050,0
Delhi UT,OUTER,2013,88,84,8,178,0,923,6,134,547,3383,1675,4,27,283,12,203,14,332,155,466,0,264,2464,9579,1145,1753,5745,310,16,0.11953231026203152,0.18300448898632424,0.5997494519260883,0.018582315481783,0.0963566134252009,DATASET_02_2013,Delhi UT_OUTER_2013,0.0,1131,0.018582315481783067,0.09635661342520097,0.009186762710095,0.013988934126735568,0.3531683891846748,0.05710408184570415,1421,0
Delhi UT,SOUTH,2013,23,35,8,163,0,539,0,68,429,3420,1590,4,62,360,10,133,10,539,140,117,0,160,2372,8593,969,1375,5507,422,14,0.1127662050506226,0.16001396485511463,0.6408704759688119,0.0189689281973699,0.0627254742232049,DATASET_02_2013,Delhi UT_SOUTH_2013,0.0,959,0.018968928197369953,0.06272547422320493,0.0026765972303037355,0.007913417898289305,0.3979983707669033,0.049924357034795766,836,0
Delhi UT,SOUTH-EAST,2013,60,68,7,230,0,719,2,132,240,3155,1865,10,40,292,11,237,16,386,95,220,0,195,2491,8608,947,1604,5394,332,21,0.1100139405204461,0.18633828996282528,0.6266263940520446,0.0267193308550185,0.0835269516728624,DATASET_02_2013,Delhi UT_SOUTH-EAST_2013,0.0,931,0.026719330855018587,0.08352695167286245,0.006970260223048327,0.01533457249070632,0.36651951672862454,0.027881040892193308,1218,0
Delhi UT,SOUTH-WEST,2013,52,61,5,194,0,556,1,116,263,1077,623,9,28,295,7,127,14,419,128,403,0,204,2004,5963,1158,1404,2080,323,16,0.1941975515680027,0.2354519537145732,0.34881770920677513,0.0325339594164011,0.0932416568841187,DATASET_02_2013,Delhi UT_SOUTH-WEST_2013,0.0,1144,0.03253395941640114,0.09324165688411873,0.008720442730169378,0.019453295321147073,0.18061378500754655,0.04410531611604897,985,0
Delhi UT,STF,2013,0,5,0,0,0,0,0,0,0,0,0,0,0,1,0,0,0,0,0,0,0,0,4,15,0,5,0,1,0,0.0,0.3333333333333333,0.0,0.0,0.0,DATASET_02_2013,Delhi UT_STF_2013,0.0,0,0.0,0.0,0.0,0.0,0.0,0.0,5,1
Delhi UT,WEST,2013,55,54,6,184,0,711,1,64,337,3135,1807,20,34,287,15,235,22,400,94,529,0,234,2393,8813,1229,1475,5344,321,35,0.13945308067627368,0.1673663905594009,0.6063769431521616,0.0208782480426642,0.0806762736865993,DATASET_02_2013,Delhi UT_WEST_2013,0.0,1207,0.020878248042664246,0.08067627368659934,0.006240780664926813,0.007261999319187563,0.35572449790082833,0.03823896516509702,1075,0
Lakshadweep,LAKSHADWEEP,2013,0,0,0,2,0,0,0,0,2,8,0,2,0,1,1,5,0,1,0,0,0,0,18,40,3,3,10,1,3,0.075,0.075,0.25,0.05,0.0,DATASET_02_2013,Lakshadweep_LAKSHADWEEP_2013,0.0,3,0.05,0.0,0.0,0.0,0.2,0.05,2,1
Puducherry,KARAIKAL,2013,6,3,0,6,0,3,0,3,18,56,26,10,0,8,3,160,1,1,1,1,0,32,329,643,10,22,103,8,13,0.015552099533437015,0.03421461897356143,0.16018662519440124,0.0093312597200622,0.0046656298600311,DATASET_02_2013,Puducherry_KARAIKAL_2013,0.0,9,0.00933125972006221,0.004665629860031105,0.00933125972006221,0.004665629860031105,0.08709175738724728,0.027993779160186624,21,1
Puducherry,PUDUCHERRY,2013,25,8,2,11,0,38,1,7,53,538,360,75,14,67,13,555,0,11,7,7,0,206,1464,3113,36,103,959,81,88,0.011564407324124639,0.03308705428846771,0.30806296177320913,0.0035335689045936,0.0122068743976871,DATASET_02_2013,Puducherry_PUDUCHERRY_2013,0.0,36,0.0035335689045936395,0.012206874397687119,0.008030838419530999,0.0022486347574686796,0.17282364278830709,0.01702537744940572,92,0
Andhra Pradesh,Anantapur,2014,134,171,8,35,0,125,6,30,415,753,240,214,13,296,12,49,25,436,26,165,0,638,3800,8376,687,945,1444,309,226,0.08202005730659026,0.11282234957020057,0.17239732569245464,0.004178605539637,0.0149235912129894,DATASET_03_2014,Andhra Pradesh_Anantapur_2014,1.0,662,0.004178605539637058,0.014923591212989494,0.01599808978032474,0.0035816618911174787,0.08989971346704871,0.04954632282712512,509,0
Andhra Pradesh,Chittoor,2014,84,170,2,32,0,38,12,22,195,528,192,134,7,207,23,36,17,135,94,278,0,538,2567,5374,556,495,949,214,157,0.10346110904354298,0.09211016002977299,0.17659099367324152,0.0059545962039449,0.0070710829921845,DATASET_03_2014,Andhra Pradesh_Chittoor_2014,1.0,539,0.00595459620394492,0.0070710829921845925,0.015630815035355416,0.004093784890212133,0.09825083736509117,0.03628582061778936,360,0
Andhra Pradesh,Cuddapah,2014,80,162,1,28,0,27,3,16,144,638,193,104,86,163,0,78,16,215,12,91,0,417,2604,5803,362,532,994,249,104,0.06238152679648458,0.09167671893848009,0.1712907117008444,0.0048250904704463,0.0046527658107875,DATASET_03_2014,Andhra Pradesh_Cuddapah_2014,1.0,346,0.0048250904704463205,0.004652765810787524,0.013785972772703775,0.0027571945545407546,0.1099431328623126,0.02481475099086679,317,0
Andhra Pradesh,East Godavari,2014,64,84,2,85,0,66,3,24,346,903,347,27,96,214,50,87,7,519,62,464,0,668,3791,7630,1137,847,1623,310,77,0.1490170380078637,0.11100917431192661,0.2127129750982962,0.0111402359108781,0.0086500655307994,DATASET_03_2014,Andhra Pradesh_East Godavari_2014,1.0,1130,0.011140235910878113,0.008650065530799476,0.008387942332896461,0.003145478374836173,0.11834862385321102,0.04534731323722149,328,0
Andhra Pradesh,Guntakal Railway,2014,14,4,0,0,0,0,2,4,0,413,0,1,0,5,0,0,0,0,0,0,0,4,37,490,0,24,419,5,1,0.0,0.04897959183673469,0.8551020408163266,0.0,0.0,DATASET_03_2014,Andhra Pradesh_Guntakal Railway_2014,1.0,0,0.0,0.0,0.02857142857142857,0.00816326530612245,0.8428571428571429,0.0,24,1
Andhra Pradesh,Guntur,2014,105,137,4,49,0,64,5,24,210,711,200,78,22,328,52,74,16,245,347,454,0,494,2606,6897,1111,633,1150,350,130,0.16108452950558214,0.09177903436276642,0.16673916195447297,0.0071045382050166,0.0092793968392054,DATASET_03_2014,Andhra Pradesh_Guntur_2014,1.0,1095,0.007104538205016674,0.009279396839205452,0.015224010439321443,0.0034797738147020443,0.10308829926054806,0.030448020878642887,388,0
Andhra Pradesh,Guntur Urban,2014,51,65,0,40,0,84,5,31,173,1045,367,8,23,531,35,58,12,160,452,345,0,226,1740,5798,1009,436,1621,554,43,0.17402552604346327,0.07519834425664022,0.27957916522938947,0.0068989306657468,0.0144877543980682,DATASET_03_2014,Andhra Pradesh_Guntur Urban_2014,1.0,997,0.006898930665746809,0.014487754398068299,0.008796136598827182,0.005346671265953777,0.1802345636426354,0.02983787512935495,276,0
Andhra Pradesh,Krishna,2014,51,47,1,80,0,41,0,15,302,521,141,9,24,242,23,78,8,354,232,613,0,418,3942,7078,1287,589,979,266,32,0.1818310257134784,0.08321559762644815,0.13831590844871433,0.0113026278609776,0.005792596778751,DATASET_03_2014,Andhra Pradesh_Krishna_2014,1.0,1279,0.011302627860977677,0.00579259677875106,0.007205425261373269,0.0021192427239333147,0.07360836394461712,0.042667420175190734,235,0
Andhra Pradesh,Kurnool,2014,118,135,5,32,0,53,3,28,244,563,9,108,20,639,33,18,12,403,251,362,0,506,3522,8398,1060,777,847,659,141,0.12622052869730888,0.0925220290545368,0.10085734698737794,0.003810431055013,0.0063110264348654,DATASET_03_2014,Andhra Pradesh_Kurnool_2014,1.0,1048,0.0038104310550130982,0.006311026434865444,0.0140509645153608,0.003334127173136461,0.0670397713741367,0.029054536794474874,374,0
Andhra Pradesh,Nellore,2014,78,117,4,58,0,153,8,44,381,1058,362,84,255,239,45,59,14,295,205,362,0,466,3037,8175,934,757,1853,494,129,0.11425076452599388,0.0925993883792049,0.22666666666666666,0.0070948012232415,0.0187155963302752,DATASET_03_2014,Andhra Pradesh_Nellore_2014,1.0,920,0.0070948012232415906,0.01871559633027523,0.009541284403669725,0.005382262996941896,0.12941896024464833,0.04660550458715596,462,0
Andhra Pradesh,Prakasham,2014,75,68,7,50,0,50,5,23,247,617,209,124,98,261,28,36,8,197,16,402,0,502,2687,6367,673,475,1101,359,152,0.10570127218470238,0.07460342390450762,0.1729228836186587,0.0078529919899481,0.0078529919899481,DATASET_03_2014,Andhra Pradesh_Prakasham_2014,1.0,665,0.00785299198994817,0.00785299198994817,0.011779487984922255,0.0036123763153761584,0.09690592115596042,0.03879378043034396,278,0
Andhra Pradesh,Rajahmundry,2014,18,18,1,35,0,15,3,14,214,361,155,16,56,105,13,46,3,121,27,190,0,128,657,2430,376,225,747,161,29,0.15473251028806584,0.09259259259259259,0.3074074074074074,0.0144032921810699,0.0061728395061728,DATASET_03_2014,Andhra Pradesh_Rajahmundry_2014,1.0,373,0.01440329218106996,0.006172839506172839,0.007407407407407408,0.005761316872427984,0.148559670781893,0.08806584362139917,104,0
Andhra Pradesh,Srikakulam,2014,30,29,4,40,0,33,0,8,152,236,52,17,12,153,18,133,3,214,91,298,0,284,2123,4727,646,358,448,165,35,0.13666173048445102,0.07573513856568648,0.0947746985403004,0.0084620266553839,0.0069811719906917,DATASET_03_2014,Andhra Pradesh_Srikakulam_2014,1.0,643,0.008462026655383965,0.00698117199069177,0.006346519991537973,0.0016924053310767928,0.04992595726676539,0.03215570129045907,144,0
Andhra Pradesh,Tirupathi Urban,2014,35,72,2,18,0,24,2,8,227,1148,482,31,11,248,11,6,13,60,21,167,0,223,886,3651,279,221,1867,259,42,0.07641741988496302,0.06053136127088469,0.5113667488359354,0.0049301561216105,0.0065735414954806,DATASET_03_2014,Andhra Pradesh_Tirupathi Urban_2014,1.0,266,0.0049301561216105174,0.00657354149548069,0.00958641468090934,0.0021911804984935633,0.31443440153382635,0.062174746644754864,161,0
Andhra Pradesh,Vijayawada City,2014,23,45,1,64,0,42,3,48,345,2016,685,2,68,391,21,50,10,279,212,642,0,312,1835,7876,1207,505,3097,459,23,0.1532503809040122,0.06411884205180295,0.39321990858303707,0.0081259522600304,0.0053326561706449,DATASET_03_2014,Andhra Pradesh_Vijayawada City_2014,1.0,1197,0.008125952260030472,0.005332656170644997,0.002920264093448451,0.006094464195022855,0.2559674961909599,0.043803961401726765,226,0
Andhra Pradesh,Vijayawada Railway,2014,1,1,1,0,0,3,0,7,0,1085,3,0,1,7,0,0,2,8,6,1,0,1,59,1223,17,21,1095,8,0,0.013900245298446443,0.017170891251022075,0.8953393295175798,0.0,0.0024529844644317,DATASET_03_2014,Andhra Pradesh_Vijayawada Railway_2014,1.0,15,0.0,0.0024529844644317253,0.0008176614881439084,0.005723630417007359,0.8871627146361406,0.0,13,1
Andhra Pradesh,Visakha Rural,2014,43,50,4,38,0,24,5,5,88,179,57,14,6,90,23,66,4,129,57,166,0,308,1236,3028,394,298,334,96,37,0.13011889035667107,0.09841479524438573,0.11030383091149273,0.0125495376486129,0.0079260237780713,DATASET_03_2014,Andhra Pradesh_Visakha Rural_2014,1.0,390,0.012549537648612946,0.007926023778071334,0.014200792602377808,0.0016512549537648614,0.059114927344782034,0.02906208718626156,169,0
Andhra Pradesh,Visakhapatnam,2014,38,57,0,84,0,130,4,46,392,1358,401,3,71,413,14,127,13,147,112,371,0,360,2202,7728,727,506,2201,484,17,0.09407349896480331,0.06547619047619048,0.2848084886128364,0.0108695652173913,0.0168219461697722,DATASET_03_2014,Andhra Pradesh_Visakhapatnam_2014,1.0,714,0.010869565217391304,0.016821946169772256,0.004917184265010352,0.005952380952380952,0.17572463768115942,0.050724637681159424,359,0
Andhra Pradesh,Vizianagaram,2014,43,23,1,47,0,27,2,4,176,388,92,13,14,149,13,82,8,225,327,330,0,272,1990,5013,937,372,662,163,26,0.18691402353879913,0.07420706163973669,0.13205665270297226,0.009375623379214,0.0053859964093357,DATASET_03_2014,Andhra Pradesh_Vizianagaram_2014,1.0,929,0.009375623379214043,0.005385996409335727,0.008577697985238381,0.0007979253939756633,0.07739876321563934,0.035108717334929186,147,0
Andhra Pradesh,West Godavari,2014,90,85,4,146,0,67,4,32,468,1096,353,26,52,410,36,103,24,405,99,661,0,614,2866,8542,1335,833,1953,462,62,0.15628658393818778,0.09751814563334114,0.22863498009833763,0.0170920159213299,0.0078435963474596,DATASET_03_2014,Andhra Pradesh_West Godavari_2014,1.0,1311,0.0170920159213299,0.007843596347459611,0.010536174198080075,0.003746195270428471,0.12830718801217514,0.05478810583001639,428,0
Arunachal Pradesh,Anjaw,2014,0,0,0,0,0,1,0,0,6,2,0,1,1,1,0,4,0,1,0,0,0,2,12,29,1,2,8,2,1,0.034482758620689655,0.06896551724137931,0.27586206896551724,0.0,0.0344827586206896,DATASET_03_2014,Arunachal Pradesh_Anjaw_2014,1.0,1,0.0,0.034482758620689655,0.0,0.0,0.06896551724137931,0.20689655172413793,1,1
Arunachal Pradesh,Changlang,2014,9,3,0,6,0,11,1,5,18,50,4,1,1,0,1,30,0,0,0,0,0,3,23,180,6,35,78,1,2,0.03333333333333333,0.19444444444444445,0.43333333333333335,0.0333333333333333,0.0611111111111111,DATASET_03_2014,Arunachal Pradesh_Changlang_2014,1.0,6,0.03333333333333333,0.06111111111111111,0.05,0.027777777777777776,0.2777777777777778,0.1,35,1
Arunachal Pradesh,Crime Branch,2014,0,0,0,0,0,0,0,0,0,0,0,0,1,3,0,0,0,0,0,0,0,0,0,4,0,0,0,4,0,0.0,0.0,0.0,0.0,0.0,DATASET_03_2014,Arunachal Pradesh_Crime Branch_2014,1.0,0,0.0,0.0,0.0,0.0,0.0,0.0,0,1
Arunachal Pradesh,Dibang Valley,2014,0,0,0,1,0,0,0,0,0,0,0,0,0,0,0,0,0,0,0,0,0,0,3,4,1,1,0,0,0,0.25,0.25,0.0,0.25,0.0,DATASET_03_2014,Arunachal Pradesh_Dibang Valley_2014,1.0,1,0.25,0.0,0.0,0.0,0.0,0.0,1,1
Arunachal Pradesh,Kameng East,2014,4,1,0,1,0,7,2,4,8,18,0,0,0,3,2,36,0,6,0,0,0,0,66,148,7,25,32,3,2,0.0472972972972973,0.16891891891891891,0.21621621621621623,0.0067567567567567,0.0472972972972973,DATASET_03_2014,Arunachal Pradesh_Kameng East_2014,1.0,7,0.006756756756756757,0.0472972972972973,0.02702702702702703,0.02702702702702703,0.12162162162162163,0.05405405405405406,19,1
Arunachal Pradesh,Kameng West,2014,7,1,0,0,0,3,1,3,4,21,10,8,3,3,5,16,0,9,0,2,0,10,35,140,11,24,39,6,13,0.07857142857142857,0.17142857142857143,0.2785714285714286,0.0,0.0214285714285714,DATASET_03_2014,Arunachal Pradesh_Kameng West_2014,1.0,11,0.0,0.02142857142857143,0.05,0.02142857142857143,0.15,0.02857142857142857,15,1
Arunachal Pradesh,Kukung Kumey,2014,4,1,0,3,1,2,0,0,5,5,1,1,1,0,1,20,0,1,0,0,0,0,13,49,4,11,11,1,2,0.08163265306122448,0.22448979591836735,0.22448979591836735,0.0612244897959183,0.0408163265306122,DATASET_03_2014,Arunachal Pradesh_Kukung Kumey_2014,1.0,5,0.061224489795918366,0.04081632653061224,0.08163265306122448,0.0,0.10204081632653061,0.10204081632653061,10,1
Arunachal Pradesh,Lohit,2014,10,4,0,7,0,25,1,8,32,39,6,3,2,5,2,32,0,13,0,1,0,16,89,280,21,68,86,7,5,0.075,0.24285714285714285,0.30714285714285716,0.025,0.0892857142857142,DATASET_03_2014,Arunachal Pradesh_Lohit_2014,1.0,21,0.025,0.08928571428571429,0.03571428571428571,0.02857142857142857,0.1392857142857143,0.11428571428571428,55,1
Arunachal Pradesh,Longding,2014,4,3,1,3,3,9,1,1,9,5,1,0,0,0,0,26,0,3,0,0,0,2,29,92,6,25,17,0,0,0.06521739130434782,0.2717391304347826,0.18478260869565216,0.0326086956521739,0.0978260869565217,DATASET_03_2014,Arunachal Pradesh_Longding_2014,1.0,9,0.03260869565217391,0.09782608695652174,0.043478260869565216,0.010869565217391304,0.05434782608695652,0.09782608695652174,22,1
Arunachal Pradesh,Lower Dibang Valley,2014,2,5,0,3,0,4,1,1,10,21,0,0,0,2,0,20,0,0,0,0,0,4,5,75,3,16,33,2,0,0.04,0.21333333333333335,0.44,0.04,0.0533333333333333,DATASET_03_2014,Arunachal Pradesh_Lower Dibang Valley_2014,1.0,3,0.04,0.05333333333333334,0.02666666666666667,0.013333333333333334,0.28,0.13333333333333333,16,1
Arunachal Pradesh,Papum Pare City,2014,13,5,1,32,0,52,0,11,36,154,105,6,8,49,3,84,1,26,0,21,0,22,111,661,80,140,306,57,9,0.12102874432677761,0.2118003025718608,0.4629349470499244,0.048411497730711,0.0786686838124054,DATASET_03_2014,Arunachal Pradesh_Papum Pare City_2014,1.0,79,0.048411497730711045,0.07866868381240545,0.019667170953101363,0.01664145234493192,0.2329803328290469,0.05446293494704992,114,0
Arunachal Pradesh,Papum Pare Rural,2014,7,3,0,0,0,7,2,3,6,20,6,2,2,2,0,18,0,4,0,0,0,4,20,96,4,26,37,4,2,0.041666666666666664,0.2708333333333333,0.3854166666666667,0.0,0.0729166666666666,DATASET_03_2014,Arunachal Pradesh_Papum Pare Rural_2014,1.0,4,0.0,0.07291666666666667,0.07291666666666667,0.03125,0.20833333333333334,0.0625,22,1
Arunachal Pradesh,Siang East,2014,5,0,1,11,0,4,0,3,20,49,12,0,2,5,9,46,0,21,0,4,0,10,48,245,36,45,84,7,9,0.1469387755102041,0.1836734693877551,0.34285714285714286,0.0448979591836734,0.0163265306122449,DATASET_03_2014,Arunachal Pradesh_Siang East_2014,1.0,36,0.044897959183673466,0.0163265306122449,0.02040816326530612,0.012244897959183673,0.2,0.08163265306122448,24,1
Arunachal Pradesh,Siang Upper,2014,1,0,0,1,0,0,1,0,8,8,2,0,1,1,1,4,0,1,0,0,0,2,12,40,2,4,19,2,1,0.05,0.1,0.475,0.025,0.0,DATASET_03_2014,Arunachal Pradesh_Siang Upper_2014,1.0,2,0.025,0.0,0.025,0.0,0.2,0.2,3,1
Arunachal Pradesh,Siang West,2014,10,4,0,6,0,2,0,4,18,29,4,4,7,13,2,60,0,11,3,8,0,6,71,249,28,37,55,20,6,0.11244979919678715,0.14859437751004015,0.22088353413654618,0.0240963855421686,0.0080321285140562,DATASET_03_2014,Arunachal Pradesh_Siang West_2014,1.0,28,0.024096385542168676,0.008032128514056224,0.040160642570281124,0.01606425702811245,0.11646586345381527,0.07228915662650602,26,1
Arunachal Pradesh,Subansiri Lower,2014,4,3,1,1,0,7,1,10,22,18,4,3,0,6,6,44,0,6,0,3,0,0,43,160,10,33,55,6,9,0.0625,0.20625,0.34375,0.00625,0.04375,DATASET_03_2014,Arunachal Pradesh_Subansiri Lower_2014,1.0,10,0.00625,0.04375,0.025,0.0625,0.1125,0.1375,27,1
Arunachal Pradesh,Subansiri Upper,2014,3,2,0,5,0,2,1,5,11,33,2,4,3,5,7,38,0,16,0,3,0,2,85,234,24,34,52,8,11,0.10256410256410256,0.1452991452991453,0.2222222222222222,0.0213675213675213,0.0085470085470085,DATASET_03_2014,Arunachal Pradesh_Subansiri Upper_2014,1.0,24,0.021367521367521368,0.008547008547008548,0.01282051282051282,0.021367521367521368,0.14102564102564102,0.04700854700854701,18,1
Arunachal Pradesh,Tawang,2014,1,3,0,0,0,0,0,0,2,14,0,0,0,0,0,4,0,1,0,0,0,2,13,40,1,5,16,0,0,0.025,0.125,0.4,0.0,0.0,DATASET_03_2014,Arunachal Pradesh_Tawang_2014,1.0,1,0.0,0.0,0.025,0.0,0.35,0.05,4,1
Arunachal Pradesh,Tirap,2014,2,10,0,3,0,10,0,3,9,12,1,0,1,5,0,12,0,2,0,0,0,0,42,117,5,30,25,6,0,0.042735042735042736,0.2564102564102564,0.21367521367521367,0.0256410256410256,0.0854700854700854,DATASET_03_2014,Arunachal Pradesh_Tirap_2014,1.0,5,0.02564102564102564,0.08547008547008547,0.017094017094017096,0.02564102564102564,0.10256410256410256,0.07692307692307693,28,1
Assam,Barpeta,2014,46,68,0,143,0,379,9,5,357,448,116,306,158,260,38,848,21,556,0,1116,0,70,4118,9056,1836,1206,935,418,344,0.20273851590106007,0.1331713780918728,0.1032464664310954,0.0157906360424028,0.0418507067137809,DATASET_03_2014,Assam_Barpeta_2014,1.0,1815,0.015790636042402828,0.04185070671378092,0.0050795053003533566,0.0005521201413427562,0.04946996466431095,0.039421378091872794,650,0
Assam,Baska,2014,31,28,0,26,0,41,5,16,42,124,34,0,2,26,29,230,4,27,0,77,0,53,130,853,134,174,221,28,29,0.1570926143024619,0.20398593200468934,0.25908558030480655,0.0304806565064478,0.0480656506447831,DATASET_03_2014,Assam_Baska_2014,1.0,130,0.03048065650644783,0.04806565064478312,0.03634232121922626,0.01875732708089097,0.14536928487690504,0.0492379835873388,147,0
Assam,Bongaigaon,2014,17,23,0,31,0,51,3,12,84,190,108,15,7,55,11,196,4,8,0,178,0,77,838,1789,221,145,397,62,26,0.12353269983230855,0.0810508664058133,0.2219116825041923,0.0173281162660704,0.0285075461151481,DATASET_03_2014,Assam_Bongaigaon_2014,1.0,217,0.01732811626607043,0.02850754611514813,0.009502515371716043,0.006707657909446618,0.10620458356623812,0.046953605366126326,137,0
Assam,Cachar,2014,58,7,0,81,0,249,9,24,274,756,123,202,72,97,55,90,14,50,0,595,0,121,2507,5640,740,478,1186,169,257,0.13120567375886524,0.08475177304964539,0.2102836879432624,0.0143617021276595,0.0441489361702127,DATASET_03_2014,Assam_Cachar_2014,1.0,726,0.014361702127659574,0.04414893617021277,0.01028368794326241,0.00425531914893617,0.13404255319148936,0.048581560283687944,428,0
Assam,Chirang,2014,37,19,1,29,0,58,3,6,39,95,40,19,13,33,17,170,7,33,0,60,0,18,261,863,129,186,183,46,36,0.14947856315179606,0.21552723059096177,0.21205098493626884,0.033603707995365,0.06720741599073,DATASET_03_2014,Assam_Chirang_2014,1.0,122,0.03360370799536501,0.06720741599073002,0.04287369640787949,0.006952491309385863,0.1100811123986095,0.04519119351100811,153,0
Assam,Darrang,2014,33,2,0,111,0,208,6,17,174,363,56,82,35,211,38,894,11,453,0,489,0,28,927,3901,1064,830,616,246,120,0.2727505767751858,0.2127659574468085,0.1579082286593181,0.0284542425019225,0.0533196616252243,DATASET_03_2014,Assam_Darrang_2014,1.0,1053,0.028454242501922584,0.0533196616252243,0.008459369392463471,0.004357856959753909,0.09305306331709819,0.04460394770571648,377,0
Assam,Dhemaji,2014,18,5,2,45,0,84,3,15,26,106,35,0,13,52,5,272,3,51,1,111,0,50,269,1068,211,223,185,65,5,0.19756554307116106,0.20880149812734083,0.17322097378277154,0.0421348314606741,0.0786516853932584,DATASET_03_2014,Assam_Dhemaji_2014,1.0,208,0.042134831460674156,0.07865168539325842,0.016853932584269662,0.014044943820224719,0.09925093632958802,0.024344569288389514,172,0
Assam,Dhubri,2014,58,143,1,193,0,420,23,21,280,432,113,531,187,272,82,3416,10,193,0,1186,0,103,1040,7153,1582,1052,869,459,613,0.2211659443590102,0.1470711589542849,0.12148748776737034,0.0269816860058716,0.0587166223961974,DATASET_03_2014,Assam_Dhubri_2014,1.0,1572,0.026981686005871662,0.0587166223961974,0.00810848594995107,0.0029358311198098698,0.060394240178945895,0.03914441493079827,859,0
Assam,Dibrugarh,2014,77,7,2,67,0,163,6,43,150,826,39,12,81,40,23,660,5,105,0,253,0,104,791,3108,430,470,1064,121,35,0.13835263835263836,0.15122265122265122,0.34234234234234234,0.0215572715572715,0.0524453024453024,DATASET_03_2014,Assam_Dibrugarh_2014,1.0,425,0.021557271557271558,0.05244530244530245,0.024774774774774775,0.013835263835263836,0.26576576576576577,0.04826254826254826,365,0
Assam,G. R. P.,2014,9,0,0,1,0,10,3,2,2,187,13,5,0,2,0,0,0,0,0,0,0,0,89,319,1,25,207,2,5,0.003134796238244514,0.07836990595611286,0.6489028213166145,0.0031347962382445,0.0313479623824451,DATASET_03_2014,Assam_G. R. P._2014,1.0,1,0.003134796238244514,0.03134796238244514,0.02821316614420063,0.006269592476489028,0.5862068965517241,0.006269592476489028,25,1
Assam,Goalpara,2014,44,62,0,108,0,218,21,23,243,266,99,52,17,137,28,720,8,121,0,367,0,70,476,2623,604,597,652,154,80,0.23027068242470453,0.2276019824628288,0.248570339306138,0.0411742279832253,0.0831109416698436,DATASET_03_2014,Assam_Goalpara_2014,1.0,596,0.041174227983225314,0.08311094166984369,0.01677468547464735,0.008768585589020206,0.10141059855127717,0.09264201296225696,476,0
Assam,Golaghat,2014,88,68,0,74,0,238,11,41,87,365,127,29,21,37,32,896,7,74,0,166,0,86,904,2932,321,594,631,58,61,0.10948158253751705,0.20259208731241474,0.21521145975443384,0.0252387448840382,0.0811732605729877,DATASET_03_2014,Assam_Golaghat_2014,1.0,314,0.0252387448840382,0.08117326057298772,0.030013642564802184,0.01398362892223738,0.12448840381991814,0.029672578444747612,520,0
Assam,Guwahati City,2014,84,94,1,100,0,455,20,247,924,3095,1473,155,577,449,50,358,11,143,0,486,0,283,4151,12216,740,1144,5759,1026,205,0.060576293385723644,0.09364767518009168,0.4714309102815979,0.0081859855926653,0.0372462344466273,DATASET_03_2014,Assam_Guwahati City_2014,1.0,729,0.008185985592665358,0.03724623444662738,0.0068762278978389,0.02021938441388343,0.2533562540929928,0.0756385068762279,1001,0
Assam,Hailakandi,2014,24,1,0,77,0,104,3,3,93,178,39,287,28,44,9,26,4,23,0,209,0,36,803,1940,313,235,316,72,296,0.16134020618556702,0.1211340206185567,0.16288659793814433,0.0396907216494845,0.0536082474226804,DATASET_03_2014,Assam_Hailakandi_2014,1.0,309,0.039690721649484534,0.05360824742268041,0.012371134020618556,0.0015463917525773195,0.09175257731958762,0.04793814432989691,212,0
Assam,Jorhat,2014,30,3,2,36,0,94,8,76,145,518,168,7,75,169,22,518,6,157,0,401,0,13,1313,3732,600,406,915,244,29,0.1607717041800643,0.10878885316184352,0.24517684887459806,0.0096463022508038,0.02518756698821,DATASET_03_2014,Assam_Jorhat_2014,1.0,594,0.00964630225080386,0.025187566988210074,0.008038585209003215,0.020364415862808145,0.13879957127545553,0.03885316184351554,249,0
Assam,Kamrup,2014,65,128,1,77,0,164,14,63,274,727,112,0,52,101,12,90,1,15,0,595,0,4,0,2785,688,527,1190,153,12,0.24703770197486535,0.18922800718132854,0.4272890484739677,0.0276481149012567,0.0588868940754039,DATASET_03_2014,Assam_Kamrup_2014,1.0,687,0.027648114901256734,0.05888689407540395,0.02333931777378815,0.022621184919210054,0.2610412926391382,0.09838420107719928,512,0
Assam,Karbi Anglong,2014,38,25,11,23,0,78,3,10,2,181,40,6,10,29,0,190,0,26,0,42,0,74,171,960,91,214,236,39,6,0.09479166666666666,0.22291666666666668,0.24583333333333332,0.0239583333333333,0.08125,DATASET_03_2014,Assam_Karbi Anglong_2014,1.0,91,0.023958333333333335,0.08125,0.03958333333333333,0.010416666666666666,0.18854166666666666,0.0020833333333333333,188,0
Assam,Karimganj,2014,33,42,0,75,0,119,14,8,220,199,32,57,25,82,29,418,13,10,0,337,0,15,917,2827,435,301,473,107,86,0.15387336399009552,0.10647329324372126,0.16731517509727625,0.0265298903431199,0.0420940926777502,DATASET_03_2014,Assam_Karimganj_2014,1.0,422,0.026529890343119915,0.042094092677750265,0.011673151750972763,0.002829854969932791,0.07039264237707818,0.07782101167315175,291,0
Assam,Kokrajhar,2014,60,21,0,45,0,106,5,7,46,229,19,10,3,35,35,160,3,47,0,71,1,82,504,1419,167,291,306,38,45,0.11768851303735024,0.20507399577167018,0.2156448202959831,0.0317124735729386,0.0747004933051444,DATASET_03_2014,Assam_Kokrajhar_2014,1.0,163,0.03171247357293869,0.07470049330514447,0.042283298097251586,0.004933051444679351,0.1613812544045102,0.03241719520789288,244,0
Assam,Lakhimpur,2014,40,0,0,67,0,150,1,7,137,236,70,37,39,115,6,70,4,55,0,369,0,82,1396,2872,495,320,451,154,43,0.17235376044568246,0.11142061281337047,0.157033426183844,0.0233286908077994,0.0522284122562674,DATASET_03_2014,Assam_Lakhimpur_2014,1.0,491,0.023328690807799445,0.05222841225626741,0.013927576601671309,0.002437325905292479,0.08217270194986072,0.047701949860724235,265,0
Assam,Morigaon,2014,28,77,0,81,0,174,8,12,93,234,80,130,13,127,17,444,7,328,0,349,0,53,324,2557,765,708,427,140,147,0.29917872506843957,0.27688697692608527,0.16699256941728588,0.0316777473601877,0.0680484943292921,DATASET_03_2014,Assam_Morigaon_2014,1.0,758,0.03167774736018772,0.06804849432929214,0.010950332420805632,0.004692999608916699,0.09151349237387564,0.03637074696910442,380,0
Assam,N. C. Hills,2014,76,8,15,6,0,30,0,5,17,46,11,4,0,4,2,38,0,0,0,6,0,18,25,299,12,140,79,4,6,0.04013377926421405,0.4682274247491639,0.26421404682274247,0.020066889632107,0.1003344481605351,DATASET_03_2014,Assam_N. C. Hills_2014,1.0,12,0.020066889632107024,0.10033444816053512,0.25418060200668896,0.016722408026755852,0.15384615384615385,0.056856187290969896,140,1
Assam,Nagaon,2014,104,102,10,187,0,454,55,127,455,735,122,485,226,175,98,1818,22,350,0,1162,0,239,1876,8399,1721,1389,1494,401,583,0.20490534587450887,0.16537683057506847,0.17787831884748184,0.0222645553042028,0.054054054054054,DATASET_03_2014,Assam_Nagaon_2014,1.0,1699,0.02226455530420288,0.05405405405405406,0.01238242647934278,0.015120847719966662,0.08751041790689368,0.054173115847124656,1039,0
Assam,Nalbari,2014,27,18,0,41,0,116,18,114,145,225,25,23,17,43,8,64,0,0,0,42,0,13,1239,2122,83,334,527,60,31,0.039114043355325166,0.15739868049010367,0.24835061262959474,0.0193213949104618,0.0546654099905749,DATASET_03_2014,Assam_Nalbari_2014,1.0,83,0.01932139491046183,0.05466540999057493,0.012723845428840716,0.05372290292177191,0.10603204524033931,0.06833176248821866,334,0
Assam,Sibsagar,2014,80,38,3,44,0,222,3,42,196,599,177,31,136,95,29,1622,6,153,0,333,0,67,1275,4236,536,585,1017,231,60,0.12653446647780925,0.13810198300283286,0.24008498583569404,0.0103871576959395,0.0524079320113314,DATASET_03_2014,Assam_Sibsagar_2014,1.0,530,0.010387157695939566,0.05240793201133145,0.018885741265344664,0.009915014164305949,0.14140698772426818,0.04627006610009443,432,0
Assam,Sonitpur,2014,110,81,8,112,0,222,4,27,282,566,72,90,36,146,31,454,5,20,0,381,0,168,1041,3906,518,584,951,182,121,0.13261648745519714,0.14951356886840758,0.2434715821812596,0.028673835125448,0.0568356374807987,DATASET_03_2014,Assam_Sonitpur_2014,1.0,513,0.02867383512544803,0.05683563748079877,0.02816180235535074,0.0069124423963133645,0.144905273937532,0.07219662058371736,564,0
Assam,Tinsukia,2014,90,44,0,66,0,143,6,45,106,679,125,47,88,96,16,218,3,66,0,164,0,114,1206,3309,299,460,961,184,63,0.09035962526443034,0.13901480809912362,0.290420066485343,0.0199456029011786,0.0432154729525536,DATASET_03_2014,Assam_Tinsukia_2014,1.0,296,0.019945602901178604,0.043215472952553645,0.027198549410698096,0.013599274705349048,0.20519794499848898,0.03203384708371109,394,0
Assam,Udalguri,2014,46,28,0,34,0,73,3,20,61,132,30,18,21,24,21,286,9,35,0,81,0,38,621,1453,159,239,246,45,39,0.1094287680660702,0.16448726772195457,0.16930488644184447,0.0233998623537508,0.0502408809359944,DATASET_03_2014,Assam_Udalguri_2014,1.0,150,0.02339986235375086,0.05024088093599449,0.031658637302133516,0.013764624913971095,0.09084652443220922,0.04198210598761184,204,0
Bihar,Araria,2014,53,176,5,35,0,85,16,28,49,310,36,306,24,108,11,52,17,1,0,6,0,95,2459,3898,59,399,439,132,317,0.015135967162647512,0.10236018471010774,0.11262185736275013,0.008978963571062,0.021806054386865,DATASET_03_2014,Bihar_Araria_2014,1.0,42,0.008978963571062083,0.02180605438686506,0.013596716264751155,0.007183170856849667,0.07952796305797845,0.012570548999486916,398,0
Bihar,Arwal,2014,25,29,2,6,0,26,5,8,51,78,21,82,9,42,3,50,11,4,0,0,0,25,477,991,21,105,163,51,85,0.02119071644803229,0.10595358224016145,0.16448032290615539,0.0060544904137235,0.0262361251261352,DATASET_03_2014,Bihar_Arwal_2014,1.0,10,0.006054490413723511,0.026236125126135216,0.025227043390514632,0.008072653884964682,0.07870837537840565,0.05146316851664985,101,1
Bihar,Aurangabad,2014,74,40,3,12,0,86,33,27,104,352,114,250,52,122,12,397,28,29,0,110,0,84,1135,3079,179,304,630,174,262,0.0581357583631049,0.09873335498538487,0.204611886976291,0.0038973692757388,0.0279311464761286,DATASET_03_2014,Bihar_Aurangabad_2014,1.0,151,0.003897369275738876,0.027931146476128613,0.024033777200389735,0.008769080870412472,0.11432283208834038,0.03377720038973693,275,0
Bihar,Bagaha,2014,21,0,8,14,0,76,2,8,26,147,26,123,48,33,2,16,7,38,0,56,0,22,1190,1860,115,167,209,81,125,0.06182795698924731,0.08978494623655914,0.11236559139784946,0.0075268817204301,0.0408602150537634,DATASET_03_2014,Bihar_Bagaha_2014,1.0,108,0.007526881720430108,0.04086021505376344,0.01129032258064516,0.004301075268817204,0.07903225806451612,0.013978494623655914,129,0
Bihar,Banka,2014,59,143,0,22,0,73,11,19,41,143,30,195,31,10,17,654,23,3,0,64,0,109,922,2505,112,330,244,41,212,0.04471057884231537,0.1317365269461078,0.09740518962075849,0.0087824351297405,0.0291417165668662,DATASET_03_2014,Bihar_Banka_2014,1.0,89,0.008782435129740519,0.029141716566866267,0.023552894211576848,0.007584830339321357,0.057085828343313376,0.016367265469061875,327,0
Bihar,Begusarai,2014,121,199,5,30,0,209,26,60,145,598,116,461,47,89,24,156,28,37,1,55,0,89,2416,5196,151,687,945,136,485,0.029060816012317168,0.13221709006928406,0.18187066974595842,0.0057736720554272,0.0402232486528098,DATASET_03_2014,Bihar_Begusarai_2014,1.0,123,0.005773672055427252,0.04022324865280985,0.023287143956889914,0.011547344110854504,0.11508852963818322,0.027906081601231716,650,0
Bihar,Bettiah,2014,75,9,0,33,0,115,7,11,121,497,195,508,44,155,19,20,39,0,0,106,0,134,2715,4712,178,250,831,199,527,0.03777589134125637,0.05305602716468591,0.17635823429541597,0.0070033955857385,0.0244057724957555,DATASET_03_2014,Bihar_Bettiah_2014,1.0,139,0.00700339558573854,0.02440577249575552,0.015916808149405774,0.00233446519524618,0.10547538200339558,0.02567911714770798,250,0
Bihar,Bhabhua,2014,56,105,0,12,0,86,8,21,79,344,51,97,23,49,13,10,12,0,0,44,0,89,1110,2267,68,288,503,72,110,0.02999558888398765,0.12704014115571238,0.2218791354212616,0.0052933392148213,0.0379355977062196,DATASET_03_2014,Bihar_Bhabhua_2014,1.0,56,0.00529333921482135,0.037935597706219674,0.024702249669166298,0.009263343625937363,0.1517423908248787,0.03484781649757389,288,0
Bihar,Bhagalpur,2014,102,66,5,52,0,213,13,42,225,677,299,348,44,87,10,3,20,31,0,161,0,128,2213,4763,264,524,1256,131,358,0.05542725173210162,0.11001469661977745,0.26369934914969556,0.0109174889775351,0.0447197144656729,DATASET_03_2014,Bihar_Bhagalpur_2014,1.0,244,0.010917488977535167,0.0447197144656729,0.02141507453285744,0.008817971866470712,0.1421373084190636,0.047239134998950244,493,0
Bihar,Bhojpur,2014,116,243,7,32,0,151,12,23,224,520,96,205,26,426,41,1222,46,7,0,129,0,138,1898,5488,214,591,875,452,246,0.03899416909620991,0.10768950437317784,0.15943877551020408,0.0058309037900874,0.0275145772594752,DATASET_03_2014,Bihar_Bhojpur_2014,1.0,168,0.0058309037900874635,0.027514577259475217,0.021137026239067054,0.0041909620991253645,0.09475218658892129,0.04081632653061224,584,0
Bihar,Buxar,2014,56,12,6,16,0,87,6,32,100,438,112,358,12,36,10,520,24,13,0,95,0,54,1573,3284,148,228,688,48,368,0.04506699147381242,0.06942752740560293,0.2095006090133983,0.0048721071863581,0.0264920828258221,DATASET_03_2014,Bihar_Buxar_2014,1.0,124,0.0048721071863581,0.026492082825822168,0.01705237515225335,0.0097442143727162,0.13337393422655297,0.030450669914738125,215,0
Bihar,Darbhanga,2014,71,179,6,50,0,289,12,36,145,585,196,621,56,120,28,746,30,8,0,298,0,149,2103,5368,386,651,974,176,649,0.07190760059612519,0.121274217585693,0.18144560357675113,0.0093144560357675,0.0538375558867362,DATASET_03_2014,Bihar_Darbhanga_2014,1.0,356,0.009314456035767511,0.053837555886736214,0.013226527570789865,0.0067064083457526085,0.10897913561847988,0.027011922503725784,643,0
Bihar,Gaya,2014,145,53,9,48,0,248,50,77,209,1366,632,543,35,73,5,1814,63,0,0,198,0,289,2355,7232,309,630,2334,108,548,0.042726769911504425,0.08711283185840708,0.32273230088495575,0.0066371681415929,0.03429203539823,DATASET_03_2014,Bihar_Gaya_2014,1.0,246,0.00663716814159292,0.034292035398230086,0.020049778761061947,0.010647123893805309,0.18888274336283187,0.02889933628318584,630,0
Bihar,Gopalganj,2014,87,469,2,14,0,172,10,36,79,276,59,398,23,153,18,598,33,0,6,156,0,117,1494,3879,209,790,460,176,416,0.05387986594483114,0.2036607373034287,0.11858726475895849,0.0036091776230987,0.0443413250837844,DATASET_03_2014,Bihar_Gopalganj_2014,1.0,176,0.003609177623098737,0.04434132508378448,0.02242846094354215,0.009280742459396751,0.0711523588553751,0.02036607373034287,790,0
Bihar,Jamalpur Railway,2014,9,1,0,0,0,4,3,3,2,195,11,1,0,2,0,0,0,3,0,0,0,0,72,298,3,23,214,2,1,0.010067114093959731,0.07718120805369127,0.7181208053691275,0.0,0.0134228187919463,DATASET_03_2014,Bihar_Jamalpur Railway_2014,1.0,3,0.0,0.013422818791946308,0.030201342281879196,0.010067114093959731,0.6543624161073825,0.006711409395973154,20,1
Bihar,Jamui,2014,61,187,3,23,0,70,8,33,54,124,26,133,27,23,3,158,21,10,1,46,0,53,617,1699,101,395,245,50,136,0.0594467333725721,0.23248969982342554,0.14420247204237788,0.0135373749264273,0.0412007062978222,DATASET_03_2014,Bihar_Jamui_2014,1.0,80,0.01353737492642731,0.04120070629782225,0.03590347263095939,0.01942319011183049,0.07298410829899941,0.031783402001177165,385,0
Bihar,Jehanabad,2014,38,13,3,10,0,84,8,30,40,215,61,202,4,36,11,1446,22,0,0,56,0,60,309,1968,88,186,354,40,213,0.044715447154471545,0.09451219512195122,0.1798780487804878,0.0050813008130081,0.0426829268292682,DATASET_03_2014,Bihar_Jehanabad_2014,1.0,66,0.00508130081300813,0.042682926829268296,0.019308943089430895,0.01524390243902439,0.1092479674796748,0.02032520325203252,186,0
Bihar,Katihar,2014,70,60,0,65,0,144,16,33,84,447,261,238,11,71,4,338,14,0,0,59,0,93,1668,3415,138,388,841,82,242,0.0404099560761347,0.11361639824304538,0.24626647144948755,0.0190336749633967,0.0421669106881405,DATASET_03_2014,Bihar_Katihar_2014,1.0,124,0.01903367496339678,0.04216691068814055,0.020497803806734993,0.009663250366032211,0.1308931185944363,0.02459736456808199,388,0
Bihar,Katihar Railway,2014,10,9,0,0,0,3,1,8,4,182,35,4,2,4,1,8,0,11,0,0,0,6,61,313,11,42,230,6,5,0.03514376996805112,0.134185303514377,0.7348242811501597,0.0,0.0095846645367412,DATASET_03_2014,Bihar_Katihar Railway_2014,1.0,11,0.0,0.009584664536741214,0.03194888178913738,0.025559105431309903,0.5814696485623003,0.012779552715654952,31,1
Bihar,Khagaria,2014,52,94,4,14,0,118,10,19,31,165,39,172,3,72,19,272,17,2,0,19,0,74,1452,2589,52,313,264,75,191,0.020084974893781384,0.1208960988798764,0.10196987253765932,0.0054074932406334,0.0455774430281962,DATASET_03_2014,Bihar_Khagaria_2014,1.0,35,0.005407493240633449,0.04557744302819621,0.020084974893781384,0.007338740826573967,0.06373117033603708,0.01197373503283121,311,0
Bihar,Kishanganj,2014,46,6,1,64,0,122,7,12,52,261,117,171,4,75,13,596,12,22,0,85,0,24,636,1982,183,280,449,79,184,0.09233097880928355,0.14127144298688193,0.2265388496468214,0.0322906155398587,0.0615539858728557,DATASET_03_2014,Bihar_Kishanganj_2014,1.0,171,0.03229061553985873,0.0615539858728557,0.02320887991927346,0.006054490413723511,0.13168516649848638,0.026236125126135216,258,0
Bihar,Lakhisarai,2014,46,97,6,10,0,66,6,20,21,181,52,193,47,39,10,120,8,63,1,29,0,94,585,1728,111,314,280,86,203,0.0642361111111111,0.18171296296296297,0.16203703703703703,0.005787037037037,0.0381944444444444,DATASET_03_2014,Bihar_Lakhisarai_2014,1.0,103,0.005787037037037037,0.03819444444444445,0.02662037037037037,0.011574074074074073,0.10474537037037036,0.012152777777777778,251,0
Bihar,Madhepura,2014,44,123,1,10,0,78,3,37,43,185,55,225,13,37,10,70,8,8,0,50,0,62,1235,2426,76,304,323,50,235,0.031327287716405604,0.12530915086562242,0.13314097279472384,0.0041220115416323,0.032151690024732,DATASET_03_2014,Bihar_Madhepura_2014,1.0,68,0.004122011541632316,0.03215169002473207,0.018136850783182192,0.015251442704039572,0.07625721352019786,0.01772464962901896,296,0
Bihar,Madhubani,2014,74,335,3,41,0,199,23,33,124,410,111,406,12,35,4,646,34,9,0,227,0,114,2510,5113,311,717,701,47,410,0.06082534715431254,0.1402307842753765,0.13710150596518678,0.0080187756698611,0.0389203989829845,DATASET_03_2014,Bihar_Madhubani_2014,1.0,277,0.008018775669861138,0.03892039898298455,0.01447291218462742,0.006454136514766282,0.08018775669861138,0.02425190690397027,708,0
Bihar,Motihari,2014,146,106,0,31,0,262,22,25,240,660,200,944,100,130,25,1600,75,0,0,263,0,257,5367,9490,369,592,1147,230,969,0.038883034773445735,0.06238145416227608,0.1208640674394099,0.0032665964172813,0.0276080084299262,DATASET_03_2014,Bihar_Motihari_2014,1.0,294,0.003266596417281349,0.027608008429926237,0.015384615384615385,0.0026343519494204425,0.06954689146469968,0.02528977871443625,592,0
Bihar,Munger,2014,46,21,2,11,0,52,4,28,51,199,43,195,17,62,16,14,8,5,0,48,0,54,831,1778,72,169,325,79,211,0.04049493813273341,0.09505061867266591,0.1827896512935883,0.0061867266591676,0.0292463442069741,DATASET_03_2014,Bihar_Munger_2014,1.0,64,0.006186726659167604,0.02924634420697413,0.025871766029246346,0.015748031496062992,0.11192350956130484,0.028683914510686165,164,0
Bihar,Muzaffarpur,2014,185,85,44,44,0,444,28,134,281,2097,1249,659,85,330,24,5886,178,166,0,109,5,185,1001,9373,502,1130,3789,415,683,0.05355809239304385,0.12055905259788754,0.40424623919769553,0.0046943347914221,0.0473701056225328,DATASET_03_2014,Bihar_Muzaffarpur_2014,1.0,319,0.00469433479142217,0.047370105622532806,0.01973754400938867,0.014296383228422064,0.22372772858209752,0.029979729008855222,964,0
Bihar,Muzaffarpur Railway,2014,18,0,1,2,0,9,4,1,4,316,48,7,0,0,0,12,2,1,0,0,0,0,208,596,5,36,373,0,7,0.008389261744966443,0.06040268456375839,0.6258389261744967,0.0033557046979865,0.0151006711409395,DATASET_03_2014,Bihar_Muzaffarpur Railway_2014,1.0,3,0.003355704697986577,0.015100671140939598,0.030201342281879196,0.0016778523489932886,0.5302013422818792,0.006711409395973154,35,1
Bihar,Nalanda,2014,107,52,31,29,0,207,9,58,95,464,168,328,9,157,15,1260,59,4,0,271,0,115,3818,6871,363,497,794,166,343,0.0528307378838597,0.07233299374181341,0.11555814291951681,0.0042206374617959,0.0301266191238538,DATASET_03_2014,Bihar_Nalanda_2014,1.0,304,0.004220637461795954,0.03012661912385388,0.015572696841798865,0.008441274923591908,0.06753019938873527,0.013826226167952264,493,0
Bihar,Naugachia,2014,37,4,0,10,0,54,4,16,17,76,11,84,9,25,3,20,10,3,0,88,0,75,1149,1732,111,128,124,34,87,0.06408775981524249,0.07390300230946882,0.07159353348729793,0.0057736720554272,0.0311778290993071,DATASET_03_2014,Bihar_Naugachia_2014,1.0,101,0.005773672055427252,0.03117782909930716,0.021362586605080832,0.009237875288683603,0.04387990762124711,0.009815242494226328,125,0
Bihar,Nawadah,2014,84,23,0,22,0,94,7,61,61,269,106,338,76,48,6,538,22,10,0,77,0,129,1658,3408,131,301,504,124,344,0.038438967136150234,0.08832159624413145,0.14788732394366197,0.0064553990610328,0.0275821596244131,DATASET_03_2014,Bihar_Nawadah_2014,1.0,109,0.006455399061032864,0.027582159624413145,0.02464788732394366,0.01789906103286385,0.07893192488262911,0.01789906103286385,291,0
Bihar,Patna,2014,317,26,5,86,0,752,45,177,661,3952,2179,636,125,1193,2,9144,83,0,60,535,0,493,5959,19804,764,1408,7014,1318,638,0.03857806503736619,0.07109674813169056,0.35417087457079377,0.0043425570591799,0.037972126843062,DATASET_03_2014,Bihar_Patna_2014,1.0,681,0.004342557059179963,0.03797212684306201,0.016006867299535446,0.00893758836598667,0.19955564532417694,0.0333770955362553,1408,0
Bihar,Patna Railway,2014,23,16,0,1,0,8,4,10,1,803,63,5,6,14,0,2,5,13,0,0,0,0,302,1216,19,75,881,20,5,0.015625,0.061677631578947366,0.7245065789473685,0.0008223684210526,0.006578947368421,DATASET_03_2014,Bihar_Patna Railway_2014,1.0,14,0.0008223684210526315,0.006578947368421052,0.018914473684210526,0.008223684210526315,0.6603618421052632,0.0008223684210526315,62,1
Bihar,Purnea,2014,75,2,3,66,0,174,9,37,80,449,220,321,21,222,2,470,26,30,0,115,0,119,3295,5723,237,396,795,243,323,0.041411846933426526,0.06919447842040888,0.13891315743491175,0.0115324130700681,0.0304036344574523,DATASET_03_2014,Bihar_Purnea_2014,1.0,211,0.011532413070068146,0.030403634457452384,0.013105014852350166,0.0064651406604927485,0.07845535558273632,0.01397868250917351,366,0
Bihar,Rohtas,2014,115,5,6,22,0,161,11,31,185,726,219,294,23,137,11,2936,54,0,0,106,0,208,1440,5197,182,351,1172,160,305,0.03502020396382528,0.06753896478737734,0.22551472003078699,0.0042332114681547,0.0309794111987685,DATASET_03_2014,Bihar_Rohtas_2014,1.0,128,0.004233211468154705,0.03097941119876852,0.02212815085626323,0.005964979796036175,0.13969597844910525,0.035597460073119105,351,0
Bihar,Saharsa,2014,41,118,0,14,0,115,1,27,46,289,83,549,3,148,5,72,19,0,0,70,0,46,1603,3189,103,316,446,151,554,0.032298526183756664,0.09909062402006899,0.1398557541549075,0.0043900909375979,0.0360614612731263,DATASET_03_2014,Bihar_Saharsa_2014,1.0,84,0.004390090937597993,0.03606146127312637,0.012856694888679836,0.008466603951081843,0.09062402006898715,0.014424584509250549,316,0
Bihar,Samastipur,2014,122,205,15,38,0,255,18,61,119,567,361,380,45,124,15,570,39,0,0,184,0,110,3035,5664,261,714,1126,169,395,0.04608050847457627,0.1260593220338983,0.1987994350282486,0.0067090395480225,0.0450211864406779,DATASET_03_2014,Bihar_Samastipur_2014,1.0,222,0.006709039548022599,0.045021186440677964,0.02153954802259887,0.010769774011299435,0.10010593220338983,0.021009887005649718,714,0
Bihar,Saran,2014,144,331,0,37,0,249,16,53,196,617,105,442,12,211,36,848,83,0,0,157,0,145,2431,5586,277,830,987,223,478,0.04958825635517365,0.1485857500895095,0.17669172932330826,0.0066237021124239,0.0445757250268528,DATASET_03_2014,Bihar_Saran_2014,1.0,194,0.006623702112423917,0.04457572502685284,0.02577873254564984,0.009488005728607233,0.11045470819906911,0.03508771929824561,830,0
Bihar,Sheikhpura,2014,26,0,0,5,0,51,4,11,36,113,25,136,4,93,12,144,6,18,0,72,0,25,641,1325,101,115,189,97,148,0.07622641509433963,0.08679245283018867,0.14264150943396225,0.0037735849056603,0.0384905660377358,DATASET_03_2014,Bihar_Sheikhpura_2014,1.0,95,0.0037735849056603774,0.038490566037735846,0.019622641509433963,0.00830188679245283,0.08528301886792453,0.027169811320754716,97,0
Bihar,Sheohar,2014,13,35,0,8,0,33,5,9,22,89,16,62,6,22,1,18,6,16,0,14,0,10,381,778,44,119,141,28,63,0.056555269922879174,0.15295629820051415,0.18123393316195371,0.0102827763496143,0.0424164524421593,DATASET_03_2014,Bihar_Sheohar_2014,1.0,38,0.010282776349614395,0.042416452442159386,0.016709511568123392,0.011568123393316195,0.11439588688946016,0.028277634961439587,103,0
Bihar,Sitamarhi,2014,91,335,4,11,0,220,20,63,165,579,276,345,27,16,37,202,29,0,0,242,0,96,2818,5453,282,744,1103,43,382,0.05171465248487071,0.1364386576196589,0.2022739776269943,0.0020172382174949,0.0403447643498991,DATASET_03_2014,Bihar_Sitamarhi_2014,1.0,253,0.0020172382174949567,0.040344764349899136,0.01668806161745828,0.011553273427471117,0.10618008435723456,0.030258573262424353,744,0
Bihar,Siwan,2014,103,222,0,17,0,198,12,57,127,549,284,425,21,100,3,756,64,7,0,50,0,124,2361,5003,138,616,1029,121,428,0.027583449930041973,0.12312612432540476,0.20567659404357386,0.003397961223266,0.0395762542474515,DATASET_03_2014,Bihar_Siwan_2014,1.0,74,0.0033979612232660403,0.03957625424745153,0.020587647411553067,0.011393164101539077,0.10973415950429742,0.02538476913851689,609,0
Bihar,Supaul,2014,64,87,11,32,0,132,6,23,49,274,79,573,33,72,11,74,22,0,0,83,0,95,1303,3008,137,355,431,105,584,0.045545212765957445,0.1180186170212766,0.1432845744680851,0.0106382978723404,0.0438829787234042,DATASET_03_2014,Bihar_Supaul_2014,1.0,115,0.010638297872340425,0.043882978723404256,0.02127659574468085,0.007646276595744681,0.09109042553191489,0.016289893617021278,355,0
Bihar,Vaishali,2014,135,58,0,28,0,296,13,62,185,1104,342,603,0,176,5,220,66,0,0,139,0,331,2993,6337,233,592,1706,176,608,0.03676818683919836,0.09341959917942244,0.2692125611488086,0.0044184945557834,0.0467097995897112,DATASET_03_2014,Bihar_Vaishali_2014,1.0,167,0.004418494555783494,0.04670979958971122,0.02130345589395613,0.009783809373520594,0.17421492819946346,0.029193624743569513,592,0
Bihar,Economic Offences Unit,2014,0,0,0,0,0,0,0,0,0,0,0,0,0,10,0,0,0,0,0,0,0,0,0,11,0,0,0,10,0,0.0,0.0,0.0,0.0,0.0,DATASET_03_2014,Bihar_Economic Offences Unit_2014,1.0,0,0.0,0.0,0.0,0.0,0.0,0.0,0,1
Bihar,Anti Terrorist Squad,2014,0,0,0,0,0,0,0,0,0,0,0,0,0,0,0,0,0,0,0,0,0,0,0,0,0,0,0,0,0,,,,,,DATASET_03_2014,Bihar_Anti Terrorist Squad_2014,1.0,0,,,,,,,0,1
Chhattisgarh,Balod,2014,17,12,0,34,0,27,0,4,77,110,37,24,6,23,13,26,4,62,3,23,0,98,927,1479,126,156,228,29,37,0.08519269776876268,0.10547667342799188,0.15415821501014199,0.0229885057471264,0.0182555780933062,DATASET_03_2014,Chhattisgarh_Balod_2014,1.0,122,0.022988505747126436,0.018255578093306288,0.011494252873563218,0.002704530087897228,0.07437457741717377,0.052062204192021636,94,0
Chhattisgarh,Balodbazar,2014,33,16,1,40,0,119,1,19,186,235,85,57,9,9,19,1690,8,95,6,32,0,179,242,2578,181,324,526,18,76,0.07020946470131885,0.1256788207913111,0.20403413498836306,0.0155159038013964,0.0461598138091543,DATASET_03_2014,Chhattisgarh_Balodbazar_2014,1.0,173,0.015515903801396431,0.04615981380915438,0.012800620636152055,0.007370054305663305,0.09115593483320403,0.0721489526764934,229,0
Chhattisgarh,Balrampur,2014,55,21,0,111,0,21,0,6,51,54,17,11,7,10,7,168,5,62,1,39,0,106,421,1333,218,276,128,17,18,0.16354088522130533,0.20705176294073518,0.09602400600150038,0.0832708177044261,0.0157539384846211,DATASET_03_2014,Chhattisgarh_Balrampur_2014,1.0,213,0.08327081770442611,0.015753938484621154,0.04126031507876969,0.00450112528132033,0.04051012753188297,0.03825956489122281,214,0
Chhattisgarh,Bemetra,2014,21,8,0,41,0,30,0,7,104,119,40,25,2,17,4,36,3,56,0,19,0,103,1068,1645,119,163,270,19,29,0.07234042553191489,0.09908814589665653,0.1641337386018237,0.0249240121580547,0.0182370820668693,DATASET_03_2014,Chhattisgarh_Bemetra_2014,1.0,116,0.02492401215805471,0.0182370820668693,0.01276595744680851,0.00425531914893617,0.07234042553191489,0.06322188449848025,107,0
Chhattisgarh,Bilaspur,2014,72,34,4,94,0,216,0,49,378,488,307,87,7,58,31,224,13,211,5,75,0,283,2454,4870,398,680,1222,65,118,0.08172484599589322,0.13963039014373715,0.2509240246406571,0.0193018480492813,0.04435318275154,DATASET_03_2014,Chhattisgarh_Bilaspur_2014,1.0,385,0.019301848049281315,0.04435318275154004,0.014784394250513347,0.010061601642710472,0.10020533880903491,0.07761806981519508,469,0
Chhattisgarh,Bizapur,2014,38,77,0,6,0,12,3,0,18,8,5,0,0,5,4,18,0,2,0,2,0,16,73,343,10,138,34,5,4,0.029154518950437316,0.40233236151603496,0.09912536443148688,0.0174927113702623,0.0349854227405247,DATASET_03_2014,Chhattisgarh_Bizapur_2014,1.0,10,0.01749271137026239,0.03498542274052478,0.11078717201166181,0.0,0.023323615160349854,0.052478134110787174,136,1
Chhattisgarh,Dantewara,2014,22,18,0,11,0,11,2,1,28,25,7,9,0,7,7,26,0,9,0,6,0,42,126,442,26,74,63,7,16,0.058823529411764705,0.167420814479638,0.1425339366515837,0.0248868778280542,0.0248868778280542,DATASET_03_2014,Chhattisgarh_Dantewara_2014,1.0,26,0.024886877828054297,0.024886877828054297,0.049773755656108594,0.0022624434389140274,0.05656108597285068,0.06334841628959276,65,1
Chhattisgarh,Dhamtari,2014,20,10,2,36,0,24,0,4,62,89,43,6,5,16,4,54,3,49,6,9,0,144,711,1300,103,145,198,21,10,0.07923076923076923,0.11153846153846154,0.1523076923076923,0.0276923076923076,0.0184615384615384,DATASET_03_2014,Chhattisgarh_Dhamtari_2014,1.0,100,0.027692307692307693,0.018461538461538463,0.015384615384615385,0.003076923076923077,0.06846153846153846,0.047692307692307694,96,0
Chhattisgarh,Durg,2014,50,41,0,84,0,243,4,56,370,813,372,44,14,111,41,148,12,254,12,172,0,261,2939,6677,534,732,1615,125,85,0.07997603714242923,0.10963007338625132,0.24187509360491238,0.0125805002246517,0.0363935899355998,DATASET_03_2014,Chhattisgarh_Durg_2014,1.0,522,0.01258050022465179,0.03639358993559982,0.007488392990864161,0.00838700014976786,0.12176127003145125,0.055414108132394786,478,0
Chhattisgarh,Gariyaband,2014,15,13,0,42,0,15,2,4,41,45,24,12,1,8,2,34,3,31,3,14,0,72,373,948,93,122,116,9,14,0.0981012658227848,0.12869198312236288,0.12236286919831224,0.0443037974683544,0.0158227848101265,DATASET_03_2014,Chhattisgarh_Gariyaband_2014,1.0,90,0.04430379746835443,0.015822784810126583,0.015822784810126583,0.004219409282700422,0.04746835443037975,0.043248945147679324,91,0
Chhattisgarh,G. R. P. Raipur,2014,2,0,0,0,0,5,0,9,5,290,4,2,2,1,0,12,1,8,0,4,0,1,61,400,13,24,308,3,2,0.0325,0.06,0.77,0.0,0.0125,DATASET_03_2014,Chhattisgarh_G. R. P. Raipur_2014,1.0,12,0.0,0.0125,0.005,0.0225,0.725,0.0125,16,1
Chhattisgarh,Jagdalpur,2014,45,29,0,32,0,40,9,5,81,101,46,16,0,13,7,1104,1,42,0,20,0,121,466,1580,95,202,242,13,23,0.060126582278481014,0.12784810126582277,0.15316455696202533,0.020253164556962,0.0253164556962025,DATASET_03_2014,Chhattisgarh_Jagdalpur_2014,1.0,94,0.020253164556962026,0.02531645569620253,0.028481012658227847,0.0031645569620253164,0.06392405063291139,0.05126582278481013,160,0
Chhattisgarh,Janjgir,2014,48,27,3,64,0,144,2,20,203,243,116,102,9,45,17,163,20,141,7,90,0,209,1416,3401,322,449,584,54,119,0.09467803587180242,0.13201999411937665,0.17171420170538076,0.0188179947074389,0.0423404880917377,DATASET_03_2014,Chhattisgarh_Janjgir_2014,1.0,302,0.018817994707438987,0.042340488091737724,0.014113496030579242,0.005880623346074684,0.0714495736548074,0.05968832696265804,308,0
Chhattisgarh,Jashpur,2014,55,17,1,86,0,71,3,16,63,75,33,9,5,19,5,114,0,48,0,11,0,123,261,1225,145,297,190,24,14,0.11836734693877551,0.24244897959183673,0.15510204081632653,0.070204081632653,0.0579591836734693,DATASET_03_2014,Chhattisgarh_Jashpur_2014,1.0,145,0.07020408163265306,0.05795918367346939,0.044897959183673466,0.013061224489795919,0.061224489795918366,0.05142857142857143,249,0
Chhattisgarh,Kabirdham,2014,25,5,0,39,0,84,0,4,67,93,36,14,4,25,5,20,6,84,2,14,0,87,674,1573,145,241,200,29,19,0.09218054672600128,0.15321042593769865,0.12714558169103624,0.024793388429752,0.0534011443102352,DATASET_03_2014,Chhattisgarh_Kabirdham_2014,1.0,139,0.024793388429752067,0.05340114431023522,0.01589319771137953,0.0025429116338207248,0.05912269548633185,0.04259376986649714,157,0
Chhattisgarh,Kanker,2014,47,42,0,40,0,47,1,5,67,97,26,22,6,18,9,38,5,37,2,25,0,103,604,1253,109,219,196,24,31,0.08699122106943336,0.174780526735834,0.1564245810055866,0.0319233838786911,0.037509976057462,DATASET_03_2014,Chhattisgarh_Kanker_2014,1.0,104,0.03192338387869114,0.03750997605746209,0.03750997605746209,0.0039904229848363925,0.07741420590582601,0.053471667996807665,182,0
Chhattisgarh,Kondagaon,2014,33,19,1,21,0,20,2,2,37,33,22,17,0,5,7,374,1,16,0,8,0,87,51,782,46,114,96,5,24,0.058823529411764705,0.14578005115089515,0.12276214833759591,0.0268542199488491,0.0255754475703324,DATASET_03_2014,Chhattisgarh_Kondagaon_2014,1.0,45,0.026854219948849106,0.02557544757033248,0.04219948849104859,0.0025575447570332483,0.04219948849104859,0.04731457800511509,98,1
Chhattisgarh,Korba,2014,37,12,3,68,0,53,4,22,161,240,96,33,13,35,11,92,6,83,4,51,0,194,929,2572,212,282,523,48,44,0.08242612752721618,0.10964230171073094,0.20334370139968896,0.0264385692068429,0.020606531881804,DATASET_03_2014,Chhattisgarh_Korba_2014,1.0,206,0.026438569206842923,0.020606531881804044,0.014385692068429238,0.008553654743390357,0.09331259720062209,0.06259720062208399,199,0
Chhattisgarh,Koriya,2014,40,26,1,58,0,85,0,7,80,91,16,28,1,22,5,1416,2,74,1,59,0,80,339,1707,194,291,194,23,33,0.11364967779730521,0.1704745166959578,0.11364967779730521,0.0339777387229056,0.0497949619214997,DATASET_03_2014,Chhattisgarh_Koriya_2014,1.0,192,0.03397773872290568,0.04979496192149971,0.023432923257176334,0.004100761570005858,0.053309900410076154,0.04686584651435267,217,0
Chhattisgarh,Mahasamund,2014,22,16,1,44,0,87,1,9,163,223,77,39,7,37,2,72,10,99,4,28,0,201,1040,2469,185,279,473,44,41,0.0749291211016606,0.11300121506682867,0.191575536654516,0.0178209801539084,0.0352369380315917,DATASET_03_2014,Chhattisgarh_Mahasamund_2014,1.0,175,0.017820980153908466,0.03523693803159174,0.008910490076954233,0.0036452004860267314,0.0903199675982179,0.06601863102470636,180,0
Chhattisgarh,Mungali,2014,21,9,0,10,0,36,0,5,76,84,26,32,0,11,6,0,6,38,15,14,0,63,511,938,83,119,191,11,38,0.08848614072494669,0.12686567164179105,0.20362473347547974,0.0106609808102345,0.0383795309168443,DATASET_03_2014,Chhattisgarh_Mungali_2014,1.0,77,0.010660980810234541,0.03837953091684435,0.022388059701492536,0.005330490405117271,0.08955223880597014,0.08102345415778252,81,0
Chhattisgarh,Narayanpur,2014,5,31,0,7,0,9,3,1,8,8,5,0,1,2,2,8,0,6,0,1,0,10,52,222,14,62,25,3,2,0.06306306306306306,0.27927927927927926,0.11261261261261261,0.0315315315315315,0.0405405405405405,DATASET_03_2014,Chhattisgarh_Narayanpur_2014,1.0,14,0.03153153153153153,0.04054054054054054,0.02252252252252252,0.0045045045045045045,0.036036036036036036,0.036036036036036036,56,1
Chhattisgarh,Raigarh,2014,74,34,5,121,0,96,5,21,150,331,157,81,11,37,15,1640,7,140,1,46,0,269,805,3074,315,496,664,48,96,0.10247234873129472,0.16135328562134027,0.21600520494469747,0.0393623942745608,0.0312296681847755,DATASET_03_2014,Chhattisgarh_Raigarh_2014,1.0,308,0.039362394274560834,0.031229668184775537,0.024072869225764477,0.0068314899154196486,0.10767729342875731,0.048796356538711776,356,0
Chhattisgarh,Raipur,2014,49,95,2,141,0,265,4,76,532,1557,853,82,37,273,31,214,3,224,4,96,0,424,2601,8306,468,856,3022,310,113,0.05634481098001445,0.1030580303395136,0.3638333734649651,0.0169756802311582,0.0319046472429569,DATASET_03_2014,Chhattisgarh_Raipur_2014,1.0,465,0.0169756802311582,0.0319046472429569,0.005899349867565616,0.009150012039489525,0.18745485191427882,0.06405008427642668,632,0
Chhattisgarh,Rajnandgaon,2014,33,29,1,57,0,113,2,20,143,264,142,34,6,72,12,30,4,100,3,33,0,199,1384,3255,197,355,571,78,46,0.060522273425499235,0.10906298003072197,0.17542242703533026,0.0175115207373271,0.034715821812596,DATASET_03_2014,Chhattisgarh_Rajnandgaon_2014,1.0,193,0.017511520737327188,0.034715821812596005,0.010138248847926268,0.006144393241167435,0.08110599078341015,0.04393241167434716,255,0
Chhattisgarh,Sarguja,2014,61,13,2,94,0,51,0,16,82,124,50,0,5,26,12,122,4,76,0,23,0,156,654,1835,197,313,272,31,12,0.10735694822888284,0.17057220708446866,0.14822888283378746,0.0512261580381471,0.0277929155313351,DATASET_03_2014,Chhattisgarh_Sarguja_2014,1.0,193,0.05122615803814714,0.02779291553133515,0.0332425068119891,0.008719346049046322,0.06757493188010899,0.0446866485013624,237,0
Chhattisgarh,Sukma,2014,20,43,0,5,0,9,7,5,9,10,7,0,1,0,4,6,0,5,0,3,0,10,97,240,13,94,38,1,4,0.05416666666666667,0.39166666666666666,0.15833333333333333,0.0208333333333333,0.0375,DATASET_03_2014,Chhattisgarh_Sukma_2014,1.0,13,0.020833333333333332,0.0375,0.08333333333333333,0.020833333333333332,0.041666666666666664,0.0375,89,1
Chhattisgarh,Surajpur,2014,38,19,2,50,0,81,3,12,5,248,19,23,11,25,15,72,1,70,0,47,0,121,618,1753,168,275,287,36,38,0.09583571021106674,0.15687393040501996,0.16371933827723903,0.0285225328009127,0.0462065031374786,DATASET_03_2014,Chhattisgarh_Surajpur_2014,1.0,167,0.02852253280091272,0.04620650313747861,0.02167712492869367,0.0068454078722190535,0.1414717626925271,0.002852253280091272,205,0
Goa,North Goa,2014,20,25,3,55,0,93,8,13,231,733,261,95,57,152,30,164,0,146,40,11,0,138,425,2805,252,363,1246,209,125,0.08983957219251337,0.12941176470588237,0.44420677361853833,0.0196078431372549,0.0331550802139037,DATASET_03_2014,Goa_North Goa_2014,1.0,252,0.0196078431372549,0.033155080213903745,0.0071301247771836,0.004634581105169341,0.26131907308377894,0.08235294117647059,217,0
Goa,South Goa,2014,14,17,3,37,0,59,5,19,141,368,125,38,25,86,11,64,0,53,17,23,0,85,289,1549,130,207,658,111,49,0.08392511297611362,0.13363460296965785,0.42479018721755973,0.0238863783085861,0.0380890897353131,DATASET_03_2014,Goa_South Goa_2014,1.0,130,0.023886378308586184,0.03808908973531311,0.009038089089735314,0.012265978050355068,0.23757262750161395,0.09102646868947709,154,0
Goa,C. I. D.,2014,0,0,0,3,0,0,0,0,0,53,0,0,0,22,0,0,0,3,0,1,0,0,7,112,7,6,53,22,0,0.0625,0.05357142857142857,0.4732142857142857,0.0267857142857142,0.0,DATASET_03_2014,Goa_C. I. D._2014,1.0,7,0.026785714285714284,0.0,0.0,0.0,0.4732142857142857,0.0,3,1
Gujarat,Ahmedabad City,2014,82,61,6,100,0,367,18,261,500,2589,1693,87,169,214,4,486,11,162,3,802,0,330,7450,15286,1078,1057,5061,383,91,0.07052204631689127,0.06914824021980898,0.3310872693968337,0.0065419337956299,0.024008897029962,DATASET_03_2014,Gujarat_Ahmedabad City_2014,1.0,1067,0.006541933795629988,0.02400889702996206,0.00536438571241659,0.01707444720659427,0.16937066596886038,0.03270966897814994,895,0
Gujarat,Ahmedabad Rural,2014,27,48,4,18,0,84,9,17,57,221,86,40,48,17,9,130,0,31,0,142,0,273,2653,4266,191,238,390,65,49,0.04477262072198781,0.055789967182372245,0.09142053445850915,0.0042194092827004,0.0196905766526019,DATASET_03_2014,Gujarat_Ahmedabad Rural_2014,1.0,191,0.004219409282700422,0.01969057665260197,0.006329113924050633,0.0039849976558837315,0.05180496952648851,0.013361462728551337,207,0
Gujarat,Amreli,2014,26,25,2,7,0,72,0,17,78,93,43,23,23,9,0,122,0,21,1,139,0,123,777,1818,168,170,231,32,23,0.0924092409240924,0.09350935093509351,0.12706270627062707,0.0038503850385038,0.0396039603960396,DATASET_03_2014,Gujarat_Amreli_2014,1.0,168,0.0038503850385038503,0.039603960396039604,0.014301430143014302,0.00935093509350935,0.05115511551155116,0.0429042904290429,149,0
Gujarat,Anand,2014,37,21,0,12,0,73,7,31,114,354,213,37,24,55,8,143,0,21,5,117,0,242,1553,3415,155,202,719,79,45,0.04538799414348463,0.05915080527086384,0.21054172767203513,0.0035139092240117,0.0213762811127379,DATASET_03_2014,Gujarat_Anand_2014,1.0,155,0.003513909224011713,0.02137628111273792,0.010834553440702782,0.009077598828696925,0.10366032210834554,0.03338213762811127,181,0
Gujarat,Arvalli,2014,28,10,3,5,0,37,4,5,67,85,44,6,11,3,2,38,0,19,2,69,0,126,1192,3841,95,111,205,14,8,0.02473314241083051,0.028898724290549335,0.053371517833897424,0.0013017443374121,0.0096329080968497,DATASET_03_2014,Gujarat_Arvalli_2014,1.0,95,0.0013017443374121322,0.009632908096849779,0.0072897682895079405,0.0013017443374121322,0.022129653736006248,0.01744337412132257,92,0
Gujarat,Banaskantha,2014,51,42,1,56,0,112,18,79,214,389,206,71,33,70,17,1046,0,90,2,295,0,257,1662,4464,443,449,906,103,88,0.09923835125448029,0.10058243727598566,0.20295698924731181,0.0125448028673835,0.025089605734767,DATASET_03_2014,Gujarat_Banaskantha_2014,1.0,443,0.012544802867383513,0.025089605734767026,0.0114247311827957,0.017697132616487456,0.0871415770609319,0.047939068100358424,359,0
Gujarat,Bharuch,2014,47,27,0,42,0,64,10,29,142,406,222,53,83,3,3,178,0,49,0,63,0,323,1092,2981,154,268,809,86,56,0.05166051660516605,0.08990271720899028,0.2713854411271385,0.0140892318014089,0.0214693056021469,DATASET_03_2014,Gujarat_Bharuch_2014,1.0,154,0.014089231801408923,0.02146930560214693,0.01576652130157665,0.009728279100972828,0.1361959074136196,0.047635021804763505,219,0
Gujarat,Bhavnagar,2014,39,33,6,17,0,105,13,39,153,361,187,54,20,30,9,296,0,39,36,155,0,204,1578,3589,247,291,753,50,63,0.06882139871830593,0.08108108108108109,0.2098077458902201,0.0047366954583449,0.0292560601838952,DATASET_03_2014,Gujarat_Bhavnagar_2014,1.0,247,0.004736695458344943,0.029256060183895236,0.010866536639732517,0.010866536639732517,0.10058512120367791,0.042630259125104486,252,0
Gujarat,Botad,2014,13,10,2,11,0,27,2,4,25,57,39,9,3,3,2,88,0,11,0,39,0,58,344,783,61,80,127,6,11,0.07790549169859515,0.10217113665389528,0.16219667943805874,0.0140485312899106,0.0344827586206896,DATASET_03_2014,Gujarat_Botad_2014,1.0,61,0.0140485312899106,0.034482758620689655,0.016602809706257982,0.005108556832694764,0.07279693486590039,0.031928480204342274,69,1
Gujarat,Chhotaudepur,2014,22,10,0,15,0,40,4,6,31,110,74,7,3,7,5,102,0,11,0,21,0,119,484,1144,47,108,225,10,12,0.04108391608391608,0.0944055944055944,0.19667832167832167,0.0131118881118881,0.0349650349650349,DATASET_03_2014,Gujarat_Chhotaudepur_2014,1.0,47,0.013111888111888112,0.03496503496503497,0.019230769230769232,0.005244755244755245,0.09615384615384616,0.027097902097902096,97,0
Gujarat,C. I. D. Crime,2014,2,0,0,0,0,0,0,0,0,0,0,0,0,6,0,0,0,0,0,0,0,0,0,8,0,2,0,6,0,0.0,0.25,0.0,0.0,0.0,DATASET_03_2014,Gujarat_C. I. D. Crime_2014,1.0,0,0.0,0.0,0.25,0.0,0.0,0.0,2,1
Gujarat,Dahod,2014,45,21,4,27,0,96,21,37,115,218,128,32,5,12,9,238,0,28,0,133,0,192,1071,2594,188,279,519,17,41,0.07247494217424827,0.10755589822667695,0.20007710100231302,0.010408635312259,0.0370084811102544,DATASET_03_2014,Gujarat_Dahod_2014,1.0,188,0.01040863531225906,0.03700848111025443,0.017347725520431765,0.014263685427910563,0.08404009252120277,0.04433307632999229,251,0
Gujarat,Dang,2014,10,2,0,4,0,4,0,0,8,12,4,4,1,5,0,24,1,6,4,26,0,20,162,283,41,26,24,6,4,0.14487632508833923,0.09187279151943463,0.08480565371024736,0.0141342756183745,0.0141342756183745,DATASET_03_2014,Gujarat_Dang_2014,1.0,40,0.014134275618374558,0.014134275618374558,0.0353356890459364,0.0,0.04240282685512368,0.028268551236749116,20,1
Gujarat,Devbhumi Dwarka,2014,9,11,0,3,0,18,1,6,38,47,23,24,6,10,0,64,0,14,0,131,0,82,461,1106,148,62,115,16,24,0.13381555153707053,0.05605786618444846,0.10397830018083183,0.0027124773960217,0.0162748643761302,DATASET_03_2014,Gujarat_Devbhumi Dwarka_2014,1.0,148,0.0027124773960217,0.0162748643761302,0.0081374321880651,0.0054249547920434,0.042495479204339964,0.034358047016274866,48,0
Gujarat,Gandhinagar,2014,20,9,1,17,0,79,2,61,90,367,205,48,6,89,6,118,0,22,2,152,0,207,2852,7451,193,211,725,95,54,0.025902563414306804,0.028318346530667025,0.09730237552006442,0.002281572943229,0.0106026036773587,DATASET_03_2014,Gujarat_Gandhinagar_2014,1.0,193,0.0022815729432290968,0.010602603677358744,0.002684203462622467,0.008186820560998523,0.04925513353912227,0.012078915581801101,189,0
Gujarat,Gir Somnath,2014,17,8,0,17,0,32,5,20,52,80,43,29,10,21,5,68,1,30,2,125,0,110,566,1405,175,129,200,31,34,0.12455516014234876,0.09181494661921709,0.1423487544483986,0.0120996441281138,0.0227758007117437,DATASET_03_2014,Gujarat_Gir Somnath_2014,1.0,174,0.012099644128113879,0.022775800711743774,0.012099644128113879,0.014234875444839857,0.05693950177935943,0.03701067615658363,99,0
Gujarat,Jamnagar,2014,23,36,1,34,0,60,16,17,119,282,141,47,39,13,6,220,1,26,1,230,0,163,1817,3752,292,213,575,52,53,0.07782515991471216,0.056769722814498935,0.15325159914712153,0.0090618336886993,0.0159914712153518,DATASET_03_2014,Gujarat_Jamnagar_2014,1.0,291,0.00906183368869936,0.015991471215351813,0.0061300639658848615,0.00453091684434968,0.07515991471215352,0.03171641791044776,187,0
Gujarat,Junagadh,2014,13,15,0,21,0,70,5,25,81,150,87,40,19,14,15,58,0,42,0,297,0,111,1051,2497,360,191,348,33,55,0.14417300760913096,0.07649179014817781,0.13936724068882658,0.0084100921105326,0.0280336403684421,DATASET_03_2014,Gujarat_Junagadh_2014,1.0,360,0.00841009211053264,0.02803364036844213,0.005206247496996396,0.010012014417300761,0.060072086503804564,0.032438926712054464,149,0
Gujarat,Kachchh East(G),2014,35,27,1,31,0,66,3,23,137,345,194,46,17,33,2,140,0,34,2,159,0,169,1395,3349,226,220,702,50,48,0.06748283069573006,0.06569125111973724,0.20961481039116153,0.0092564944759629,0.0197073753359211,DATASET_03_2014,Gujarat_Kachchh East(G)_2014,1.0,226,0.009256494475962974,0.019707375335921172,0.010450880859958196,0.006867721707972529,0.10301582561958794,0.04090773365183637,186,0
Gujarat,Kachchh West(B),2014,16,13,0,18,0,35,2,15,106,237,75,58,29,65,4,106,0,27,3,203,0,161,778,2269,251,126,435,94,62,0.11062141912736889,0.055531070956368445,0.19171441163508154,0.007933010136624,0.0154252974878801,DATASET_03_2014,Gujarat_Kachchh West(B)_2014,1.0,251,0.007933010136624064,0.015425297487880123,0.007051564565888057,0.006610841780520053,0.10445130013221683,0.04671661524900837,99,0
Gujarat,Kheda,2014,22,21,0,12,0,80,9,5,56,173,84,34,30,25,3,230,0,29,0,86,0,242,1901,3614,127,178,327,55,37,0.03514111787493082,0.04925290536801328,0.0904814609850581,0.0033204205866076,0.0221361372440509,DATASET_03_2014,Gujarat_Kheda_2014,1.0,127,0.003320420586607637,0.02213613724405091,0.006087437742114001,0.001383508577753182,0.0478693967902601,0.01549529607083564,149,0
Gujarat,Mahisagar,2014,18,8,2,10,0,25,3,4,53,32,16,11,9,4,5,52,0,15,0,96,0,86,500,1040,121,85,108,13,16,0.11634615384615385,0.08173076923076923,0.10384615384615385,0.0096153846153846,0.0240384615384615,DATASET_03_2014,Gujarat_Mahisagar_2014,1.0,121,0.009615384615384616,0.02403846153846154,0.01730769230769231,0.0038461538461538464,0.03076923076923077,0.05096153846153846,70,0
Gujarat,Mehsana,2014,24,11,2,6,0,108,16,66,183,544,275,81,44,43,10,111,0,42,0,270,0,198,3640,6587,318,275,1084,87,91,0.04827690906330651,0.041748899347199026,0.16456657051768636,0.0009108850766661,0.0163959313799908,DATASET_03_2014,Gujarat_Mehsana_2014,1.0,318,0.0009108850766661606,0.016395931379990892,0.0036435403066646423,0.010019735843327767,0.08258691361773189,0.0277819948383179,233,0
Gujarat,Morbi,2014,31,15,5,9,0,29,6,6,41,177,96,19,39,2,4,72,3,17,1,92,0,201,608,2332,122,118,326,41,23,0.05231560891938251,0.05060034305317324,0.13979416809605488,0.0038593481989708,0.0124356775300171,DATASET_03_2014,Gujarat_Morbi_2014,1.0,119,0.0038593481989708405,0.012435677530017153,0.013293310463121783,0.002572898799313894,0.07590051457975987,0.01758147512864494,101,0
Gujarat,Narmada,2014,12,2,1,8,0,15,0,0,15,40,20,10,3,2,1,82,0,21,0,15,0,91,246,664,44,59,75,5,11,0.06626506024096386,0.08885542168674698,0.11295180722891567,0.0120481927710843,0.0225903614457831,DATASET_03_2014,Gujarat_Narmada_2014,1.0,44,0.012048192771084338,0.022590361445783132,0.018072289156626505,0.0,0.060240963855421686,0.022590361445783132,38,1
Gujarat,Navsari,2014,19,11,0,15,0,37,7,9,136,227,116,19,45,21,2,88,0,19,0,69,0,240,479,1730,103,117,495,66,21,0.05953757225433526,0.0676300578034682,0.2861271676300578,0.0086705202312138,0.0213872832369942,DATASET_03_2014,Gujarat_Navsari_2014,1.0,103,0.008670520231213872,0.02138728323699422,0.010982658959537572,0.005202312138728324,0.13121387283236993,0.07861271676300578,98,0
Gujarat,Panchmahal,2014,34,8,0,24,0,69,6,8,93,160,98,23,10,8,10,152,0,28,0,106,0,242,758,2634,158,177,365,18,33,0.05998481397114654,0.06719817767653759,0.13857251328777526,0.0091116173120728,0.0261958997722095,DATASET_03_2014,Gujarat_Panchmahal_2014,1.0,158,0.009111617312072893,0.02619589977220957,0.012908124525436599,0.0030372057706909645,0.060744115413819286,0.03530751708428246,149,0
Gujarat,Patan,2014,17,15,0,25,0,53,14,25,85,261,126,28,15,34,4,162,1,51,0,138,0,129,844,2117,215,200,511,49,32,0.10155880963627775,0.0944733112895607,0.2413793103448276,0.011809163911195,0.0250354274917335,DATASET_03_2014,Gujarat_Patan_2014,1.0,214,0.011809163911195087,0.025035427491733587,0.00803023145961266,0.011809163911195087,0.1232876712328767,0.040151157298063296,149,0
Gujarat,Porbandar,2014,8,8,0,8,0,20,1,11,29,57,16,19,11,14,2,40,1,18,1,93,0,47,408,913,121,74,114,25,21,0.13253012048192772,0.08105147864184009,0.1248630887185104,0.008762322015334,0.0219058050383351,DATASET_03_2014,Gujarat_Porbandar_2014,1.0,120,0.008762322015334063,0.02190580503833516,0.008762322015334063,0.012048192771084338,0.0624315443592552,0.03176341730558598,56,0
Gujarat,Rajkot City,2014,43,43,2,17,0,99,7,91,176,835,671,61,70,18,11,184,0,31,5,301,0,142,807,3516,354,333,1780,88,72,0.10068259385665529,0.0947098976109215,0.5062571103526735,0.0048350398179749,0.0281569965870307,DATASET_03_2014,Gujarat_Rajkot City_2014,1.0,354,0.004835039817974972,0.028156996587030716,0.012229806598407281,0.025881683731513082,0.237485779294653,0.05005688282138794,302,0
Gujarat,Rajkot Rural,2014,24,19,1,30,0,69,7,24,104,211,118,44,33,14,12,98,1,36,1,234,0,198,928,2891,302,210,464,47,56,0.10446212383258388,0.07263922518159806,0.16049809754410238,0.0103770321687997,0.0238671739882393,DATASET_03_2014,Gujarat_Rajkot Rural_2014,1.0,301,0.010377032168799724,0.023867173988239364,0.008301625735039779,0.008301625735039779,0.07298512625389139,0.03597371151850571,174,0
Gujarat,Sabarkantha,2014,22,10,1,10,0,37,4,20,64,197,102,26,13,36,2,68,0,33,1,131,0,170,1694,5647,175,137,387,49,28,0.030989906144855677,0.02426066938197273,0.0685319638746237,0.001770851779706,0.0065521515849123,DATASET_03_2014,Gujarat_Sabarkantha_2014,1.0,175,0.0017708517797060386,0.0065521515849123425,0.003895873915353285,0.003541703559412077,0.03488578006020896,0.011333451390118647,104,0
Gujarat,Surat City,2014,85,41,8,94,0,263,14,30,257,1315,886,40,26,329,4,710,2,70,0,405,0,244,116,4397,571,605,2502,355,44,0.12986126904707757,0.13759381396406642,0.5690243347737094,0.0213782124175574,0.0598135092108255,DATASET_03_2014,Gujarat_Surat City_2014,1.0,569,0.021378212417557427,0.059813509210825566,0.01933136229247214,0.006822833750284285,0.29906754605412783,0.058448942460768705,535,0
Gujarat,Surat Rural,2014,52,8,2,21,0,45,13,32,151,477,283,26,27,53,5,102,0,34,0,90,0,480,1174,3810,145,207,956,80,31,0.03805774278215223,0.05433070866141732,0.2509186351706037,0.005511811023622,0.0118110236220472,DATASET_03_2014,Gujarat_Surat Rural_2014,1.0,145,0.005511811023622047,0.011811023622047244,0.013648293963254593,0.008398950131233596,0.1251968503937008,0.03963254593175853,173,0
Gujarat,Surendranagar,2014,34,48,0,22,0,44,8,15,88,232,117,55,26,11,13,265,0,36,0,89,0,203,930,2476,147,207,460,37,68,0.05936995153473344,0.08360258481421648,0.18578352180936994,0.0088852988691437,0.0177705977382875,DATASET_03_2014,Gujarat_Surendranagar_2014,1.0,147,0.008885298869143781,0.017770597738287562,0.013731825525040387,0.006058158319870759,0.09369951534733441,0.035541195476575124,171,0
Gujarat,Tapi,2014,13,2,0,15,0,13,2,3,34,112,54,12,12,5,3,46,0,9,89,20,0,150,284,986,133,57,205,17,15,0.13488843813387424,0.057809330628803245,0.2079107505070994,0.0152129817444219,0.0131845841784989,DATASET_03_2014,Gujarat_Tapi_2014,1.0,133,0.015212981744421906,0.013184584178498986,0.013184584178498986,0.0030425963488843813,0.11359026369168357,0.034482758620689655,48,0
Gujarat,Vadodara City,2014,23,37,0,23,0,93,10,117,502,1242,820,60,18,195,8,211,1,109,8,306,0,204,6592,12651,447,412,2691,213,68,0.03533317524306379,0.03256659552604537,0.21271045767133032,0.0018180380997549,0.0073511975337917,DATASET_03_2014,Gujarat_Vadodara City_2014,1.0,446,0.00181803809975496,0.007351197533791795,0.00181803809975496,0.00924828076831871,0.09817405738676785,0.039680657655521305,303,0
Gujarat,Vadodara Rural,2014,24,6,2,11,0,66,7,7,57,158,112,28,13,26,4,140,0,36,3,67,0,276,1205,2896,117,159,341,39,32,0.040400552486187846,0.05490331491712707,0.11774861878453038,0.0037983425414364,0.0227900552486187,DATASET_03_2014,Gujarat_Vadodara Rural_2014,1.0,117,0.003798342541436464,0.022790055248618785,0.008287292817679558,0.0024171270718232043,0.054558011049723756,0.01968232044198895,123,0
Gujarat,Valsad,2014,43,13,0,26,0,111,18,29,221,567,310,43,71,48,7,212,0,27,0,83,0,312,659,3072,136,267,1145,119,50,0.044270833333333336,0.0869140625,0.3727213541666667,0.0084635416666666,0.0361328125,DATASET_03_2014,Gujarat_Valsad_2014,1.0,136,0.008463541666666666,0.0361328125,0.013997395833333334,0.009440104166666666,0.1845703125,0.07194010416666667,240,0
Gujarat,W.Rly  Ahmedabad,2014,9,1,0,0,0,2,0,11,1,357,37,0,2,7,1,22,0,6,0,2,0,5,36,454,8,29,406,9,1,0.01762114537444934,0.06387665198237885,0.8942731277533039,0.0,0.0044052863436123,DATASET_03_2014,Gujarat_W.Rly  Ahmedabad_2014,1.0,8,0.0,0.004405286343612335,0.019823788546255508,0.024229074889867842,0.7863436123348018,0.0022026431718061676,23,1
Gujarat,W.Rly Vadodara,2014,5,0,0,0,0,3,4,4,4,560,13,0,4,0,0,4,0,2,1,0,0,2,63,657,3,18,585,4,0,0.0045662100456621,0.0273972602739726,0.8904109589041096,0.0,0.0045662100456621,DATASET_03_2014,Gujarat_W.Rly Vadodara_2014,1.0,3,0.0,0.0045662100456621,0.0076103500761035,0.0060882800608828,0.852359208523592,0.0060882800608828,16,1
Haryana,Ambala (Rural),2014,15,13,2,25,0,59,2,4,96,194,83,0,5,38,1,124,9,17,0,52,0,119,215,1098,103,137,379,43,1,0.09380692167577413,0.12477231329690346,0.3451730418943534,0.0227686703096539,0.0537340619307832,DATASET_03_2014,Haryana_Ambala (Rural)_2014,1.0,94,0.022768670309653915,0.05373406193078324,0.01366120218579235,0.0036429872495446266,0.1766848816029144,0.08743169398907104,120,0
Haryana,Ambala (Urban),2014,25,18,1,31,0,159,0,16,321,430,290,6,33,52,4,190,8,23,1,111,0,124,288,1977,174,273,1057,85,10,0.08801213960546282,0.13808801213960548,0.5346484572584724,0.0156803237228123,0.0804248861911987,DATASET_03_2014,Haryana_Ambala (Urban)_2014,1.0,166,0.01568032372281234,0.08042488619119878,0.012645422357106728,0.008093070308548306,0.2175012645422357,0.16236722306525037,250,0
Haryana,Bhiwani,2014,62,47,2,44,0,102,7,54,400,822,514,219,17,87,26,104,12,99,1,119,0,234,1701,4604,275,417,1797,104,245,0.059730668983492614,0.09057341442224152,0.39031277150304083,0.0095569070373588,0.022154648132059,DATASET_03_2014,Haryana_Bhiwani_2014,1.0,263,0.009556907037358819,0.022154648132059078,0.013466550825369244,0.011728931364031277,0.17854039965247612,0.08688097306689835,318,0
Haryana,Faridabad,2014,64,41,3,101,0,384,7,40,412,2079,1736,207,200,50,7,221,20,94,16,302,0,13,1709,6000,533,734,4274,250,214,0.08883333333333333,0.12233333333333334,0.7123333333333334,0.0168333333333333,0.064,DATASET_03_2014,Haryana_Faridabad_2014,1.0,513,0.016833333333333332,0.064,0.010666666666666666,0.006666666666666667,0.3465,0.06866666666666667,640,0
Haryana,Fatehabad,2014,20,15,0,27,0,39,4,16,218,300,211,92,10,64,9,35,7,56,2,154,0,104,1071,2431,246,177,749,74,101,0.10119292472233649,0.07280954339777869,0.3081036610448375,0.0111065405183052,0.0160427807486631,DATASET_03_2014,Haryana_Fatehabad_2014,1.0,239,0.011106540518305225,0.016042780748663103,0.008227067050596462,0.00658165364047717,0.12340600575894693,0.08967503085150144,121,0
Haryana,G. R. P.,2014,26,6,0,1,0,4,1,31,2,375,91,4,3,8,0,18,8,17,1,0,0,13,562,1139,27,86,500,11,4,0.02370500438981563,0.07550482879719052,0.43898156277436345,0.0008779631255487,0.0035118525021949,DATASET_03_2014,Haryana_G. R. P._2014,1.0,19,0.000877963125548727,0.003511852502194908,0.0228270412642669,0.027216856892010536,0.3292361720807726,0.001755926251097454,69,1
Haryana,Gurgaon,2014,96,54,5,117,0,348,28,119,725,4815,3638,172,140,439,8,174,19,155,13,277,0,416,2560,11444,581,922,9325,579,180,0.05076896190143307,0.08056623558196435,0.814837469416288,0.0102236980076896,0.0304089479203075,DATASET_03_2014,Haryana_Gurgaon_2014,1.0,562,0.01022369800768962,0.030408947920307586,0.008388675288360714,0.010398462076197134,0.420744494931842,0.06335197483397413,767,0
Haryana,Hissar,2014,66,49,3,55,0,73,12,39,558,1191,806,164,18,155,20,161,14,91,1,323,0,213,2056,5608,484,388,2606,173,184,0.08630527817403709,0.06918687589158345,0.46469329529243936,0.0098074179743223,0.0130171184022824,DATASET_03_2014,Haryana_Hissar_2014,1.0,470,0.009807417974322396,0.013017118402282453,0.011768901569186876,0.00695435092724679,0.21237517831669045,0.09950071326676177,297,0
Haryana,Jhajjar,2014,69,60,0,56,0,24,3,28,161,427,302,32,7,63,5,113,25,47,7,125,0,223,417,2100,260,287,921,70,37,0.12380952380952381,0.13666666666666666,0.43857142857142856,0.0266666666666666,0.0114285714285714,DATASET_03_2014,Haryana_Jhajjar_2014,1.0,235,0.02666666666666667,0.011428571428571429,0.032857142857142856,0.013333333333333334,0.20333333333333334,0.07666666666666666,240,0
Haryana,Jind,2014,49,29,4,23,0,82,6,37,246,533,377,150,57,26,19,53,12,67,0,120,0,154,1036,2892,222,297,1199,83,169,0.07676348547717843,0.10269709543568464,0.4145919778699862,0.0079529737206085,0.0283540802213001,DATASET_03_2014,Haryana_Jind_2014,1.0,210,0.007952973720608575,0.028354080221300138,0.0169432918395574,0.012793914246196404,0.1843015214384509,0.08506224066390042,230,0
Haryana,Kaithal,2014,47,19,5,33,0,133,2,11,170,352,274,0,44,15,4,166,10,58,0,116,0,133,439,1922,217,308,809,59,4,0.11290322580645161,0.16024973985431842,0.4209157127991675,0.0171696149843912,0.0691987513007284,DATASET_03_2014,Haryana_Kaithal_2014,1.0,207,0.01716961498439126,0.0691987513007284,0.02445369406867846,0.005723204994797087,0.18314255983350677,0.08844953173777315,250,0
Haryana,Karnal,2014,53,33,3,100,0,379,6,24,367,976,693,21,12,172,10,520,17,95,3,223,0,269,626,4047,438,693,2066,184,31,0.10822831727205337,0.17123795404002964,0.510501606127996,0.0247096614776377,0.0936496170002471,DATASET_03_2014,Haryana_Karnal_2014,1.0,421,0.024709661477637757,0.0936496170002471,0.01309612058314801,0.005930318754633061,0.2411662960217445,0.09068445762293056,598,0
Haryana,Kurukshetra,2014,30,15,3,35,0,61,4,21,261,631,465,0,13,113,2,290,6,59,7,100,0,195,561,2581,207,228,1382,126,2,0.08020147229755908,0.08833785354513754,0.5354513754358776,0.0135606354126307,0.023634250290585,DATASET_03_2014,Haryana_Kurukshetra_2014,1.0,201,0.013560635412630763,0.023634250290585045,0.01162340178225494,0.008136381247578458,0.24447888415342892,0.10112359550561797,169,0
Haryana,Mahendergarh,2014,38,9,5,24,0,72,8,26,199,445,247,93,18,44,9,156,15,78,7,78,0,156,488,2262,202,260,925,62,102,0.08930150309460655,0.11494252873563218,0.40893015030946067,0.0106100795755968,0.0318302387267904,DATASET_03_2014,Haryana_Mahendergarh_2014,1.0,187,0.010610079575596816,0.03183023872679045,0.016799292661361626,0.011494252873563218,0.19672855879752432,0.08797524314765694,182,0
Haryana,Mewat,2014,33,68,2,85,0,75,13,27,79,452,318,224,15,36,5,106,5,86,1,106,0,139,624,2414,283,389,889,51,229,0.11723280861640431,0.16114333057166527,0.36826843413421706,0.0352112676056338,0.0310687655343827,DATASET_03_2014,Haryana_Mewat_2014,1.0,278,0.035211267605633804,0.03106876553438277,0.013670256835128418,0.011184755592377795,0.1872410936205468,0.03272576636288318,303,0
Haryana,Palwal,2014,52,64,3,49,0,97,9,53,168,844,657,243,34,55,6,164,16,96,0,193,0,186,672,3247,354,423,1731,89,249,0.10902371419772097,0.1302740991684632,0.5331074838312289,0.0150908530951647,0.0298737295965506,DATASET_03_2014,Haryana_Palwal_2014,1.0,338,0.015090853095164768,0.02987372959655066,0.016014782876501387,0.01632275947028026,0.25993224514936863,0.051740067754850634,327,0
Haryana,Panchkula,2014,14,10,2,36,0,146,7,73,233,357,254,0,1,70,6,16,5,30,3,73,0,93,262,1594,147,318,924,71,6,0.09222082810539524,0.19949811794228356,0.5796737766624843,0.0225846925972396,0.0915934755332496,DATASET_03_2014,Haryana_Panchkula_2014,1.0,142,0.02258469259723965,0.09159347553324969,0.00878293601003764,0.045796737766624844,0.22396486825595985,0.14617314930991218,288,0
Haryana,Panipat,2014,53,33,1,64,0,100,11,49,416,1207,976,110,40,73,11,65,18,97,0,227,0,275,1389,4654,406,408,2659,113,121,0.08723678556080791,0.08766652342071336,0.571336484744306,0.0137516115169746,0.0214868929952728,DATASET_03_2014,Haryana_Panipat_2014,1.0,388,0.013751611516974646,0.021486892995272882,0.011388053287494627,0.010528577567683713,0.2593467984529437,0.0893854748603352,311,0
Haryana,Rewari,2014,27,28,5,41,0,114,10,53,224,670,474,64,27,89,10,242,11,65,35,105,0,240,382,2781,257,343,1431,116,74,0.09241280115066523,0.12333692916217188,0.5145631067961165,0.0147428982380438,0.040992448759439,DATASET_03_2014,Haryana_Rewari_2014,1.0,246,0.014742898238043868,0.040992448759439054,0.009708737864077669,0.019057892844300612,0.2409205321826681,0.08054656598345919,278,0
Haryana,Rohtak,2014,76,60,7,68,0,85,9,43,342,984,720,110,38,29,9,145,16,98,0,168,0,185,1093,3820,350,446,2098,67,119,0.09162303664921466,0.11675392670157068,0.5492146596858639,0.0178010471204188,0.0222513089005235,DATASET_03_2014,Haryana_Rohtak_2014,1.0,334,0.01780104712041885,0.02225130890052356,0.019895287958115182,0.011256544502617802,0.25759162303664923,0.08952879581151832,348,0
Haryana,Sirsa,2014,36,28,3,49,0,77,8,25,376,543,340,19,20,57,10,48,5,86,2,174,0,151,1528,3482,316,312,1292,77,29,0.09075244112578977,0.08960367604824813,0.3710511200459506,0.0140723721998851,0.0221137277426766,DATASET_03_2014,Haryana_Sirsa_2014,1.0,311,0.014072372199885124,0.02211372774267662,0.010338885697874785,0.007179781734635267,0.155944859276278,0.10798391728891442,226,0
Haryana,Sonipat,2014,110,66,4,60,0,83,9,54,364,940,599,10,22,120,16,97,28,98,2,162,0,358,1250,4311,350,484,1966,142,26,0.08118765947575969,0.11227093481790767,0.4560426815124101,0.0139178844815588,0.019253073532823,DATASET_03_2014,Haryana_Sonipat_2014,1.0,322,0.013917884481558803,0.01925307353282301,0.025516121549524474,0.012526096033402923,0.21804685687775457,0.08443516585479008,386,0
Haryana,Yamunanagar,2014,45,18,2,50,0,386,6,31,379,747,572,4,12,90,6,119,7,76,0,170,0,157,802,3347,303,614,1735,102,10,0.09052883178966238,0.1834478637585898,0.5183746638780998,0.0149387511204063,0.1153271586495369,DATASET_03_2014,Haryana_Yamunanagar_2014,1.0,296,0.014938751120406334,0.1153271586495369,0.0134448760083657,0.009262025694651926,0.22318494173887063,0.11323573349268001,538,0
Haryana,Irrigation & Power,2014,0,0,0,0,0,0,0,0,0,0,0,0,0,0,0,0,0,0,0,0,0,0,192,192,0,0,0,0,0,0.0,0.0,0.0,0.0,0.0,DATASET_03_2014,Haryana_Irrigation & Power_2014,1.0,0,0.0,0.0,0.0,0.0,0.0,0.0,0,1
Himachal Pradesh,Baddi,2014,13,3,0,9,0,14,0,3,32,41,23,42,18,21,2,34,0,15,1,19,0,54,191,651,44,57,99,39,44,0.06758832565284179,0.08755760368663594,0.15207373271889402,0.0138248847926267,0.021505376344086,DATASET_03_2014,Himachal Pradesh_Baddi_2014,1.0,44,0.013824884792626729,0.021505376344086023,0.019969278033794162,0.004608294930875576,0.0629800307219662,0.04915514592933948,42,1
Himachal Pradesh,Bilaspur,2014,4,9,0,15,0,46,0,0,45,39,19,36,2,20,10,108,0,72,0,25,0,42,579,1185,112,146,103,22,46,0.09451476793248945,0.12320675105485232,0.08691983122362869,0.0126582278481012,0.0388185654008438,DATASET_03_2014,Himachal Pradesh_Bilaspur_2014,1.0,112,0.012658227848101266,0.038818565400843885,0.0033755274261603376,0.0,0.03291139240506329,0.0379746835443038,74,0
Himachal Pradesh,Chamba,2014,8,5,1,23,0,20,0,1,98,31,7,38,2,14,10,118,0,27,1,9,0,54,267,761,60,85,137,16,48,0.07884362680683311,0.1116951379763469,0.1800262812089356,0.0302233902759526,0.026281208935611,DATASET_03_2014,Himachal Pradesh_Chamba_2014,1.0,60,0.030223390275952694,0.026281208935611037,0.010512483574244415,0.001314060446780552,0.040735873850197106,0.1287779237844941,58,0
Himachal Pradesh,C. I. D.,2014,0,0,0,1,0,0,0,0,0,0,0,0,0,2,0,0,0,0,0,0,0,0,1,4,1,1,0,2,0,0.25,0.25,0.0,0.25,0.0,DATASET_03_2014,Himachal Pradesh_C. I. D._2014,1.0,1,0.25,0.0,0.0,0.0,0.0,0.0,1,1
Himachal Pradesh,G. R. P.,2014,1,0,0,0,0,0,0,0,0,1,0,0,0,0,0,0,0,0,0,0,0,0,7,9,0,1,1,0,0,0.0,0.1111111111111111,0.1111111111111111,0.0,0.0,DATASET_03_2014,Himachal Pradesh_G. R. P._2014,1.0,0,0.0,0.0,0.1111111111111111,0.0,0.1111111111111111,0.0,1,1
Himachal Pradesh,Hamirpur,2014,12,4,0,13,0,18,0,0,44,32,6,14,7,30,9,92,0,32,14,27,0,27,377,845,86,79,82,37,23,0.10177514792899409,0.09349112426035502,0.0970414201183432,0.0153846153846153,0.0213017751479289,DATASET_03_2014,Himachal Pradesh_Hamirpur_2014,1.0,86,0.015384615384615385,0.021301775147928994,0.014201183431952662,0.0,0.0378698224852071,0.05207100591715976,47,0
Himachal Pradesh,Kangra,2014,26,11,2,43,0,32,1,2,141,107,37,78,26,53,10,234,0,79,15,46,0,95,1384,2698,183,196,288,79,88,0.06782802075611565,0.072646404744255,0.1067457375833951,0.0159377316530763,0.0118606375092661,DATASET_03_2014,Himachal Pradesh_Kangra_2014,1.0,183,0.015937731653076354,0.011860637509266123,0.009636767976278725,0.0007412898443291327,0.0396590066716086,0.052260934025203855,117,0
Himachal Pradesh,Kinnaur,2014,2,0,0,10,0,5,0,1,40,11,1,6,4,2,0,24,0,5,1,3,0,27,51,211,19,23,53,6,6,0.09004739336492891,0.10900473933649289,0.25118483412322273,0.0473933649289099,0.0236966824644549,DATASET_03_2014,Himachal Pradesh_Kinnaur_2014,1.0,19,0.04739336492890995,0.023696682464454975,0.009478672985781991,0.004739336492890996,0.052132701421800945,0.1895734597156398,18,1
Himachal Pradesh,Kullu,2014,9,4,0,16,0,24,0,0,55,49,23,26,5,26,5,132,0,35,0,21,0,52,405,914,72,88,127,31,31,0.0787746170678337,0.0962800875273523,0.1389496717724289,0.0175054704595186,0.0262582056892779,DATASET_03_2014,Himachal Pradesh_Kullu_2014,1.0,72,0.0175054704595186,0.0262582056892779,0.009846827133479213,0.0,0.053610503282275714,0.060175054704595186,53,0
Himachal Pradesh,Lahaul & Spiti,2014,2,0,0,0,0,1,0,0,1,1,0,0,0,0,0,2,0,0,0,0,0,7,61,84,0,3,2,0,0,0.0,0.03571428571428571,0.023809523809523808,0.0,0.0119047619047619,DATASET_03_2014,Himachal Pradesh_Lahaul & Spiti_2014,1.0,0,0.0,0.011904761904761904,0.023809523809523808,0.0,0.011904761904761904,0.011904761904761904,3,1
Himachal Pradesh,Mandi,2014,15,6,0,47,0,46,1,0,76,57,19,51,9,59,24,130,0,101,15,50,0,63,896,1939,213,216,153,68,75,0.10985043837029397,0.111397627643115,0.07890665291387312,0.0242392986075296,0.0237235688499226,DATASET_03_2014,Himachal Pradesh_Mandi_2014,1.0,213,0.024239298607529654,0.02372356884992264,0.007735946364105209,0.0,0.029396596183599792,0.039195461578133056,115,0
Himachal Pradesh,Shimla,2014,18,15,3,39,0,39,0,6,149,116,47,78,20,45,10,69,0,64,10,27,0,134,842,1957,140,184,318,65,88,0.07153806847215124,0.09402146142054164,0.16249361267245785,0.0199284619315278,0.0199284619315278,DATASET_03_2014,Himachal Pradesh_Shimla_2014,1.0,140,0.01992846193152785,0.01992846193152785,0.009197751660705161,0.0030659172202350538,0.05927439959121104,0.07613694430250383,120,0
Himachal Pradesh,Sirmaur,2014,6,3,1,28,0,19,0,2,50,48,19,41,15,27,4,66,0,46,2,24,0,80,280,872,100,105,119,42,45,0.11467889908256881,0.12041284403669725,0.13646788990825687,0.0321100917431192,0.021788990825688,DATASET_03_2014,Himachal Pradesh_Sirmaur_2014,1.0,100,0.03211009174311927,0.021788990825688075,0.006880733944954129,0.0022935779816513763,0.05504587155963303,0.05733944954128441,59,0
Himachal Pradesh,Solan,2014,5,1,0,16,0,24,1,0,104,73,39,30,15,26,7,42,0,31,0,12,0,61,271,947,59,78,217,41,37,0.06230200633579725,0.08236536430834214,0.22914466737064415,0.0168954593453009,0.0253431890179514,DATASET_03_2014,Himachal Pradesh_Solan_2014,1.0,59,0.01689545934530095,0.025343189017951427,0.005279831045406547,0.0,0.07708553326293559,0.10982048574445617,47,0
Himachal Pradesh,Una,2014,9,2,2,23,0,16,1,1,49,46,12,38,6,64,6,134,1,31,1,62,0,80,385,1083,118,85,109,70,44,0.10895660203139428,0.07848568790397045,0.10064635272391505,0.0212373037857802,0.0147737765466297,DATASET_03_2014,Himachal Pradesh_Una_2014,1.0,117,0.02123730378578024,0.014773776546629732,0.008310249307479225,0.0009233610341643582,0.04247460757156048,0.04524469067405355,54,0
Jammu & Kashmir,Anantnag,2014,9,16,0,19,0,64,0,0,92,90,33,180,4,20,14,4,0,123,0,9,0,29,427,1307,151,231,215,24,194,0.11553175210405509,0.17674062739097168,0.16449885233358838,0.0145371078806426,0.0489671002295332,DATASET_03_2014,Jammu & Kashmir_Anantnag_2014,1.0,151,0.014537107880642693,0.04896710022953328,0.006885998469778117,0.0,0.06885998469778118,0.0703902065799541,108,0
Jammu & Kashmir,Awantipora,2014,9,6,0,6,0,19,0,3,15,31,5,15,0,6,0,0,0,19,0,1,0,9,181,389,26,62,54,6,15,0.06683804627249357,0.15938303341902313,0.13881748071979436,0.0154241645244215,0.0488431876606683,DATASET_03_2014,Jammu & Kashmir_Awantipora_2014,1.0,26,0.015424164524421594,0.04884318766066838,0.02313624678663239,0.007712082262210797,0.07969151670951156,0.038560411311053984,43,1
Jammu & Kashmir,Bandipora,2014,2,5,0,4,0,40,0,1,36,34,3,65,0,9,5,2,0,53,5,4,0,18,272,618,66,105,74,9,70,0.10679611650485436,0.16990291262135923,0.11974110032362459,0.0064724919093851,0.0647249190938511,DATASET_03_2014,Jammu & Kashmir_Bandipora_2014,1.0,66,0.006472491909385114,0.06472491909385113,0.003236245954692557,0.0016181229773462784,0.05501618122977346,0.05825242718446602,52,1
Jammu & Kashmir,Baramulla,2014,2,16,4,10,0,61,0,11,56,81,26,151,5,13,9,10,0,83,18,11,0,21,373,1110,122,187,174,18,160,0.10990990990990991,0.16846846846846847,0.15675675675675677,0.009009009009009,0.0549549549549549,DATASET_03_2014,Jammu & Kashmir_Baramulla_2014,1.0,122,0.009009009009009009,0.054954954954954956,0.0018018018018018018,0.00990990990990991,0.07297297297297298,0.05045045045045045,104,0
Jammu & Kashmir,Budgam,2014,11,25,3,9,0,48,0,2,58,78,18,145,6,7,4,4,0,30,6,3,0,9,440,1026,48,128,156,13,149,0.04678362573099415,0.12475633528265107,0.15204678362573099,0.0087719298245614,0.0467836257309941,DATASET_03_2014,Jammu & Kashmir_Budgam_2014,1.0,48,0.008771929824561403,0.04678362573099415,0.010721247563352826,0.001949317738791423,0.07602339181286549,0.056530214424951264,98,0
Jammu & Kashmir,Crime Jammu,2014,0,0,0,0,0,0,0,0,0,0,0,0,0,14,0,0,0,0,0,0,0,0,0,14,0,0,0,14,0,0.0,0.0,0.0,0.0,0.0,DATASET_03_2014,Jammu & Kashmir_Crime Jammu_2014,1.0,0,0.0,0.0,0.0,0.0,0.0,0.0,0,1
Jammu & Kashmir,Crime Srinagar,2014,1,0,0,1,0,0,0,0,0,0,0,0,0,41,0,0,0,0,0,0,0,0,0,43,1,2,0,41,0,0.023255813953488372,0.046511627906976744,0.0,0.0232558139534883,0.0,DATASET_03_2014,Jammu & Kashmir_Crime Srinagar_2014,1.0,1,0.023255813953488372,0.0,0.023255813953488372,0.0,0.0,0.0,2,1
Jammu & Kashmir,Doda,2014,3,24,0,23,0,16,0,0,40,44,2,3,7,13,5,12,0,60,8,14,0,166,235,667,105,126,86,20,8,0.15742128935532235,0.1889055472263868,0.12893553223388307,0.0344827586206896,0.0239880059970015,DATASET_03_2014,Jammu & Kashmir_Doda_2014,1.0,105,0.034482758620689655,0.0239880059970015,0.004497751124437781,0.0,0.06596701649175413,0.05997001499250375,66,0
Jammu & Kashmir,Ganderbal,2014,2,11,0,0,0,20,1,0,44,26,6,50,4,3,9,4,0,54,0,3,0,17,137,473,57,88,77,7,59,0.12050739957716702,0.18604651162790697,0.16279069767441862,0.0,0.0422832980972515,DATASET_03_2014,Jammu & Kashmir_Ganderbal_2014,1.0,57,0.0,0.042283298097251586,0.004228329809725159,0.0,0.05496828752642706,0.09302325581395349,34,1
Jammu & Kashmir,Handwara,2014,3,14,0,3,0,26,0,2,22,44,0,53,2,1,4,6,0,80,0,2,0,8,201,562,85,128,68,3,57,0.1512455516014235,0.2277580071174377,0.12099644128113879,0.0053380782918149,0.0462633451957295,DATASET_03_2014,Jammu & Kashmir_Handwara_2014,1.0,85,0.005338078291814947,0.046263345195729534,0.005338078291814947,0.0035587188612099642,0.07829181494661921,0.03914590747330961,48,1
Jammu & Kashmir,Jammu,2014,21,86,0,68,0,73,1,6,290,399,242,71,16,159,14,34,4,81,52,159,0,143,1281,4238,364,336,938,175,85,0.08588957055214724,0.07928268050967438,0.22133081642284097,0.0160453043888626,0.0172251061821613,DATASET_03_2014,Jammu & Kashmir_Jammu_2014,1.0,360,0.01604530438886267,0.017225106182161398,0.004955167531854649,0.001415762151958471,0.09414818310523831,0.0684285040113261,255,0
Jammu & Kashmir,Kargil,2014,1,0,0,2,0,2,0,0,3,3,0,11,0,0,0,4,0,0,0,0,0,17,14,105,2,5,6,0,11,0.01904761904761905,0.047619047619047616,0.05714285714285714,0.019047619047619,0.019047619047619,DATASET_03_2014,Jammu & Kashmir_Kargil_2014,1.0,2,0.01904761904761905,0.01904761904761905,0.009523809523809525,0.0,0.02857142857142857,0.02857142857142857,5,1
Jammu & Kashmir,Kathua,2014,13,22,1,18,0,36,0,0,58,69,32,39,8,18,11,24,1,43,15,21,0,58,456,1289,98,133,159,26,50,0.07602792862684252,0.10318076027928627,0.12335143522110163,0.0139643134212567,0.0279286268425135,DATASET_03_2014,Jammu & Kashmir_Kathua_2014,1.0,97,0.013964313421256789,0.027928626842513578,0.01008533747090768,0.0,0.05352986811481769,0.04499612102404965,90,0
Jammu & Kashmir,Kishtwar,2014,0,7,0,6,0,18,0,0,29,21,3,2,1,6,4,0,0,23,0,9,0,1,187,388,38,54,53,7,6,0.0979381443298969,0.13917525773195877,0.13659793814432988,0.0154639175257731,0.0463917525773195,DATASET_03_2014,Jammu & Kashmir_Kishtwar_2014,1.0,38,0.015463917525773196,0.04639175257731959,0.0,0.0,0.05412371134020619,0.07474226804123711,31,1
Jammu & Kashmir,Kulgam,2014,4,9,0,7,0,44,0,12,39,48,7,78,4,12,7,220,0,171,13,0,0,21,99,856,191,247,106,16,85,0.22313084112149534,0.2885514018691589,0.12383177570093458,0.0081775700934579,0.0514018691588785,DATASET_03_2014,Jammu & Kashmir_Kulgam_2014,1.0,191,0.008177570093457943,0.0514018691588785,0.004672897196261682,0.014018691588785047,0.056074766355140186,0.0455607476635514,76,0
Jammu & Kashmir,Kupwara,2014,7,25,0,8,0,42,0,0,34,34,0,159,4,7,4,14,0,61,12,8,0,8,184,710,89,143,68,11,163,0.12535211267605634,0.20140845070422536,0.09577464788732394,0.0112676056338028,0.0591549295774647,DATASET_03_2014,Jammu & Kashmir_Kupwara_2014,1.0,89,0.011267605633802818,0.059154929577464786,0.009859154929577466,0.0,0.04788732394366197,0.04788732394366197,82,0
Jammu & Kashmir,Leh,2014,1,0,0,6,0,1,0,0,7,8,2,4,0,10,0,4,0,3,0,0,0,0,124,166,9,11,17,10,4,0.05421686746987952,0.06626506024096386,0.10240963855421686,0.036144578313253,0.0060240963855421,DATASET_03_2014,Jammu & Kashmir_Leh_2014,1.0,9,0.03614457831325301,0.006024096385542169,0.006024096385542169,0.0,0.04819277108433735,0.04216867469879518,8,1
Jammu & Kashmir,Poonch,2014,8,15,1,13,0,36,0,0,38,30,3,85,3,10,12,152,0,42,8,25,0,19,288,842,88,115,71,13,97,0.10451306413301663,0.13657957244655583,0.08432304038004751,0.015439429928741,0.0427553444180522,DATASET_03_2014,Jammu & Kashmir_Poonch_2014,1.0,88,0.015439429928741092,0.04275534441805225,0.009501187648456057,0.0,0.035629453681710214,0.04513064133016627,73,0
Jammu & Kashmir,Pulwama,2014,5,13,0,7,0,21,0,5,16,20,5,63,1,6,2,74,0,20,6,1,0,7,73,354,34,71,46,7,65,0.096045197740113,0.20056497175141244,0.12994350282485875,0.019774011299435,0.059322033898305,DATASET_03_2014,Jammu & Kashmir_Pulwama_2014,1.0,34,0.01977401129943503,0.059322033898305086,0.014124293785310734,0.014124293785310734,0.05649717514124294,0.04519774011299435,51,1
Jammu & Kashmir,Railways Jammu,2014,1,0,0,0,0,0,0,0,0,7,1,0,0,0,0,0,0,1,2,0,0,0,2,16,3,2,8,0,0,0.1875,0.125,0.5,0.0,0.0,DATASET_03_2014,Jammu & Kashmir_Railways Jammu_2014,1.0,3,0.0,0.0,0.0625,0.0,0.4375,0.0,1,1
Jammu & Kashmir,Railways Kashmir,2014,0,0,0,0,0,0,0,0,2,1,0,3,0,0,0,0,0,2,0,0,0,0,4,13,2,2,3,0,3,0.15384615384615385,0.15384615384615385,0.23076923076923078,0.0,0.0,DATASET_03_2014,Jammu & Kashmir_Railways Kashmir_2014,1.0,2,0.0,0.0,0.0,0.0,0.07692307692307693,0.15384615384615385,0,1
Jammu & Kashmir,Railways Katra,2014,0,0,0,0,0,0,0,0,0,1,0,0,1,0,0,0,0,0,1,0,0,0,3,6,1,0,1,1,0,0.16666666666666666,0.0,0.16666666666666666,0.0,0.0,DATASET_03_2014,Jammu & Kashmir_Railways Katra_2014,1.0,1,0.0,0.0,0.0,0.0,0.16666666666666666,0.0,0,1
Jammu & Kashmir,Rajouri,2014,18,29,3,39,0,62,3,1,44,56,15,34,9,28,6,36,0,65,17,71,0,42,853,1751,192,220,119,37,40,0.1096516276413478,0.125642490005711,0.06796116504854369,0.0222729868646487,0.0354083380925185,DATASET_03_2014,Jammu & Kashmir_Rajouri_2014,1.0,192,0.02227298686464877,0.03540833809251856,0.010279840091376356,0.0005711022272986865,0.03198172472872644,0.025128498001142203,155,0
Jammu & Kashmir,Ramban,2014,3,7,0,8,0,23,0,0,17,41,14,2,2,7,2,10,0,25,14,12,0,38,242,674,59,66,72,9,4,0.08753709198813056,0.09792284866468842,0.10682492581602374,0.0118694362017804,0.0341246290801186,DATASET_03_2014,Jammu & Kashmir_Ramban_2014,1.0,59,0.011869436201780416,0.03412462908011869,0.004451038575667656,0.0,0.06083086053412463,0.025222551928783383,41,1
Jammu & Kashmir,Reasi,2014,1,10,0,16,0,29,0,0,20,34,12,28,2,9,2,24,0,18,3,16,0,29,348,753,53,74,66,11,30,0.0703851261620186,0.09827357237715803,0.08764940239043825,0.0212483399734395,0.0385126162018592,DATASET_03_2014,Jammu & Kashmir_Reasi_2014,1.0,53,0.021248339973439574,0.03851261620185923,0.0013280212483399733,0.0,0.0451527224435591,0.02656042496679947,56,1
Jammu & Kashmir,Samba,2014,4,20,0,7,0,12,0,1,29,33,20,34,2,10,4,16,0,10,0,8,0,1,161,653,25,54,83,12,38,0.03828483920367534,0.08269525267993874,0.12710566615620214,0.010719754977029,0.0183767228177641,DATASET_03_2014,Jammu & Kashmir_Samba_2014,1.0,25,0.010719754977029096,0.018376722817764167,0.006125574272588055,0.0015313935681470138,0.05053598774885146,0.0444104134762634,44,1
Jammu & Kashmir,Shopian,2014,5,39,0,1,0,37,0,6,17,49,5,74,2,2,3,0,0,30,0,2,0,10,180,501,33,118,77,4,77,0.0658682634730539,0.23552894211576847,0.1536926147704591,0.0019960079840319,0.0738522954091816,DATASET_03_2014,Jammu & Kashmir_Shopian_2014,1.0,33,0.001996007984031936,0.07385229540918163,0.00998003992015968,0.011976047904191617,0.09780439121756487,0.033932135728542916,88,1
Jammu & Kashmir,Sopore,2014,9,34,1,8,0,40,0,3,75,62,5,45,1,2,6,0,0,83,0,7,0,4,178,634,98,178,145,3,51,0.15457413249211358,0.2807570977917981,0.22870662460567823,0.0126182965299684,0.0630914826498422,DATASET_03_2014,Jammu & Kashmir_Sopore_2014,1.0,98,0.012618296529968454,0.06309148264984227,0.014195583596214511,0.00473186119873817,0.09779179810725552,0.11829652996845426,95,0
Jammu & Kashmir,Srinagar,2014,5,34,4,12,0,71,1,36,238,375,240,130,9,77,27,14,0,218,44,63,0,51,794,2533,337,381,890,86,157,0.13304382155546782,0.15041452822739834,0.35136202131859456,0.004737465455981,0.0280300039478878,DATASET_03_2014,Jammu & Kashmir_Srinagar_2014,1.0,337,0.00473746545598105,0.02803000394788788,0.0019739439399921043,0.01421239636794315,0.14804579549940783,0.09395973154362416,163,0
Jammu & Kashmir,Udhampur,2014,8,17,1,30,0,19,0,0,48,54,21,3,3,7,5,12,0,23,13,18,0,56,398,1157,84,98,123,10,8,0.07260155574762317,0.0847018150388937,0.1063094209161625,0.0259291270527225,0.0164217804667242,DATASET_03_2014,Jammu & Kashmir_Udhampur_2014,1.0,84,0.02592912705272256,0.016421780466724288,0.006914433880726016,0.0,0.046672428694900604,0.04148660328435609,75,0
Jharkhand,Bokaro,2014,43,13,0,63,0,97,6,41,114,752,247,136,60,147,0,0,18,0,0,187,0,0,1421,3145,268,263,1160,207,136,0.08521462639109698,0.08362480127186009,0.3688394276629571,0.0200317965023847,0.0308426073131955,DATASET_03_2014,Jharkhand_Bokaro_2014,1.0,250,0.02003179650238474,0.030842607313195547,0.013672496025437202,0.013036565977742448,0.23910969793322734,0.03624801271860095,263,0
Jharkhand,Chaibasa,2014,120,45,2,54,0,46,11,16,34,163,77,0,1,43,4,46,2,22,0,19,0,99,135,954,97,316,301,44,4,0.10167714884696016,0.3312368972746331,0.31551362683438156,0.0566037735849056,0.0482180293501048,DATASET_03_2014,Jharkhand_Chaibasa_2014,1.0,95,0.05660377358490566,0.04821802935010482,0.12578616352201258,0.016771488469601678,0.1708595387840671,0.03563941299790356,294,0
Jharkhand,Chatra,2014,59,3,1,18,0,37,6,8,20,141,30,86,2,35,5,28,62,19,8,24,0,44,574,1284,131,151,205,37,91,0.10202492211838006,0.117601246105919,0.15965732087227413,0.014018691588785,0.028816199376947,DATASET_03_2014,Jharkhand_Chatra_2014,1.0,69,0.014018691588785047,0.02881619937694704,0.045950155763239874,0.006230529595015576,0.10981308411214953,0.01557632398753894,132,0
Jharkhand,Deoghar,2014,43,67,6,25,0,63,10,17,84,343,102,91,45,98,4,1128,28,21,0,138,0,73,475,2300,212,252,556,143,95,0.09217391304347826,0.10956521739130434,0.2417391304347826,0.0108695652173913,0.027391304347826,DATASET_03_2014,Jharkhand_Deoghar_2014,1.0,184,0.010869565217391304,0.027391304347826086,0.018695652173913044,0.007391304347826087,0.1491304347826087,0.036521739130434785,231,0
Jharkhand,Dhanbad,2014,79,8,9,54,0,155,34,48,219,1052,524,225,235,26,4,54,28,54,0,99,0,1,2026,4929,235,441,1877,261,229,0.047677013593020894,0.0894704808277541,0.38080746601744775,0.0109555690809494,0.0314465408805031,DATASET_03_2014,Jharkhand_Dhanbad_2014,1.0,207,0.010955569080949483,0.031446540880503145,0.01602759180361128,0.009738283627510651,0.21343071616960843,0.044430919050517347,387,0
Jharkhand,Dhanbad Railway,2014,13,0,0,0,0,5,13,7,1,221,15,0,0,6,0,1,2,6,0,0,0,0,89,365,8,44,257,6,0,0.021917808219178082,0.12054794520547946,0.7041095890410959,0.0,0.0136986301369863,DATASET_03_2014,Jharkhand_Dhanbad Railway_2014,1.0,6,0.0,0.0136986301369863,0.03561643835616438,0.019178082191780823,0.6054794520547945,0.0027397260273972603,38,1
Jharkhand,Dumka,2014,59,32,1,39,0,31,10,5,73,239,71,62,8,33,3,292,11,9,4,55,0,135,428,1592,118,186,398,41,65,0.07412060301507538,0.11683417085427136,0.25,0.0244974874371859,0.0194723618090452,DATASET_03_2014,Jharkhand_Dumka_2014,1.0,107,0.024497487437185928,0.019472361809045227,0.03706030150753769,0.00314070351758794,0.15012562814070352,0.04585427135678392,177,0
Jharkhand,Garhwa,2014,67,248,4,50,0,90,3,30,60,154,39,143,65,93,6,170,25,19,0,45,0,60,1167,2582,139,511,286,158,149,0.05383423702556158,0.1979085979860573,0.11076684740511232,0.0193648334624322,0.034856700232378,DATASET_03_2014,Jharkhand_Garhwa_2014,1.0,114,0.019364833462432222,0.034856700232378,0.025948876839659178,0.011618900077459334,0.05964368706429125,0.023237800154918668,492,0
Jharkhand,Giridih,2014,72,71,1,58,0,91,20,35,62,284,60,199,23,145,1,68,40,39,0,176,0,106,1843,3491,313,387,461,168,200,0.08965912346032655,0.11085648811228874,0.13205385276425094,0.0166141506731595,0.0260670295044399,DATASET_03_2014,Jharkhand_Giridih_2014,1.0,273,0.016614150673159554,0.02606702950443999,0.02062446290461186,0.010025780578630765,0.08135204812374677,0.017759954167860213,348,0
Jharkhand,Godda,2014,50,0,0,34,0,61,3,6,18,147,21,74,7,56,0,0,3,0,0,57,0,0,1084,1710,94,154,195,63,74,0.05497076023391813,0.09005847953216374,0.11403508771929824,0.0198830409356725,0.035672514619883,DATASET_03_2014,Jharkhand_Godda_2014,1.0,91,0.019883040935672516,0.03567251461988304,0.029239766081871343,0.0035087719298245615,0.08596491228070176,0.010526315789473684,154,0
Jharkhand,Gumla,2014,187,21,3,67,0,45,6,34,21,140,45,13,0,38,7,0,1,15,0,24,0,95,264,1200,107,378,246,38,20,0.08916666666666667,0.315,0.205,0.0558333333333333,0.0375,DATASET_03_2014,Jharkhand_Gumla_2014,1.0,106,0.05583333333333333,0.0375,0.15583333333333332,0.028333333333333332,0.11666666666666667,0.0175,363,0
Jharkhand,Hazaribagh,2014,60,4,1,52,0,110,25,25,131,459,183,97,1,135,12,14,23,50,0,37,0,159,1459,3039,162,327,823,136,109,0.05330700888450148,0.10760118460019744,0.27081276735768345,0.0171108917407041,0.0361961171437973,DATASET_03_2014,Jharkhand_Hazaribagh_2014,1.0,139,0.017110891740704178,0.0361961171437973,0.019743336623889437,0.008226390259953932,0.1510365251727542,0.043106284962158604,277,0
Jharkhand,Jamshedpur,2014,100,52,3,55,0,82,11,43,175,909,445,99,103,427,5,121,13,47,2,110,0,178,1211,3985,227,393,1583,530,104,0.056963613550815556,0.0986198243412798,0.3972396486825596,0.013801756587202,0.0205771643663739,DATASET_03_2014,Jharkhand_Jamshedpur_2014,1.0,214,0.013801756587202008,0.020577164366373902,0.025094102885821833,0.010790464240903387,0.22810539523212045,0.043914680050188205,346,0
Jharkhand,Jamshedpur Railway,2014,11,0,0,0,0,5,0,4,1,118,5,0,1,5,1,2,0,2,0,0,0,2,31,188,2,22,128,6,1,0.010638297872340425,0.11702127659574468,0.6808510638297872,0.0,0.026595744680851,DATASET_03_2014,Jharkhand_Jamshedpur Railway_2014,1.0,2,0.0,0.026595744680851064,0.05851063829787234,0.02127659574468085,0.6276595744680851,0.005319148936170213,20,1
Jharkhand,Jamtara,2014,18,49,0,27,0,28,2,6,30,123,54,111,12,71,6,3,10,29,0,70,2,30,295,1032,138,159,215,83,117,0.13372093023255813,0.15406976744186046,0.20833333333333334,0.0261627906976744,0.0271317829457364,DATASET_03_2014,Jharkhand_Jamtara_2014,1.0,126,0.02616279069767442,0.027131782945736434,0.01744186046511628,0.005813953488372093,0.11918604651162791,0.029069767441860465,130,0
Jharkhand,Khunti,2014,84,12,1,7,0,16,1,19,2,38,14,36,1,5,4,6,2,3,0,11,0,41,58,419,23,143,74,6,40,0.05489260143198091,0.3412887828162291,0.1766109785202864,0.0167064439140811,0.0381861575178997,DATASET_03_2014,Jharkhand_Khunti_2014,1.0,21,0.016706443914081145,0.03818615751789976,0.20047732696897375,0.045346062052505964,0.09069212410501193,0.00477326968973747,140,1
Jharkhand,Koderma,2014,25,6,0,15,0,41,11,11,33,125,32,78,0,60,0,0,16,0,0,39,0,58,747,1344,70,109,212,60,78,0.052083333333333336,0.08110119047619048,0.15773809523809523,0.0111607142857142,0.0305059523809523,DATASET_03_2014,Jharkhand_Koderma_2014,1.0,54,0.011160714285714286,0.03050595238095238,0.018601190476190476,0.00818452380952381,0.09300595238095238,0.024553571428571428,109,0
Jharkhand,Latehar,2014,41,11,0,25,0,37,6,9,15,107,16,46,14,18,0,0,8,0,0,17,0,54,379,859,50,129,153,32,46,0.05820721769499418,0.15017462165308498,0.1781140861466822,0.029103608847497,0.0430733410942956,DATASET_03_2014,Jharkhand_Latehar_2014,1.0,42,0.02910360884749709,0.04307334109429569,0.047729918509895226,0.010477299185098952,0.12456344586728754,0.017462165308498253,129,0
Jharkhand,Lohardagga,2014,40,14,0,43,0,32,3,13,25,75,19,5,7,25,4,0,2,5,0,24,0,42,119,536,74,150,135,32,9,0.13805970149253732,0.2798507462686567,0.251865671641791,0.0802238805970149,0.0597014925373134,DATASET_03_2014,Jharkhand_Lohardagga_2014,1.0,72,0.08022388059701492,0.05970149253731343,0.07462686567164178,0.024253731343283583,0.13992537313432835,0.04664179104477612,145,0
Jharkhand,Pakur,2014,30,16,0,55,0,18,1,5,35,74,45,58,7,47,2,58,1,12,0,91,0,68,255,839,159,137,160,54,60,0.18951132300357568,0.1632896305125149,0.1907032181168057,0.0655542312276519,0.0214541120381406,DATASET_03_2014,Jharkhand_Pakur_2014,1.0,158,0.06555423122765197,0.021454112038140644,0.03575685339690107,0.0059594755661501785,0.08820023837902265,0.041716328963051254,125,0
Jharkhand,Palamu,2014,77,90,22,44,0,68,22,43,87,203,72,122,69,51,9,32,19,15,0,42,0,85,1274,2556,120,381,427,120,131,0.046948356807511735,0.14906103286384975,0.16705790297339593,0.0172143974960876,0.0266040688575899,DATASET_03_2014,Jharkhand_Palamu_2014,1.0,101,0.017214397496087636,0.026604068857589983,0.030125195618153366,0.016823161189358372,0.07942097026604068,0.03403755868544601,366,0
Jharkhand,Ramgarh,2014,40,40,3,48,0,60,21,10,51,298,105,103,48,53,7,20,11,20,2,34,0,77,344,1488,115,242,485,101,110,0.07728494623655914,0.16263440860215053,0.32594086021505375,0.032258064516129,0.0403225806451612,DATASET_03_2014,Jharkhand_Ramgarh_2014,1.0,104,0.03225806451612903,0.04032258064516129,0.026881720430107527,0.006720430107526882,0.20026881720430106,0.034274193548387094,222,0
Jharkhand,Ranchi,2014,133,45,1,75,0,81,11,50,84,518,171,90,35,112,3,610,13,1,2,48,0,130,259,2447,139,397,834,147,93,0.056804250102165915,0.16223947691050267,0.3408255006129955,0.0306497752349816,0.0331017572537801,DATASET_03_2014,Jharkhand_Ranchi_2014,1.0,126,0.03064977523498161,0.03310175725378014,0.05435226808336739,0.02043318348998774,0.211687780956273,0.0343277482631794,396,0
Jharkhand,Sahebganj,2014,72,29,0,87,0,68,3,9,10,116,26,69,0,89,2,0,4,20,0,75,0,28,827,1522,186,288,164,89,71,0.12220762155059132,0.18922470433639949,0.10775295663600526,0.057161629434954,0.0446780551905387,DATASET_03_2014,Jharkhand_Sahebganj_2014,1.0,182,0.05716162943495401,0.04467805519053877,0.04730617608409987,0.005913272010512484,0.07621550591327202,0.006570302233902759,268,0
Jharkhand,Saraikela,2014,58,19,0,31,0,41,3,11,47,207,70,18,45,21,4,20,7,27,0,27,0,106,243,1108,92,190,338,66,22,0.08303249097472924,0.17148014440433212,0.30505415162454874,0.0279783393501805,0.0370036101083032,DATASET_03_2014,Jharkhand_Saraikela_2014,1.0,85,0.027978339350180504,0.03700361010830325,0.052346570397111915,0.009927797833935019,0.18682310469314078,0.042418772563176894,163,0
Jharkhand,Simdega,2014,77,12,1,24,0,15,2,16,10,40,10,14,1,16,1,10,1,5,0,13,0,0,68,421,43,152,78,17,15,0.1021377672209026,0.36104513064133015,0.18527315914489312,0.0570071258907363,0.0356294536817102,DATASET_03_2014,Jharkhand_Simdega_2014,1.0,42,0.057007125890736345,0.035629453681710214,0.1828978622327791,0.03800475059382423,0.09501187648456057,0.023752969121140142,147,1
Karnataka,Bagalkot,2014,39,50,2,22,0,25,1,17,125,161,85,208,5,91,12,58,4,96,1,53,0,285,315,2131,176,252,389,96,220,0.08259033317691225,0.11825434068512436,0.18254340685124354,0.010323791647114,0.011731581417175,DATASET_03_2014,Karnataka_Bagalkot_2014,1.0,172,0.010323791647114031,0.011731581417175035,0.018301267010793053,0.007977475363679024,0.07555138432660723,0.05865790708587518,156,0
Karnataka,Bengaluru City,2014,241,489,21,104,0,708,51,1067,1542,11455,5075,388,107,3045,100,433,57,680,57,490,0,885,5279,31892,1388,3361,19190,3152,488,0.04352188636648689,0.10538693089175968,0.6017182992600025,0.0032610058948952,0.0221999247460178,DATASET_03_2014,Karnataka_Bengaluru City_2014,1.0,1331,0.0032610058948952716,0.02219992474601781,0.007556754044901542,0.033456666248588986,0.3591809858271667,0.04835068355700489,2681,0
Karnataka,Bengaluru District,2014,78,82,2,60,0,83,25,145,262,667,361,248,32,318,13,64,22,135,0,97,0,614,2615,5567,314,610,1460,350,261,0.05640380815520029,0.10957427698940184,0.26225974492545356,0.0107777977366624,0.0149092868690497,DATASET_03_2014,Karnataka_Bengaluru District_2014,1.0,292,0.010777797736662474,0.014909286869049758,0.014011137057661218,0.02604634453026765,0.11981318483923119,0.04706305011675947,475,0
Karnataka,Belagavi District,2014,75,99,2,59,0,47,19,40,205,326,137,447,19,115,21,188,4,233,4,162,0,605,826,4851,462,574,727,134,468,0.09523809523809523,0.11832611832611832,0.14986600700886415,0.0121624407338693,0.0096887239744382,DATASET_03_2014,Karnataka_Belagavi District_2014,1.0,458,0.012162440733869306,0.00968872397443826,0.015460729746444033,0.008245722531436817,0.06720263863121007,0.04225932797361369,341,0
Karnataka,Ballari,2014,58,65,3,48,0,20,6,49,216,380,195,233,6,228,5,676,12,121,0,72,0,320,300,3304,253,370,846,234,238,0.07657384987893462,0.11198547215496368,0.2560532687651332,0.0145278450363196,0.0060532687651331,DATASET_03_2014,Karnataka_Ballari_2014,1.0,241,0.014527845036319613,0.006053268765133172,0.017554479418886198,0.014830508474576272,0.11501210653753027,0.06537530266343826,249,0
Karnataka,Bidar,2014,44,44,3,33,0,52,3,38,127,250,130,227,6,75,14,68,10,82,11,106,0,256,1621,4333,242,299,548,81,241,0.05585045003461805,0.06900530810062312,0.12647126702054004,0.007615970459266,0.0120009231479344,DATASET_03_2014,Karnataka_Bidar_2014,1.0,232,0.007615970459266097,0.012000923147934456,0.010154627279021463,0.008769905377336719,0.05769674590353104,0.02930994691899377,217,0
Karnataka,Vijayapura,2014,64,94,1,45,0,43,4,48,127,151,98,276,4,68,37,80,7,127,0,122,0,359,510,2931,301,426,428,72,313,0.10269532582736267,0.14534288638689866,0.14602524735585123,0.0153531218014329,0.0146707608324803,DATASET_03_2014,Karnataka_Vijayapura_2014,1.0,294,0.015353121801432957,0.014670760832480383,0.02183555100648243,0.016376663254861822,0.05151825315591948,0.04332992152848857,299,0
Karnataka,Chikkaballapura,2014,32,45,6,36,0,27,6,21,103,231,87,181,18,89,9,51,10,106,8,26,0,221,694,2405,186,279,448,107,190,0.07733887733887734,0.11600831600831601,0.1862785862785863,0.0149688149688149,0.0112266112266112,DATASET_03_2014,Karnataka_Chikkaballapura_2014,1.0,176,0.01496881496881497,0.011226611226611227,0.013305613305613306,0.008731808731808732,0.09604989604989606,0.04282744282744283,173,0
Karnataka,Chamarajnagar,2014,28,36,4,11,0,19,1,7,41,138,74,87,2,31,6,26,5,92,1,15,0,140,585,1607,124,198,261,33,93,0.07716241443683883,0.12321095208462975,0.1624144368388301,0.0068450528935905,0.0118232731798382,DATASET_03_2014,Karnataka_Chamarajnagar_2014,1.0,119,0.006845052893590542,0.011823273179838207,0.017423771001866834,0.0043559427504667085,0.08587429993777225,0.02551337896701929,106,0
Karnataka,Chikkamagaluru,2014,39,53,2,30,0,38,10,34,104,215,72,97,10,86,9,44,5,172,2,110,0,10,1819,2878,319,378,435,96,106,0.1108408617095205,0.13134120917303682,0.15114662960389158,0.0104239054899235,0.0132036136205698,DATASET_03_2014,Karnataka_Chikkamagaluru_2014,1.0,314,0.010423905489923557,0.01320361362056984,0.013551077136900626,0.0118137595552467,0.07470465601111884,0.03613620569840167,206,0
Karnataka,Chitradurga,2014,47,31,7,24,0,31,4,24,100,266,95,244,5,77,12,28,17,241,5,77,0,360,888,3981,364,409,489,82,256,0.09143431298668676,0.10273800552624969,0.12283345892991711,0.0060286360211002,0.0077869881939211,DATASET_03_2014,Karnataka_Chitradurga_2014,1.0,347,0.006028636021100226,0.007786988193921126,0.01180607887465461,0.006028636021100226,0.06681738256719418,0.025119316754584276,168,0
Karnataka,Dakshina Kannada,2014,26,33,1,40,0,10,4,19,100,91,32,148,7,88,12,32,1,70,4,32,0,151,385,2087,147,203,246,95,160,0.07043603258265453,0.09726880689985626,0.11787254432199329,0.0191662673694298,0.0047915668423574,DATASET_03_2014,Karnataka_Dakshina Kannada_2014,1.0,146,0.019166267369429803,0.004791566842357451,0.012458073790129372,0.009103977000479156,0.043603258265452804,0.04791566842357451,133,0
Karnataka,Davanagere,2014,45,62,3,40,0,60,7,45,170,439,209,290,17,111,8,70,9,211,2,87,0,267,743,3635,349,473,870,128,298,0.09601100412654745,0.13012379642365887,0.2393397524071527,0.0110041265474552,0.0165061898211829,DATASET_03_2014,Karnataka_Davanagere_2014,1.0,340,0.011004126547455296,0.016506189821182942,0.012379642365887207,0.012379642365887207,0.12077028885832188,0.04676753782668501,262,0
Karnataka,Dharwad,2014,24,23,1,23,0,8,4,9,38,69,16,127,9,29,5,48,3,32,0,15,0,195,195,1219,73,124,136,38,132,0.05988515176374077,0.10172272354388844,0.11156685808039377,0.0188679245283018,0.0065627563576702,DATASET_03_2014,Karnataka_Dharwad_2014,1.0,70,0.018867924528301886,0.006562756357670222,0.019688269073010665,0.007383100902378999,0.05660377358490566,0.031173092698933553,92,0
Karnataka,Gadag,2014,12,18,1,15,0,11,2,14,55,82,40,92,10,48,3,36,2,31,0,22,0,126,178,1109,70,104,193,58,95,0.06311992786293959,0.09377817853922453,0.1740306582506763,0.0135256988277727,0.0099188458070333,DATASET_03_2014,Karnataka_Gadag_2014,1.0,68,0.013525698827772768,0.009918845807033363,0.010820559062218215,0.012623985572587917,0.0739404869251578,0.04959422903516682,73,0
Karnataka,Kalaburgi,2014,75,97,6,53,0,66,4,67,196,307,165,1,6,110,5,138,14,145,11,127,0,361,1088,4448,350,513,739,116,6,0.07868705035971223,0.11533273381294964,0.16614208633093525,0.0119154676258992,0.0148381294964028,DATASET_03_2014,Karnataka_Kalaburgi_2014,1.0,336,0.011915467625899281,0.014838129496402877,0.016861510791366906,0.01506294964028777,0.06901978417266187,0.044064748201438846,368,0
Karnataka,Hassan,2014,64,96,1,63,0,57,11,33,181,344,199,157,7,110,27,8,11,251,0,103,0,409,1537,5182,428,576,768,117,184,0.08259359320725589,0.11115399459668082,0.14820532612890774,0.0121574681590119,0.0109996140486298,DATASET_03_2014,Karnataka_Hassan_2014,1.0,417,0.012157468159011964,0.010999614048629872,0.012350443844075647,0.006368197607101505,0.0663836356619066,0.034928598996526436,325,0
Karnataka,Haveri,2014,28,44,6,40,0,17,10,12,79,253,87,250,6,37,0,46,10,94,3,44,0,196,335,2201,191,251,441,43,250,0.08677873693775556,0.11403907314856883,0.2003634711494775,0.0181735574738755,0.007723761926397,DATASET_03_2014,Karnataka_Haveri_2014,1.0,181,0.01817355747387551,0.007723761926397092,0.012721490231712857,0.005452067242162653,0.11494775102226261,0.03589277601090413,157,0
Karnataka,Hubballi Dharwad City,2014,20,35,0,21,0,37,4,72,141,321,194,109,24,130,4,68,7,31,3,39,0,108,335,1936,101,220,732,154,113,0.052169421487603305,0.11363636363636363,0.378099173553719,0.0108471074380165,0.0191115702479338,DATASET_03_2014,Karnataka_Hubballi Dharwad City_2014,1.0,94,0.01084710743801653,0.019111570247933883,0.010330578512396695,0.0371900826446281,0.16580578512396693,0.07283057851239669,189,0
Karnataka,K.G.F.,2014,13,37,0,20,0,12,2,19,45,70,28,40,0,64,5,14,1,21,1,14,0,70,214,777,57,124,164,64,45,0.07335907335907337,0.15958815958815958,0.21106821106821108,0.0257400257400257,0.0154440154440154,DATASET_03_2014,Karnataka_K.G.F._2014,1.0,56,0.02574002574002574,0.015444015444015444,0.01673101673101673,0.02445302445302445,0.09009009009009009,0.05791505791505792,103,0
Karnataka,Kodagu,2014,33,33,1,25,0,36,1,9,99,128,28,32,5,80,8,26,1,60,5,40,0,63,684,1824,131,198,265,85,40,0.07182017543859649,0.10855263157894737,0.14528508771929824,0.0137061403508771,0.0197368421052631,DATASET_03_2014,Karnataka_Kodagu_2014,1.0,130,0.013706140350877192,0.019736842105263157,0.018092105263157895,0.004934210526315789,0.07017543859649122,0.054276315789473686,138,0
Karnataka,Kolar,2014,35,67,3,32,0,18,2,42,61,184,95,220,3,80,9,20,8,67,0,21,0,234,486,2188,128,266,384,83,229,0.05850091407678245,0.12157221206581353,0.17550274223034734,0.0146252285191956,0.0082266910420475,DATASET_03_2014,Karnataka_Kolar_2014,1.0,120,0.014625228519195612,0.008226691042047532,0.015996343692870202,0.019195612431444242,0.08409506398537477,0.027879341864716637,199,0
Karnataka,Koppal,2014,26,12,0,28,0,31,5,12,58,188,85,175,4,111,4,366,4,34,0,50,0,171,159,1883,116,148,348,115,179,0.06160382368560807,0.07859798194370685,0.18481147105682422,0.0148698884758364,0.0164630908125331,DATASET_03_2014,Karnataka_Koppal_2014,1.0,112,0.01486988847583643,0.016463090812533193,0.013807753584705257,0.006372809346787042,0.09984067976633032,0.030801911842804036,114,0
Karnataka,Mandya,2014,41,65,5,36,0,69,17,61,201,421,220,230,6,88,20,74,11,278,12,143,0,385,1522,4984,480,572,920,94,250,0.09630818619582665,0.11476725521669343,0.18459069020866772,0.0072231139646869,0.01384430176565,DATASET_03_2014,Karnataka_Mandya_2014,1.0,469,0.0072231139646869984,0.01384430176565008,0.008226324237560192,0.012239165329052969,0.08447030497592295,0.040329052969502406,294,0
Karnataka,Mangaluru City,2014,30,79,0,25,0,22,18,57,228,230,135,128,18,282,12,22,1,72,2,56,0,215,579,3039,156,303,668,300,140,0.05133267522211254,0.09970384995064166,0.21980914774596907,0.0082263902599539,0.0072392234287594,DATASET_03_2014,Karnataka_Mangaluru City_2014,1.0,155,0.008226390259953932,0.007239223428759461,0.009871668311944718,0.018756169792694965,0.07568279039157617,0.07502467917077986,231,0
Karnataka,Mysuru City,2014,24,35,3,41,0,52,6,73,106,542,351,72,10,227,0,40,3,87,4,51,0,109,620,2766,186,321,1078,237,72,0.06724511930585683,0.11605206073752712,0.3897324656543745,0.014822848879248,0.0187997107736804,DATASET_03_2014,Karnataka_Mysuru City_2014,1.0,183,0.01482284887924801,0.018799710773680405,0.008676789587852495,0.02639190166305134,0.19595083152566883,0.038322487346348515,234,0
Karnataka,Mysuru District,2014,52,51,4,41,0,50,5,28,183,496,147,266,8,87,18,68,20,201,5,107,0,298,1290,4118,374,432,859,95,284,0.09082078678970373,0.10490529383195726,0.20859640602234095,0.0099562894609033,0.0121418164157357,DATASET_03_2014,Karnataka_Mysuru District_2014,1.0,354,0.00995628946090335,0.012141816415735794,0.012627489072365225,0.006799417192812044,0.12044681884409908,0.044439048081593005,231,0
Karnataka,Raichur,2014,53,64,2,55,0,37,3,10,66,209,124,306,11,132,9,78,5,198,4,134,0,273,819,3128,396,422,412,143,315,0.1265984654731458,0.13491048593350383,0.13171355498721227,0.0175831202046035,0.0118286445012787,DATASET_03_2014,Karnataka_Raichur_2014,1.0,391,0.01758312020460358,0.011828644501278773,0.01694373401534527,0.00319693094629156,0.0668158567774936,0.021099744245524295,224,0
Karnataka,K.Railways,2014,13,1,0,1,0,4,8,96,0,712,0,0,0,6,0,46,1,9,0,2,0,7,62,948,13,132,816,6,0,0.013713080168776372,0.13924050632911392,0.8607594936708861,0.0010548523206751,0.0042194092827004,DATASET_03_2014,Karnataka_K.Railways_2014,1.0,12,0.0010548523206751054,0.004219409282700422,0.013713080168776372,0.10126582278481013,0.7510548523206751,0.0,123,1
Karnataka,Ramanagar,2014,73,59,3,43,0,55,13,81,207,454,172,221,9,102,12,100,12,142,0,60,0,0,1205,4249,257,469,927,111,233,0.06048481995763709,0.11037891268533773,0.218168980936691,0.0101200282419392,0.0129442221699223,DATASET_03_2014,Karnataka_Ramanagar_2014,1.0,245,0.010120028241939279,0.012944222169922335,0.017180513061896916,0.01906330901388562,0.10684867027535891,0.0487173452577077,327,0
Karnataka,Shimoga,2014,50,50,2,58,0,54,12,60,312,326,148,350,7,236,26,75,8,404,7,228,0,287,1799,6043,705,690,858,243,376,0.11666390865464174,0.11418169783220254,0.14198245904352144,0.0095978818467648,0.008935958960781,DATASET_03_2014,Karnataka_Shimoga_2014,1.0,697,0.009597881846764852,0.008935958960781068,0.008274036074797287,0.009928843289756743,0.053946715207678304,0.05162998510673507,286,0
Karnataka,Tumakuru,2014,55,50,3,36,0,34,7,50,140,293,157,197,15,176,13,88,15,242,8,87,0,554,1040,4523,388,477,647,191,210,0.0857837718328543,0.10546097722750387,0.143046650453239,0.007959319036038,0.007517134645147,DATASET_03_2014,Karnataka_Tumakuru_2014,1.0,373,0.007959319036038028,0.007517134645147026,0.012160070749502542,0.011054609772275039,0.06478001326553173,0.030952907362370108,235,0
Karnataka,Udupi,2014,22,23,0,28,0,19,6,38,94,126,56,79,14,129,11,34,3,111,1,57,0,205,487,2496,200,247,320,143,90,0.08012820512820513,0.09895833333333333,0.1282051282051282,0.0112179487179487,0.0076121794871794,DATASET_03_2014,Karnataka_Udupi_2014,1.0,197,0.011217948717948718,0.007612179487179487,0.008814102564102564,0.015224358974358974,0.05048076923076923,0.03766025641025641,136,0
Karnataka,Uttara Kannada,2014,21,26,0,25,0,32,4,29,105,111,50,103,9,108,13,75,0,154,6,56,0,245,642,2783,241,291,299,117,116,0.08659719726913402,0.10456342076895436,0.10743801652892562,0.0089831117499101,0.011498383039885,DATASET_03_2014,Karnataka_Uttara Kannada_2014,1.0,241,0.008983111749910169,0.011498383039885016,0.007545813869924541,0.010420409629895796,0.03988501616960115,0.03772906934962271,137,0
Karnataka,Yadgiri,2014,31,40,1,41,0,22,2,13,40,68,31,122,1,26,4,72,2,148,0,48,0,150,326,1496,239,298,154,27,126,0.15975935828877005,0.19919786096256684,0.10294117647058823,0.0274064171122994,0.0147058823529411,DATASET_03_2014,Karnataka_Yadgiri_2014,1.0,237,0.027406417112299464,0.014705882352941176,0.02072192513368984,0.008689839572192513,0.045454545454545456,0.026737967914438502,150,0
Karnataka,Belagavi City,2014,25,37,0,22,0,27,5,77,175,315,198,169,12,115,18,69,8,85,3,72,0,151,405,2396,190,278,770,127,187,0.07929883138564274,0.11602671118530884,0.32136894824707846,0.0091819699499165,0.0112687813021702,DATASET_03_2014,Karnataka_Belagavi City_2014,1.0,182,0.009181969949916527,0.011268781302170284,0.010434056761268781,0.03213689482470785,0.13146911519198665,0.07303839732888147,193,0
Kerala,Alapuzha,2014,19,33,3,61,0,8,13,54,190,226,75,238,15,429,14,234,0,245,10,261,0,305,2858,11033,577,436,558,444,252,0.052297652497054294,0.0395178102057464,0.05057554608900571,0.0055288679416296,0.0007250974349678,DATASET_03_2014,Kerala_Alapuzha_2014,1.0,577,0.005528867941629657,0.0007250974349678238,0.0017221064080485816,0.00489440768603281,0.020484002537841023,0.017221064080485814,191,0
Kerala,Ernakulam Commr.,2014,13,29,2,64,0,4,2,17,157,331,108,57,15,749,3,98,0,158,18,166,0,114,1530,17088,406,289,615,764,60,0.02375936329588015,0.0169124531835206,0.035990168539325844,0.0037453183520599,0.0002340823970037,DATASET_03_2014,Kerala_Ernakulam Commr._2014,1.0,406,0.003745318352059925,0.00023408239700374532,0.0007607677902621723,0.0009948501872659176,0.019370318352059924,0.009187734082397004,131,0
Kerala,Ernakulam Rural,2014,19,27,8,71,0,8,3,32,193,363,126,321,27,320,12,333,0,224,37,169,0,278,3342,20185,501,392,717,347,333,0.024820411196432995,0.01942036165469408,0.03552142680208075,0.0035174634629675,0.0003963339113202,DATASET_03_2014,Kerala_Ernakulam Rural_2014,1.0,501,0.0035174634629675503,0.0003963339113202873,0.0009412930393856825,0.0015853356452811493,0.017983651226158037,0.009561555610601933,168,0
Kerala,Idukki,2014,20,25,0,71,0,10,0,26,157,144,33,216,16,206,9,180,2,186,12,160,0,71,2373,5264,431,338,360,222,225,0.08187689969604864,0.064209726443769,0.06838905775075987,0.0134878419452887,0.0018996960486322,DATASET_03_2014,Kerala_Idukki_2014,1.0,429,0.013487841945288754,0.001899696048632219,0.003799392097264438,0.004939209726443769,0.02735562310030395,0.029825227963525835,152,0
Kerala,Kannur,2014,22,35,6,59,0,15,1,83,185,149,68,745,11,190,86,130,1,222,10,330,0,183,2549,6716,622,443,486,201,831,0.09261465157832043,0.06596188207266229,0.07236450268016677,0.0087849910661107,0.0022334723049434,DATASET_03_2014,Kerala_Kannur_2014,1.0,621,0.00878499106611078,0.002233472304943419,0.003275759380583681,0.01235854675402025,0.022185824895771294,0.027546158427635498,221,0
Kerala,Kasargod,2014,16,27,2,59,0,8,6,32,142,161,44,422,11,223,44,110,0,123,4,210,0,93,2497,5016,396,273,385,234,466,0.07894736842105263,0.05442583732057416,0.07675438596491228,0.0117623604465709,0.0015948963317384,DATASET_03_2014,Kerala_Kasargod_2014,1.0,396,0.011762360446570972,0.001594896331738437,0.003189792663476874,0.006379585326953748,0.03209728867623605,0.028309409888357256,150,0
Kerala,Kollam Commr.,2014,10,34,4,78,0,13,2,63,95,143,65,301,9,187,13,264,1,287,13,296,0,181,5954,9314,675,491,368,196,314,0.07247154820700022,0.05271634099205497,0.039510414429890485,0.0083744900150311,0.0013957483358385,DATASET_03_2014,Kerala_Kollam Commr._2014,1.0,674,0.008374490015031136,0.0013957483358385226,0.001073652566029633,0.0067640111659866865,0.01535323169422375,0.010199699377281511,204,0
Kerala,Kollam Rural,2014,28,35,4,81,0,19,2,32,194,161,35,293,5,192,16,214,2,240,7,276,0,123,4927,7910,606,441,424,197,309,0.07661188369152971,0.05575221238938053,0.053603034134007584,0.0102402022756005,0.002402022756005,DATASET_03_2014,Kerala_Kollam Rural_2014,1.0,604,0.010240202275600506,0.002402022756005057,0.0035398230088495575,0.00404551201011378,0.020353982300884955,0.02452591656131479,201,0
Kerala,Kottayam,2014,17,32,11,75,0,14,6,38,169,235,72,186,12,240,17,215,0,204,19,182,0,199,3631,17769,480,397,520,252,203,0.027013337835556307,0.02234228150149136,0.029264449321852664,0.0042208340368056,0.0007878890202037,DATASET_03_2014,Kerala_Kottayam_2014,1.0,480,0.004220834036805673,0.0007878890202037256,0.0009567223816759525,0.002138555911981541,0.013225279981991108,0.009510946029602115,193,0
Kerala,Kozhikode Commr.,2014,8,13,2,35,0,2,0,52,183,282,165,220,34,259,9,62,1,107,9,184,0,141,1054,4665,336,219,682,293,229,0.0720257234726688,0.04694533762057878,0.1461950696677385,0.007502679528403,0.0004287245444801,DATASET_03_2014,Kerala_Kozhikode Commr._2014,1.0,335,0.007502679528403001,0.00042872454448017146,0.0017148981779206859,0.011146838156484458,0.06045016077170418,0.03922829581993569,112,0
Kerala,Kozhikode Rural,2014,9,54,3,52,0,10,2,36,196,203,96,408,6,347,63,84,0,226,5,307,0,199,969,5391,590,392,533,353,471,0.1094416620293081,0.07271378222964199,0.0988684845112224,0.0096457058059729,0.0018549434242255,DATASET_03_2014,Kerala_Kozhikode Rural_2014,1.0,590,0.009645705805972918,0.001854943424225561,0.001669449081803005,0.00667779632721202,0.037655351511778894,0.036356891114820995,166,0
Kerala,Malappuram,2014,19,50,5,103,0,8,1,34,271,310,150,682,13,374,9,206,1,346,10,590,0,319,2308,18057,1050,566,766,387,691,0.05814919421830869,0.031345184692916875,0.042421221686880436,0.0057041590518912,0.0004430414797585,DATASET_03_2014,Kerala_Malappuram_2014,1.0,1049,0.005704159051891233,0.0004430414797585424,0.0010522235144265382,0.0018829262889738052,0.01716785734064352,0.015008030126820624,220,0
Kerala,Palakkad,2014,23,53,6,88,0,21,5,52,204,308,103,473,64,410,31,194,7,182,12,450,0,272,9545,14780,739,430,672,474,504,0.05,0.029093369418132613,0.04546684709066306,0.0059539918809201,0.0014208389715832,DATASET_03_2014,Kerala_Palakkad_2014,1.0,732,0.005953991880920162,0.0014208389715832206,0.0015561569688768606,0.0035182679296346412,0.020838971583220567,0.013802435723951286,248,0
Kerala,Pathanamthitta,2014,11,37,2,63,0,13,6,41,187,228,84,89,9,274,19,272,0,163,8,118,0,98,1783,8533,352,336,546,283,108,0.04125161139106996,0.03937653814602133,0.06398687448728466,0.0073831009023789,0.001523497011602,DATASET_03_2014,Kerala_Pathanamthitta_2014,1.0,352,0.007383100902378999,0.0015234970116020157,0.0012891128559709363,0.004804875190437126,0.026719793741943044,0.02191491855150592,173,0
Kerala,Railways,2014,3,0,0,0,0,2,0,12,2,299,0,7,0,2,0,0,0,74,10,0,0,0,89,508,84,91,313,2,7,0.16535433070866143,0.17913385826771652,0.6161417322834646,0.0,0.0039370078740157,DATASET_03_2014,Kerala_Railways_2014,1.0,84,0.0,0.003937007874015748,0.005905511811023622,0.023622047244094488,0.5885826771653543,0.003937007874015748,17,1
Kerala,Thrissur Commr.,2014,17,17,2,38,0,8,5,34,83,165,57,98,14,362,12,134,0,109,11,130,0,100,1918,6548,288,230,344,376,110,0.04398289554062309,0.03512522907758094,0.05253512522907758,0.0058032987171655,0.0012217470983506,DATASET_03_2014,Kerala_Thrissur Commr._2014,1.0,288,0.005803298717165547,0.0012217470983506415,0.002596212583995113,0.005192425167990226,0.02519853390348198,0.012675626145387905,121,0
Kerala,Thrissur Rural,2014,24,57,7,94,0,10,1,68,141,263,97,278,9,467,47,329,2,298,22,468,0,261,2430,20117,884,559,570,476,325,0.043942933837053236,0.027787443455783666,0.028334244668688176,0.0046726649102748,0.0004970920117313,DATASET_03_2014,Kerala_Thrissur Rural_2014,1.0,882,0.004672664910274892,0.0004970920117313715,0.0011930208281552915,0.003380225679773326,0.01307351990853507,0.007008997365412338,261,0
Kerala,Trivandrum Commr.,2014,13,23,2,56,0,14,1,59,147,325,88,226,19,294,10,96,2,254,15,134,0,125,1692,12504,461,422,620,313,236,0.036868202175303906,0.033749200255918106,0.04958413307741523,0.0044785668586052,0.0011196417146513,DATASET_03_2014,Kerala_Trivandrum Commr._2014,1.0,459,0.004478566858605247,0.0011196417146513116,0.0010396673064619322,0.0047184900831733845,0.025991682661548304,0.011756238003838772,168,0
Kerala,Trivandrum Rural,2014,45,78,8,122,0,19,11,83,472,338,117,416,8,361,29,418,6,581,22,387,0,250,3074,12024,1118,947,1021,369,445,0.09298070525615436,0.07875914836992681,0.08491350632069194,0.010146373918829,0.0015801729873586,DATASET_03_2014,Kerala_Trivandrum Rural_2014,1.0,1112,0.010146373918829008,0.001580172987358616,0.0037425149700598802,0.006902860944777113,0.028110445775116434,0.039254823685961414,366,0
Kerala,Wayanadu,2014,9,15,3,75,0,16,2,21,79,64,24,143,9,169,8,73,0,134,3,99,0,64,1412,3182,311,275,190,178,151,0.09773727215587681,0.08642363293526084,0.059710873664362035,0.0235700817096165,0.0050282840980515,DATASET_03_2014,Kerala_Wayanadu_2014,1.0,311,0.023570081709616594,0.00502828409805154,0.0028284098051539913,0.006599622878692646,0.02011313639220616,0.024827152734129478,141,0
Kerala,Crime Branch,2014,22,2,4,2,0,0,2,0,5,2,0,1,60,36,2,4,3,4,0,2,0,5,20,185,11,36,9,96,3,0.05945945945945946,0.1945945945945946,0.04864864864864865,0.0108108108108108,0.0,DATASET_03_2014,Kerala_Crime Branch_2014,1.0,8,0.010810810810810811,0.0,0.11891891891891893,0.0,0.010810810810810811,0.02702702702702703,32,1
Madhya Pradesh,Agar,2014,5,31,0,28,0,18,0,5,54,142,63,20,1,7,12,76,2,56,8,44,0,65,833,1652,138,143,264,8,32,0.08353510895883777,0.08656174334140436,0.15980629539951574,0.0169491525423728,0.0108958837772397,DATASET_03_2014,Madhya Pradesh_Agar_2014,1.0,136,0.01694915254237288,0.010895883777239709,0.003026634382566586,0.003026634382566586,0.08595641646489104,0.03268765133171913,87,0
Madhya Pradesh,Alirajpur,2014,46,20,3,17,0,17,4,10,35,94,64,9,0,5,10,126,0,15,0,10,0,86,411,1161,42,132,207,5,19,0.03617571059431524,0.11369509043927649,0.17829457364341086,0.0146425495262704,0.0146425495262704,DATASET_03_2014,Madhya Pradesh_Alirajpur_2014,1.0,42,0.014642549526270457,0.014642549526270457,0.03962101636520241,0.008613264427217916,0.08096468561584841,0.030146425495262703,117,1
Madhya Pradesh,Anuppur,2014,35,16,0,70,0,107,1,23,168,187,71,24,6,22,7,58,7,121,0,114,0,66,1348,2666,312,373,450,28,31,0.11702925731432859,0.1399099774943736,0.16879219804951237,0.0262565641410352,0.0401350337584396,DATASET_03_2014,Madhya Pradesh_Anuppur_2014,1.0,305,0.02625656414103526,0.04013503375843961,0.01312828207051763,0.0086271567891973,0.07014253563390847,0.06301575393848462,252,0
Madhya Pradesh,Ashok Nagar,2014,29,30,1,76,0,67,1,15,123,125,36,26,10,11,13,526,12,171,1,82,0,100,1843,3366,342,390,300,21,39,0.10160427807486631,0.11586452762923351,0.08912655971479501,0.0225787284610814,0.0199049316696375,DATASET_03_2014,Madhya Pradesh_Ashok Nagar_2014,1.0,330,0.0225787284610814,0.01990493166963755,0.00861556743909685,0.004456327985739751,0.037136066547831255,0.036541889483065956,219,0
Madhya Pradesh,Balaghat,2014,60,23,2,131,0,187,1,16,144,136,49,41,14,40,18,46,12,178,3,107,0,152,1641,3507,431,598,346,54,59,0.1228970630168235,0.1705161106358711,0.09865982321072142,0.037353863701169,0.0533219275734245,DATASET_03_2014,Madhya Pradesh_Balaghat_2014,1.0,419,0.03735386370116909,0.05332192757342458,0.01710863986313088,0.004562303963501569,0.03877958368976333,0.041060735671514116,420,0
Madhya Pradesh,Barwani,2014,44,19,0,68,0,27,1,7,112,222,113,22,4,7,13,68,4,92,4,16,0,154,1179,2857,184,258,455,11,35,0.06440322016100805,0.09030451522576129,0.1592579628981449,0.0238011900595029,0.0094504725236261,DATASET_03_2014,Madhya Pradesh_Barwani_2014,1.0,180,0.023801190059502975,0.009450472523626182,0.015400770038501925,0.002450122506125306,0.07770388519425972,0.0392019600980049,166,0
Madhya Pradesh,Betul,2014,63,53,5,164,0,191,0,19,231,339,145,2,16,40,16,80,9,417,27,379,0,191,3689,6822,996,912,734,56,18,0.14599824098504838,0.13368513632365875,0.10759308120785693,0.0240398710055702,0.0279976546467311,DATASET_03_2014,Madhya Pradesh_Betul_2014,1.0,987,0.024039871005570215,0.027997654646731165,0.009234828496042216,0.0027851070067428907,0.04969217238346526,0.03386103781882146,495,0
Madhya Pradesh,Bhind,2014,62,126,1,78,0,106,6,92,204,418,232,71,18,51,13,2494,30,142,0,86,0,215,1892,4870,336,613,952,69,84,0.06899383983572896,0.12587268993839837,0.19548254620123204,0.0160164271047227,0.0217659137577002,DATASET_03_2014,Madhya Pradesh_Bhind_2014,1.0,306,0.016016427104722793,0.021765913757700206,0.01273100616016427,0.0188911704312115,0.08583162217659138,0.04188911704312115,471,0
Madhya Pradesh,Bhopal,2014,83,117,2,223,0,366,9,113,1041,3010,1932,62,23,190,22,654,20,343,18,348,0,234,6266,16094,952,1256,6105,213,84,0.059152479184789365,0.07804150615136075,0.37933391325959986,0.0138560954392941,0.0227413943084379,DATASET_03_2014,Madhya Pradesh_Bhopal_2014,1.0,932,0.013856095439294147,0.022741394308437926,0.0051572014415310055,0.007021250155337393,0.18702622095190755,0.06468249036908165,913,0
Madhya Pradesh,Bhopal Railway,2014,4,4,0,3,0,25,1,20,6,1670,19,4,2,5,0,2,0,19,1,4,0,0,298,2067,27,76,1716,7,4,0.013062409288824383,0.036768263183357526,0.8301886792452831,0.0014513788098693,0.0120948234155781,DATASET_03_2014,Madhya Pradesh_Bhopal Railway_2014,1.0,27,0.001451378809869376,0.012094823415578132,0.0019351717464925011,0.009675858732462506,0.8079342041606192,0.002902757619738752,57,1
Madhya Pradesh,Burhanpur,2014,20,20,1,46,0,24,3,5,58,121,43,8,5,21,2,94,5,90,5,48,0,73,983,1958,194,209,230,26,10,0.09908069458631256,0.10674157303370786,0.11746680286006128,0.0234933605720122,0.0122574055158324,DATASET_03_2014,Madhya Pradesh_Burhanpur_2014,1.0,189,0.02349336057201226,0.012257405515832482,0.010214504596527068,0.002553626149131767,0.06179775280898876,0.0296220633299285,119,0
Madhya Pradesh,Chhatarpur,2014,44,48,7,78,0,181,0,35,197,217,116,28,7,35,16,616,22,232,0,74,0,182,2749,4463,406,625,565,42,44,0.09097019941743222,0.14004033161550528,0.12659645978041675,0.017477033385615,0.0405556800358503,DATASET_03_2014,Madhya Pradesh_Chhatarpur_2014,1.0,384,0.017477033385615057,0.040555680035850326,0.009858839345731571,0.007842258570468295,0.04862200313690343,0.04414071252520726,393,0
Madhya Pradesh,Chhindwara,2014,73,43,0,205,0,231,1,13,245,289,134,42,19,48,22,4048,9,241,36,185,0,300,890,6149,676,807,682,67,64,0.10993657505285412,0.13124085217108472,0.11091234347048301,0.0333387542689868,0.0375670840787119,DATASET_03_2014,Madhya Pradesh_Chhindwara_2014,1.0,667,0.033338754268986824,0.03756708407871199,0.011871849081151407,0.0021141649048625794,0.04699951211579118,0.03984387705317938,566,0
Madhya Pradesh,Damoh,2014,33,48,0,46,0,109,0,11,89,112,60,10,3,16,7,214,31,137,0,68,0,119,1361,2702,282,384,272,19,17,0.10436713545521836,0.14211695040710584,0.10066617320503331,0.0170244263508512,0.040340488527017,DATASET_03_2014,Madhya Pradesh_Damoh_2014,1.0,251,0.017024426350851222,0.04034048852701702,0.01221317542561066,0.0040710584752035525,0.04145077720207254,0.03293856402664693,247,0
Madhya Pradesh,Datia,2014,42,47,0,34,0,71,3,48,76,145,59,17,9,23,13,148,14,88,0,57,0,86,1923,2783,193,333,331,32,30,0.0693496227093065,0.11965504850880344,0.11893639956881064,0.0122170319798778,0.0255120373697448,DATASET_03_2014,Madhya Pradesh_Datia_2014,1.0,179,0.01221703197987783,0.02551203736974488,0.015091627739849083,0.017247574559827523,0.05210204814947898,0.027308659719726913,245,0
Madhya Pradesh,Dewas,2014,64,55,1,121,0,88,0,14,194,511,217,48,9,43,13,188,10,216,7,145,0,187,4289,7426,499,559,936,52,61,0.06719633719364396,0.07527605709668732,0.12604363048747644,0.0162941018044707,0.0118502558577969,DATASET_03_2014,Madhya Pradesh_Dewas_2014,1.0,489,0.01629410180447078,0.01185025585779693,0.008618367896579585,0.0018852679773767843,0.06881228117425263,0.026124427686506867,343,0
Madhya Pradesh,Dhar,2014,51,43,1,138,0,341,5,76,261,857,516,65,24,38,34,985,15,244,16,85,0,337,2464,7479,498,899,1715,62,99,0.06658644203770557,0.12020323572670143,0.22930873111378527,0.0184516646610509,0.0455943307928867,DATASET_03_2014,Madhya Pradesh_Dhar_2014,1.0,483,0.018451664661050943,0.04559433079288675,0.00681909346169274,0.010161786335071534,0.11458751169942506,0.03489771359807461,655,0
Madhya Pradesh,Dindori,2014,24,12,11,91,0,75,0,5,65,83,22,11,0,14,11,14,4,162,2,119,0,73,2659,3851,378,380,175,14,22,0.09815632303297844,0.09867566865749156,0.04544274214489743,0.0236302259153466,0.0194754609192417,DATASET_03_2014,Madhya Pradesh_Dindori_2014,1.0,374,0.023630225915346664,0.019475460919241756,0.006232147494157362,0.0012983640612827837,0.021552843417294208,0.016878732796676187,218,0
Madhya Pradesh,Guna,2014,46,51,0,123,0,173,4,34,155,409,199,52,14,31,23,999,12,168,8,92,0,160,1900,4539,403,599,801,45,75,0.08878607622824411,0.13196739369905267,0.17647058823529413,0.0270984798413747,0.0381141220533157,DATASET_03_2014,Madhya Pradesh_Guna_2014,1.0,391,0.027098479841374753,0.038114122053315706,0.01013439083498568,0.00749063670411985,0.09010795329367702,0.03414849085701696,431,0
Madhya Pradesh,Gwalior,2014,78,137,25,158,0,233,7,99,641,1821,1306,108,56,143,18,132,36,364,21,441,0,228,6285,12958,1020,1101,3874,199,126,0.07871585121160674,0.08496681586664609,0.2989658897978083,0.0121932396974841,0.0179811699336317,DATASET_03_2014,Madhya Pradesh_Gwalior_2014,1.0,984,0.01219323969748418,0.017981169933631733,0.006019447445593456,0.007640067911714771,0.1405309461336626,0.04946751041827443,737,0
Madhya Pradesh,Harda,2014,12,14,1,47,0,79,0,8,52,80,51,10,1,6,3,87,5,82,2,28,0,80,1199,2016,164,243,191,7,13,0.08134920634920635,0.12053571428571429,0.09474206349206349,0.023313492063492,0.0391865079365079,DATASET_03_2014,Madhya Pradesh_Harda_2014,1.0,159,0.023313492063492064,0.039186507936507936,0.005952380952380952,0.003968253968253968,0.03968253968253968,0.025793650793650792,161,0
Madhya Pradesh,Hoshangabad,2014,59,65,0,102,0,110,3,42,227,416,201,38,12,26,19,219,6,183,12,121,0,136,2353,4870,424,564,889,38,57,0.08706365503080082,0.11581108829568788,0.18254620123203286,0.0209445585215605,0.0225872689938398,DATASET_03_2014,Madhya Pradesh_Hoshangabad_2014,1.0,418,0.020944558521560575,0.022587268993839837,0.012114989733059548,0.00862422997946612,0.08542094455852156,0.04661190965092402,381,0
Madhya Pradesh,Indore,2014,115,220,3,261,0,507,3,317,1588,6530,4756,82,36,177,49,274,37,411,34,254,0,629,7174,23992,997,1837,13194,213,131,0.041555518506168725,0.07656718906302101,0.5499333111037013,0.0108786262087362,0.0211320440146715,DATASET_03_2014,Madhya Pradesh_Indore_2014,1.0,960,0.010878626208736246,0.021132044014671558,0.004793264421473825,0.013212737579193064,0.2721740580193398,0.06618872957652551,1426,0
Madhya Pradesh,Indore Railway,2014,1,0,0,4,0,5,2,4,5,434,34,0,0,0,0,0,0,9,0,0,0,0,88,552,13,25,479,0,0,0.02355072463768116,0.04528985507246377,0.8677536231884058,0.0072463768115942,0.0090579710144927,DATASET_03_2014,Madhya Pradesh_Indore Railway_2014,1.0,13,0.007246376811594203,0.009057971014492754,0.0018115942028985507,0.007246376811594203,0.7862318840579711,0.009057971014492754,16,1
Madhya Pradesh,Jabalpur,2014,92,151,2,194,0,517,2,137,580,1025,585,69,11,115,7,274,34,374,43,315,0,322,5893,12918,960,1469,2329,126,76,0.07431490942870414,0.11371729369871497,0.18029106672859577,0.0150178046137172,0.0400216751819167,DATASET_03_2014,Madhya Pradesh_Jabalpur_2014,1.0,926,0.015017804613717293,0.040021675181916704,0.007121845486917479,0.010605356866387985,0.07934664808793931,0.044898591113175415,1095,0
Madhya Pradesh,Jabalpur Railway,2014,3,2,0,4,0,15,1,37,4,909,15,1,0,1,0,6,0,21,2,0,0,1,145,1159,27,83,966,1,1,0.023295944779982744,0.07161345987920621,0.8334771354616048,0.0034512510785159,0.0129421915444348,DATASET_03_2014,Madhya Pradesh_Jabalpur Railway_2014,1.0,27,0.003451251078515962,0.012942191544434857,0.0025884383088869713,0.03192407247627265,0.7842968075927523,0.003451251078515962,62,1
Madhya Pradesh,Jhabua,2014,33,13,0,52,0,102,2,45,116,196,107,29,4,29,19,244,0,98,0,22,0,92,1254,2990,172,345,466,33,48,0.05752508361204013,0.11538461538461539,0.15585284280936454,0.017391304347826,0.0341137123745819,DATASET_03_2014,Madhya Pradesh_Jhabua_2014,1.0,172,0.017391304347826087,0.03411371237458194,0.011036789297658863,0.015050167224080268,0.06555183946488294,0.03879598662207358,247,0
Madhya Pradesh,Katni,2014,35,24,6,93,0,192,1,15,174,161,75,8,7,35,12,306,18,178,4,65,0,271,1872,3670,358,544,426,42,20,0.09754768392370572,0.14822888283378746,0.11607629427792915,0.0253405994550408,0.0523160762942779,DATASET_03_2014,Madhya Pradesh_Katni_2014,1.0,340,0.02534059945504087,0.05231607629427793,0.009536784741144414,0.004087193460490463,0.04386920980926431,0.04741144414168937,366,0
Madhya Pradesh,Khandwa,2014,31,33,0,84,0,127,3,17,312,357,125,39,11,53,26,98,6,270,17,103,0,122,1759,4011,480,565,814,64,65,0.11967090501121914,0.14086262777362255,0.20294190974819248,0.0209424083769633,0.031662926950885,DATASET_03_2014,Madhya Pradesh_Khandwa_2014,1.0,474,0.020942408376963352,0.031662926950885066,0.007728745948641236,0.004238344552480678,0.08900523560209424,0.07778608825729244,295,0
Madhya Pradesh,Khargone,2014,42,29,4,118,0,126,0,18,195,425,161,23,6,27,12,250,43,247,0,74,0,310,2596,4533,482,584,799,33,35,0.10633134789322744,0.12883300242664902,0.17626296051180235,0.0260313258327818,0.0277961614824619,DATASET_03_2014,Madhya Pradesh_Khargone_2014,1.0,439,0.026031325832781824,0.027796161482461945,0.009265387160820648,0.003970880211780278,0.09375689388925657,0.04301786896095301,337,0
Madhya Pradesh,Mandla,2014,36,15,3,64,0,141,0,5,72,57,23,6,1,22,4,496,6,99,1,76,0,97,1217,2220,246,363,157,23,10,0.11081081081081082,0.1635135135135135,0.07072072072072072,0.0288288288288288,0.0635135135135135,DATASET_03_2014,Madhya Pradesh_Mandla_2014,1.0,240,0.02882882882882883,0.06351351351351352,0.016216216216216217,0.0022522522522522522,0.025675675675675677,0.032432432432432434,264,0
Madhya Pradesh,Mandsaur,2014,30,65,0,90,0,140,4,9,199,368,171,25,23,39,25,206,5,183,7,180,0,125,3276,5565,465,521,751,62,50,0.08355795148247978,0.09362084456424079,0.1349505840071878,0.0161725067385444,0.0251572327044025,DATASET_03_2014,Madhya Pradesh_Mandsaur_2014,1.0,460,0.016172506738544475,0.025157232704402517,0.005390835579514825,0.0016172506738544475,0.06612758310871518,0.03575920934411501,338,0
Madhya Pradesh,Morena,2014,43,47,3,43,0,120,6,69,158,503,239,101,10,14,7,616,30,131,4,192,0,199,3058,5944,400,462,975,24,108,0.06729475100942127,0.07772543741588156,0.16403095558546432,0.0072341857335127,0.0201884253028263,DATASET_03_2014,Madhya Pradesh_Morena_2014,1.0,370,0.007234185733512786,0.020188425302826378,0.007234185733512786,0.011608344549125169,0.08462314939434724,0.0265814266487214,331,0
Madhya Pradesh,Narsinghpur,2014,40,30,4,113,0,87,0,7,122,145,65,21,8,25,20,3350,20,165,2,145,0,182,965,3777,445,446,339,33,41,0.11781837437119407,0.11808313476303944,0.08975377283558379,0.0299179242785279,0.023034154090548,DATASET_03_2014,Madhya Pradesh_Narsinghpur_2014,1.0,425,0.029917924278527932,0.023034154090548053,0.010590415673815197,0.0018533227429176596,0.03839025681758009,0.032300767805136354,281,0
Madhya Pradesh,Neemuch,2014,8,18,0,47,0,41,0,9,79,250,132,17,44,17,5,112,3,88,2,43,0,142,1649,2986,183,211,470,61,22,0.06128600133958473,0.07066309444072337,0.15740120562625587,0.0157401205626255,0.0137307434695244,DATASET_03_2014,Madhya Pradesh_Neemuch_2014,1.0,180,0.015740120562625585,0.013730743469524447,0.0026791694574681848,0.003014065639651708,0.08372404554588078,0.026456798392498326,123,0
Madhya Pradesh,Panna,2014,29,12,4,41,0,145,0,14,95,73,22,1,9,11,11,410,10,84,0,38,0,75,1204,2063,173,329,204,20,12,0.0838584585555017,0.159476490547746,0.0988851187590887,0.0198739699466795,0.0702859912748424,DATASET_03_2014,Madhya Pradesh_Panna_2014,1.0,163,0.019873969946679594,0.07028599127484246,0.014057198254968492,0.0067862336403296175,0.03538536112457586,0.046049442559379546,245,0
Madhya Pradesh,Raisen,2014,46,52,2,161,0,90,3,21,109,340,150,36,5,20,19,238,5,225,8,76,0,256,3034,5204,475,600,623,25,55,0.09127594158339739,0.11529592621060722,0.11971560338201384,0.0309377401998462,0.017294388931591,DATASET_03_2014,Madhya Pradesh_Raisen_2014,1.0,470,0.030937740199846273,0.017294388931591083,0.008839354342813221,0.004035357417371253,0.06533435818601076,0.02094542659492698,375,0
Madhya Pradesh,Rajgarh,2014,28,32,1,94,0,112,2,24,160,363,202,41,9,24,72,192,5,235,7,134,0,130,3154,5529,475,528,751,33,113,0.0859106529209622,0.09549647314161692,0.13582926388135286,0.0170012660517272,0.0202568276361005,DATASET_03_2014,Madhya Pradesh_Rajgarh_2014,1.0,470,0.017001266051727255,0.02025682763610056,0.00506420690902514,0.004340748779164406,0.06565382528486163,0.028938325194429373,293,0
Madhya Pradesh,Ratlam,2014,36,53,2,69,0,172,5,31,148,339,166,38,20,35,14,460,5,151,12,129,0,155,1996,4560,366,519,689,55,52,0.08026315789473684,0.11381578947368422,0.15109649122807017,0.0151315789473684,0.037719298245614,DATASET_03_2014,Madhya Pradesh_Ratlam_2014,1.0,361,0.015131578947368421,0.037719298245614034,0.007894736842105263,0.006798245614035088,0.07434210526315789,0.03245614035087719,368,0
Madhya Pradesh,Rewa,2014,73,35,4,110,0,272,4,97,641,562,293,44,12,19,29,276,36,169,1,90,0,214,3912,6678,406,764,1597,31,73,0.06079664570230608,0.11440551063192572,0.2391434561245882,0.016471997604073,0.0407307577118897,DATASET_03_2014,Madhya Pradesh_Rewa_2014,1.0,370,0.016471997604073075,0.04073075771188979,0.01093141659179395,0.014525306978137167,0.08415693321353698,0.09598682240191674,595,0
Madhya Pradesh,Sagar,2014,75,61,2,126,0,214,0,23,264,439,267,85,12,28,26,614,35,405,10,175,0,275,3926,7674,751,906,993,40,111,0.09786291373468856,0.11806098514464425,0.12939796716184518,0.016419077404222,0.0278863695595517,DATASET_03_2014,Madhya Pradesh_Sagar_2014,1.0,716,0.01641907740422205,0.027886369559551732,0.009773260359655981,0.0029971331769611674,0.05720615063851968,0.03440187646598905,501,0
Madhya Pradesh,Satna,2014,69,63,0,187,0,451,4,67,379,495,262,68,17,37,25,1298,30,254,24,116,0,370,4220,7539,611,1095,1207,54,93,0.08104523146305877,0.14524472741742936,0.16010080912587876,0.0248043507096431,0.0598222575938453,DATASET_03_2014,Madhya Pradesh_Satna_2014,1.0,581,0.024804350709643187,0.05982225759384534,0.00915240748109829,0.00888712030773312,0.06565857540787903,0.0502719193526993,841,0
Madhya Pradesh,Seoni,2014,29,11,4,83,0,155,0,5,114,181,83,19,2,41,11,153,9,137,3,47,0,142,1745,3484,279,424,383,43,30,0.08008036739380023,0.12169919632606199,0.10993111366245695,0.0238231917336394,0.0444890929965556,DATASET_03_2014,Madhya Pradesh_Seoni_2014,1.0,270,0.023823191733639493,0.044489092996555686,0.008323765786452353,0.0014351320321469576,0.05195177956371986,0.032721010332950634,287,0
Madhya Pradesh,Shahdol,2014,36,24,2,122,0,200,1,32,277,334,103,26,4,39,16,184,16,272,3,336,0,114,2669,5240,749,689,747,43,42,0.14293893129770993,0.1314885496183206,0.14255725190839694,0.0232824427480916,0.0381679389312977,DATASET_03_2014,Madhya Pradesh_Shahdol_2014,1.0,733,0.023282442748091603,0.03816793893129771,0.006870229007633588,0.0061068702290076335,0.06374045801526718,0.05286259541984733,417,0
Madhya Pradesh,Shajapur,2014,20,25,0,68,0,47,0,15,141,314,136,29,19,13,17,198,7,139,0,130,0,110,2089,3754,344,314,606,32,46,0.09163558870538092,0.08364411294619073,0.161427810335642,0.0181140117208311,0.0125199786893979,DATASET_03_2014,Madhya Pradesh_Shajapur_2014,1.0,337,0.018114011720831113,0.012519978689397976,0.005327650506126798,0.003995737879595098,0.08364411294619073,0.037559936068193925,175,0
Madhya Pradesh,Sheopur,2014,18,15,1,23,0,36,3,6,47,92,36,26,3,11,5,144,5,57,4,37,0,40,912,1578,126,159,184,14,31,0.07984790874524715,0.10076045627376426,0.11660329531051965,0.0145754119138149,0.0228136882129277,DATASET_03_2014,Madhya Pradesh_Sheopur_2014,1.0,121,0.014575411913814956,0.022813688212927757,0.011406844106463879,0.0038022813688212928,0.058301647655259824,0.029784537389100127,102,0
Madhya Pradesh,Shivpuri,2014,55,55,6,101,0,172,3,52,207,389,170,63,11,54,43,458,11,269,4,111,0,210,2891,5836,496,713,821,65,106,0.08498971898560657,0.12217272104180946,0.14067854694996573,0.0173063742289239,0.0294722412611377,DATASET_03_2014,Madhya Pradesh_Shivpuri_2014,1.0,485,0.01730637422892392,0.029472241261137764,0.009424263193968472,0.008910212474297465,0.06665524331734064,0.03546949965729952,444,0
Madhya Pradesh,Sidhi,2014,31,10,4,40,0,100,0,21,116,107,36,13,7,21,7,107,14,100,3,68,0,100,2186,3576,225,306,280,28,20,0.06291946308724833,0.08557046979865772,0.07829977628635347,0.0111856823266219,0.0279642058165548,DATASET_03_2014,Madhya Pradesh_Sidhi_2014,1.0,211,0.011185682326621925,0.02796420581655481,0.008668903803131992,0.00587248322147651,0.029921700223713647,0.03243847874720358,206,0
Madhya Pradesh,Sehore,2014,33,46,7,124,0,149,0,21,267,472,262,39,17,25,17,122,12,162,6,158,0,202,2090,5006,462,542,1022,42,56,0.09228925289652418,0.1082700759089093,0.20415501398322014,0.0247702756691969,0.0297642828605673,DATASET_03_2014,Madhya Pradesh_Sehore_2014,1.0,450,0.024770275669196963,0.02976428286056732,0.006592089492608869,0.004194966040751098,0.09428685577307232,0.0533359968038354,380,0
Madhya Pradesh,Singrauli,2014,42,29,5,88,0,114,0,15,147,231,59,37,6,10,22,175,17,97,1,105,0,118,1763,3349,308,390,452,16,59,0.09196775156763212,0.1164526724395342,0.13496566139146013,0.0262765004478948,0.0340400119438638,DATASET_03_2014,Madhya Pradesh_Singrauli_2014,1.0,291,0.026276500447894893,0.03404001194386384,0.012541057031949836,0.004478948939982084,0.0689758136757241,0.043893699611824426,293,0
Madhya Pradesh,Tikamgarh,2014,36,25,3,92,0,79,1,25,165,128,57,35,3,17,12,391,15,133,6,42,0,121,1810,3458,288,394,376,20,47,0.08328513591671487,0.1139386928860613,0.10873337189126663,0.026604973973395,0.0228455754771544,DATASET_03_2014,Madhya Pradesh_Tikamgarh_2014,1.0,273,0.026604973973395025,0.022845575477154424,0.010410641989589358,0.007229612492770388,0.03701561596298438,0.04771544245228456,261,0
Madhya Pradesh,Ujjain,2014,67,134,2,126,0,148,3,54,434,1103,668,66,28,45,7,228,11,282,29,285,0,208,4323,9141,733,816,2262,73,73,0.0801881632206542,0.08926813258943223,0.24745651460452905,0.0137840498851329,0.0161907887539656,DATASET_03_2014,Madhya Pradesh_Ujjain_2014,1.0,722,0.013784049885132918,0.016190788753965648,0.007329613827808773,0.00590744995077125,0.12066513510556832,0.04747839404879116,534,0
Madhya Pradesh,Umaria,2014,17,6,0,51,0,91,1,12,102,78,24,11,4,16,5,62,2,104,3,90,0,0,1546,2172,250,282,217,20,16,0.1151012891344383,0.1298342541436464,0.09990791896869244,0.0234806629834254,0.0418968692449355,DATASET_03_2014,Madhya Pradesh_Umaria_2014,1.0,248,0.023480662983425413,0.04189686924493554,0.007826887661141806,0.0055248618784530384,0.03591160220994475,0.04696132596685083,178,0
Madhya Pradesh,Vidisha,2014,48,82,6,156,0,140,1,35,315,440,191,34,8,46,16,394,21,299,18,162,0,171,2998,6009,656,767,982,54,50,0.10916957896488601,0.12764187052754203,0.163421534365119,0.0259610584123814,0.0232983857547012,DATASET_03_2014,Madhya Pradesh_Vidisha_2014,1.0,635,0.025961058412381426,0.023298385754701282,0.00798801797304044,0.0058245964386753205,0.07322349808620403,0.052421367948077884,468,0
Madhya Pradesh,Cyber Cell,2014,0,0,0,0,0,0,0,0,0,0,0,0,0,0,0,0,0,0,0,0,0,0,0,0,0,0,0,0,0,,,,,,DATASET_03_2014,Madhya Pradesh_Cyber Cell_2014,1.0,0,,,,,,,0,1
Maharashtra,Ahmednagar,2014,109,74,6,103,0,121,44,274,559,1519,531,457,32,165,46,398,13,269,8,264,0,736,1113,6957,657,1000,2927,197,503,0.0944372574385511,0.14374011786689664,0.42072732499640647,0.0148052321402903,0.0173925542618944,DATASET_03_2014,Maharashtra_Ahmednagar_2014,1.0,644,0.014805232140290355,0.017392554261894493,0.015667672847491734,0.03938479229552968,0.218341239039816,0.08035072588759523,731,0
Maharashtra,Akola,2014,52,50,3,52,0,42,14,108,177,736,176,97,19,108,34,242,5,219,20,136,0,141,1724,4433,432,540,1211,127,131,0.09745093616061358,0.12181367020076697,0.27317843446875706,0.0117302052785923,0.0094743965711707,DATASET_03_2014,Maharashtra_Akola_2014,1.0,427,0.011730205278592375,0.009474396571170765,0.011730205278592375,0.024362734040153395,0.16602752086623054,0.03992781412136251,321,0
Maharashtra,Amravati Commr.,2014,27,49,2,27,0,36,2,56,206,815,235,13,19,90,16,138,1,132,12,108,0,82,975,3338,280,331,1314,109,29,0.08388256440982625,0.09916117435590174,0.3936488915518274,0.0080886758538046,0.0107849011384062,DATASET_03_2014,Maharashtra_Amravati Commr._2014,1.0,279,0.008088675853804673,0.01078490113840623,0.008088675853804673,0.016776512881965248,0.24415817855002997,0.061713600958657876,199,0
Maharashtra,Amravati Rural,2014,51,63,5,103,0,76,6,42,236,1221,152,43,11,93,70,538,8,415,17,213,0,237,3196,6948,756,761,1657,104,113,0.10880829015544041,0.10952792170408751,0.2384858952216465,0.0148244099021301,0.0109383995394358,DATASET_03_2014,Maharashtra_Amravati Rural_2014,1.0,748,0.014824409902130109,0.010938399539435808,0.007340241796200345,0.006044905008635579,0.17573402417962003,0.033966609096142776,346,0
Maharashtra,Aurangabad Commr.,2014,35,54,0,27,0,63,25,204,267,1419,706,134,15,197,35,142,2,227,5,164,0,183,851,4821,425,635,2621,212,169,0.08815598423563575,0.13171541174030285,0.5436631404272972,0.0056004978220286,0.0130678282514001,DATASET_03_2014,Maharashtra_Aurangabad Commr._2014,1.0,423,0.005600497822028625,0.013067828251400125,0.007259904584111181,0.042314872433105166,0.2943372744243933,0.05538270068450529,408,0
Maharashtra,Aurangabad Rural,2014,49,63,1,31,0,37,18,41,116,917,191,264,14,87,30,154,7,177,3,218,0,298,1350,4237,436,417,1283,101,294,0.10290299740382346,0.09841869247108803,0.30280859098418694,0.0073164975218314,0.0087325938163795,DATASET_03_2014,Maharashtra_Aurangabad Rural_2014,1.0,429,0.007316497521831484,0.008732593816379515,0.011564786405475572,0.009676658012744867,0.21642671701675714,0.027377861694595232,240,0
Maharashtra,Beed,2014,75,93,2,70,0,72,21,94,227,678,292,266,30,120,33,242,3,273,1,316,0,304,1156,4864,663,700,1312,150,299,0.13630756578947367,0.14391447368421054,0.26973684210526316,0.014391447368421,0.0148026315789473,DATASET_03_2014,Maharashtra_Beed_2014,1.0,660,0.014391447368421052,0.014802631578947368,0.015419407894736841,0.019325657894736843,0.13939144736842105,0.04666940789473684,427,0
Maharashtra,Bhandara,2014,20,17,3,28,0,23,1,25,153,476,83,19,11,55,20,84,3,73,14,40,0,135,528,2003,158,190,738,66,39,0.07888167748377434,0.09485771342985522,0.36844732900649024,0.0139790314528207,0.0114827758362456,DATASET_03_2014,Maharashtra_Bhandara_2014,1.0,155,0.013979031452820768,0.011482775836245632,0.00998502246630055,0.012481278082875686,0.23764353469795307,0.0763854218671992,117,0
Maharashtra,Buldhana,2014,59,55,5,57,0,44,12,44,155,669,167,186,19,94,45,256,22,253,36,152,0,279,1690,4453,520,529,1047,113,231,0.11677520772512913,0.11879631708960252,0.23512238940040422,0.0128003593083314,0.0098809791152032,DATASET_03_2014,Maharashtra_Buldhana_2014,1.0,498,0.012800359308331462,0.009880979115203234,0.013249494722658881,0.009880979115203234,0.15023579609252188,0.03480799461037503,276,0
Maharashtra,Chandrapur,2014,51,50,3,99,0,49,9,41,233,751,219,53,41,120,28,254,2,224,28,203,0,313,1474,4441,556,526,1253,161,81,0.12519702769646476,0.11844179238910156,0.2821436613375366,0.0222922765142985,0.0110335510020265,DATASET_03_2014,Maharashtra_Chandrapur_2014,1.0,554,0.022292276514298583,0.01103355100202657,0.011483900022517451,0.00923215492006305,0.16910605719432562,0.05246566088718757,302,0
Maharashtra,Dhule,2014,38,46,1,35,0,43,32,56,145,366,150,166,44,86,3,100,11,98,5,207,0,311,671,2818,356,349,749,130,169,0.1263307310149042,0.12384669978708304,0.265791341376863,0.0124201561391057,0.0152590489709013,DATASET_03_2014,Maharashtra_Dhule_2014,1.0,345,0.01242015613910575,0.015259048970901348,0.0134847409510291,0.0198722498225692,0.12987934705464868,0.05145493257629524,251,0
Maharashtra,Gadchiroli,2014,54,55,2,22,0,8,4,8,85,102,30,9,3,36,17,48,0,32,2,16,0,109,191,875,72,185,229,39,26,0.08228571428571428,0.21142857142857144,0.26171428571428573,0.0251428571428571,0.0091428571428571,DATASET_03_2014,Maharashtra_Gadchiroli_2014,1.0,72,0.025142857142857144,0.009142857142857144,0.061714285714285715,0.009142857142857144,0.11657142857142858,0.09714285714285714,153,0
Maharashtra,Gondia,2014,33,21,3,58,0,26,1,20,130,313,96,13,10,41,10,118,6,113,3,46,0,135,561,1836,226,275,560,51,23,0.12309368191721133,0.14978213507625274,0.30501089324618735,0.0315904139433551,0.0141612200435729,DATASET_03_2014,Maharashtra_Gondia_2014,1.0,220,0.03159041394335512,0.014161220043572984,0.017973856209150325,0.010893246187363835,0.170479302832244,0.07080610021786492,162,0
Maharashtra,Hingoli,2014,27,28,1,24,0,29,2,19,51,128,32,66,6,44,12,108,4,80,0,83,0,91,812,1761,191,210,232,50,78,0.1084611016467916,0.11925042589437819,0.13174332765474162,0.0136286201022146,0.0164679159568427,DATASET_03_2014,Maharashtra_Hingoli_2014,1.0,187,0.013628620102214651,0.016467915956842702,0.015332197614991482,0.010789324247586598,0.07268597387847814,0.028960817717206135,130,0
Maharashtra,Jalgaon,2014,80,77,2,66,0,84,43,129,248,999,287,327,95,191,23,344,1,347,34,374,0,393,2202,6531,822,828,1706,286,350,0.12586127698667893,0.1267799724391364,0.2612157403154188,0.0101056499770326,0.0128617363344051,DATASET_03_2014,Maharashtra_Jalgaon_2014,1.0,821,0.010105649977032614,0.012861736334405145,0.012249272699433471,0.01975195222783647,0.15296279283417547,0.03797274536824376,481,0
Maharashtra,Jalna,2014,64,76,4,33,0,39,12,75,206,582,187,120,13,116,23,382,13,185,8,289,0,189,1051,3372,528,488,1062,129,143,0.15658362989323843,0.14472123368920523,0.31494661921708184,0.0097864768683274,0.0115658362989323,DATASET_03_2014,Maharashtra_Jalna_2014,1.0,515,0.009786476868327402,0.011565836298932384,0.018979833926453145,0.02224199288256228,0.17259786476868327,0.06109134045077105,303,0
Maharashtra,Kolhapur,2014,64,68,3,84,0,70,18,236,363,883,403,273,69,317,22,220,8,176,7,150,0,317,883,4942,425,719,1903,386,295,0.08599757183326588,0.14548765681910159,0.3850667745851882,0.0169971671388102,0.0141643059490084,DATASET_03_2014,Maharashtra_Kolhapur_2014,1.0,417,0.0169971671388102,0.014164305949008499,0.012950222581950627,0.04775394577094294,0.17867260218535005,0.07345204370700122,543,0
Maharashtra,Latur,2014,74,61,1,57,0,84,31,79,231,549,220,246,14,125,54,84,4,174,2,323,0,256,1215,4070,560,561,1110,139,300,0.1375921375921376,0.13783783783783785,0.2727272727272727,0.014004914004914,0.0206388206388206,DATASET_03_2014,Maharashtra_Latur_2014,1.0,556,0.014004914004914005,0.020638820638820637,0.01818181818181818,0.01941031941031941,0.1348894348894349,0.05675675675675676,387,0
Maharashtra,Mumbai Commr.,2014,183,181,4,607,0,541,34,2094,3055,10101,3598,409,672,2594,54,4010,22,1626,363,563,0,584,9140,40361,3181,5270,18882,3266,463,0.07881370630063675,0.13057159138772578,0.4678278536210698,0.0150392705829885,0.0134040286415103,DATASET_03_2014,Maharashtra_Mumbai Commr._2014,1.0,3159,0.01503927058298853,0.01340402864151037,0.004534079928643988,0.05188176705235252,0.2502663462253165,0.07569188077599663,3644,0
Maharashtra,Mumbai Railway,2014,17,2,0,1,0,17,0,573,4,2247,0,6,6,46,0,28,0,55,4,0,0,2,136,3141,60,665,2824,52,6,0.019102196752626553,0.2117160140082776,0.8990767271569564,0.0003183699458771,0.0054122890799108,DATASET_03_2014,Maharashtra_Mumbai Railway_2014,1.0,60,0.0003183699458771092,0.005412289079910856,0.005412289079910856,0.18242597898758356,0.7153772683858644,0.0012734797835084368,610,0
Maharashtra,Nagpur Commr.,2014,103,92,5,113,0,145,16,505,1074,2962,1604,147,52,394,33,625,10,279,25,234,0,316,2339,10359,661,1258,6161,446,180,0.0638092479969109,0.12144029346462014,0.5947485278501786,0.0109083888406216,0.0139974901052225,DATASET_03_2014,Maharashtra_Nagpur Commr._2014,1.0,651,0.010908388840621681,0.013997490105222513,0.009943044695433922,0.048749879331981855,0.2859349358046143,0.10367796119316536,979,0
Maharashtra,Nagpur Railway,2014,2,1,0,3,0,2,6,80,0,1531,50,7,1,8,0,24,0,20,0,0,0,3,86,1768,23,114,1667,9,7,0.013009049773755657,0.06447963800904978,0.9428733031674208,0.0016968325791855,0.001131221719457,DATASET_03_2014,Maharashtra_Nagpur Railway_2014,1.0,23,0.0016968325791855204,0.0011312217194570137,0.0011312217194570137,0.04524886877828054,0.8659502262443439,0.0,94,1
Maharashtra,Nagpur Rural,2014,69,46,11,65,0,35,7,65,249,1024,276,60,28,60,41,292,4,187,25,85,0,437,1148,4564,366,485,1621,88,101,0.08019281332164768,0.10626643295354951,0.355170902716915,0.0142418930762489,0.0076687116564417,DATASET_03_2014,Maharashtra_Nagpur Rural_2014,1.0,362,0.014241893076248905,0.007668711656441718,0.015118317265556529,0.014241893076248905,0.22436459246275198,0.05455740578439965,298,0
Maharashtra,Nanded,2014,73,73,4,43,0,95,8,62,243,511,204,192,25,11,41,342,6,147,3,180,0,268,1683,4600,379,505,1028,36,233,0.08239130434782609,0.10978260869565218,0.2234782608695652,0.0093478260869565,0.0206521739130434,DATASET_03_2014,Maharashtra_Nanded_2014,1.0,373,0.009347826086956522,0.020652173913043477,0.015869565217391305,0.013478260869565217,0.11108695652173912,0.05282608695652174,358,0
Maharashtra,Nandurbar,2014,36,19,5,25,0,21,6,13,84,157,59,89,17,34,6,68,2,36,4,47,0,129,417,1425,114,161,319,51,95,0.08,0.11298245614035088,0.223859649122807,0.0175438596491228,0.0147368421052631,DATASET_03_2014,Maharashtra_Nandurbar_2014,1.0,112,0.017543859649122806,0.014736842105263158,0.02526315789473684,0.009122807017543859,0.11017543859649123,0.05894736842105263,125,0
Maharashtra,Nasik Commr.,2014,26,30,0,28,0,59,13,124,299,1053,685,64,26,130,6,130,3,101,3,200,1,172,930,3883,336,381,2174,156,70,0.0865310327066701,0.09812001030131341,0.5598763842389904,0.0072109193922225,0.0151944372907545,DATASET_03_2014,Maharashtra_Nasik Commr._2014,1.0,332,0.0072109193922225085,0.015194437290754571,0.006695853721349472,0.03193407159412825,0.27118207571465364,0.07700231779551893,280,0
Maharashtra,Nasik Rural,2014,98,65,6,87,0,108,27,103,319,888,330,375,23,186,25,812,17,224,5,383,0,688,1140,6832,716,718,1667,209,400,0.10480093676814989,0.1050936768149883,0.24399882903981265,0.0127341920374707,0.015807962529274,DATASET_03_2014,Maharashtra_Nasik Rural_2014,1.0,699,0.012734192037470726,0.015807962529274005,0.014344262295081968,0.015076112412177985,0.12997658079625293,0.046692037470726,494,0
Maharashtra,Navi Mumbai,2014,51,23,2,88,0,140,17,411,549,1447,654,89,105,576,10,218,6,158,49,131,0,361,986,5903,432,890,3078,681,99,0.07318312722344571,0.15077079451126546,0.5214297814670507,0.0149076740640352,0.0237167541927833,DATASET_03_2014,Maharashtra_Navi Mumbai_2014,1.0,426,0.014907674064035236,0.02371675419278333,0.008639674741656785,0.06962561409452821,0.24512959512112484,0.09300355751312891,732,0
Maharashtra,Osmanabad,2014,39,58,2,43,0,28,19,40,206,427,138,148,14,75,19,130,5,126,5,117,0,243,702,2825,296,355,830,89,167,0.1047787610619469,0.1256637168141593,0.2938053097345133,0.015221238938053,0.0099115044247787,DATASET_03_2014,Maharashtra_Osmanabad_2014,1.0,291,0.015221238938053097,0.00991150442477876,0.013805309734513275,0.01415929203539823,0.1511504424778761,0.07292035398230089,229,0
Maharashtra,Palghar,2014,85,36,8,98,0,114,21,211,631,1071,461,220,34,259,12,425,1,183,22,73,0,396,594,4692,377,756,2395,293,232,0.08034953111679455,0.16112531969309463,0.5104433077578857,0.0208866155157715,0.0242966751918158,DATASET_03_2014,Maharashtra_Palghar_2014,1.0,376,0.020886615515771527,0.024296675191815855,0.018115942028985508,0.04497016197783461,0.22826086956521738,0.1344842284739983,573,0
Maharashtra,Parbhani,2014,44,82,3,38,0,64,26,48,204,488,138,157,10,145,28,282,5,140,2,251,0,120,1249,3606,436,445,904,155,185,0.1209095951192457,0.12340543538546866,0.2506932889628397,0.0105379922351636,0.0177481974486966,DATASET_03_2014,Maharashtra_Parbhani_2014,1.0,431,0.010537992235163616,0.01774819744869662,0.012201885745978924,0.013311148086522463,0.1353300055463117,0.056572379367720464,305,0
Maharashtra,Pune Commr.,2014,138,181,9,189,0,228,92,873,1362,4867,2782,259,70,770,38,939,20,454,98,391,0,456,2065,14468,1152,2164,9976,840,297,0.07962399778822228,0.14957146806745922,0.6895217030688415,0.0130633121371302,0.0157589162289189,DATASET_03_2014,Maharashtra_Pune Commr._2014,1.0,1132,0.01306331213713022,0.015758916228918993,0.009538291401714128,0.0603400608238872,0.336397567044512,0.0941387890517003,1710,0
Maharashtra,Pune Railway,2014,8,1,0,2,0,3,8,56,1,543,14,3,1,2,0,10,1,5,0,0,0,0,35,676,8,83,622,3,3,0.011834319526627219,0.1227810650887574,0.9201183431952663,0.0029585798816568,0.0044378698224852,DATASET_03_2014,Maharashtra_Pune Railway_2014,1.0,7,0.0029585798816568047,0.004437869822485207,0.011834319526627219,0.08284023668639054,0.8032544378698225,0.0014792899408284023,78,1
Maharashtra,Pune Rural,2014,153,125,11,147,0,157,87,251,807,2592,1256,609,79,282,37,540,13,356,48,219,0,988,1773,10334,783,1287,4993,361,646,0.07576930520611573,0.12454035223533966,0.48316237662086314,0.0142248887168569,0.015192568221405,DATASET_03_2014,Maharashtra_Pune Rural_2014,1.0,770,0.014224888716856976,0.015192568221405071,0.014805496419585833,0.02428875556415715,0.25082252757886586,0.07809173601703116,931,0
Maharashtra,Raigad,2014,31,17,0,47,0,41,6,72,224,429,127,146,17,142,22,148,2,99,15,54,0,281,411,2601,217,313,858,159,168,0.08342945021145713,0.12033833141099577,0.32987312572087657,0.0180699730872741,0.0157631680123029,DATASET_03_2014,Maharashtra_Raigad_2014,1.0,215,0.018069973087274125,0.015763168012302962,0.011918492887351018,0.02768166089965398,0.16493656286043828,0.0861207227989235,214,0
Maharashtra,Ratnagiri,2014,11,15,3,34,0,19,2,38,143,256,60,66,13,71,13,48,0,59,10,26,0,153,255,1568,129,181,499,84,79,0.08227040816326531,0.11543367346938775,0.3182397959183674,0.0216836734693877,0.0121173469387755,DATASET_03_2014,Maharashtra_Ratnagiri_2014,1.0,129,0.021683673469387755,0.01211734693877551,0.00701530612244898,0.02423469387755102,0.16326530612244897,0.09119897959183673,122,0
Maharashtra,Sangli,2014,50,47,1,66,0,68,11,63,227,608,210,218,19,197,22,272,6,157,5,108,0,309,2359,5171,342,463,1119,216,240,0.06613807774124927,0.08953780700058016,0.2163991491007542,0.0127634886869077,0.0131502610713595,DATASET_03_2014,Maharashtra_Sangli_2014,1.0,336,0.012763488686907755,0.013150261071359505,0.009669309611293754,0.01218333011023013,0.11757880487333204,0.04389866563527364,306,0
Maharashtra,Satara,2014,67,39,9,97,0,88,46,234,408,1254,445,340,24,155,26,284,4,241,12,188,0,470,1557,6062,542,821,2387,179,366,0.08940943582975916,0.13543385021445067,0.39376443418013857,0.0160013196964698,0.0145166611679313,DATASET_03_2014,Maharashtra_Satara_2014,1.0,538,0.016001319696469812,0.014516661167931376,0.011052457934675025,0.03860112174199934,0.2068624216430221,0.0673045199604091,580,0
Maharashtra,Sindhudurg,2014,7,10,1,12,0,10,5,16,84,132,24,24,8,10,15,40,0,42,7,4,0,80,160,789,65,103,261,18,39,0.08238276299112801,0.13054499366286437,0.33079847908745247,0.0152091254752851,0.0126742712294043,DATASET_03_2014,Maharashtra_Sindhudurg_2014,1.0,65,0.015209125475285171,0.012674271229404309,0.008871989860583017,0.020278833967046894,0.16730038022813687,0.10646387832699619,61,0
Maharashtra,Solapur Commr.,2014,21,26,0,39,0,39,10,123,231,586,358,111,6,99,6,64,3,52,7,52,0,91,400,2186,153,310,1308,105,117,0.06999085086916743,0.14181152790484905,0.5983531564501372,0.0178408051235132,0.0178408051235132,DATASET_03_2014,Maharashtra_Solapur Commr._2014,1.0,150,0.017840805123513267,0.017840805123513267,0.00960658737419945,0.05626715462031107,0.26806953339432754,0.10567246111619397,258,0
Maharashtra,Solapur Rural,2014,87,75,9,97,0,93,22,68,253,1062,351,431,18,73,31,474,2,227,23,122,0,500,1829,6235,471,678,1756,91,462,0.07554129911788292,0.10874097834803528,0.28163592622293504,0.0155573376102646,0.0149157979149959,DATASET_03_2014,Maharashtra_Solapur Rural_2014,1.0,469,0.015557337610264635,0.01491579791499599,0.013953488372093023,0.01090617481956696,0.17032878909382518,0.04057738572574178,451,0
Maharashtra,Thane Commr.,2014,117,122,2,215,0,435,35,1315,1648,3167,1656,338,124,953,38,1142,13,559,73,351,0,306,1931,13227,1211,2800,7821,1077,376,0.0915551523399108,0.2116882135026839,0.5912905420730324,0.0162546306796703,0.0328872760263098,DATASET_03_2014,Maharashtra_Thane Commr._2014,1.0,1198,0.01625463067967037,0.03288727602630982,0.008845543207076435,0.09941785741286761,0.23943449005821427,0.12459363423300825,2241,0
Maharashtra,Thane Rural,2014,51,23,11,75,0,71,27,230,349,641,277,168,33,301,26,214,3,165,39,103,0,216,761,3641,385,653,1524,334,194,0.10574018126888217,0.17934633342488326,0.41856632793188686,0.0205987366108212,0.0195001373249107,DATASET_03_2014,Maharashtra_Thane Rural_2014,1.0,382,0.020598736610821202,0.019500137324910738,0.014007140895358419,0.0631694589398517,0.1760505355671519,0.095852787695688,488,0
Maharashtra,Wardha,2014,35,64,8,62,0,37,14,50,166,800,145,41,30,95,19,218,1,192,8,98,0,166,1620,3687,361,462,1175,125,60,0.0979115812313534,0.12530512611879577,0.3186872796311364,0.0168158394358557,0.0100352590181719,DATASET_03_2014,Maharashtra_Wardha_2014,1.0,360,0.016815839435855708,0.010035259018171955,0.009492812584757255,0.013561160835367507,0.2169785733658801,0.04502305397342012,270,0
Maharashtra,Washim,2014,31,62,5,33,0,32,6,51,115,466,127,94,6,55,26,142,5,178,11,113,0,132,867,2579,340,398,765,61,120,0.13183404420317954,0.15432338115548663,0.2966265994571539,0.012795657231485,0.0124079100426521,DATASET_03_2014,Maharashtra_Washim_2014,1.0,335,0.012795657231485071,0.01240791004265219,0.01202016285381931,0.019775106630476928,0.18069018999612252,0.04459092671578131,220,0
Maharashtra,Yavatmal,2014,75,98,5,108,0,157,19,146,448,1850,247,197,32,151,65,474,12,466,504,301,0,243,4070,9951,1391,1074,2710,183,262,0.13978494623655913,0.10792885137172144,0.2723344387498744,0.0108531805848658,0.0157773088131846,DATASET_03_2014,Maharashtra_Yavatmal_2014,1.0,1379,0.010853180584865842,0.015777308813184603,0.007536930961712391,0.014671892272133454,0.18591096372223898,0.04502060094462868,608,0
Manipur,Bishnupur,2014,12,23,1,9,0,11,0,0,8,50,33,6,1,3,2,40,0,6,0,3,0,25,44,307,18,62,91,4,8,0.05863192182410423,0.20195439739413681,0.2964169381107492,0.0293159609120521,0.0358306188925081,DATASET_03_2014,Manipur_Bishnupur_2014,1.0,18,0.029315960912052116,0.035830618892508145,0.03908794788273615,0.0,0.16286644951140064,0.026058631921824105,56,1
Manipur,Chandel,2014,4,7,0,0,0,2,0,0,0,12,1,3,0,0,3,6,0,1,0,0,0,0,17,70,1,14,13,0,6,0.014285714285714285,0.2,0.18571428571428572,0.0,0.0285714285714285,DATASET_03_2014,Manipur_Chandel_2014,1.0,1,0.0,0.02857142857142857,0.05714285714285714,0.0,0.17142857142857143,0.0,13,1
Manipur,Churachandpur,2014,13,11,0,5,0,6,0,0,7,29,16,1,1,5,2,10,0,3,0,0,0,0,29,130,8,38,52,6,3,0.06153846153846154,0.2923076923076923,0.4,0.0384615384615384,0.0461538461538461,DATASET_03_2014,Manipur_Churachandpur_2014,1.0,8,0.038461538461538464,0.046153846153846156,0.1,0.0,0.2230769230769231,0.05384615384615385,35,1
Manipur,C. I. D.,2014,0,0,0,0,0,0,0,0,0,0,0,0,0,0,0,0,0,0,0,0,0,0,0,0,0,0,0,0,0,,,,,,DATASET_03_2014,Manipur_C. I. D._2014,1.0,0,,,,,,,0,1
Manipur,Imphal East,2014,13,42,0,20,0,27,0,0,15,251,208,15,2,18,6,88,1,7,0,8,0,15,46,645,36,109,474,20,21,0.05581395348837209,0.16899224806201552,0.7348837209302326,0.0310077519379844,0.041860465116279,DATASET_03_2014,Manipur_Imphal East_2014,1.0,35,0.031007751937984496,0.04186046511627907,0.020155038759689922,0.0,0.3891472868217054,0.023255813953488372,102,0
Manipur,Imphal West,2014,20,61,1,20,0,52,0,4,28,475,410,42,31,39,8,206,0,44,0,14,0,27,152,1417,78,202,917,70,50,0.05504587155963303,0.14255469301340862,0.6471418489767113,0.0141143260409315,0.036697247706422,DATASET_03_2014,Manipur_Imphal West_2014,1.0,78,0.014114326040931546,0.03669724770642202,0.014114326040931546,0.0028228652081863093,0.3352152434721242,0.019760056457304165,158,0
Manipur,Senapati,2014,5,6,2,1,0,11,0,3,2,11,1,3,2,2,2,4,0,2,0,0,0,0,35,121,3,30,17,4,5,0.024793388429752067,0.24793388429752067,0.14049586776859505,0.0082644628099173,0.0909090909090909,DATASET_03_2014,Manipur_Senapati_2014,1.0,3,0.008264462809917356,0.09090909090909091,0.04132231404958678,0.024793388429752067,0.09090909090909091,0.01652892561983471,28,1
Manipur,Tamenglong,2014,4,19,0,0,0,9,0,0,0,12,2,1,0,2,9,12,0,0,0,0,0,0,33,125,0,32,14,2,10,0.0,0.256,0.112,0.0,0.072,DATASET_03_2014,Manipur_Tamenglong_2014,1.0,0,0.0,0.072,0.032,0.0,0.096,0.0,32,1
Manipur,Thoubal,2014,15,47,1,19,0,61,0,0,13,157,120,29,19,29,6,176,0,35,0,16,0,44,39,768,70,178,290,48,35,0.09114583333333333,0.23177083333333334,0.3776041666666667,0.0247395833333333,0.0794270833333333,DATASET_03_2014,Manipur_Thoubal_2014,1.0,70,0.024739583333333332,0.07942708333333333,0.01953125,0.0,0.20442708333333334,0.016927083333333332,143,0
Manipur,Ukhrul,2014,10,11,0,1,0,3,0,0,2,4,2,1,2,1,5,6,0,0,0,0,0,1,9,58,1,25,8,3,6,0.017241379310344827,0.43103448275862066,0.13793103448275862,0.0172413793103448,0.0517241379310344,DATASET_03_2014,Manipur_Ukhrul_2014,1.0,1,0.017241379310344827,0.05172413793103448,0.1724137931034483,0.0,0.06896551724137931,0.034482758620689655,25,1
Meghalaya,Garo Hills East,2014,7,1,1,3,0,7,3,6,1,57,12,0,0,5,0,10,0,3,1,0,0,0,18,159,7,31,79,5,0,0.0440251572327044,0.1949685534591195,0.4968553459119497,0.0188679245283018,0.0440251572327044,DATASET_03_2014,Meghalaya_Garo Hills East_2014,1.0,7,0.018867924528301886,0.0440251572327044,0.0440251572327044,0.03773584905660377,0.3584905660377358,0.006289308176100629,28,1
Meghalaya,Garo Hills North,2014,14,8,2,3,0,26,5,2,4,24,0,0,6,0,0,24,0,8,0,1,0,8,21,165,12,68,35,6,0,0.07272727272727272,0.4121212121212121,0.21212121212121213,0.0181818181818181,0.1575757575757575,DATASET_03_2014,Meghalaya_Garo Hills North_2014,1.0,12,0.01818181818181818,0.15757575757575756,0.08484848484848485,0.012121212121212121,0.14545454545454545,0.024242424242424242,60,1
Meghalaya,Garo Hills South,2014,19,24,2,3,0,28,4,2,2,21,10,3,0,6,1,2,0,3,0,3,0,4,13,167,9,85,39,6,4,0.05389221556886228,0.5089820359281437,0.23353293413173654,0.0179640718562874,0.1676646706586826,DATASET_03_2014,Meghalaya_Garo Hills South_2014,1.0,9,0.017964071856287425,0.16766467065868262,0.11377245508982035,0.011976047904191617,0.12574850299401197,0.011976047904191617,82,1
Meghalaya,Garo Hills South West,2014,5,4,0,4,0,4,5,2,0,7,0,0,0,1,0,4,0,8,1,1,0,6,5,65,14,32,14,1,0,0.2153846153846154,0.49230769230769234,0.2153846153846154,0.0615384615384615,0.0615384615384615,DATASET_03_2014,Meghalaya_Garo Hills South West_2014,1.0,14,0.06153846153846154,0.06153846153846154,0.07692307692307693,0.03076923076923077,0.1076923076923077,0.0,24,1
Meghalaya,Garo Hills West,2014,28,26,1,11,0,59,9,13,47,72,45,2,10,9,4,24,0,11,7,10,0,24,122,532,39,158,186,19,6,0.07330827067669173,0.29699248120300753,0.34962406015037595,0.0206766917293233,0.1109022556390977,DATASET_03_2014,Meghalaya_Garo Hills West_2014,1.0,39,0.020676691729323307,0.11090225563909774,0.05263157894736842,0.02443609022556391,0.13533834586466165,0.08834586466165413,147,0
Meghalaya,Jaintia Hills West,2014,18,11,2,10,0,9,0,3,23,55,3,0,1,11,4,30,0,5,3,1,0,5,104,292,19,58,84,12,4,0.06506849315068493,0.19863013698630136,0.2876712328767123,0.0342465753424657,0.0308219178082191,DATASET_03_2014,Meghalaya_Jaintia Hills West_2014,1.0,19,0.03424657534246575,0.030821917808219176,0.06164383561643835,0.010273972602739725,0.18835616438356165,0.07876712328767123,53,1
Meghalaya,Jaintia Hills East,2014,19,11,0,11,0,7,3,4,2,68,40,0,11,8,9,24,0,7,0,0,0,28,76,281,18,62,117,19,9,0.06405693950177936,0.2206405693950178,0.41637010676156583,0.0391459074733096,0.0249110320284697,DATASET_03_2014,Meghalaya_Jaintia Hills East_2014,1.0,18,0.03914590747330961,0.02491103202846975,0.06761565836298933,0.014234875444839857,0.24199288256227758,0.0071174377224199285,55,1
Meghalaya,Khasi Hills East,2014,24,20,3,14,0,23,7,53,35,399,43,0,30,111,12,120,0,45,35,26,0,40,292,1327,120,189,537,141,12,0.0904295403165034,0.14242652599849284,0.4046721929163527,0.0105501130369253,0.0173323285606631,DATASET_03_2014,Meghalaya_Khasi Hills East_2014,1.0,120,0.010550113036925395,0.01733232856066315,0.01808590806330068,0.039939713639788994,0.3006782215523738,0.02637528259231349,144,0
Meghalaya,Khasi Hills South West,2014,4,1,0,12,0,0,3,1,0,15,3,0,1,1,0,6,1,0,7,0,0,1,8,60,20,21,22,2,0,0.3333333333333333,0.35,0.36666666666666664,0.2,0.0,DATASET_03_2014,Meghalaya_Khasi Hills South West_2014,1.0,19,0.2,0.0,0.06666666666666667,0.016666666666666666,0.25,0.0,21,1
Meghalaya,Khasi Hills West,2014,11,7,0,19,0,9,4,3,18,50,1,0,1,8,0,24,0,4,0,0,0,3,115,271,23,57,76,9,0,0.08487084870848709,0.21033210332103322,0.28044280442804426,0.070110701107011,0.033210332103321,DATASET_03_2014,Meghalaya_Khasi Hills West_2014,1.0,23,0.07011070110701106,0.033210332103321034,0.04059040590405904,0.01107011070110701,0.18450184501845018,0.06642066420664207,53,1
Meghalaya,Ri-Bhoi,2014,10,2,1,28,0,7,13,8,14,89,22,3,1,12,8,38,0,11,0,0,0,29,49,360,39,80,146,13,11,0.10833333333333334,0.2222222222222222,0.40555555555555556,0.0777777777777777,0.0194444444444444,DATASET_03_2014,Meghalaya_Ri-Bhoi_2014,1.0,39,0.07777777777777778,0.019444444444444445,0.027777777777777776,0.022222222222222223,0.24722222222222223,0.03888888888888889,69,1
Mizoram,Aizawl,2014,11,13,2,39,0,2,1,5,251,455,64,0,8,45,14,114,0,58,0,5,0,18,56,1059,102,131,776,53,14,0.09631728045325778,0.12370160528800755,0.732766761095373,0.036827195467422,0.0018885741265344,DATASET_03_2014,Mizoram_Aizawl_2014,1.0,102,0.036827195467422094,0.0018885741265344666,0.010387157695939566,0.004721435316336166,0.42965061378659114,0.23701605288007555,73,0
Mizoram,Champhai,2014,9,3,1,22,0,1,0,0,50,86,3,0,0,4,1,20,0,0,29,0,0,4,18,238,51,36,139,4,1,0.21428571428571427,0.15126050420168066,0.5840336134453782,0.0924369747899159,0.0042016806722689,DATASET_03_2014,Mizoram_Champhai_2014,1.0,51,0.09243697478991597,0.004201680672268907,0.037815126050420166,0.0,0.36134453781512604,0.21008403361344538,36,1
Mizoram,Kolasib,2014,1,1,0,10,0,2,5,0,42,136,13,0,5,2,1,12,0,10,0,1,0,0,22,263,21,29,196,7,1,0.07984790874524715,0.11026615969581749,0.7452471482889734,0.0380228136882129,0.0076045627376425,DATASET_03_2014,Mizoram_Kolasib_2014,1.0,21,0.03802281368821293,0.0076045627376425855,0.0038022813688212928,0.0,0.5171102661596958,0.1596958174904943,19,1
Mizoram,Lawngtlai,2014,6,1,0,9,0,0,0,0,15,26,2,0,2,1,0,20,0,5,0,0,0,4,13,98,14,21,43,3,0,0.14285714285714285,0.21428571428571427,0.4387755102040816,0.0918367346938775,0.0,DATASET_03_2014,Mizoram_Lawngtlai_2014,1.0,14,0.09183673469387756,0.0,0.061224489795918366,0.0,0.2653061224489796,0.15306122448979592,16,1
Mizoram,Lunglei,2014,8,4,2,14,0,0,1,0,39,52,2,0,1,3,0,14,0,13,0,0,0,8,13,175,27,42,94,4,0,0.15428571428571428,0.24,0.5371428571428571,0.08,0.0,DATASET_03_2014,Mizoram_Lunglei_2014,1.0,27,0.08,0.0,0.045714285714285714,0.0,0.29714285714285715,0.22285714285714286,29,1
Mizoram,Mamit,2014,1,0,0,10,0,2,1,0,40,33,2,0,0,2,2,6,0,6,0,2,0,5,8,116,18,20,76,2,2,0.15517241379310345,0.1724137931034483,0.6551724137931034,0.0862068965517241,0.0172413793103448,DATASET_03_2014,Mizoram_Mamit_2014,1.0,18,0.08620689655172414,0.017241379310344827,0.008620689655172414,0.0,0.28448275862068967,0.3448275862068966,14,1
Mizoram,Saiha,2014,4,0,0,4,0,0,0,0,16,27,2,0,0,2,1,6,0,2,0,0,0,2,10,73,6,10,45,2,1,0.0821917808219178,0.136986301369863,0.6164383561643836,0.0547945205479452,0.0,DATASET_03_2014,Mizoram_Saiha_2014,1.0,6,0.0547945205479452,0.0,0.0547945205479452,0.0,0.3698630136986301,0.2191780821917808,8,1
Mizoram,Serchhip,2014,2,0,1,12,0,0,0,1,17,37,3,0,2,2,3,8,0,3,0,0,0,4,6,98,15,19,58,4,3,0.15306122448979592,0.19387755102040816,0.5918367346938775,0.1224489795918367,0.0,DATASET_03_2014,Mizoram_Serchhip_2014,1.0,15,0.12244897959183673,0.0,0.02040816326530612,0.01020408163265306,0.37755102040816324,0.17346938775510204,16,1
Mizoram,Spl Traffic,2014,0,0,0,0,0,0,0,0,0,0,0,0,0,0,0,0,0,0,0,0,0,20,0,20,0,0,0,0,0,0.0,0.0,0.0,0.0,0.0,DATASET_03_2014,Mizoram_Spl Traffic_2014,1.0,0,0.0,0.0,0.0,0.0,0.0,0.0,0,1
Nagaland,Dimapur,2014,22,17,0,12,0,25,8,26,21,215,160,2,8,24,7,16,0,10,1,3,0,6,12,512,26,120,430,32,9,0.05078125,0.234375,0.83984375,0.0234375,0.048828125,DATASET_03_2014,Nagaland_Dimapur_2014,1.0,26,0.0234375,0.048828125,0.04296875,0.05078125,0.419921875,0.041015625,110,1
Nagaland,Kiphire,2014,1,2,0,1,0,0,0,0,0,2,0,0,0,3,0,2,0,0,0,0,0,0,1,13,1,4,2,3,0,0.07692307692307693,0.3076923076923077,0.15384615384615385,0.0769230769230769,0.0,DATASET_03_2014,Nagaland_Kiphire_2014,1.0,1,0.07692307692307693,0.0,0.07692307692307693,0.0,0.15384615384615385,0.0,4,1
Nagaland,Kohima,2014,3,6,0,9,0,5,0,6,12,75,45,0,0,11,0,0,0,0,0,0,0,7,31,199,9,29,138,11,0,0.04522613065326633,0.1457286432160804,0.6934673366834171,0.0452261306532663,0.0251256281407035,DATASET_03_2014,Nagaland_Kohima_2014,1.0,9,0.04522613065326633,0.02512562814070352,0.01507537688442211,0.03015075376884422,0.3768844221105528,0.06030150753768844,29,1
Nagaland,Longleng,2014,0,2,1,1,0,0,0,0,0,2,0,0,0,0,0,0,0,0,0,0,0,0,4,15,1,4,2,0,0,0.06666666666666667,0.26666666666666666,0.13333333333333333,0.0666666666666666,0.0,DATASET_03_2014,Nagaland_Longleng_2014,1.0,1,0.06666666666666667,0.0,0.0,0.0,0.13333333333333333,0.0,4,1
Nagaland,Mokokchung,2014,5,3,0,1,0,2,0,2,2,10,5,0,0,8,0,8,0,2,0,0,0,5,11,67,3,15,19,8,0,0.04477611940298507,0.22388059701492538,0.2835820895522388,0.0149253731343283,0.0298507462686567,DATASET_03_2014,Nagaland_Mokokchung_2014,1.0,3,0.014925373134328358,0.029850746268656716,0.07462686567164178,0.029850746268656716,0.14925373134328357,0.029850746268656716,13,1
Nagaland,Mon,2014,6,2,1,1,0,0,0,0,1,10,0,0,0,1,0,0,0,0,0,0,0,2,11,39,1,10,11,1,0,0.02564102564102564,0.2564102564102564,0.28205128205128205,0.0256410256410256,0.0,DATASET_03_2014,Nagaland_Mon_2014,1.0,1,0.02564102564102564,0.0,0.15384615384615385,0.0,0.2564102564102564,0.02564102564102564,10,1
Nagaland,Peren,2014,1,0,0,0,0,0,0,0,0,7,0,0,0,0,0,0,0,1,0,0,0,0,3,19,1,2,7,0,0,0.05263157894736842,0.10526315789473684,0.3684210526315789,0.0,0.0,DATASET_03_2014,Nagaland_Peren_2014,1.0,1,0.0,0.0,0.05263157894736842,0.0,0.3684210526315789,0.0,1,1
Nagaland,Phek,2014,9,5,1,1,0,0,0,3,3,25,0,0,1,4,0,6,0,3,0,0,0,0,3,75,4,22,31,5,0,0.05333333333333334,0.29333333333333333,0.41333333333333333,0.0133333333333333,0.0,DATASET_03_2014,Nagaland_Phek_2014,1.0,4,0.013333333333333334,0.0,0.12,0.04,0.3333333333333333,0.04,19,1
Nagaland,Tuensang,2014,0,0,0,1,0,2,0,0,0,20,0,2,0,1,0,0,0,0,0,0,0,0,18,48,1,3,20,1,2,0.020833333333333332,0.0625,0.4166666666666667,0.0208333333333333,0.0416666666666666,DATASET_03_2014,Nagaland_Tuensang_2014,1.0,1,0.020833333333333332,0.041666666666666664,0.0,0.0,0.4166666666666667,0.0,3,1
Nagaland,Wokha,2014,10,9,0,0,0,2,0,0,0,29,6,6,0,0,0,0,0,0,0,0,0,0,33,90,0,21,35,0,6,0.0,0.23333333333333334,0.3888888888888889,0.0,0.0222222222222222,DATASET_03_2014,Nagaland_Wokha_2014,1.0,0,0.0,0.022222222222222223,0.1111111111111111,0.0,0.32222222222222224,0.0,21,1
Nagaland,Zunheboto,2014,1,10,0,3,0,1,0,1,15,23,2,0,0,4,0,14,0,0,0,0,0,0,15,80,3,16,41,4,0,0.0375,0.2,0.5125,0.0375,0.0125,DATASET_03_2014,Nagaland_Zunheboto_2014,1.0,3,0.0375,0.0125,0.0125,0.0125,0.2875,0.1875,16,1
Odisha,Angul,2014,58,89,0,44,0,85,39,107,167,548,157,73,21,67,16,28,4,146,8,30,0,174,1243,2950,232,568,1018,88,89,0.07864406779661016,0.19254237288135592,0.34508474576271186,0.0149152542372881,0.0288135593220339,DATASET_03_2014,Odisha_Angul_2014,1.0,228,0.014915254237288136,0.0288135593220339,0.01966101694915254,0.03627118644067796,0.1857627118644068,0.056610169491525426,422,0
Odisha,Balasore,2014,65,126,6,110,0,231,15,90,240,357,141,60,16,140,27,302,2,566,26,380,0,185,1195,4305,1084,1209,843,156,87,0.25180023228803716,0.2808362369337979,0.19581881533101045,0.0255516840882694,0.0536585365853658,DATASET_03_2014,Odisha_Balasore_2014,1.0,1082,0.025551684088269456,0.05365853658536585,0.015098722415795587,0.020905923344947737,0.08292682926829269,0.05574912891986063,643,0
Odisha,Baragarh,2014,27,120,0,56,0,61,17,68,113,199,54,89,12,33,19,496,7,114,9,80,0,98,265,1817,266,463,451,45,108,0.14639515685195378,0.25481563015960373,0.24821133736929005,0.0308200330214639,0.0335718216840946,DATASET_03_2014,Odisha_Baragarh_2014,1.0,259,0.030820033021463952,0.033571821684094665,0.014859658778205834,0.03742432581177765,0.10952118877270225,0.06219042377545404,349,0
Odisha,Berhampur,2014,31,76,0,30,0,59,25,76,114,237,119,29,46,78,11,84,0,162,24,118,0,96,290,1709,334,459,571,124,40,0.1954359274429491,0.26857811585722646,0.334113516676419,0.0175541252194265,0.0345231129315389,DATASET_03_2014,Odisha_Berhampur_2014,1.0,334,0.017554125219426564,0.03452311293153891,0.018139262726740785,0.044470450555880635,0.13867758923346987,0.06670567583382095,297,0
Odisha,Bhadrak,2014,39,86,0,63,0,116,3,25,99,222,63,45,15,85,29,76,24,178,5,168,0,85,1473,2807,438,510,412,100,74,0.15603847524047026,0.18168863555397222,0.14677591734948345,0.0224438902743142,0.0413252582828642,DATASET_03_2014,Odisha_Bhadrak_2014,1.0,414,0.022443890274314215,0.04132525828286427,0.013893836836480229,0.008906305664410403,0.07908799429996438,0.035268970431065194,332,0
Odisha,Bolangir,2014,26,70,0,56,0,130,13,59,129,199,64,64,12,43,20,424,19,211,10,47,0,112,796,2379,343,565,464,55,84,0.14417822614543926,0.237494745691467,0.1950399327448508,0.0235393022278268,0.0546448087431694,DATASET_03_2014,Odisha_Bolangir_2014,1.0,324,0.023539302227826818,0.0546448087431694,0.01092896174863388,0.024800336275746113,0.08364859184531316,0.05422446406052964,354,0
Odisha,Boudh,2014,22,37,0,24,0,34,9,23,29,35,12,9,4,14,5,232,2,68,3,14,0,36,31,596,111,217,108,18,14,0.18624161073825504,0.3640939597315436,0.18120805369127516,0.0402684563758389,0.0570469798657718,DATASET_03_2014,Odisha_Boudh_2014,1.0,109,0.040268456375838924,0.05704697986577181,0.03691275167785235,0.03859060402684564,0.0587248322147651,0.04865771812080537,149,0
Odisha,Cuttack,2014,40,55,0,58,0,94,10,63,118,170,58,40,3,49,15,249,27,29,9,28,0,191,1250,2594,151,349,419,52,55,0.0582112567463377,0.13454124903623746,0.161526599845798,0.0223592906707787,0.0362374710871241,DATASET_03_2014,Odisha_Cuttack_2014,1.0,124,0.02235929067077872,0.036237471087124135,0.015420200462606014,0.02428681572860447,0.06553585196607556,0.04548959136468774,320,0
Odisha,DCP BBSR,2014,42,102,0,72,0,151,30,123,286,1432,795,90,35,394,17,1610,27,53,12,104,0,167,1494,5478,268,573,2666,429,107,0.04892296458561519,0.10460021905805038,0.48667396860167944,0.013143483023001,0.0275648046732384,DATASET_03_2014,Odisha_DCP BBSR_2014,1.0,241,0.013143483023001095,0.027564804673238408,0.007667031763417305,0.022453450164293537,0.26140927345746623,0.05220883534136546,520,0
Odisha,DCP CTC,2014,36,18,21,66,0,144,15,38,163,623,306,28,9,157,4,10,21,82,5,155,0,94,984,2920,329,420,1145,166,32,0.11267123287671232,0.14383561643835616,0.3921232876712329,0.0226027397260273,0.0493150684931506,DATASET_03_2014,Odisha_DCP CTC_2014,1.0,308,0.022602739726027398,0.049315068493150684,0.012328767123287671,0.013013698630136987,0.21335616438356164,0.05582191780821918,338,0
Odisha,Deogarh,2014,12,36,0,32,0,18,6,17,36,72,14,13,2,10,5,104,1,46,1,23,0,28,479,901,103,167,145,12,18,0.11431742508324085,0.1853496115427303,0.1609322974472808,0.0355160932297447,0.0199778024417314,DATASET_03_2014,Odisha_Deogarh_2014,1.0,102,0.03551609322974473,0.01997780244173141,0.013318534961154272,0.018867924528301886,0.07991120976692564,0.03995560488346282,121,0
Odisha,Dhenkanal,2014,52,174,0,43,0,68,7,76,83,237,68,64,19,50,21,77,11,388,28,45,0,141,246,2000,515,808,471,69,85,0.2575,0.404,0.2355,0.0215,0.034,DATASET_03_2014,Odisha_Dhenkanal_2014,1.0,504,0.0215,0.034,0.026,0.038,0.1185,0.0415,420,0
Odisha,Gajapati,2014,17,22,0,19,0,22,1,0,21,36,12,32,2,16,3,46,3,84,4,9,0,29,59,460,119,165,70,18,35,0.25869565217391305,0.358695652173913,0.15217391304347827,0.0413043478260869,0.0478260869565217,DATASET_03_2014,Odisha_Gajapati_2014,1.0,116,0.041304347826086954,0.04782608695652174,0.03695652173913044,0.0,0.0782608695652174,0.04565217391304348,81,0
Odisha,Ganjam,2014,75,263,0,85,0,129,34,64,137,153,54,66,20,51,29,486,13,410,50,79,0,68,590,2580,637,1060,442,71,95,0.24689922480620155,0.4108527131782946,0.17131782945736435,0.0329457364341085,0.05,DATASET_03_2014,Odisha_Ganjam_2014,1.0,624,0.03294573643410853,0.05,0.029069767441860465,0.024806201550387597,0.05930232558139535,0.05310077519379845,650,0
Odisha,Jagatsinghpur,2014,43,62,0,37,0,83,14,60,165,329,118,70,17,76,18,417,26,208,4,119,0,221,551,2345,394,507,686,93,88,0.16801705756929639,0.2162046908315565,0.29253731343283584,0.0157782515991471,0.0353944562899786,DATASET_03_2014,Odisha_Jagatsinghpur_2014,1.0,368,0.01577825159914712,0.03539445628997868,0.01833688699360341,0.0255863539445629,0.14029850746268657,0.07036247334754797,299,0
Odisha,Jajpur,2014,76,19,0,73,0,123,16,70,185,397,162,83,2,58,27,2095,49,238,16,52,0,417,219,3174,428,615,830,60,110,0.1348456206679269,0.1937618147448015,0.26149968494013864,0.0229993698802772,0.0387523629489603,DATASET_03_2014,Odisha_Jajpur_2014,1.0,379,0.022999369880277253,0.038752362948960305,0.023944549464398234,0.02205419029615627,0.12507876496534343,0.05828607435412728,377,0
Odisha,Jharsuguda,2014,33,20,0,42,0,48,8,64,132,217,61,30,13,26,7,68,9,108,4,51,0,79,349,1431,214,323,482,39,37,0.14954577218728163,0.22571628232005592,0.336827393431167,0.0293501048218029,0.0335429769392033,DATASET_03_2014,Odisha_Jharsuguda_2014,1.0,205,0.029350104821802937,0.033542976939203356,0.023060796645702306,0.04472396925227114,0.15164220824598182,0.09224318658280922,215,0
Odisha,Kalahandi,2014,38,55,0,101,0,190,7,41,85,103,28,75,18,63,8,698,12,215,14,125,0,180,202,2039,467,647,264,81,83,0.22903384011770475,0.3173124080431584,0.12947523295733201,0.0495340853359489,0.093182932810201,DATASET_03_2014,Odisha_Kalahandi_2014,1.0,455,0.049534085335948996,0.09318293281020108,0.018636586562040217,0.020107896027464444,0.05051495831289848,0.04168710152035311,432,0
Odisha,Kandhamal,2014,28,14,0,54,0,48,5,14,46,79,23,10,3,58,3,62,4,121,9,35,0,51,367,1089,223,284,167,61,13,0.20477502295684114,0.26078971533516987,0.15335169880624427,0.0495867768595041,0.0440771349862259,DATASET_03_2014,Odisha_Kandhamal_2014,1.0,219,0.049586776859504134,0.0440771349862259,0.025711662075298437,0.012855831037649219,0.07254361799816346,0.04224058769513315,163,0
Odisha,Kendrapara,2014,34,40,0,48,0,88,7,36,97,107,39,47,6,56,24,312,32,154,19,217,0,66,992,2244,470,407,286,62,71,0.20944741532976827,0.18137254901960784,0.12745098039215685,0.0213903743315508,0.0392156862745098,DATASET_03_2014,Odisha_Kendrapara_2014,1.0,438,0.0213903743315508,0.0392156862745098,0.015151515151515152,0.016042780748663103,0.04768270944741533,0.04322638146167558,253,0
Odisha,Keonjhar,2014,75,103,0,103,0,107,19,46,112,218,83,51,50,60,18,512,11,293,14,65,0,228,213,2571,486,746,478,110,69,0.18903150525087514,0.29015947102294826,0.18591987553481135,0.0400622325943212,0.0416180474523531,DATASET_03_2014,Odisha_Keonjhar_2014,1.0,475,0.040062232594321276,0.04161804745235317,0.029171528588098017,0.017891870867366783,0.08479190976273823,0.043562816024893036,453,0
Odisha,Khurda,2014,40,45,0,39,0,103,17,63,86,197,66,48,33,65,17,30,22,103,21,37,0,133,1035,2291,222,410,429,98,65,0.09690091663029245,0.1789611523352248,0.18725447402880838,0.0170231340026189,0.044958533391532,DATASET_03_2014,Odisha_Khurda_2014,1.0,200,0.017023134002618942,0.04495853339153208,0.017459624618070713,0.02749890877346137,0.08598865124399825,0.03753819292885203,307,0
Odisha,Koraput,2014,71,48,0,94,0,73,15,37,105,99,33,61,5,30,6,30,4,152,5,46,0,122,204,1357,301,490,289,35,67,0.22181282240235814,0.3610906411201179,0.21296978629329402,0.0692704495210022,0.05379513633014,DATASET_03_2014,Odisha_Koraput_2014,1.0,297,0.06927044952100221,0.05379513633014001,0.05232129697862933,0.027266028002947678,0.07295504789977893,0.07737656595431099,338,0
Odisha,Malkangiri,2014,33,30,0,19,0,21,21,9,15,33,6,17,4,37,8,31,4,29,5,16,0,31,48,420,73,162,84,41,25,0.1738095238095238,0.38571428571428573,0.2,0.0452380952380952,0.05,DATASET_03_2014,Odisha_Malkangiri_2014,1.0,69,0.04523809523809524,0.05,0.07857142857142857,0.02142857142857143,0.07857142857142857,0.03571428571428571,133,0
Odisha,Mayurbhanj,2014,110,130,1,139,0,135,12,40,148,252,73,39,19,77,13,86,32,324,21,270,0,159,523,2793,786,891,525,96,52,0.2814178302900107,0.31901181525241673,0.18796992481203006,0.0497672753311851,0.0483351235230934,DATASET_03_2014,Odisha_Mayurbhanj_2014,1.0,754,0.04976727533118511,0.04833512352309345,0.039384174722520586,0.014321518080916577,0.09022556390977443,0.052989616899391336,567,0
Odisha,Nayagarh,2014,33,106,0,23,0,47,20,51,65,129,60,48,1,43,10,18,7,37,2,23,0,64,626,1487,92,317,325,44,58,0.06186953597848016,0.21318090114324142,0.21856086079354406,0.01546738399462,0.0316072629455279,DATASET_03_2014,Odisha_Nayagarh_2014,1.0,85,0.01546738399462004,0.03160726294552791,0.02219233355749832,0.03429724277067922,0.08675184936112978,0.04371217215870881,280,0
Odisha,Nabarangpur,2014,23,35,0,73,0,100,3,12,49,56,18,94,4,33,7,10,1,194,12,93,0,51,691,1695,373,440,138,37,101,0.2200589970501475,0.25958702064896755,0.08141592920353982,0.0430678466076696,0.0589970501474926,DATASET_03_2014,Odisha_Nabarangpur_2014,1.0,372,0.043067846607669616,0.058997050147492625,0.013569321533923304,0.007079646017699115,0.03303834808259587,0.028908554572271386,246,0
Odisha,Nuapada,2014,14,42,0,26,0,57,4,20,56,74,16,31,16,20,6,78,5,136,4,91,0,120,413,1175,262,299,170,36,37,0.2229787234042553,0.25446808510638297,0.14468085106382977,0.022127659574468,0.0485106382978723,DATASET_03_2014,Odisha_Nuapada_2014,1.0,257,0.022127659574468085,0.04851063829787234,0.011914893617021277,0.01702127659574468,0.06297872340425532,0.04765957446808511,163,0
Odisha,Puri,2014,54,99,0,68,0,146,17,102,241,449,150,117,25,117,45,894,32,151,7,176,0,329,1655,4317,434,637,959,142,162,0.1005327773917072,0.14755617326847348,0.22214500810748206,0.0157516794069955,0.0338197822561964,DATASET_03_2014,Odisha_Puri_2014,1.0,402,0.015751679406995598,0.03381978225619643,0.01250868658790827,0.0236275191104934,0.10400741255501506,0.05582580495714617,486,0
Odisha,Rayagada,2014,29,39,3,59,0,86,13,17,84,105,28,49,22,37,12,24,0,102,5,121,0,63,159,1199,287,348,247,59,61,0.23936613844870724,0.2902418682235196,0.20600500417014178,0.049207673060884,0.0717264386989157,DATASET_03_2014,Odisha_Rayagada_2014,1.0,287,0.04920767306088407,0.07172643869891576,0.02418682235195997,0.014178482068390326,0.08757297748123437,0.07005838198498748,246,0
Odisha,Rourkela,2014,55,50,0,73,0,98,24,106,226,488,203,37,4,84,3,34,4,174,11,139,0,163,599,2670,401,580,1047,88,40,0.150187265917603,0.21722846441947566,0.3921348314606742,0.0273408239700374,0.0367041198501872,DATASET_03_2014,Odisha_Rourkela_2014,1.0,397,0.027340823970037453,0.03670411985018727,0.020599250936329586,0.039700374531835204,0.18277153558052434,0.08464419475655431,406,0
Odisha,Sambalpur,2014,48,79,1,81,0,98,18,123,297,567,184,74,15,48,16,1374,10,108,9,44,0,189,490,3391,252,556,1189,63,90,0.07431436154526688,0.16396343261574756,0.35063403125921555,0.0238867590681215,0.028900029489826,DATASET_03_2014,Odisha_Sambalpur_2014,1.0,242,0.0238867590681215,0.02890002948982601,0.01415511648481274,0.03627248599233265,0.1672073134768505,0.08758478324977882,448,0
Odisha,Sonepur,2014,16,15,0,18,0,27,8,15,31,75,24,22,0,19,2,6,4,46,0,29,0,41,280,724,97,145,153,19,24,0.13397790055248618,0.20027624309392264,0.21132596685082872,0.0248618784530386,0.037292817679558,DATASET_03_2014,Odisha_Sonepur_2014,1.0,93,0.024861878453038673,0.03729281767955801,0.022099447513812154,0.020718232044198894,0.10359116022099447,0.04281767955801105,99,0
Odisha,SRP (Cuttack),2014,0,2,0,0,0,2,1,19,2,438,17,3,1,3,0,1,0,9,1,1,0,5,46,546,11,33,477,4,3,0.020146520146520148,0.06043956043956044,0.8736263736263736,0.0,0.0036630036630036,DATASET_03_2014,Odisha_SRP (Cuttack)_2014,1.0,11,0.0,0.003663003663003663,0.0,0.0347985347985348,0.8021978021978022,0.003663003663003663,24,1
Odisha,SRP (Rourkela),2014,4,2,0,1,0,5,1,21,30,320,44,0,0,3,0,0,0,10,1,0,0,3,58,460,12,44,416,3,0,0.02608695652173913,0.09565217391304348,0.9043478260869565,0.0021739130434782,0.0108695652173913,DATASET_03_2014,Odisha_SRP (Rourkela)_2014,1.0,12,0.002173913043478261,0.010869565217391304,0.008695652173913044,0.04565217391304348,0.6956521739130435,0.06521739130434782,34,1
Odisha,Sundargarh,2014,51,36,0,49,0,46,10,33,90,158,48,24,11,46,6,46,12,94,1,84,0,181,469,1655,240,319,339,57,30,0.14501510574018128,0.19274924471299093,0.20483383685800605,0.029607250755287,0.0277945619335347,DATASET_03_2014,Odisha_Sundargarh_2014,1.0,228,0.029607250755287008,0.027794561933534745,0.03081570996978852,0.019939577039274924,0.09546827794561934,0.054380664652567974,225,0
Punjab,Amritsar Rural,2014,47,60,2,31,0,98,0,12,119,124,32,0,9,88,5,382,6,78,0,53,0,124,271,1396,168,328,287,97,5,0.12034383954154727,0.2349570200573066,0.20558739255014327,0.0222063037249283,0.0702005730659025,DATASET_03_2014,Punjab_Amritsar Rural_2014,1.0,162,0.022206303724928367,0.07020057306590258,0.0336676217765043,0.008595988538681949,0.08882521489971347,0.08524355300859598,250,0
Punjab,Barnala,2014,15,24,4,31,0,41,0,1,48,96,23,0,13,51,2,78,0,17,0,27,0,74,238,791,75,133,168,64,2,0.09481668773704172,0.168141592920354,0.21238938053097345,0.0391908975979772,0.0518331226295828,DATASET_03_2014,Punjab_Barnala_2014,1.0,75,0.039190897597977246,0.051833122629582805,0.018963337547408345,0.0012642225031605564,0.1213653603034134,0.0606826801517067,116,0
Punjab,Batala,2014,22,30,1,30,0,46,0,3,55,86,23,0,4,104,0,322,3,36,0,37,0,69,144,865,106,168,167,108,0,0.12254335260115606,0.19421965317919074,0.1930635838150289,0.0346820809248554,0.053179190751445,DATASET_03_2014,Punjab_Batala_2014,1.0,103,0.03468208092485549,0.05317919075144509,0.025433526011560695,0.003468208092485549,0.09942196531791908,0.06358381502890173,132,0
Punjab,Bathinda,2014,55,45,5,56,0,67,1,2,172,260,134,0,19,151,8,186,5,77,0,74,0,143,744,2117,212,308,569,170,8,0.10014170996693435,0.14548889938592346,0.26877657061880017,0.0264525271610769,0.0316485592820028,DATASET_03_2014,Punjab_Bathinda_2014,1.0,207,0.026452527161076995,0.03164855928200284,0.025980160604629193,0.000944733112895607,0.12281530467642891,0.0812470477090222,231,0
Punjab,CP Amritsar,2014,29,75,2,34,0,78,1,13,127,324,93,0,24,307,2,285,3,45,2,150,0,62,467,1998,234,277,558,331,2,0.11711711711711711,0.13863863863863865,0.27927927927927926,0.017017017017017,0.039039039039039,DATASET_03_2014,Punjab_CP Amritsar_2014,1.0,231,0.01701701701701702,0.03903903903903904,0.014514514514514515,0.0065065065065065065,0.16216216216216217,0.06356356356356356,232,0
Punjab,CP Jalandhar,2014,16,32,9,49,0,111,1,10,194,498,216,0,7,220,4,95,1,77,2,106,0,75,468,2020,235,305,919,227,4,0.11633663366336634,0.15099009900990099,0.45495049504950497,0.0242574257425742,0.0549504950495049,DATASET_03_2014,Punjab_CP Jalandhar_2014,1.0,234,0.024257425742574258,0.05495049504950495,0.007920792079207921,0.0049504950495049506,0.24653465346534653,0.09603960396039604,228,0
Punjab,CP Ludhiana,2014,73,68,8,111,0,246,2,23,259,603,209,0,29,349,5,414,5,98,19,158,0,240,983,3546,391,629,1096,378,5,0.11026508742244782,0.17738296672306825,0.3090806542583192,0.0313028764805414,0.0693739424703891,DATASET_03_2014,Punjab_CP Ludhiana_2014,1.0,386,0.031302876480541454,0.06937394247038917,0.020586576424139875,0.0064861816130851666,0.1700507614213198,0.0730400451212634,531,0
Punjab,Faridkot,2014,23,34,0,24,0,23,2,10,63,70,27,0,2,42,3,156,1,16,0,16,0,66,160,673,57,132,172,44,3,0.08469539375928678,0.1961367013372957,0.2555720653789004,0.0356612184249628,0.0341753343239227,DATASET_03_2014,Punjab_Faridkot_2014,1.0,56,0.03566121842496285,0.03417533432392273,0.03417533432392273,0.014858841010401188,0.10401188707280833,0.09361069836552749,116,0
Punjab,Fatehgarh Sahib,2014,16,10,4,26,0,28,0,3,47,89,50,0,8,120,0,32,4,22,0,28,0,122,274,920,80,109,189,128,0,0.08695652173913043,0.11847826086956521,0.20543478260869566,0.0282608695652173,0.0304347826086956,DATASET_03_2014,Punjab_Fatehgarh Sahib_2014,1.0,76,0.02826086956521739,0.030434782608695653,0.017391304347826087,0.003260869565217391,0.0967391304347826,0.051086956521739134,87,0
Punjab,Fazilka,2014,24,14,3,52,0,32,0,0,61,80,35,0,2,88,1,280,4,18,0,59,0,78,170,877,133,143,176,90,1,0.1516533637400228,0.1630558722919042,0.2006841505131129,0.0592930444697833,0.0364880273660205,DATASET_03_2014,Punjab_Fazilka_2014,1.0,129,0.059293044469783354,0.036488027366020526,0.027366020524515394,0.0,0.09122006841505131,0.06955530216647662,125,0
Punjab,Ferozepur,2014,27,38,4,55,0,23,0,0,91,163,54,0,11,128,0,431,3,31,0,45,0,91,305,1300,134,178,308,139,0,0.10307692307692308,0.13692307692307693,0.23692307692307693,0.0423076923076923,0.0176923076923076,DATASET_03_2014,Punjab_Ferozepur_2014,1.0,131,0.04230769230769231,0.01769230769230769,0.02076923076923077,0.0,0.12538461538461537,0.07,147,0
Punjab,G. R. P.,2014,11,0,1,1,0,4,0,0,3,94,18,0,0,3,0,15,0,3,0,0,0,6,220,372,4,20,115,3,0,0.010752688172043012,0.053763440860215055,0.30913978494623656,0.0026881720430107,0.010752688172043,DATASET_03_2014,Punjab_G. R. P._2014,1.0,4,0.002688172043010753,0.010752688172043012,0.02956989247311828,0.0,0.25268817204301075,0.008064516129032258,17,1
Punjab,Gurdaspur,2014,13,11,3,26,0,31,1,2,41,80,15,0,9,58,6,197,2,37,0,47,0,94,145,781,112,124,139,67,6,0.14340588988476313,0.1587708066581306,0.17797695262483995,0.0332906530089628,0.0396927016645326,DATASET_03_2014,Punjab_Gurdaspur_2014,1.0,110,0.03329065300896287,0.03969270166453265,0.016645326504481434,0.002560819462227913,0.10243277848911651,0.052496798975672214,87,0
Punjab,Hoshiarpur,2014,32,34,5,43,0,63,3,8,149,207,31,0,11,167,0,424,7,41,2,93,0,229,232,1637,186,229,398,178,0,0.11362248014660965,0.13989004276114844,0.24312767257177764,0.0262675626145387,0.0384850335980452,DATASET_03_2014,Punjab_Hoshiarpur_2014,1.0,179,0.02626756261453879,0.038485033598045205,0.019547953573610263,0.004886988393402566,0.1264508246792914,0.09102015882712279,188,0
Punjab,Jalandhar Rural,2014,27,27,7,31,0,42,3,17,135,147,32,0,4,78,2,88,2,37,0,32,0,145,313,1154,102,191,334,82,2,0.08838821490467938,0.1655112651646447,0.28942807625649913,0.0268630849220103,0.0363951473136915,DATASET_03_2014,Punjab_Jalandhar Rural_2014,1.0,100,0.026863084922010397,0.036395147313691506,0.02339688041594454,0.014731369150779897,0.12738301559792028,0.1169844020797227,154,0
Punjab,Kapurthala,2014,21,29,6,29,0,40,2,10,98,132,33,0,3,103,2,379,3,33,1,58,0,109,176,1105,124,170,275,106,2,0.11221719457013575,0.15384615384615385,0.248868778280543,0.0262443438914027,0.0361990950226244,DATASET_03_2014,Punjab_Kapurthala_2014,1.0,121,0.026244343891402715,0.03619909502262444,0.019004524886877826,0.00904977375565611,0.11945701357466064,0.08868778280542987,137,0
Punjab,Khanna,2014,20,16,5,23,0,54,2,8,107,261,29,0,6,83,4,249,3,34,0,38,0,96,155,1132,98,162,407,89,4,0.08657243816254417,0.1431095406360424,0.35954063604240283,0.0203180212014134,0.0477031802120141,DATASET_03_2014,Punjab_Khanna_2014,1.0,95,0.020318021201413426,0.04770318021201413,0.0176678445229682,0.007067137809187279,0.23056537102473498,0.09452296819787986,128,0
Punjab,Ludhiana Rural,2014,16,20,5,14,0,56,0,4,102,162,48,0,10,107,1,89,3,22,0,30,0,61,355,1081,69,137,316,117,1,0.06382978723404255,0.1267345050878816,0.2923219241443108,0.0129509713228492,0.0518038852913968,DATASET_03_2014,Punjab_Ludhiana Rural_2014,1.0,66,0.012950971322849213,0.05180388529139685,0.014801110083256245,0.0037002775208140612,0.1498612395929695,0.09435707678075855,115,0
Punjab,Mansa,2014,32,17,0,22,0,15,1,0,51,52,22,0,12,109,1,122,5,22,2,39,0,55,238,793,90,109,126,121,1,0.11349306431273644,0.13745271122320302,0.15889029003783103,0.0277427490542244,0.0189155107187894,DATASET_03_2014,Punjab_Mansa_2014,1.0,85,0.027742749054224466,0.018915510718789406,0.0403530895334174,0.0,0.06557377049180328,0.06431273644388398,87,0
Punjab,Moga,2014,25,38,0,29,0,36,1,4,106,147,42,0,16,88,5,170,0,39,2,27,0,109,346,1172,97,172,300,104,5,0.08276450511945392,0.14675767918088736,0.25597269624573377,0.0247440273037542,0.030716723549488,DATASET_03_2014,Punjab_Moga_2014,1.0,97,0.024744027303754267,0.030716723549488054,0.021331058020477817,0.0034129692832764505,0.12542662116040956,0.09044368600682594,133,0
Punjab,Muktsar,2014,29,20,2,29,0,30,0,0,77,93,32,0,16,56,2,84,1,24,1,26,0,44,233,781,81,134,202,72,2,0.10371318822023047,0.17157490396927016,0.2586427656850192,0.0371318822023047,0.0384122919334186,DATASET_03_2014,Punjab_Muktsar_2014,1.0,80,0.03713188220230474,0.03841229193341869,0.03713188220230474,0.0,0.11907810499359796,0.09859154929577464,110,0
Punjab,Pathankot,2014,9,6,1,11,0,11,0,1,45,75,32,0,5,107,1,37,4,11,0,80,0,74,87,582,106,50,153,112,1,0.18213058419243985,0.0859106529209622,0.26288659793814434,0.0189003436426116,0.0189003436426116,DATASET_03_2014,Punjab_Pathankot_2014,1.0,102,0.018900343642611683,0.018900343642611683,0.015463917525773196,0.001718213058419244,0.12886597938144329,0.07731958762886598,39,0
Punjab,Patiala,2014,45,59,7,38,0,91,2,4,169,294,114,0,26,346,2,111,4,66,1,175,0,298,782,2774,284,312,583,372,2,0.10237923576063446,0.11247296322999278,0.21016582552271088,0.0136986301369863,0.0328046142754145,DATASET_03_2014,Punjab_Patiala_2014,1.0,280,0.0136986301369863,0.03280461427541456,0.016222062004325882,0.0014419610670511895,0.10598413842826243,0.06092285508291276,246,0
Punjab,Ropar,2014,22,11,1,21,0,39,0,4,76,114,53,0,7,119,3,164,2,52,2,37,0,173,227,1122,114,150,247,126,3,0.10160427807486631,0.13368983957219252,0.22014260249554368,0.0187165775401069,0.03475935828877,DATASET_03_2014,Punjab_Ropar_2014,1.0,112,0.01871657754010695,0.034759358288770054,0.0196078431372549,0.0035650623885918,0.10160427807486631,0.0677361853832442,98,0
Punjab,Sangrur,2014,42,46,4,57,0,58,1,3,128,196,66,0,11,148,3,461,7,54,0,85,0,173,546,1935,203,265,394,159,3,0.1049095607235142,0.13695090439276486,0.2036175710594315,0.0294573643410852,0.0299741602067183,DATASET_03_2014,Punjab_Sangrur_2014,1.0,196,0.02945736434108527,0.029974160206718347,0.021705426356589147,0.0015503875968992248,0.10129198966408269,0.06614987080103359,211,0
Punjab,SAS Nagar,2014,26,35,3,59,0,124,7,6,167,433,253,0,17,287,0,291,5,57,0,74,0,209,742,2408,195,317,866,304,0,0.08098006644518273,0.13164451827242524,0.3596345514950166,0.0245016611295681,0.0514950166112956,DATASET_03_2014,Punjab_SAS Nagar_2014,1.0,190,0.024501661129568107,0.05149501661129568,0.01079734219269103,0.0024916943521594683,0.1798172757475083,0.06935215946843853,260,0
Punjab,SBS Nagar,2014,15,12,3,20,0,18,1,7,85,80,22,0,2,83,1,88,2,18,1,35,0,81,98,659,76,94,195,85,1,0.11532625189681335,0.1426403641881639,0.2959028831562974,0.0303490136570561,0.0273141122913505,DATASET_03_2014,Punjab_SBS Nagar_2014,1.0,74,0.030349013657056147,0.027314112291350532,0.02276176024279211,0.010622154779969651,0.12139605462822459,0.12898330804248861,76,0
Punjab,Tarn Taran,2014,35,53,3,29,0,45,1,2,81,107,29,0,12,122,0,387,5,48,0,52,0,106,259,1171,134,216,220,134,0,0.11443210930828351,0.18445772843723313,0.18787361229718189,0.0247651579846285,0.0384286934244235,DATASET_03_2014,Punjab_Tarn Taran_2014,1.0,129,0.024765157984628524,0.03842869342442357,0.029888983774551667,0.0017079419299743809,0.09137489325362938,0.06917164816396243,168,0
Rajasthan,Ajmer,2014,45,59,8,130,1,226,5,46,293,1155,730,0,21,1484,23,33,10,181,0,844,0,529,3147,9197,1165,700,2229,1505,23,0.1266717407850386,0.07611177557899315,0.24236163966510818,0.0141350440360987,0.0245732304012177,DATASET_03_2014,Rajasthan_Ajmer_2014,1.0,1156,0.014135044036098728,0.02457323040121779,0.0048928998586495595,0.00500163096661955,0.1255844297053387,0.03185821463520713,519,0
Rajasthan,Alwar,2014,104,64,4,299,0,373,0,70,238,3189,2277,5,17,1449,13,51,33,256,0,720,0,593,4047,12742,1308,1170,5774,1466,18,0.1026526447967352,0.09182231988698791,0.45314707267304977,0.0234657039711191,0.0292732695024329,DATASET_03_2014,Rajasthan_Alwar_2014,1.0,1275,0.023465703971119134,0.0292732695024329,0.00816198398995448,0.00549364307016167,0.25027468215350807,0.018678386438549677,914,0
Rajasthan,Banswara,2014,25,13,0,146,0,152,0,27,79,186,98,42,1,106,12,114,6,103,0,198,0,167,1098,2789,453,466,390,107,54,0.16242380781642166,0.16708497669415562,0.13983506633201864,0.0523485120114736,0.0544998207242739,DATASET_03_2014,Rajasthan_Banswara_2014,1.0,447,0.05234851201147365,0.05449982072427393,0.008963786303334529,0.00968088920760129,0.0666905700968089,0.02832556471853711,363,0
Rajasthan,Baran,2014,34,63,3,67,0,162,2,22,101,449,186,0,12,345,16,336,5,212,0,342,0,131,1834,4515,626,565,760,357,16,0.13864894795127353,0.12513842746400886,0.16832779623477298,0.0148394241417497,0.0358803986710963,DATASET_03_2014,Rajasthan_Baran_2014,1.0,621,0.014839424141749723,0.035880398671096346,0.007530454042081949,0.0048726467331118494,0.09944629014396457,0.02236987818383167,353,0
Rajasthan,Barmer,2014,38,34,0,93,0,57,3,19,200,352,191,3,3,160,26,26,26,272,0,270,0,248,1845,4388,661,516,765,163,29,0.15063810391978122,0.11759343664539654,0.1743391066545123,0.0211941659070191,0.0129899726526891,DATASET_03_2014,Rajasthan_Barmer_2014,1.0,635,0.021194165907019145,0.012989972652689152,0.008659981768459436,0.004329990884229718,0.08021877848678213,0.04557885141294439,244,0
Rajasthan,Bharatpur,2014,99,66,3,219,0,290,0,29,79,1549,939,0,8,120,25,4,36,145,0,606,0,306,5543,10231,1006,851,2596,128,25,0.0983286091291174,0.08317857491936272,0.25373863747434267,0.0214055322060404,0.02834522529567,DATASET_03_2014,Rajasthan_Bharatpur_2014,1.0,970,0.021405532206040464,0.02834522529567002,0.009676473463004594,0.002834522529567002,0.15140259994135472,0.007721630339165282,706,0
Rajasthan,Bhilwara,2014,35,32,2,54,0,122,0,22,203,799,428,7,9,751,14,132,8,173,0,965,0,331,2867,7353,1200,440,1452,760,21,0.1631986944104447,0.05983952128382973,0.1974704202366381,0.00734394124847,0.0165918672650618,DATASET_03_2014,Rajasthan_Bhilwara_2014,1.0,1192,0.0073439412484700125,0.01659186726506188,0.004759961920304637,0.0029919760641914863,0.10866313069495444,0.027607779137766898,267,0
Rajasthan,Bikaner,2014,48,60,7,75,0,81,2,4,138,347,162,0,18,855,15,22,15,89,0,584,0,257,2825,5441,763,366,653,873,15,0.14023157507811065,0.06726704649880537,0.12001470317956257,0.0137842308399191,0.0148869693071126,DATASET_03_2014,Rajasthan_Bikaner_2014,1.0,748,0.013784230839919132,0.014886969307112663,0.008821907737548245,0.0007351589781290203,0.06377504135269252,0.025362984745451202,277,0
Rajasthan,Bundi,2014,24,45,6,80,0,145,0,15,86,260,132,5,4,362,4,350,4,179,0,325,0,208,1288,3823,588,494,493,366,9,0.1538059115877583,0.12921789170808265,0.12895631702851165,0.0209259743656814,0.0379283285377975,DATASET_03_2014,Rajasthan_Bundi_2014,1.0,584,0.020925974365681402,0.03792832853779754,0.006277792309704421,0.003923620193565263,0.06800941668846455,0.022495422443107507,315,0
Rajasthan,Chittorgarh,2014,33,31,2,104,0,212,3,41,211,539,314,31,11,140,12,134,2,145,2,641,0,242,1999,5435,894,571,1108,151,43,0.16448942042318307,0.10505979760809568,0.20386384544618216,0.0191352345906163,0.0390064397424103,DATASET_03_2014,Rajasthan_Chittorgarh_2014,1.0,892,0.019135234590616376,0.039006439742410304,0.0060717571297148115,0.007543698252069918,0.09917203311867526,0.038822447102115916,426,0
Rajasthan,Churu,2014,35,58,1,72,0,102,1,11,158,248,88,0,10,27,13,70,7,45,0,414,0,209,1412,3847,538,325,506,37,13,0.13984923316870287,0.08448141408890045,0.13153106316610347,0.0187158825058487,0.0265141668832856,DATASET_03_2014,Rajasthan_Churu_2014,1.0,531,0.018715882505848713,0.026514166883285676,0.009097998440343124,0.0028593709383935534,0.06446581752014557,0.041070964387834676,280,0
Rajasthan,Dausa,2014,40,21,2,37,0,123,3,10,73,1059,713,11,3,536,7,0,5,150,0,234,0,293,1431,5584,426,386,1858,539,18,0.07628939828080229,0.06912607449856734,0.3327363896848137,0.0066260744985673,0.0220272206303724,DATASET_03_2014,Rajasthan_Dausa_2014,1.0,421,0.006626074498567335,0.022027220630372494,0.0071633237822349575,0.0017908309455587394,0.18964899713467048,0.013073065902578796,236,0
Rajasthan,Dholpur,2014,44,78,2,78,0,90,0,11,59,480,269,0,11,202,9,64,21,43,0,249,0,130,2595,4395,391,346,819,213,9,0.08896473265073948,0.07872582480091013,0.1863481228668942,0.0177474402730375,0.0204778156996587,DATASET_03_2014,Rajasthan_Dholpur_2014,1.0,370,0.017747440273037544,0.020477815699658702,0.010011376564277589,0.002502844141069397,0.10921501706484642,0.013424345847554038,303,0
Rajasthan,Dungarpur,2014,31,17,0,110,0,143,0,23,67,132,79,2,13,119,11,216,13,154,0,187,0,164,1119,2678,464,478,301,132,13,0.17326362957430919,0.17849141150112025,0.11239731142643763,0.0410754294249439,0.0533980582524271,DATASET_03_2014,Rajasthan_Dungarpur_2014,1.0,451,0.041075429424943986,0.05339805825242718,0.01157580283793876,0.008588498879761016,0.04929051530993279,0.02501867064973861,324,0
Rajasthan,G.R.P.Ajmer,2014,5,8,0,3,0,14,0,10,0,1118,27,1,3,7,0,2,1,5,2,0,0,0,125,1313,11,45,1155,10,1,0.008377760853008377,0.03427265803503427,0.8796648895658796,0.0022848438690022,0.0106626047220106,DATASET_03_2014,Rajasthan_G.R.P.Ajmer_2014,1.0,10,0.002284843869002285,0.010662604722010662,0.003808073115003808,0.007616146230007616,0.8514851485148515,0.0,40,1
Rajasthan,G.R.P.Jodhpur,2014,6,1,0,1,0,2,0,0,0,143,7,0,0,0,0,0,0,7,0,0,0,0,37,198,8,17,150,0,0,0.04040404040404041,0.08585858585858586,0.7575757575757576,0.005050505050505,0.0101010101010101,DATASET_03_2014,Rajasthan_G.R.P.Jodhpur_2014,1.0,8,0.005050505050505051,0.010101010101010102,0.030303030303030304,0.0,0.7222222222222222,0.0,10,1
Rajasthan,Ganganagar,2014,43,90,1,180,1,149,1,12,180,422,209,0,32,544,1,25,17,147,2,923,0,223,3106,6929,1269,623,824,576,1,0.18314331072304807,0.08991196420839948,0.11892047914561986,0.0259777745706451,0.0215038245057006,DATASET_03_2014,Rajasthan_Ganganagar_2014,1.0,1253,0.025977774570645113,0.021503824505700677,0.006205801702987444,0.0017318516380430077,0.060903449271179105,0.025977774570645113,476,0
Rajasthan,Hanumangarh,2014,67,77,2,135,0,79,1,12,133,284,131,0,9,621,8,132,11,124,0,599,0,178,2221,5021,869,497,561,630,8,0.1730730930093607,0.0989842660824537,0.11173073093009361,0.0268870742879904,0.0157339175463055,DATASET_03_2014,Rajasthan_Hanumangarh_2014,1.0,858,0.02688707428799044,0.015733917546305518,0.013343955387373034,0.0023899621589324837,0.05656243776140211,0.026488747261501692,373,0
Rajasthan,Jaipur East,2014,35,35,3,73,0,181,2,118,443,3168,2486,61,37,1146,12,0,8,165,0,313,0,221,1877,8759,559,612,6217,1183,73,0.06382007078433612,0.06987098983902272,0.7097842219431442,0.0083342847357004,0.020664459413175,DATASET_03_2014,Rajasthan_Jaipur East_2014,1.0,551,0.008334284735700423,0.02066445941317502,0.003995889941774175,0.013471857517981505,0.3616851238725882,0.05057654983445599,447,0
Rajasthan,Jaipur North,2014,16,24,0,42,0,148,0,37,124,799,535,4,11,971,2,4,4,75,0,296,0,102,1144,4120,417,342,1495,982,6,0.10121359223300971,0.08300970873786408,0.3628640776699029,0.0101941747572815,0.0359223300970873,DATASET_03_2014,Rajasthan_Jaipur North_2014,1.0,413,0.010194174757281554,0.035922330097087375,0.003883495145631068,0.008980582524271844,0.19393203883495147,0.030097087378640777,267,0
Rajasthan,Jaipur Rural,2014,63,22,4,80,0,170,9,37,194,766,334,13,31,892,15,11,13,183,0,256,0,427,1979,6625,532,568,1340,923,28,0.08030188679245283,0.08573584905660378,0.20226415094339623,0.0120754716981132,0.0256603773584905,DATASET_03_2014,Rajasthan_Jaipur Rural_2014,1.0,519,0.012075471698113207,0.025660377358490565,0.009509433962264151,0.005584905660377358,0.11562264150943397,0.02928301886792453,385,0
Rajasthan,Jaipur South,2014,21,13,2,56,0,134,1,116,273,1735,1214,7,96,1072,7,2,8,97,0,210,0,180,1323,5953,371,440,3339,1168,14,0.06232151856206954,0.07391231311943558,0.5608936670586259,0.0094070216697463,0.0225096589954644,DATASET_03_2014,Rajasthan_Jaipur South_2014,1.0,363,0.009407021669746347,0.022509658995464473,0.00352763312615488,0.01948597345876029,0.29144968923231984,0.04585923064001344,343,0
Rajasthan,Jaipur West,2014,36,35,1,92,0,190,0,85,389,1369,878,3,176,1445,5,6,13,118,0,336,0,299,1787,7238,559,557,2721,1621,8,0.07723127935893893,0.07695495993368334,0.3759325780602376,0.0127106935617573,0.0262503453992815,DATASET_03_2014,Rajasthan_Jaipur West_2014,1.0,546,0.012710693561757391,0.02625034539928157,0.004973749654600719,0.011743575573362808,0.1891406465874551,0.05374412821221332,439,0
Rajasthan,Jaisalmer,2014,12,20,0,10,0,18,3,12,74,166,66,15,0,21,13,10,5,94,0,48,0,75,685,1478,157,169,321,21,28,0.10622462787550745,0.11434370771312584,0.21718538565629228,0.006765899864682,0.0121786197564276,DATASET_03_2014,Rajasthan_Jaisalmer_2014,1.0,152,0.006765899864682003,0.012178619756427604,0.008119079837618403,0.008119079837618403,0.11231393775372124,0.05006765899864682,75,0
Rajasthan,Jalore,2014,44,19,1,43,0,78,1,11,129,263,156,8,6,258,14,11,9,104,0,183,0,157,1471,2971,339,301,560,264,22,0.1141029956243689,0.10131268933019186,0.18848872433524066,0.0144732413328845,0.026253786603837,DATASET_03_2014,Rajasthan_Jalore_2014,1.0,330,0.014473241332884551,0.026253786603837093,0.014809828340626052,0.003702457085156513,0.08852238303601481,0.04341972399865365,197,0
Rajasthan,Jhalawar,2014,49,74,2,138,1,181,1,24,143,473,272,45,19,223,29,180,11,296,2,524,0,146,1446,4666,971,765,913,242,74,0.20810115730818687,0.16395199314187742,0.19567081011573081,0.0295756536648092,0.0387912558936991,DATASET_03_2014,Rajasthan_Jhalawar_2014,1.0,961,0.02957565366480926,0.0387912558936991,0.01050150021431633,0.005143591941705958,0.10137162451778825,0.030647235319331334,469,0
Rajasthan,Jhunjhunu,2014,38,31,0,79,0,106,2,15,203,494,183,16,3,662,9,60,12,53,0,361,0,274,2483,5277,505,324,897,665,25,0.0956983134356642,0.061398521887436046,0.16998294485503126,0.0149706272503316,0.0200871707409512,DATASET_03_2014,Rajasthan_Jhunjhunu_2014,1.0,493,0.014970627250331627,0.020087170740951298,0.007201061209020277,0.0028425241614553724,0.0936137957172636,0.038468826985029375,271,0
Rajasthan,Jodhpur East,2014,20,57,3,25,0,45,0,47,130,456,289,3,4,310,6,8,2,97,3,218,0,101,856,2952,345,294,922,314,9,0.11686991869918699,0.09959349593495935,0.31233062330623307,0.0084688346883468,0.0152439024390243,DATASET_03_2014,Rajasthan_Jodhpur East_2014,1.0,343,0.008468834688346883,0.01524390243902439,0.006775067750677507,0.01592140921409214,0.15447154471544716,0.04403794037940379,197,0
Rajasthan,Jodhpur West,2014,28,51,1,46,0,57,3,17,109,305,80,0,2,101,18,30,0,117,0,165,0,263,1805,3281,328,320,514,103,18,0.09996952148735141,0.0975312404754648,0.15665955501371534,0.014020115818348,0.0173727522096921,DATASET_03_2014,Rajasthan_Jodhpur West_2014,1.0,328,0.014020115818348064,0.017372752209692168,0.00853398354160317,0.0051813471502590676,0.09295946357817739,0.0332215787869552,203,0
Rajasthan,Jodhpur Rural,2014,21,29,2,43,0,63,0,73,167,537,364,0,10,227,5,12,6,115,0,210,0,154,726,2693,374,346,1141,237,5,0.1388785740809506,0.12848124767916821,0.42369105087263276,0.0159673226884515,0.0233939844040103,DATASET_03_2014,Rajasthan_Jodhpur Rural_2014,1.0,368,0.01596732268845154,0.023393984404010398,0.007797994801336799,0.027107315261789826,0.1994058670627553,0.06201262532491645,231,0
Rajasthan,Karauli,2014,34,30,1,49,0,130,1,16,45,702,461,2,9,233,18,0,14,104,0,214,0,84,2403,4612,381,365,1225,242,20,0.0826105810928014,0.07914137033824804,0.26561144839549,0.0106244579358196,0.0281873373807458,DATASET_03_2014,Rajasthan_Karauli_2014,1.0,367,0.010624457935819601,0.02818733738074588,0.007372072853425846,0.003469210754553339,0.15221162185602774,0.009757155247181267,261,0
Rajasthan,Kota City,2014,19,93,1,100,0,187,1,27,135,890,615,0,9,917,1,56,3,102,0,538,0,119,1326,5248,743,530,1668,926,1,0.14157774390243902,0.10099085365853659,0.3178353658536585,0.0190548780487804,0.0356326219512195,DATASET_03_2014,Rajasthan_Kota City_2014,1.0,740,0.019054878048780487,0.03563262195121951,0.003620426829268293,0.005144817073170732,0.16958841463414634,0.025724085365853657,428,0
Rajasthan,Kota Rural,2014,19,14,3,60,0,87,0,13,65,157,80,0,6,271,12,222,2,186,0,271,0,104,879,2557,519,382,315,277,12,0.20297223308564724,0.14939382088384826,0.12319123973406336,0.0234649980445834,0.034024247164646,DATASET_03_2014,Rajasthan_Kota Rural_2014,1.0,517,0.023464998044583497,0.03402424716464607,0.007430582714118107,0.005084082909659757,0.06140007821666015,0.025420414548298787,196,0
Rajasthan,Nagaur,2014,69,85,1,102,0,133,2,14,208,472,206,0,2,166,22,18,8,94,0,516,0,327,2707,5743,720,500,902,168,22,0.12537001567125197,0.08706251088281386,0.15706076963259621,0.017760752220094,0.0231586278948284,DATASET_03_2014,Rajasthan_Nagaur_2014,1.0,712,0.017760752220094028,0.023158627894828487,0.012014626501828312,0.002437750304718788,0.08218701027337628,0.03621800452725057,406,0
Rajasthan,Pali,2014,52,44,5,107,0,161,2,45,272,420,212,0,10,635,9,54,21,341,0,516,0,310,3307,6373,985,757,951,645,9,0.15455829279774047,0.1187823630943041,0.1492232857367017,0.0167895810450337,0.0252628275537423,DATASET_03_2014,Rajasthan_Pali_2014,1.0,964,0.016789581045033735,0.025262827553742352,0.008159422563941629,0.007061038757257178,0.065903028401067,0.04268005648831006,416,0
Rajasthan,Praapgarh,2014,39,29,1,202,0,154,0,12,66,133,47,41,2,212,22,66,12,305,0,322,0,77,1223,3124,841,742,258,214,63,0.26920614596670933,0.23751600512163892,0.08258642765685019,0.0646606914212548,0.0492957746478873,DATASET_03_2014,Rajasthan_Praapgarh_2014,1.0,829,0.0646606914212548,0.04929577464788732,0.012483994878361075,0.0038412291933418692,0.04257362355953905,0.02112676056338028,437,0
Rajasthan,Rajsamand,2014,17,7,3,48,0,89,1,24,108,206,81,11,3,315,7,63,6,81,0,290,0,177,871,2790,425,270,420,318,18,0.15232974910394265,0.0967741935483871,0.15053763440860216,0.0172043010752688,0.0318996415770609,DATASET_03_2014,Rajasthan_Rajsamand_2014,1.0,419,0.017204301075268817,0.03189964157706093,0.0060931899641577065,0.008602150537634409,0.07383512544802867,0.03870967741935484,189,0
Rajasthan,Sawai Madhopur,2014,23,38,0,70,0,114,5,15,47,635,441,0,4,325,8,0,0,96,0,297,0,109,2133,4212,463,361,1143,329,8,0.10992402659069325,0.08570750237416903,0.27136752136752135,0.0166191832858499,0.027065527065527,DATASET_03_2014,Rajasthan_Sawai Madhopur_2014,1.0,463,0.016619183285849954,0.027065527065527065,0.005460588793922127,0.0035612535612535613,0.15075973409306742,0.011158594491927826,265,0
Rajasthan,Sikar,2014,65,36,0,79,0,202,0,17,220,876,404,16,6,1243,40,8,14,60,0,405,0,387,2753,6994,558,459,1517,1249,56,0.07978267086073777,0.06562768086931656,0.21690020017157563,0.0112953960537603,0.0288818987703746,DATASET_03_2014,Rajasthan_Sikar_2014,1.0,544,0.011295396053760365,0.028881898770374607,0.00929368029739777,0.002430654847011724,0.12525021446954532,0.031455533314269375,399,0
Rajasthan,Sirohi,2014,41,44,0,51,0,66,2,11,56,126,53,8,6,279,6,134,4,78,1,276,0,194,782,2342,410,293,248,285,14,0.17506404782237403,0.1251067463706234,0.10589239965841162,0.0217762596071733,0.0281810418445772,DATASET_03_2014,Rajasthan_Sirohi_2014,1.0,406,0.021776259607173356,0.028181041844577284,0.017506404782237403,0.004696840307429547,0.053800170794193,0.02391118701964133,215,0
Rajasthan,Tonk,2014,30,21,2,52,0,77,0,7,114,371,188,69,7,376,4,192,5,129,3,316,0,242,2554,4663,505,318,680,383,73,0.10829937808277933,0.06819644006004719,0.1458288655372078,0.0111516191293158,0.0165129744799485,DATASET_03_2014,Rajasthan_Tonk_2014,1.0,500,0.011151619129315891,0.016512974479948532,0.0064336264207591675,0.0015011794981771391,0.07956251340338838,0.024447780398884837,189,0
Rajasthan,Udaipur,2014,90,126,2,229,0,378,7,124,367,865,390,107,13,1063,30,118,8,479,3,723,0,449,3238,9868,1442,1435,1753,1076,137,0.14612890149979732,0.14541953790028375,0.17764491284961492,0.0232063234698013,0.0383056343737332,DATASET_03_2014,Rajasthan_Udaipur_2014,1.0,1434,0.02320632346980138,0.03830563437373328,0.009120389136603162,0.01256586947709769,0.08765707336846372,0.037190920145926225,956,0
Sikkim,East,2014,7,7,1,16,0,17,1,12,93,60,19,24,10,26,21,60,0,15,0,4,0,23,110,589,35,76,185,36,45,0.059422750424448216,0.12903225806451613,0.3140916808149406,0.0271646859083191,0.0288624787775891,DATASET_03_2014,Sikkim_East_2014,1.0,35,0.027164685908319185,0.028862478777589132,0.011884550084889643,0.02037351443123939,0.10186757215619695,0.15789473684210525,61,1
Sikkim,North,2014,0,1,0,2,1,0,0,0,4,13,0,1,0,1,2,4,0,1,0,1,0,5,5,52,4,4,17,1,3,0.07692307692307693,0.07692307692307693,0.3269230769230769,0.0384615384615384,0.0,DATASET_03_2014,Sikkim_North_2014,1.0,5,0.038461538461538464,0.0,0.0,0.0,0.25,0.07692307692307693,3,1
Sikkim,South,2014,2,3,1,15,0,2,0,1,13,42,3,46,0,4,11,34,0,13,3,0,0,14,62,290,31,37,59,4,57,0.10689655172413794,0.12758620689655173,0.20344827586206896,0.0517241379310344,0.0068965517241379,DATASET_03_2014,Sikkim_South_2014,1.0,31,0.05172413793103448,0.006896551724137931,0.006896551724137931,0.0034482758620689655,0.14482758620689656,0.04482758620689655,24,1
Sikkim,West,2014,3,3,0,14,0,1,0,0,2,10,0,10,0,2,6,16,0,5,0,0,0,5,37,127,19,26,12,2,16,0.14960629921259844,0.2047244094488189,0.09448818897637795,0.1102362204724409,0.0078740157480314,DATASET_03_2014,Sikkim_West_2014,1.0,19,0.11023622047244094,0.007874015748031496,0.023622047244094488,0.0,0.07874015748031496,0.015748031496062992,21,1
Sikkim,CID,2014,0,0,0,0,0,0,0,0,0,1,0,0,0,4,0,0,0,0,0,0,0,0,2,7,0,0,1,4,0,0.0,0.0,0.14285714285714285,0.0,0.0,DATASET_03_2014,Sikkim_CID_2014,1.0,0,0.0,0.0,0.0,0.0,0.14285714285714285,0.0,0,1
Tamil Nadu,Ariyalur,2014,19,34,0,6,0,16,0,8,21,64,26,30,0,22,12,8,2,23,0,7,0,134,825,1615,38,106,119,22,42,0.023529411764705882,0.06563467492260062,0.07368421052631578,0.0037151702786377,0.009907120743034,DATASET_03_2014,Tamil Nadu_Ariyalur_2014,1.0,36,0.0037151702786377707,0.009907120743034056,0.011764705882352941,0.004953560371517028,0.039628482972136225,0.013003095975232198,83,0
Tamil Nadu,Chennai,2014,161,225,0,65,0,36,8,72,368,1520,252,118,6,553,17,90,10,59,157,302,0,1083,3201,16861,593,626,2220,559,135,0.03516991874740526,0.03712709803688986,0.13166478856532826,0.0038550501156515,0.0021351046794377,DATASET_03_2014,Tamil Nadu_Chennai_2014,1.0,583,0.0038550501156515036,0.0021351046794377557,0.009548662594152185,0.004270209358875511,0.09014886424292747,0.021825514500919282,567,0
Tamil Nadu,Coimbatore,2014,43,34,1,7,0,35,5,104,187,361,131,32,3,113,9,14,0,21,0,47,0,659,1623,4996,75,250,788,116,41,0.01501200960768615,0.0500400320256205,0.1577261809447558,0.0014011208967173,0.0070056044835868,DATASET_03_2014,Tamil Nadu_Coimbatore_2014,1.0,75,0.0014011208967173738,0.00700560448358687,0.008606885508406725,0.020816653322658127,0.072257806244996,0.03742994395516413,229,0
Tamil Nadu,Coimbatore City,2014,21,43,1,5,0,14,5,123,166,353,113,25,8,177,14,34,0,8,0,63,0,297,1536,4281,76,220,760,185,39,0.017752861480962393,0.05138986218173324,0.17752861480962392,0.0011679514132212,0.0032702639570193,DATASET_03_2014,Tamil Nadu_Coimbatore City_2014,1.0,76,0.00116795141322121,0.003270263957019388,0.004905395935529082,0.028731604765241767,0.08245736977341743,0.03877598691894417,212,0
Tamil Nadu,Cuddalore,2014,50,122,0,14,0,83,0,16,183,476,210,250,0,45,35,40,5,3,0,39,0,532,4388,9442,61,288,885,45,285,0.00646049565769964,0.030502012285532724,0.09373014191908494,0.0014827367083245,0.0087905104850667,DATASET_03_2014,Tamil Nadu_Cuddalore_2014,1.0,56,0.0014827367083245075,0.008790510485066723,0.005295488244016098,0.0016945562380851515,0.050413048083033256,0.01938148697309892,285,0
Tamil Nadu,Dharmapuri,2014,43,50,4,11,0,139,4,31,104,282,143,116,7,51,25,70,2,26,0,32,0,358,1770,4354,71,308,564,58,141,0.016306844281120808,0.0707395498392283,0.12953605879650895,0.0025264124942581,0.0319246669728984,DATASET_03_2014,Tamil Nadu_Dharmapuri_2014,1.0,69,0.0025264124942581535,0.03192466697289848,0.009875976113918236,0.007119889756545705,0.06476802939825448,0.02388608176389527,282,0
Tamil Nadu,Dindigul,2014,61,60,0,15,0,113,5,67,100,210,67,77,23,226,12,14,4,29,0,119,0,465,3066,6250,167,350,449,249,89,0.02672,0.056,0.07184,0.0024,0.01808,DATASET_03_2014,Tamil Nadu_Dindigul_2014,1.0,163,0.0024,0.01808,0.00976,0.01072,0.0336,0.016,321,0
Tamil Nadu,Erode,2014,53,20,2,0,0,30,0,44,113,298,98,27,6,89,10,52,0,19,0,26,0,521,1650,4370,45,168,553,95,37,0.010297482837528604,0.038443935926773455,0.12654462242562928,0.0,0.0068649885583524,DATASET_03_2014,Tamil Nadu_Erode_2014,1.0,45,0.0,0.006864988558352402,0.012128146453089244,0.010068649885583524,0.06819221967963386,0.02585812356979405,149,0
Tamil Nadu,Kanchipuram,2014,66,83,0,16,0,14,4,24,219,466,87,119,6,128,10,58,2,8,1,19,0,796,3593,8066,46,215,800,134,129,0.005702950657079098,0.026655095462434913,0.09918175055789735,0.0019836350111579,0.0017356806347632,DATASET_03_2014,Tamil Nadu_Kanchipuram_2014,1.0,44,0.001983635011157947,0.0017356806347632037,0.008182494421026532,0.0029754525167369206,0.05777336969997521,0.0271510042152244,207,0
Tamil Nadu,Kanyakumari,2014,41,108,1,7,0,17,0,75,195,266,60,0,0,144,40,15,2,3,0,56,0,256,1822,4041,68,252,596,144,40,0.016827517941103688,0.062360801781737196,0.14748824548379114,0.0017322444939371,0.0042068794852759,DATASET_03_2014,Tamil Nadu_Kanyakumari_2014,1.0,66,0.0017322444939371442,0.004206879485275922,0.010146003464488988,0.01855976243504083,0.06582529076961148,0.04825538233110616,249,0
Tamil Nadu,Karur,2014,20,20,0,1,0,15,0,16,64,135,37,43,4,35,4,6,1,20,0,9,0,308,826,2241,31,92,252,39,47,0.013833110218652387,0.04105310129406515,0.11244979919678715,0.000446229361892,0.0066934404283801,DATASET_03_2014,Tamil Nadu_Karur_2014,1.0,30,0.0004462293618920125,0.006693440428380187,0.00892458723784025,0.0071396697902722,0.060240963855421686,0.0285586791610888,72,1
Tamil Nadu,Krishnagiri,2014,59,55,4,13,0,73,7,53,174,301,84,141,0,74,13,56,4,34,1,29,0,524,2168,5095,81,298,619,74,154,0.01589793915603533,0.05848871442590775,0.12149165848871443,0.0025515210991167,0.0143277723258096,DATASET_03_2014,Tamil Nadu_Krishnagiri_2014,1.0,77,0.0025515210991167814,0.014327772325809618,0.011579980372914623,0.010402355250245339,0.0590775269872424,0.034151128557409226,264,0
Tamil Nadu,Madurai,2014,67,180,4,37,0,200,9,163,324,508,126,210,16,662,31,501,5,79,10,326,0,460,3073,8212,457,739,1130,678,241,0.05565026790063322,0.08999025815879201,0.13760350706283486,0.0045056015586945,0.0243546030199707,DATASET_03_2014,Tamil Nadu_Madurai_2014,1.0,452,0.004505601558694593,0.024354603019970774,0.00815879201169021,0.019849001461276182,0.06186069167072577,0.039454456892352656,660,0
Tamil Nadu,Madurai City,2014,33,51,1,6,0,27,4,118,123,576,389,23,8,247,7,8,1,22,1,69,0,106,1155,3226,99,262,1210,255,30,0.03068815871047737,0.08121512709237445,0.375077495350279,0.0018598884066955,0.0083694978301301,DATASET_03_2014,Tamil Nadu_Madurai City_2014,1.0,98,0.0018598884066955983,0.008369497830130192,0.01022938623682579,0.0365778053316801,0.17854928704277742,0.03812771233725976,240,0
Tamil Nadu,Nagapattinam,2014,36,60,0,16,0,40,0,48,87,166,48,73,0,11,19,14,0,14,28,22,0,277,2386,4386,80,214,349,11,92,0.01823985408116735,0.04879160966712266,0.07957136342909257,0.0036479708162334,0.0091199270405836,DATASET_03_2014,Tamil Nadu_Nagapattinam_2014,1.0,80,0.00364797081623347,0.009119927040583675,0.008207934336525308,0.01094391244870041,0.03784769721842225,0.019835841313269494,200,0
Tamil Nadu,Namakkal,2014,35,37,1,0,0,27,0,31,65,130,46,44,5,40,10,39,0,48,3,11,0,420,1380,4003,62,179,272,45,54,0.015488383712215838,0.04471646265301024,0.067949038221334,0.0,0.0067449412940294,DATASET_03_2014,Tamil Nadu_Namakkal_2014,1.0,62,0.0,0.006744941294029478,0.00874344241818636,0.007744191856107919,0.032475643267549335,0.016237821633774668,131,0
Tamil Nadu,Nilgiris,2014,7,14,0,6,0,5,0,3,38,44,11,11,13,11,7,32,0,12,1,5,0,58,717,1199,24,47,96,24,18,0.020016680567139282,0.03919933277731443,0.08006672226855713,0.0050041701417848,0.0041701417848206,DATASET_03_2014,Tamil Nadu_Nilgiris_2014,1.0,24,0.0050041701417848205,0.004170141784820684,0.005838198498748957,0.0025020850708924102,0.03669724770642202,0.0316930775646372,35,1
Tamil Nadu,Perambalur,2014,15,18,0,7,0,4,1,14,22,62,22,22,1,12,1,18,1,26,0,13,0,161,1049,1770,47,85,121,13,23,0.02655367231638418,0.0480225988700565,0.06836158192090395,0.003954802259887,0.0022598870056497,DATASET_03_2014,Tamil Nadu_Perambalur_2014,1.0,46,0.0039548022598870055,0.0022598870056497176,0.00847457627118644,0.007909604519774011,0.03502824858757062,0.012429378531073447,59,1
Tamil Nadu,Pudukottai,2014,34,38,0,3,0,54,0,18,42,113,35,38,15,28,21,62,2,29,0,44,0,320,1965,3720,78,176,208,43,59,0.020967741935483872,0.047311827956989246,0.05591397849462366,0.0008064516129032,0.014516129032258,DATASET_03_2014,Tamil Nadu_Pudukottai_2014,1.0,76,0.0008064516129032258,0.014516129032258065,0.00913978494623656,0.004838709677419355,0.030376344086021505,0.01129032258064516,147,0
Tamil Nadu,Ramnathapuram,2014,45,84,0,8,0,37,5,25,129,141,31,65,12,78,27,30,3,12,0,24,0,272,2192,3819,47,216,331,90,92,0.01230688661953391,0.056559308719560095,0.08667190363969625,0.0020947892118355,0.0096884001047394,DATASET_03_2014,Tamil Nadu_Ramnathapuram_2014,1.0,44,0.002094789211835559,0.00968840010473946,0.01178318931657502,0.006546216286986122,0.036920659858601726,0.03377847604084839,204,0
Tamil Nadu,Railway Chennai,2014,3,5,1,1,0,0,0,20,4,343,0,11,0,3,0,4,0,4,0,0,0,2,235,637,5,34,367,3,11,0.007849293563579277,0.05337519623233909,0.576138147566719,0.0015698587127158,0.0,DATASET_03_2014,Tamil Nadu_Railway Chennai_2014,1.0,5,0.0015698587127158557,0.0,0.004709576138147566,0.03139717425431711,0.5384615384615384,0.006279434850863423,30,1
Tamil Nadu,Railway Trichy,2014,0,0,0,0,0,0,0,15,5,111,0,5,0,0,0,0,0,0,0,0,0,8,78,229,0,15,131,0,5,0.0,0.06550218340611354,0.5720524017467249,0.0,0.0,DATASET_03_2014,Tamil Nadu_Railway Trichy_2014,1.0,0,0.0,0.0,0.0,0.06550218340611354,0.4847161572052402,0.021834061135371178,15,1
Tamil Nadu,Salem,2014,58,56,4,6,0,48,1,24,78,142,56,91,1,67,30,30,7,46,0,22,0,493,1933,4696,81,243,301,68,121,0.017248722316865417,0.05174616695059625,0.06409710391822827,0.0012776831345826,0.0102214650766609,DATASET_03_2014,Tamil Nadu_Salem_2014,1.0,74,0.0012776831345826234,0.010221465076660987,0.012350936967632026,0.005110732538330494,0.030238500851788756,0.016609880749574105,197,0
Tamil Nadu,Salem City,2014,36,30,1,5,0,23,2,59,76,261,145,44,9,41,2,1146,1,12,21,33,0,198,2243,4504,72,168,543,50,46,0.015985790408525755,0.037300177619893425,0.1205595026642984,0.0011101243339253,0.0051065719360568,DATASET_03_2014,Tamil Nadu_Salem City_2014,1.0,71,0.0011101243339253996,0.005106571936056839,0.007992895204262877,0.013099467140319716,0.05794849023090586,0.016873889875666074,156,0
Tamil Nadu,Sivagangai,2014,29,60,1,15,0,46,6,86,153,182,42,71,6,129,13,82,3,13,0,51,0,269,1834,3738,82,256,469,135,84,0.021936864633493848,0.06848582129481005,0.1254681647940075,0.0040128410914927,0.0123060460139111,DATASET_03_2014,Tamil Nadu_Sivagangai_2014,1.0,79,0.0040128410914927765,0.012306046013911182,0.007758159443552702,0.023006955591225255,0.04868913857677903,0.040930979133226325,243,0
Tamil Nadu,Thanjavur,2014,70,110,0,8,0,56,3,68,157,296,58,158,5,60,39,118,0,62,0,31,0,450,2870,6225,101,377,582,65,197,0.016224899598393575,0.06056224899598393,0.09349397590361445,0.0012851405622489,0.0089959839357429,DATASET_03_2014,Tamil Nadu_Thanjavur_2014,1.0,101,0.001285140562248996,0.008995983935742972,0.011244979919678716,0.010923694779116465,0.04755020080321285,0.025220883534136547,315,0
Tamil Nadu,Theni,2014,47,53,1,8,0,45,2,38,103,207,50,75,2,133,10,26,6,30,0,58,0,214,2511,4554,102,224,400,135,85,0.022397891963109356,0.049187527448397016,0.0878348704435661,0.0017566974088713,0.0098814229249011,DATASET_03_2014,Tamil Nadu_Theni_2014,1.0,96,0.001756697408871322,0.009881422924901186,0.010320597277119016,0.00834431269213878,0.045454545454545456,0.022617479139218268,194,0
Tamil Nadu,Thirunelveli,2014,108,365,0,36,0,47,2,107,253,289,91,0,5,276,75,58,5,47,0,147,0,413,4701,8490,235,712,742,281,75,0.02767962308598351,0.08386336866902237,0.08739693757361602,0.0042402826855123,0.0055359246171967,DATASET_03_2014,Tamil Nadu_Thirunelveli_2014,1.0,230,0.004240282685512367,0.005535924617196702,0.012720848056537103,0.012603062426383982,0.03404004711425206,0.029799764428739692,665,0
Tamil Nadu,Thirunelveli City,2014,18,106,1,6,0,7,0,73,59,206,107,0,0,63,3,1,0,3,0,19,0,92,658,1623,28,214,445,63,3,0.01725200246457178,0.13185459026494148,0.27418361059765867,0.0036968576709796,0.0043130006161429,DATASET_03_2014,Tamil Nadu_Thirunelveli City_2014,1.0,28,0.0036968576709796672,0.004313000616142945,0.011090573012939002,0.04497843499691929,0.12692544670363523,0.036352433764633395,211,1
Tamil Nadu,Thiruvallur,2014,37,46,2,8,0,9,3,25,127,169,32,144,1,74,9,34,4,2,2,15,0,383,1949,4037,31,132,356,75,153,0.007678969531830567,0.0326975476839237,0.08818429526876394,0.0019816695566014,0.0022293782511766,DATASET_03_2014,Tamil Nadu_Thiruvallur_2014,1.0,27,0.0019816695566014365,0.002229378251176616,0.009165221699281644,0.00619271736437949,0.04186276938320535,0.03145900421104781,130,0
Tamil Nadu,Thiruvannamalai,2014,47,99,4,16,0,65,1,7,137,278,111,115,3,64,15,60,6,14,0,35,0,420,1915,4411,71,253,534,67,130,0.016096123328043527,0.057356608478802994,0.12106098390387668,0.0036272953978689,0.0147358875538426,DATASET_03_2014,Tamil Nadu_Thiruvannamalai_2014,1.0,65,0.003627295397868964,0.014735887553842666,0.010655180231240081,0.0015869417365676718,0.06302425753797325,0.031058716844253004,239,0
Tamil Nadu,Thiruvarur,2014,26,38,0,2,0,27,5,36,104,176,48,34,1,34,26,18,1,2,1,7,0,185,2502,4041,13,136,369,35,60,0.0032170254887404106,0.033655035882207376,0.09131403118040089,0.0004949269982677,0.0066815144766146,DATASET_03_2014,Tamil Nadu_Thiruvarur_2014,1.0,12,0.0004949269982677555,0.0066815144766146995,0.006434050977480821,0.008908685968819599,0.04355357584756248,0.025736203909923285,134,1
Tamil Nadu,Thoothugudi,2014,89,143,1,16,0,15,5,65,208,352,126,0,19,100,35,72,0,44,0,73,0,335,2734,5344,133,378,756,119,35,0.024887724550898202,0.07073353293413173,0.14146706586826346,0.0029940119760479,0.0028068862275449,DATASET_03_2014,Tamil Nadu_Thoothugudi_2014,1.0,133,0.0029940119760479044,0.00280688622754491,0.016654191616766467,0.012163173652694611,0.0658682634730539,0.038922155688622756,334,0
Tamil Nadu,Tiruppur,2014,36,24,0,6,0,60,3,61,169,220,70,33,20,80,7,16,3,15,0,33,0,575,1163,4049,57,205,523,100,40,0.014077550012348727,0.05062978513213139,0.12916769572734008,0.0014818473697209,0.0148184736972091,DATASET_03_2014,Tamil Nadu_Tiruppur_2014,1.0,54,0.0014818473697209187,0.014818473697209187,0.008891084218325513,0.01506544825882934,0.05433440355643369,0.041738700913805875,190,0
Tamil Nadu,Tiruppur City,2014,20,38,1,5,0,24,0,55,110,338,285,22,7,106,3,12,0,7,0,22,0,164,981,2490,34,150,788,113,25,0.013654618473895583,0.060240963855421686,0.3164658634538153,0.002008032128514,0.0096385542168674,DATASET_03_2014,Tamil Nadu_Tiruppur City_2014,1.0,34,0.002008032128514056,0.00963855421686747,0.008032128514056224,0.02208835341365462,0.1357429718875502,0.04417670682730924,143,0
Tamil Nadu,Trichy,2014,39,32,0,8,0,30,1,34,55,140,33,66,0,57,0,6,2,51,0,48,0,431,2459,4688,109,195,263,57,66,0.023250853242320818,0.04159556313993174,0.05610068259385666,0.0017064846416382,0.0063993174061433,DATASET_03_2014,Tamil Nadu_Trichy_2014,1.0,107,0.0017064846416382253,0.0063993174061433445,0.008319112627986349,0.007252559726962458,0.029863481228668942,0.011732081911262798,144,0
Tamil Nadu,Trichy City,2014,24,9,0,3,0,7,0,24,41,307,66,10,0,102,0,26,0,10,3,27,0,179,1772,3074,43,77,438,102,10,0.01398828887443071,0.025048796356538713,0.1424853610930384,0.0009759271307742,0.0022771633051398,DATASET_03_2014,Tamil Nadu_Trichy City_2014,1.0,43,0.0009759271307742355,0.002277163305139883,0.007807417046193884,0.007807417046193884,0.09986987638256344,0.013337670787247886,67,0
Tamil Nadu,Vellore,2014,92,144,7,12,0,97,7,31,317,750,388,11,12,85,20,0,3,44,0,110,0,793,5432,10492,169,434,1493,97,31,0.01610751048417842,0.04136484940907358,0.14229889439573007,0.0011437285550895,0.0092451391536408,DATASET_03_2014,Tamil Nadu_Vellore_2014,1.0,166,0.001143728555089592,0.009245139153640869,0.008768585589020206,0.0029546321006481127,0.07148303469309951,0.030213495996950057,390,0
Tamil Nadu,Villupuram,2014,68,152,6,38,0,138,1,30,220,466,242,355,5,147,51,150,7,176,0,81,0,771,4302,9643,302,609,959,152,406,0.03131805454734004,0.06315461993155656,0.09945037851291091,0.0039406823602613,0.0143108990977911,DATASET_03_2014,Tamil Nadu_Villupuram_2014,1.0,295,0.0039406823602613295,0.014310899097791143,0.007051747381520273,0.0031110650212589444,0.04832520999688893,0.022814476822565592,433,0
Tamil Nadu,Virudhunagar,2014,49,76,1,13,0,23,2,58,166,264,67,75,13,167,13,12,3,25,0,29,0,322,2008,4285,70,247,557,180,88,0.01633605600933489,0.05764294049008168,0.12998833138856475,0.0030338389731621,0.00536756126021,DATASET_03_2014,Tamil Nadu_Virudhunagar_2014,1.0,67,0.0030338389731621937,0.005367561260210035,0.011435239206534423,0.01353558926487748,0.06161026837806301,0.038739789964994165,222,0
Tamil Nadu,Cyber Cell,2014,0,0,0,0,0,0,0,0,0,0,0,0,0,2,0,0,0,0,0,0,0,0,0,3,0,0,0,2,0,0.0,0.0,0.0,0.0,0.0,DATASET_03_2014,Tamil Nadu_Cyber Cell_2014,1.0,0,0.0,0.0,0.0,0.0,0.0,0.0,0,1
Tamil Nadu,Other Units,2014,0,0,0,0,0,0,0,0,0,0,0,0,0,0,0,0,0,0,0,0,0,0,0,0,0,0,0,0,0,,,,,,DATASET_03_2014,Tamil Nadu_Other Units_2014,1.0,0,,,,,,,0,1
Telangana,Adilabad,2014,101,79,17,42,0,46,1,7,292,505,136,38,43,223,37,122,16,244,83,384,0,399,2339,6036,769,537,941,266,75,0.12740225314777998,0.0889662027833002,0.15589794565937706,0.0069582504970178,0.0076209410205434,DATASET_03_2014,Telangana_Adilabad_2014,1.0,753,0.006958250497017893,0.007620941020543406,0.016732935719019217,0.0011597084161696488,0.08366467859509609,0.04837640821736249,293,0
Telangana,Cyberabad,2014,144,124,12,139,0,165,15,62,1122,4182,1698,51,190,2347,57,363,48,376,271,1329,0,1038,4863,19311,2163,1037,7079,2537,108,0.11200869970483145,0.053699963751229866,0.36657863393920564,0.0071979700688726,0.0085443529594531,DATASET_03_2014,Telangana_Cyberabad_2014,1.0,2115,0.007197970068872663,0.00854435295945316,0.007456889855522759,0.003210605354461188,0.21656050955414013,0.0581016001242815,661,0
Telangana,Hyderabad City,2014,118,163,6,126,0,374,9,58,754,4266,1396,57,97,2557,20,238,22,393,87,1289,0,441,5584,18940,1917,1247,6483,2654,77,0.1012143611404435,0.06583949313621965,0.3422914466737064,0.0066525871172122,0.0197465681098204,DATASET_03_2014,Telangana_Hyderabad City_2014,1.0,1895,0.006652587117212249,0.019746568109820485,0.006230200633579725,0.003062302006335797,0.2252375923970433,0.03980992608236537,854,0
Telangana,Karimnagar,2014,109,136,14,66,0,106,5,36,377,735,245,87,108,813,38,374,34,373,70,737,0,543,3845,9382,1280,845,1398,921,125,0.13643146450650182,0.09006608399062034,0.14900874014069496,0.0070347473886164,0.0112982306544446,DATASET_03_2014,Telangana_Karimnagar_2014,1.0,1246,0.007034747388616499,0.011298230654444682,0.011617991899381794,0.0038371349392453636,0.07834150500959283,0.04018332978043061,472,0
Telangana,Khammam,2014,76,85,7,102,0,73,1,15,432,746,278,94,40,845,16,100,18,351,133,530,0,482,3566,11022,1134,710,1472,885,110,0.10288513881328253,0.06441662130284885,0.1335510796588641,0.0092542188350571,0.0066231174015605,DATASET_03_2014,Telangana_Khammam_2014,1.0,1116,0.009254218835057159,0.006623117401560515,0.006895300308473961,0.0013609145345672292,0.0676828161858102,0.0391943385955362,359,0
Telangana,Mahaboob Nagar,2014,240,87,27,169,0,63,6,23,369,1112,179,105,36,252,65,116,30,242,47,209,0,818,2714,7533,697,857,1689,288,170,0.09252621797424665,0.11376609584494889,0.22421346077260057,0.0224346210009292,0.008363201911589,DATASET_03_2014,Telangana_Mahaboob Nagar_2014,1.0,667,0.022434621000929245,0.008363201911589008,0.03185981680605336,0.0030532324439134476,0.14761715120138058,0.04898446833930705,615,0
Telangana,Medak,2014,130,84,7,60,0,59,5,20,384,787,246,39,20,312,45,98,34,211,47,346,0,780,2496,6931,698,576,1442,332,84,0.10070696869138653,0.0831048910691098,0.20805078632232002,0.0086567594863656,0.0085124801615928,DATASET_03_2014,Telangana_Medak_2014,1.0,664,0.008656759486365604,0.008512480161592844,0.018756312220458808,0.0028855864954552015,0.11354782859616216,0.05540326071273986,365,0
Telangana,Nalgonda,2014,114,148,9,126,0,95,6,30,383,722,204,129,65,342,67,304,23,447,174,262,0,732,3884,9254,1032,975,1345,407,196,0.11151934298681651,0.10535984439161444,0.14534255457099632,0.0136157337367624,0.0102658309920034,DATASET_03_2014,Telangana_Nalgonda_2014,1.0,1009,0.01361573373676248,0.010265830992003459,0.012318997190404149,0.003241841365895829,0.07802031553922628,0.04138750810460341,528,0
Telangana,Nizamabad,2014,122,60,12,36,0,57,5,21,416,712,278,46,26,306,65,128,25,163,145,658,0,560,2529,7053,1027,476,1432,332,111,0.1456117963986956,0.06748901176804196,0.20303416985679854,0.0051042109740535,0.0080816673755848,DATASET_03_2014,Telangana_Nizamabad_2014,1.0,1002,0.005104210974053594,0.008081667375584857,0.017297603856514958,0.0029774564015312634,0.10094995037572664,0.058981993477952646,313,0
Telangana,Ranga Reddy,2014,77,43,5,51,0,35,1,12,106,183,26,2,2,81,36,56,10,83,18,192,0,245,862,2309,354,307,328,83,38,0.15331312256388047,0.13295799047206583,0.14205283672585534,0.0220874837592031,0.0151580770896491,DATASET_03_2014,Telangana_Ranga Reddy_2014,1.0,344,0.02208748375920312,0.015158077089649198,0.03334776959722824,0.00519705500216544,0.07925508878302295,0.045907319185794715,224,0
Telangana,Secunderabad Railway,2014,4,2,0,2,0,1,0,3,1,760,0,0,2,4,0,0,0,5,0,0,0,1,72,860,7,17,764,6,0,0.00813953488372093,0.019767441860465116,0.8883720930232558,0.0023255813953488,0.0011627906976744,DATASET_03_2014,Telangana_Secunderabad Railway_2014,1.0,7,0.002325581395348837,0.0011627906976744186,0.004651162790697674,0.0034883720930232558,0.8837209302325582,0.0011627906976744186,12,1
Telangana,Warangal,2014,47,29,7,41,0,45,4,15,172,302,32,83,5,178,22,126,17,186,20,218,0,275,2163,4407,482,374,525,183,105,0.10937145450419787,0.08486498751985477,0.1191286589516678,0.0093033809847969,0.0102110279101429,DATASET_03_2014,Telangana_Warangal_2014,1.0,465,0.009303380984796914,0.010211027910142955,0.010664851372815974,0.0034036759700476512,0.06852734286362605,0.03902881778987974,188,0
Telangana,Warangal Urban,2014,26,22,0,19,0,33,1,6,141,330,117,35,1,259,14,88,12,114,47,215,0,200,2096,3792,407,221,595,260,49,0.10733122362869198,0.05828059071729958,0.15690928270042195,0.0050105485232067,0.0087025316455696,DATASET_03_2014,Telangana_Warangal Urban_2014,1.0,395,0.0050105485232067514,0.00870253164556962,0.006856540084388186,0.0015822784810126582,0.08702531645569621,0.037183544303797465,107,0
Tripura,Dhalai,2014,20,6,0,34,0,13,0,2,12,11,0,4,3,6,4,91,1,49,0,41,0,16,56,363,125,124,25,9,8,0.3443526170798898,0.3415977961432507,0.06887052341597796,0.09366391184573,0.0358126721763085,DATASET_03_2014,Tripura_Dhalai_2014,1.0,124,0.09366391184573003,0.03581267217630854,0.05509641873278237,0.005509641873278237,0.030303030303030304,0.03305785123966942,75,0
Tripura,Gomati,2014,15,6,0,32,0,23,0,4,23,53,11,11,2,23,12,347,9,51,0,135,0,17,140,825,227,131,91,25,23,0.27515151515151515,0.15878787878787878,0.1103030303030303,0.0387878787878787,0.0278787878787878,DATASET_03_2014,Tripura_Gomati_2014,1.0,218,0.03878787878787879,0.027878787878787878,0.01818181818181818,0.0048484848484848485,0.06424242424242424,0.027878787878787878,80,0
Tripura,G. R. P.,2014,0,0,0,0,0,0,0,0,0,2,0,0,0,0,0,8,0,2,0,0,0,0,0,9,2,2,2,0,0,0.2222222222222222,0.2222222222222222,0.2222222222222222,0.0,0.0,DATASET_03_2014,Tripura_G. R. P._2014,1.0,2,0.0,0.0,0.0,0.0,0.2222222222222222,0.0,0,1
Tripura,Kowai,2014,10,2,0,15,0,5,0,0,18,30,3,4,7,6,1,166,8,36,0,25,0,17,27,338,84,68,51,13,5,0.2485207100591716,0.20118343195266272,0.15088757396449703,0.044378698224852,0.014792899408284,DATASET_03_2014,Tripura_Kowai_2014,1.0,76,0.04437869822485207,0.014792899408284023,0.029585798816568046,0.0,0.08875739644970414,0.05325443786982249,32,1
Tripura,North,2014,10,9,2,26,0,15,1,6,11,33,5,6,9,14,5,270,6,41,0,79,0,12,45,510,152,110,56,23,11,0.2980392156862745,0.21568627450980393,0.10980392156862745,0.0509803921568627,0.0294117647058823,DATASET_03_2014,Tripura_North_2014,1.0,146,0.050980392156862744,0.029411764705882353,0.0196078431372549,0.011764705882352941,0.06470588235294118,0.021568627450980392,69,0
Tripura,Sipahijala,2014,19,12,1,19,0,15,0,3,28,45,10,16,6,18,12,296,1,76,0,86,0,27,98,725,182,145,86,24,28,0.25103448275862067,0.2,0.11862068965517242,0.0262068965517241,0.0206896551724137,DATASET_03_2014,Tripura_Sipahijala_2014,1.0,181,0.02620689655172414,0.020689655172413793,0.02620689655172414,0.004137931034482759,0.06206896551724138,0.038620689655172416,69,0
Tripura,South,2014,17,20,0,20,0,11,0,5,22,22,3,13,5,14,4,354,4,47,0,94,0,22,113,678,165,120,52,19,17,0.24336283185840707,0.17699115044247787,0.07669616519174041,0.0294985250737463,0.0162241887905604,DATASET_03_2014,Tripura_South_2014,1.0,161,0.029498525073746312,0.016224188790560472,0.025073746312684365,0.007374631268436578,0.032448377581120944,0.032448377581120944,73,0
Tripura,Unakoti,2014,8,9,0,24,0,11,0,4,9,22,8,19,2,9,3,254,1,29,2,50,0,14,24,401,106,85,43,11,22,0.26433915211970077,0.2119700748129676,0.10723192019950124,0.0598503740648379,0.027431421446384,DATASET_03_2014,Tripura_Unakoti_2014,1.0,105,0.059850374064837904,0.02743142144638404,0.0199501246882793,0.00997506234413965,0.05486284289276808,0.022443890274314215,56,0
Tripura,West,2014,41,15,0,69,0,33,0,19,96,151,67,19,4,55,18,674,3,161,9,192,0,46,165,1650,434,338,333,59,37,0.263030303030303,0.20484848484848484,0.2018181818181818,0.0418181818181818,0.02,DATASET_03_2014,Tripura_West_2014,1.0,431,0.04181818181818182,0.02,0.02484848484848485,0.011515151515151515,0.09151515151515152,0.05818181818181818,177,0
Uttar Pradesh,Agra,2014,178,99,41,77,2,463,10,218,326,3512,2824,413,99,382,10,633,87,281,0,389,0,434,1432,9518,834,1367,6890,481,423,0.08762345030468585,0.1436226097919731,0.7238915738600546,0.0080899348602647,0.0486446732506829,DATASET_03_2014,Uttar Pradesh_Agra_2014,1.0,749,0.008089934860264762,0.04864467325068292,0.018701407858793866,0.022903971422567768,0.3689850808993486,0.0342508930447573,1086,0
Uttar Pradesh,Aligarh,2014,179,257,29,112,0,471,17,242,302,2297,1660,436,129,354,25,568,69,307,0,455,0,328,1916,8793,943,1614,4518,483,461,0.10724439895371318,0.18355510064824293,0.5138178096212896,0.0127374047537814,0.0535653360627772,DATASET_03_2014,Uttar Pradesh_Aligarh_2014,1.0,874,0.012737404753781417,0.05356533606277721,0.020357102240418513,0.027521892414420563,0.26123052428067783,0.034345502103946324,1307,0
Uttar Pradesh,Allahabad,2014,132,121,40,109,16,330,9,125,381,2245,1673,129,124,511,1,703,53,309,4,355,0,450,3465,9909,830,1175,4433,635,130,0.0837622363507922,0.11857906953274801,0.4473710767988697,0.011000100918357,0.0333030578262185,DATASET_03_2014,Uttar Pradesh_Allahabad_2014,1.0,793,0.011000100918357049,0.03330305782621859,0.013321223130487435,0.012614794631143405,0.22656171157533556,0.0384498940357251,866,0
Uttar Pradesh,Ambedkar Nagar,2014,24,24,10,20,0,59,1,13,22,86,39,37,19,43,0,252,11,16,0,41,0,53,592,1323,88,167,161,62,37,0.06651549508692366,0.12622826908541193,0.12169312169312169,0.0151171579743008,0.0445956160241874,DATASET_03_2014,Uttar Pradesh_Ambedkar Nagar_2014,1.0,77,0.015117157974300832,0.044595616024187455,0.018140589569160998,0.009826152683295541,0.06500377928949358,0.016628873771730914,151,0
Uttar Pradesh,Amethi,2014,36,50,14,27,0,115,0,20,51,113,51,43,19,41,0,384,15,78,0,47,0,133,434,1522,167,340,235,60,43,0.10972404730617609,0.2233902759526938,0.15440210249671485,0.0177398160315374,0.0755584756898817,DATASET_03_2014,Uttar Pradesh_Amethi_2014,1.0,152,0.017739816031537452,0.07555847568988174,0.023653088042049936,0.013140604467805518,0.07424441524310119,0.03350854139290407,262,0
Uttar Pradesh,Amroha,2014,60,63,9,35,0,120,5,44,50,399,192,44,26,140,0,236,23,81,0,224,0,198,991,2826,363,417,690,166,44,0.12845010615711253,0.1475583864118896,0.24416135881104034,0.0123849964614295,0.0424628450106157,DATASET_03_2014,Uttar Pradesh_Amroha_2014,1.0,340,0.012384996461429583,0.04246284501061571,0.021231422505307854,0.01556970983722576,0.14118895966029724,0.017692852087756547,336,0
Uttar Pradesh,Auraiya,2014,34,25,14,21,2,99,3,14,26,165,119,20,28,78,1,14,34,73,0,151,0,175,645,1789,279,283,327,106,21,0.15595304639463387,0.15818893236444942,0.18278367803242035,0.0117384013415315,0.0553381777529346,DATASET_03_2014,Uttar Pradesh_Auraiya_2014,1.0,247,0.011738401341531582,0.0553381777529346,0.019005030743432086,0.007825600894354388,0.092230296254891,0.014533258803801007,210,0
Uttar Pradesh,Azamgarh,2014,68,74,28,42,4,183,1,73,143,387,247,203,53,134,0,626,34,102,0,158,0,263,396,2881,336,571,851,187,203,0.1166261714682402,0.19819507115584867,0.29538354737938216,0.01457827143353,0.0635196112460951,DATASET_03_2014,Uttar Pradesh_Azamgarh_2014,1.0,306,0.014578271433530025,0.0635196112460951,0.023602915654286707,0.025338424158278375,0.13432835820895522,0.04963554321416175,469,0
Uttar Pradesh,Badaun,2014,120,162,33,71,0,164,3,53,50,331,165,9,27,68,2,646,56,148,0,62,0,214,782,2919,337,754,602,95,11,0.11545049674546078,0.2583076396026036,0.20623501199040767,0.0243233984241178,0.0561836245289482,DATASET_03_2014,Uttar Pradesh_Badaun_2014,1.0,281,0.024323398424117848,0.05618362452894827,0.041109969167523124,0.01815690304898938,0.11339499828708462,0.0171291538198013,606,0
Uttar Pradesh,Baghpat,2014,83,84,17,35,0,121,3,45,34,332,184,56,23,61,0,18,14,96,0,90,0,93,533,1844,235,484,598,84,56,0.12744034707158353,0.26247288503253796,0.324295010845987,0.0189804772234273,0.0656182212581344,DATASET_03_2014,Uttar Pradesh_Baghpat_2014,1.0,221,0.01898047722342733,0.06561822125813449,0.045010845986984814,0.02440347071583514,0.18004338394793926,0.01843817787418655,388,0
Uttar Pradesh,Bahraich,2014,53,35,29,68,0,202,0,14,84,258,126,73,39,93,3,338,51,45,0,0,0,131,763,2249,164,446,482,132,76,0.07292129835482436,0.19831036016007114,0.21431747443308136,0.0302356602934637,0.0898176967541129,DATASET_03_2014,Uttar Pradesh_Bahraich_2014,1.0,113,0.03023566029346376,0.08981769675411294,0.023566029346376166,0.006224988883948421,0.11471765228990663,0.037349933303690526,401,0
Uttar Pradesh,Ballia,2014,36,29,7,21,2,116,0,28,80,287,188,113,30,83,1,376,24,71,2,95,0,121,221,1674,213,308,583,113,114,0.12724014336917563,0.18399044205495818,0.3482676224611708,0.0125448028673835,0.069295101553166,DATASET_03_2014,Uttar Pradesh_Ballia_2014,1.0,191,0.012544802867383513,0.06929510155316607,0.021505376344086023,0.016726403823178016,0.17144563918757466,0.04778972520908005,237,0
Uttar Pradesh,Balrampur,2014,28,13,9,19,1,67,1,4,24,68,33,22,13,27,0,89,13,28,0,2,0,17,130,549,62,169,130,40,22,0.11293260473588343,0.30783242258652094,0.23679417122040072,0.0346083788706739,0.122040072859745,DATASET_03_2014,Uttar Pradesh_Balrampur_2014,1.0,50,0.03460837887067395,0.122040072859745,0.051001821493624776,0.007285974499089253,0.12386156648451731,0.04371584699453552,141,0
Uttar Pradesh,Banda,2014,42,59,21,71,0,151,0,25,86,240,119,86,31,65,1,80,39,185,0,96,0,125,352,1948,391,554,470,96,87,0.20071868583162217,0.28439425051334705,0.24127310061601642,0.0364476386036961,0.0775154004106776,DATASET_03_2014,Uttar Pradesh_Banda_2014,1.0,352,0.0364476386036961,0.07751540041067762,0.021560574948665298,0.012833675564681724,0.12320328542094455,0.044147843942505136,369,0
Uttar Pradesh,Barabanki,2014,57,42,11,35,0,65,2,17,29,113,60,3,64,148,0,612,25,51,0,36,0,255,1006,2471,147,280,221,212,3,0.059490084985835696,0.11331444759206799,0.08943747470659652,0.0141643059490084,0.0263051396195872,DATASET_03_2014,Uttar Pradesh_Barabanki_2014,1.0,122,0.014164305949008499,0.026305139619587213,0.023067583974099554,0.006879805746661271,0.045730473492513156,0.011736139214892756,229,0
Uttar Pradesh,Bareilly,2014,132,192,21,76,0,337,4,80,151,886,509,153,147,462,4,360,74,252,0,139,0,247,2633,6589,541,1094,1630,609,157,0.0821065412050387,0.16603429959022614,0.2473820003035362,0.0115343754742753,0.0511458491425102,DATASET_03_2014,Uttar Pradesh_Bareilly_2014,1.0,467,0.011534375474275308,0.05114584914251025,0.02003338898163606,0.012141447867658217,0.13446653513431478,0.022916982850204888,842,0
Uttar Pradesh,Basti,2014,31,8,14,15,0,53,2,11,24,85,42,20,21,19,10,172,15,27,0,40,0,105,107,752,97,161,164,40,30,0.12898936170212766,0.21409574468085107,0.21808510638297873,0.0199468085106383,0.0704787234042553,DATASET_03_2014,Uttar Pradesh_Basti_2014,1.0,82,0.0199468085106383,0.07047872340425532,0.041223404255319146,0.014627659574468085,0.11303191489361702,0.031914893617021274,134,0
Uttar Pradesh,Bijnor,2014,84,63,31,80,0,184,4,59,94,434,181,77,42,203,6,30,26,175,0,0,0,253,1468,3475,281,680,772,245,83,0.08086330935251798,0.19568345323741007,0.22215827338129496,0.0230215827338129,0.0529496402877697,DATASET_03_2014,Uttar Pradesh_Bijnor_2014,1.0,255,0.02302158273381295,0.052949640287769786,0.024172661870503598,0.01697841726618705,0.12489208633093525,0.027050359712230215,505,0
Uttar Pradesh,Bulandshahar,2014,171,213,20,82,1,291,11,122,119,841,483,158,65,17,7,33,55,239,1,0,0,378,1390,4775,377,1149,1576,82,165,0.07895287958115184,0.2406282722513089,0.3300523560209424,0.0171727748691099,0.0609424083769633,DATASET_03_2014,Uttar Pradesh_Bulandshahar_2014,1.0,323,0.01717277486910995,0.06094240837696335,0.03581151832460733,0.02554973821989529,0.1761256544502618,0.02492146596858639,910,0
Uttar Pradesh,Chandoli,2014,20,14,4,26,1,78,0,27,52,156,88,39,39,152,4,413,20,92,0,113,0,103,131,1366,251,261,323,191,43,0.18374816983894582,0.1910688140556369,0.23645680819912152,0.0190336749633967,0.0571010248901903,DATASET_03_2014,Uttar Pradesh_Chandoli_2014,1.0,232,0.01903367496339678,0.05710102489019034,0.014641288433382138,0.019765739385065886,0.11420204978038068,0.03806734992679356,169,0
Uttar Pradesh,Chitrakoot,2014,33,8,8,23,0,46,3,6,62,81,45,12,29,40,3,32,23,56,0,12,0,80,334,988,114,183,197,69,15,0.11538461538461539,0.18522267206477733,0.19939271255060728,0.0232793522267206,0.0465587044534413,DATASET_03_2014,Uttar Pradesh_Chitrakoot_2014,1.0,91,0.02327935222672065,0.0465587044534413,0.03340080971659919,0.006072874493927126,0.08198380566801619,0.06275303643724696,127,0
Uttar Pradesh,Deoria,2014,42,24,19,35,0,137,0,13,55,182,117,81,19,35,5,417,31,68,0,6,0,174,303,1645,140,338,367,54,86,0.0851063829787234,0.20547112462006079,0.2231003039513678,0.0212765957446808,0.0832826747720364,DATASET_03_2014,Uttar Pradesh_Deoria_2014,1.0,109,0.02127659574468085,0.08328267477203648,0.02553191489361702,0.007902735562310031,0.11063829787234042,0.03343465045592705,270,0
Uttar Pradesh,Etah,2014,65,137,10,54,0,172,6,63,66,399,236,110,38,26,1,642,42,114,2,120,0,188,486,2783,332,621,770,64,111,0.11929572403880705,0.2231404958677686,0.2766798418972332,0.0194035213798059,0.0618038088393819,DATASET_03_2014,Uttar Pradesh_Etah_2014,1.0,290,0.019403521379805964,0.06180380883938196,0.02335609054976644,0.022637441609773625,0.1433704635285663,0.023715415019762844,507,0
Uttar Pradesh,Etawah,2014,55,94,5,30,16,136,5,113,65,506,385,26,54,119,9,198,31,80,0,104,0,211,645,2721,245,518,1074,173,35,0.0900404263138552,0.19037118706357956,0.3947078280044101,0.0110253583241455,0.049981624402793,DATASET_03_2014,Uttar Pradesh_Etawah_2014,1.0,230,0.011025358324145534,0.04998162440279309,0.020213156927600145,0.04152884968761485,0.18596104373392136,0.02388827636898199,438,0
Uttar Pradesh,Faizabad,2014,32,31,10,37,0,120,0,25,79,295,156,28,48,138,0,415,13,91,0,8,0,190,850,2426,149,346,555,186,28,0.06141797197032152,0.14262159934047816,0.22877164056059357,0.0152514427040395,0.0494641384995878,DATASET_03_2014,Uttar Pradesh_Faizabad_2014,1.0,136,0.015251442704039572,0.0494641384995878,0.013190436933223413,0.010305028854080791,0.12159934047815334,0.0325638911788953,255,0
Uttar Pradesh,Fatehgarh,2014,58,70,18,19,0,148,4,21,47,230,146,34,20,43,0,12,39,38,0,121,0,132,900,2151,217,376,448,63,34,0.10088331008833101,0.17480241748024175,0.2082752208275221,0.00883310088331,0.0688052068805206,DATASET_03_2014,Uttar Pradesh_Fatehgarh_2014,1.0,178,0.008833100883310088,0.06880520688052069,0.02696420269642027,0.009762900976290097,0.10692701069270107,0.02185030218503022,338,0
Uttar Pradesh,Fatehpur,2014,55,36,26,58,28,131,3,21,74,217,135,42,70,93,5,544,43,101,0,93,0,288,563,2559,295,431,450,163,47,0.11527940601797577,0.1684251660805002,0.17584994138335286,0.0226651035560765,0.0511918718249316,DATASET_03_2014,Uttar Pradesh_Fatehpur_2014,1.0,280,0.022665103556076593,0.051191871824931616,0.021492770613520906,0.008206330597889801,0.08479874951152794,0.028917545916373584,330,0
Uttar Pradesh,Firozabad,2014,140,162,31,61,0,284,8,92,112,687,453,201,62,175,19,694,55,131,0,146,0,322,756,4222,393,909,1352,237,220,0.0930838465182378,0.2153008053055424,0.3202273803884415,0.0144481288488867,0.0672666982472761,DATASET_03_2014,Uttar Pradesh_Firozabad_2014,1.0,338,0.014448128848886783,0.06726669824727617,0.03315963998105163,0.02179062055897679,0.16271909047844624,0.026527711984841308,778,0
Uttar Pradesh,G. R. P.,2014,30,15,7,5,0,39,15,27,1,4061,114,17,11,26,0,24,1,64,0,0,0,3,817,5158,70,202,4218,37,17,0.013571151609150834,0.039162466072120976,0.8177588212485459,0.0009693679720822,0.0075610701822411,DATASET_03_2014,Uttar Pradesh_G. R. P._2014,1.0,69,0.0009693679720822024,0.007561070182241178,0.0058162078324932144,0.0052345870492438926,0.7873206669251648,0.00019387359441644047,138,0
Uttar Pradesh,Gautambudh Nagar,2014,104,106,27,54,7,210,6,227,202,3680,2344,191,106,382,0,33,35,161,7,198,0,374,1774,8521,455,895,6459,488,191,0.053397488557681026,0.10503462034972422,0.7580096232836522,0.0063372843562962,0.0246449947189297,DATASET_03_2014,Uttar Pradesh_Gautambudh Nagar_2014,1.0,427,0.006337284356296209,0.024644994718929704,0.012205140241755662,0.026640065719985916,0.43187419316981573,0.023706137777256192,734,0
Uttar Pradesh,Ghaziabad,2014,166,124,40,118,14,482,8,114,210,3392,2635,70,176,493,2,35,38,283,3,575,0,398,2796,10088,1017,1335,6359,669,72,0.10081284694686757,0.13233544805709754,0.6303528945281522,0.0116970658207771,0.0477795400475812,DATASET_03_2014,Uttar Pradesh_Ghaziabad_2014,1.0,993,0.011697065820777161,0.04777954004758128,0.016455194290245837,0.011300555114988104,0.3362410785091198,0.020816812053925455,1052,0
Uttar Pradesh,Ghazipur,2014,64,70,18,24,1,128,7,32,81,260,160,113,36,93,1,545,31,69,0,67,0,107,394,1945,191,412,540,129,114,0.09820051413881747,0.21182519280205656,0.2776349614395887,0.0123393316195372,0.0658097686375321,DATASET_03_2014,Uttar Pradesh_Ghazipur_2014,1.0,161,0.012339331619537276,0.06580976863753213,0.032904884318766064,0.016452442159383032,0.13367609254498714,0.0416452442159383,343,0
Uttar Pradesh,Gonda,2014,45,50,11,37,0,139,0,18,75,180,117,48,36,135,2,474,28,56,0,12,0,132,656,2021,133,356,390,171,50,0.06580900544285008,0.17615042058386937,0.1929737753587333,0.0183077684314695,0.0687778327560613,DATASET_03_2014,Uttar Pradesh_Gonda_2014,1.0,105,0.01830776843146957,0.06877783275606135,0.022266204849084613,0.008906481939633844,0.08906481939633845,0.03711034141514102,300,0
Uttar Pradesh,Gorakhpur,2014,113,116,29,92,22,299,4,89,230,804,594,193,87,266,0,726,58,132,0,223,0,298,702,4537,505,874,1721,353,193,0.11130703107780472,0.19263830725148776,0.37932554551465725,0.0202777165527881,0.0659025787965616,DATASET_03_2014,Uttar Pradesh_Gorakhpur_2014,1.0,469,0.020277716552788184,0.0659025787965616,0.02490632576592462,0.019616486665197268,0.17720960987436632,0.050694291381970465,742,0
Uttar Pradesh,Hamirpur,2014,31,23,20,29,13,68,2,18,29,83,34,34,21,31,8,104,26,97,1,42,0,77,167,981,195,288,166,52,42,0.19877675840978593,0.29357798165137616,0.1692150866462793,0.0295616717635066,0.0693170234454638,DATASET_03_2014,Uttar Pradesh_Hamirpur_2014,1.0,182,0.029561671763506627,0.06931702344546381,0.03160040774719674,0.01834862385321101,0.08460754332313965,0.029561671763506627,191,0
Uttar Pradesh,Hapur,2014,42,71,4,46,8,82,4,35,31,493,335,40,23,88,4,21,16,62,0,70,0,171,395,1841,194,346,898,111,44,0.10537751222161869,0.18794133623030962,0.48777838131450296,0.0249864204236827,0.044541010320478,DATASET_03_2014,Uttar Pradesh_Hapur_2014,1.0,186,0.024986420423682782,0.044541010320478004,0.022813688212927757,0.019011406844106463,0.2677892449755568,0.01683867463335144,284,0
Uttar Pradesh,Hardoi,2014,79,53,19,39,0,177,2,13,47,275,145,36,45,95,1,836,40,93,0,140,0,323,792,2981,312,475,482,140,37,0.10466286481046629,0.15934250251593424,0.16169070781616907,0.0130828581013082,0.0593760483059376,DATASET_03_2014,Uttar Pradesh_Hardoi_2014,1.0,272,0.013082858101308286,0.0593760483059376,0.026501174102650116,0.004360952700436095,0.09225092250922509,0.01576652130157665,382,0
Uttar Pradesh,Hathras,2014,72,44,17,60,0,146,9,56,70,339,232,112,50,89,5,201,24,121,1,103,0,177,436,2280,309,525,706,139,117,0.1355263157894737,0.23026315789473684,0.30964912280701756,0.0263157894736842,0.0640350877192982,DATASET_03_2014,Uttar Pradesh_Hathras_2014,1.0,285,0.02631578947368421,0.06403508771929825,0.031578947368421054,0.02456140350877193,0.14868421052631578,0.03070175438596491,404,0
Uttar Pradesh,Jalaun,2014,36,32,7,12,9,64,1,12,40,117,61,11,20,42,0,22,30,44,0,41,0,118,108,856,127,208,231,62,11,0.1483644859813084,0.24299065420560748,0.26985981308411217,0.014018691588785,0.0747663551401869,DATASET_03_2014,Uttar Pradesh_Jalaun_2014,1.0,106,0.014018691588785047,0.07476635514018691,0.04205607476635514,0.014018691588785047,0.1366822429906542,0.04672897196261682,164,0
Uttar Pradesh,Jaunpur,2014,55,61,29,50,0,133,4,58,96,297,191,107,38,70,0,830,47,62,0,49,0,199,439,2352,208,452,646,108,107,0.08843537414965986,0.1921768707482993,0.27465986394557823,0.0212585034013605,0.056547619047619,DATASET_03_2014,Uttar Pradesh_Jaunpur_2014,1.0,161,0.021258503401360544,0.05654761904761905,0.0233843537414966,0.02465986394557823,0.12627551020408162,0.04081632653061224,390,0
Uttar Pradesh,Jhansi,2014,68,44,28,28,0,112,5,22,44,316,192,65,32,17,5,39,33,85,0,119,0,161,456,1985,265,392,579,49,70,0.13350125944584382,0.19748110831234256,0.2916876574307305,0.0141057934508816,0.0564231738035264,DATASET_03_2014,Uttar Pradesh_Jhansi_2014,1.0,232,0.014105793450881612,0.05642317380352645,0.03425692695214106,0.011083123425692695,0.15919395465994962,0.02216624685138539,307,0
Uttar Pradesh,Kannauj,2014,39,31,23,22,0,100,1,8,24,147,69,10,31,74,5,4,31,98,0,89,0,167,971,2103,240,322,249,105,15,0.11412268188302425,0.15311459819305753,0.11840228245363767,0.0104612458392772,0.0475511174512601,DATASET_03_2014,Uttar Pradesh_Kannauj_2014,1.0,209,0.010461245839277223,0.0475511174512601,0.018544935805991442,0.0038040893961008085,0.06990014265335236,0.011412268188302425,224,0
Uttar Pradesh,Kanpur Dehat,2014,46,28,20,20,0,157,1,24,22,121,58,40,24,68,12,279,35,95,0,144,0,224,608,2111,294,391,226,92,52,0.13927048792041685,0.1852202747513027,0.10705826622453814,0.009474182851729,0.0743723353860729,DATASET_03_2014,Uttar Pradesh_Kanpur Dehat_2014,1.0,259,0.009474182851729039,0.07437233538607295,0.02179062055897679,0.011369019422074847,0.05731880625296068,0.010421601136901942,296,0
Uttar Pradesh,Kanpur Nagar,2014,137,89,33,78,0,442,3,139,250,1536,1136,233,189,546,3,475,73,261,1,594,0,532,2446,8641,1007,1182,3064,735,236,0.11653743779655132,0.13678972341164217,0.3545885892836477,0.0090267330170119,0.0511514870964008,DATASET_03_2014,Uttar Pradesh_Kanpur Nagar_2014,1.0,934,0.00902673301701192,0.05115148709640088,0.015854646452956835,0.016086101145700728,0.17775720402731165,0.028931836592986922,921,0
Uttar Pradesh,Kasganj,2014,20,56,16,19,0,102,0,7,33,192,112,41,20,0,0,308,29,58,0,21,0,75,233,1232,127,278,344,20,41,0.10308441558441558,0.22564935064935066,0.2792207792207792,0.0154220779220779,0.0827922077922077,DATASET_03_2014,Uttar Pradesh_Kasganj_2014,1.0,98,0.015422077922077922,0.08279220779220779,0.016233766233766232,0.005681818181818182,0.15584415584415584,0.026785714285714284,220,0
Uttar Pradesh,Kaushambi,2014,40,11,13,14,10,92,0,13,56,154,82,23,34,74,5,246,27,120,0,86,0,141,756,1945,247,303,305,108,28,0.12699228791773778,0.1557840616966581,0.15681233933161953,0.00719794344473,0.0473007712082262,DATASET_03_2014,Uttar Pradesh_Kaushambi_2014,1.0,230,0.0071979434447300775,0.04730077120822622,0.02056555269922879,0.006683804627249357,0.07917737789203085,0.02879177377892031,183,0
Uttar Pradesh,Khiri,2014,79,100,20,49,0,214,5,33,67,611,423,68,38,118,4,562,51,107,0,135,0,263,1011,3465,342,607,1139,156,72,0.0987012987012987,0.1751803751803752,0.32871572871572874,0.0141414141414141,0.0617604617604617,DATASET_03_2014,Uttar Pradesh_Khiri_2014,1.0,291,0.014141414141414142,0.06176046176046176,0.0227994227994228,0.009523809523809525,0.17633477633477634,0.019336219336219335,500,0
Uttar Pradesh,Kushi Nagar,2014,36,12,29,22,0,141,0,7,40,136,76,119,38,63,6,522,31,53,0,50,0,204,330,1757,156,300,259,101,125,0.0887877063175868,0.1707455890722823,0.14741035856573706,0.012521343198634,0.0802504268639726,DATASET_03_2014,Uttar Pradesh_Kushi Nagar_2014,1.0,125,0.012521343198634035,0.08025042686397268,0.020489470688673878,0.00398406374501992,0.07740466704610131,0.022766078542970972,247,0
Uttar Pradesh,Lalitpur,2014,27,7,9,25,6,34,0,15,12,59,22,26,11,42,0,19,12,38,0,19,0,58,477,962,94,155,108,53,26,0.09771309771309772,0.16112266112266113,0.11226611226611227,0.0259875259875259,0.0353430353430353,DATASET_03_2014,Uttar Pradesh_Lalitpur_2014,1.0,88,0.02598752598752599,0.035343035343035345,0.028066528066528068,0.015592515592515593,0.061330561330561334,0.012474012474012475,117,0
Uttar Pradesh,Lucknow,2014,132,99,28,68,0,377,7,60,623,3192,2086,174,511,923,14,67,52,392,0,1083,0,533,5877,15107,1595,1163,5968,1434,188,0.10558019461176937,0.07698417951942808,0.3950486529423446,0.0045012245978685,0.0249553187264182,DATASET_03_2014,Uttar Pradesh_Lucknow_2014,1.0,1543,0.0045012245978685375,0.024955318726418218,0.008737671278215398,0.00397166876282518,0.2112927781822996,0.041239160654001454,771,0
Uttar Pradesh,Maharajganj,2014,33,6,9,32,0,103,1,14,27,61,41,41,15,52,9,300,26,29,0,68,0,99,297,1162,155,227,144,67,50,0.1333907056798623,0.19535283993115318,0.12392426850258176,0.027538726333907,0.0886402753872633,DATASET_03_2014,Uttar Pradesh_Maharajganj_2014,1.0,129,0.027538726333907058,0.08864027538726334,0.028399311531841654,0.012048192771084338,0.05249569707401033,0.02323580034423408,198,0
Uttar Pradesh,Mahoba,2014,27,29,7,22,0,58,1,18,34,57,27,26,18,30,0,5,14,62,1,22,0,84,223,814,121,224,137,48,26,0.14864864864864866,0.2751842751842752,0.1683046683046683,0.027027027027027,0.0712530712530712,DATASET_03_2014,Uttar Pradesh_Mahoba_2014,1.0,107,0.02702702702702703,0.07125307125307126,0.033169533169533166,0.022113022113022112,0.07002457002457002,0.04176904176904177,162,0
Uttar Pradesh,Mainpuri,2014,57,116,22,23,0,142,4,34,57,476,367,85,38,75,0,342,37,69,0,74,0,248,442,2469,203,467,938,113,85,0.08221952207371405,0.18914540299716484,0.3799108950992305,0.0093155123531794,0.0575131632239773,DATASET_03_2014,Uttar Pradesh_Mainpuri_2014,1.0,166,0.009315512353179425,0.05751316322397732,0.023086269744835967,0.01377075739165654,0.19279060348319157,0.023086269744835967,398,0
Uttar Pradesh,Mathura,2014,86,147,19,73,0,191,10,89,110,1159,846,190,70,267,4,488,48,114,0,267,0,384,881,4779,502,729,2214,337,194,0.10504289600334799,0.15254237288135594,0.4632768361581921,0.0152751621678175,0.0399665201925088,DATASET_03_2014,Uttar Pradesh_Mathura_2014,1.0,454,0.015275162167817534,0.039966520192508896,0.017995396526469972,0.018623142916928227,0.2425193555137058,0.02301736765013601,615,0
Uttar Pradesh,Mau,2014,28,66,18,25,0,88,0,23,67,226,120,93,25,101,8,454,16,51,1,81,0,116,114,1476,174,299,436,126,101,0.11788617886178862,0.20257452574525744,0.2953929539295393,0.0169376693766937,0.059620596205962,DATASET_03_2014,Uttar Pradesh_Mau_2014,1.0,158,0.016937669376693765,0.05962059620596206,0.018970189701897018,0.015582655826558265,0.15311653116531165,0.04539295392953929,248,0
Uttar Pradesh,Meerut,2014,226,308,24,93,1,438,18,341,279,3550,2635,294,109,431,0,47,53,412,0,520,0,348,1897,10073,1078,1860,6823,540,294,0.10701876302988186,0.1846520401072173,0.6773553062642709,0.0092326020053608,0.0434825771865382,DATASET_03_2014,Uttar Pradesh_Meerut_2014,1.0,1026,0.009232602005360866,0.04348257718653827,0.022436215625930706,0.03385287401965651,0.35242728084979646,0.027697806016082595,1448,0
Uttar Pradesh,Mirzapur,2014,25,4,9,19,0,12,0,5,19,45,25,1,22,0,4,178,26,10,0,28,0,66,283,780,83,84,94,22,5,0.1064102564102564,0.1076923076923077,0.12051282051282051,0.0243589743589743,0.0153846153846153,DATASET_03_2014,Uttar Pradesh_Mirzapur_2014,1.0,57,0.02435897435897436,0.015384615384615385,0.03205128205128205,0.00641025641025641,0.057692307692307696,0.02435897435897436,74,0
Uttar Pradesh,Moradabad,2014,90,80,24,89,0,190,13,66,120,788,507,78,59,221,0,97,36,189,1,403,0,209,1124,4026,718,741,1494,280,78,0.17834078489816194,0.184053651266766,0.3710879284649776,0.0221063089915548,0.0471932439145553,DATASET_03_2014,Uttar Pradesh_Moradabad_2014,1.0,682,0.022106308991554892,0.04719324391455539,0.022354694485842028,0.01639344262295082,0.1957277694982613,0.029806259314456036,552,0
Uttar Pradesh,Muzaffarnagar,2014,137,157,29,37,0,242,3,95,36,800,469,136,66,145,8,25,17,148,0,168,0,225,1198,3952,370,848,1403,211,144,0.09362348178137651,0.2145748987854251,0.3550101214574899,0.0093623481781376,0.0612348178137651,DATASET_03_2014,Uttar Pradesh_Muzaffarnagar_2014,1.0,353,0.009362348178137652,0.061234817813765184,0.03466599190283401,0.02403846153846154,0.20242914979757085,0.009109311740890687,700,0
Uttar Pradesh,Pilibhit,2014,54,38,15,69,0,128,4,29,52,200,108,13,42,123,0,4,25,107,0,179,0,133,1452,2916,380,444,393,165,13,0.13031550068587106,0.1522633744855967,0.13477366255144033,0.0236625514403292,0.0438957475994513,DATASET_03_2014,Uttar Pradesh_Pilibhit_2014,1.0,355,0.023662551440329218,0.0438957475994513,0.018518518518518517,0.009945130315500686,0.06858710562414266,0.01783264746227709,337,0
Uttar Pradesh,Pratapgarh,2014,72,136,26,68,6,248,6,53,159,431,262,200,71,185,11,611,21,165,0,184,0,160,1445,4128,438,774,911,256,211,0.10610465116279069,0.1875,0.22068798449612403,0.0164728682170542,0.0600775193798449,DATASET_03_2014,Uttar Pradesh_Pratapgarh_2014,1.0,423,0.016472868217054265,0.060077519379844964,0.01744186046511628,0.012839147286821706,0.10440891472868218,0.038517441860465115,609,0
Uttar Pradesh,Raibareilly,2014,50,44,17,48,0,113,3,15,82,195,93,60,25,67,1,288,27,69,0,38,0,172,774,2053,182,359,388,92,61,0.08865075499269362,0.17486604968339017,0.1889917194349732,0.0233804188991719,0.0550414028251339,DATASET_03_2014,Uttar Pradesh_Raibareilly_2014,1.0,155,0.023380418899171942,0.05504140282513395,0.024354603019970774,0.007306380905991232,0.09498295177788602,0.03994154895275207,290,0
Uttar Pradesh,Rampur,2014,54,77,6,34,0,100,5,25,53,344,149,34,59,122,0,0,18,54,0,121,0,174,449,1950,227,355,576,181,34,0.11641025641025642,0.18205128205128204,0.2953846153846154,0.0174358974358974,0.0512820512820512,DATASET_03_2014,Uttar Pradesh_Rampur_2014,1.0,209,0.017435897435897435,0.05128205128205128,0.027692307692307693,0.01282051282051282,0.1764102564102564,0.02717948717948718,301,0
Uttar Pradesh,Saharanpur,2014,92,91,22,73,2,273,8,110,106,793,459,205,48,214,0,39,28,167,0,194,0,195,1322,4184,462,836,1476,262,205,0.1104206500956023,0.19980879541108987,0.3527724665391969,0.0174474187380497,0.0652485659655831,DATASET_03_2014,Uttar Pradesh_Saharanpur_2014,1.0,436,0.017447418738049714,0.06524856596558318,0.02198852772466539,0.026290630975143402,0.18953154875717018,0.025334608030592735,669,0
Uttar Pradesh,Sambhal,2014,73,80,19,48,0,146,9,45,56,293,130,68,29,87,0,58,26,72,0,106,0,102,700,2087,252,492,533,116,68,0.12074748442740776,0.23574508864398658,0.2553905126976521,0.0229995208433157,0.0699568758984187,DATASET_03_2014,Uttar Pradesh_Sambhal_2014,1.0,226,0.022999520843315763,0.06995687589841879,0.03497843794920939,0.02156205079060853,0.1403929084810733,0.026832774317201723,420,0
Uttar Pradesh,Sant Kabirnagar,2014,28,3,13,23,0,39,1,10,23,59,25,22,14,30,0,291,11,25,0,0,0,69,150,727,59,142,118,44,22,0.0811554332874828,0.1953232462173315,0.1623108665749656,0.0316368638239339,0.0536451169188445,DATASET_03_2014,Uttar Pradesh_Sant Kabirnagar_2014,1.0,48,0.03163686382393398,0.05364511691884457,0.03851444291609354,0.013755158184319119,0.0811554332874828,0.03163686382393398,117,0
Uttar Pradesh,Shahjahanpur,2014,88,136,35,83,0,210,4,62,59,281,122,42,47,118,4,563,61,181,1,127,0,241,797,3106,453,799,528,165,46,0.14584674822923374,0.25724404378622023,0.1699935608499678,0.0267224726336123,0.0676110753380553,DATASET_03_2014,Uttar Pradesh_Shahjahanpur_2014,1.0,392,0.026722472633612365,0.06761107533805538,0.028332260141661302,0.019961365099806824,0.09047005795235029,0.018995492594977462,618,0
Uttar Pradesh,Shamli,2014,67,76,11,32,0,100,5,54,49,329,204,103,18,73,0,86,18,58,0,87,0,44,432,1674,195,403,641,91,103,0.11648745519713262,0.24074074074074073,0.38291517323775387,0.019115890083632,0.05973715651135,DATASET_03_2014,Uttar Pradesh_Shamli_2014,1.0,177,0.019115890083632018,0.05973715651135006,0.04002389486260454,0.03225806451612903,0.1965352449223417,0.02927120669056153,345,0
Uttar Pradesh,Shrawasti,2014,15,10,9,5,0,40,0,5,35,49,17,16,5,65,0,330,9,31,0,0,0,39,275,801,45,115,106,70,16,0.056179775280898875,0.14357053682896379,0.132334581772784,0.0062421972534332,0.0499375780274656,DATASET_03_2014,Uttar Pradesh_Shrawasti_2014,1.0,36,0.006242197253433208,0.049937578027465665,0.018726591760299626,0.006242197253433208,0.06117353308364544,0.04369538077403246,84,0
Uttar Pradesh,Sidharthnagar,2014,17,13,8,20,0,58,2,16,48,62,34,25,13,15,0,2,20,27,0,46,0,50,295,773,113,161,162,28,25,0.1461836998706339,0.20827943078913325,0.2095730918499353,0.0258732212160414,0.07503234152652,DATASET_03_2014,Uttar Pradesh_Sidharthnagar_2014,1.0,93,0.0258732212160414,0.07503234152652005,0.02199223803363519,0.02069857697283312,0.08020698576972833,0.062095730918499355,134,0
Uttar Pradesh,Sitapur,2014,91,45,19,74,0,216,2,40,84,384,179,65,49,78,3,250,46,163,0,180,0,174,1919,3923,463,650,689,127,68,0.11802192199847056,0.16568952332398673,0.17563089472342594,0.0188631149630384,0.0550599031353555,DATASET_03_2014,Uttar Pradesh_Sitapur_2014,1.0,417,0.01886311496303849,0.055059903135355595,0.023196533265358144,0.010196278358399185,0.09788427224063218,0.021412184552638287,487,0
Uttar Pradesh,Sonbhadra,2014,32,4,14,26,4,20,0,2,28,77,34,3,22,8,1,303,6,24,0,13,0,124,115,753,69,122,141,30,4,0.09163346613545817,0.16201859229747675,0.18725099601593626,0.0345285524568393,0.0265604249667994,DATASET_03_2014,Uttar Pradesh_Sonbhadra_2014,1.0,67,0.034528552456839307,0.02656042496679947,0.04249667994687915,0.0026560424966799467,0.10225763612217796,0.03718459495351926,98,0
Uttar Pradesh,St.Ravidasnagar,2014,17,2,5,19,0,34,0,8,40,73,47,1,15,28,0,110,23,12,0,41,0,75,77,574,95,97,168,43,1,0.16550522648083624,0.16898954703832753,0.2926829268292683,0.0331010452961672,0.0592334494773519,DATASET_03_2014,Uttar Pradesh_St.Ravidasnagar_2014,1.0,72,0.033101045296167246,0.059233449477351915,0.029616724738675958,0.013937282229965157,0.12717770034843207,0.06968641114982578,85,0
Uttar Pradesh,Sultanpur,2014,53,41,12,46,2,157,4,56,119,331,179,73,33,88,2,412,21,67,0,68,0,147,734,2421,202,436,689,121,75,0.08343659644774887,0.18009087154068568,0.2845931433292028,0.0190004130524576,0.0648492358529533,DATASET_03_2014,Uttar Pradesh_Sultanpur_2014,1.0,183,0.01900041305245766,0.06484923585295332,0.021891780256092525,0.023130937629078894,0.13672036348616273,0.049153242461792646,369,0
Uttar Pradesh,Unnao,2014,77,31,24,69,7,268,2,44,82,334,141,46,53,135,0,69,31,237,0,218,0,318,1127,3438,555,752,603,188,46,0.16143106457242584,0.21873182082606166,0.17539267015706805,0.0200698080279232,0.0779522978475858,DATASET_03_2014,Uttar Pradesh_Unnao_2014,1.0,531,0.02006980802792321,0.07795229784758581,0.02239674229203025,0.012798138452588714,0.09714950552646888,0.02385107620709715,515,0
Uttar Pradesh,Varanasi,2014,52,52,20,47,4,166,0,46,126,706,467,79,154,393,1,418,42,176,3,275,0,227,890,3900,543,559,1345,547,80,0.13923076923076924,0.14333333333333334,0.34487179487179487,0.012051282051282,0.0425641025641025,DATASET_03_2014,Uttar Pradesh_Varanasi_2014,1.0,505,0.012051282051282051,0.04256410256410256,0.013333333333333334,0.011794871794871795,0.18102564102564103,0.03230769230769231,383,0
Uttarakhand,Almora,2014,4,2,1,6,0,40,0,1,7,8,2,3,0,4,1,2,1,4,1,5,0,4,35,139,17,58,18,4,4,0.1223021582733813,0.4172661870503597,0.12949640287769784,0.0431654676258992,0.2877697841726618,DATASET_03_2014,Uttarakhand_Almora_2014,1.0,16,0.04316546762589928,0.28776978417266186,0.02877697841726619,0.007194244604316547,0.05755395683453238,0.050359712230215826,54,1
Uttarakhand,Bageshwar,2014,5,1,0,3,0,0,0,0,5,6,0,0,1,3,0,2,0,4,0,2,0,2,40,77,9,13,11,4,0,0.11688311688311688,0.16883116883116883,0.14285714285714285,0.0389610389610389,0.0,DATASET_03_2014,Uttarakhand_Bageshwar_2014,1.0,9,0.03896103896103896,0.0,0.06493506493506493,0.0,0.07792207792207792,0.06493506493506493,9,1
Uttarakhand,Chamoli,2014,3,2,0,4,0,7,0,1,7,8,1,3,2,3,0,4,1,9,0,3,0,4,66,126,17,26,17,5,3,0.1349206349206349,0.20634920634920634,0.1349206349206349,0.0317460317460317,0.0555555555555555,DATASET_03_2014,Uttarakhand_Chamoli_2014,1.0,16,0.031746031746031744,0.05555555555555555,0.023809523809523808,0.007936507936507936,0.06349206349206349,0.05555555555555555,17,1
Uttarakhand,Champawat,2014,2,0,1,8,0,0,0,0,1,6,2,4,0,5,0,4,0,5,0,7,0,7,48,96,20,16,9,5,4,0.20833333333333334,0.16666666666666666,0.09375,0.0833333333333333,0.0,DATASET_03_2014,Uttarakhand_Champawat_2014,1.0,20,0.08333333333333333,0.0,0.020833333333333332,0.0,0.0625,0.010416666666666666,11,1
Uttarakhand,Dehradun,2014,26,23,10,55,0,69,3,39,104,439,168,99,38,127,2,68,10,80,1,149,0,145,428,2178,295,305,753,165,101,0.13544536271809,0.14003673094582186,0.34573002754820936,0.0252525252525252,0.0316804407713498,DATASET_03_2014,Uttarakhand_Dehradun_2014,1.0,285,0.025252525252525252,0.03168044077134986,0.011937557392102846,0.01790633608815427,0.20156106519742883,0.047750229568411386,225,0
Uttarakhand,Haridwar,2014,73,69,13,73,0,241,11,70,66,562,267,160,43,174,0,86,0,99,0,0,0,151,491,2505,172,649,976,217,160,0.0686626746506986,0.2590818363273453,0.38962075848303396,0.0291417165668662,0.0962075848303393,DATASET_03_2014,Uttarakhand_Haridwar_2014,1.0,172,0.029141716566866267,0.09620758483033932,0.029141716566866267,0.027944111776447105,0.2243512974051896,0.026347305389221556,550,0
Uttarakhand,Nainital,2014,28,18,3,36,0,160,1,5,35,157,77,47,13,36,2,40,5,38,0,31,0,85,227,1095,110,289,275,49,49,0.1004566210045662,0.2639269406392694,0.2511415525114155,0.0328767123287671,0.1461187214611872,DATASET_03_2014,Uttarakhand_Nainital_2014,1.0,105,0.03287671232876712,0.1461187214611872,0.025570776255707764,0.0045662100456621,0.14337899543378996,0.0319634703196347,251,0
Uttarakhand,Pauri Garhwal,2014,6,1,1,8,0,62,0,3,10,37,13,11,3,14,0,14,7,12,1,9,0,9,61,278,37,93,63,17,11,0.13309352517985612,0.3345323741007194,0.22661870503597123,0.0287769784172661,0.2230215827338129,DATASET_03_2014,Uttarakhand_Pauri Garhwal_2014,1.0,30,0.02877697841726619,0.22302158273381295,0.02158273381294964,0.01079136690647482,0.13309352517985612,0.03597122302158273,81,1
Uttarakhand,Pithoragarh,2014,4,2,0,8,0,11,0,2,8,10,2,12,0,2,0,4,3,9,0,7,0,5,23,117,27,36,22,2,12,0.23076923076923078,0.3076923076923077,0.18803418803418803,0.0683760683760683,0.094017094017094,DATASET_03_2014,Uttarakhand_Pithoragarh_2014,1.0,24,0.06837606837606838,0.09401709401709402,0.03418803418803419,0.017094017094017096,0.08547008547008547,0.06837606837606838,27,1
Uttarakhand,Rudra Prayag,2014,4,1,1,4,0,7,0,1,14,10,1,5,2,3,0,6,1,9,0,2,0,7,18,97,16,27,26,5,5,0.16494845360824742,0.27835051546391754,0.26804123711340205,0.0412371134020618,0.0721649484536082,DATASET_03_2014,Uttarakhand_Rudra Prayag_2014,1.0,15,0.041237113402061855,0.07216494845360824,0.041237113402061855,0.010309278350515464,0.10309278350515463,0.14432989690721648,18,1
Uttarakhand,Tehri Garhwal,2014,6,2,3,7,0,13,0,1,4,19,9,5,1,9,3,18,0,0,0,7,0,10,23,122,14,32,33,10,8,0.11475409836065574,0.26229508196721313,0.27049180327868855,0.0573770491803278,0.1065573770491803,DATASET_03_2014,Uttarakhand_Tehri Garhwal_2014,1.0,14,0.05737704918032787,0.10655737704918032,0.04918032786885246,0.00819672131147541,0.1557377049180328,0.03278688524590164,32,1
Uttarakhand,Udhamsingh Nagar,2014,55,50,4,49,0,66,4,31,53,468,313,109,32,6,0,112,10,67,0,71,0,231,759,2234,197,326,869,38,109,0.08818263205013428,0.1459265890778872,0.38898836168307965,0.0219337511190689,0.0295434198746642,DATASET_03_2014,Uttarakhand_Udhamsingh Nagar_2014,1.0,187,0.021933751119068933,0.02954341987466428,0.024619516562220233,0.01387645478961504,0.20948970456580127,0.023724261414503133,259,0
Uttarakhand,Uttarkashi,2014,2,0,1,9,0,15,0,1,9,7,1,8,0,4,0,2,0,7,1,8,0,1,11,92,25,35,18,4,8,0.2717391304347826,0.3804347826086957,0.1956521739130435,0.0978260869565217,0.1630434782608695,DATASET_03_2014,Uttarakhand_Uttarkashi_2014,1.0,25,0.09782608695652174,0.16304347826086957,0.021739130434782608,0.010869565217391304,0.07608695652173914,0.09782608695652174,28,1
West Bengal,North 24 Parganas,2014,141,691,38,227,0,728,8,42,3,1354,269,330,194,323,44,3802,66,319,50,2027,0,275,5259,14867,2689,2194,1676,517,374,0.180870384072106,0.14757516647608798,0.1127328983655075,0.0152687159480729,0.0489675119391941,DATASET_03_2014,West Bengal_North 24 Parganas_2014,1.0,2623,0.015268715948072914,0.048967511939194186,0.009484092284926348,0.0028250487657227414,0.09107419116163315,0.0002017891975516244,1875,0
West Bengal,South 24 Parganas,2014,248,280,31,341,0,749,33,43,135,1523,223,2164,57,542,30,1587,53,313,14,3546,0,355,8719,21049,4267,2038,1957,599,2194,0.2027174687633617,0.09682170174355076,0.09297353793529384,0.01620029455081,0.0355836381775856,DATASET_03_2014,West Bengal_South 24 Parganas_2014,1.0,4214,0.016200294550810016,0.035583638177585634,0.011782032400589101,0.0020428523920376267,0.07235498123426291,0.006413606347094874,1725,0
West Bengal,Alipurduar,2014,49,40,6,118,0,176,4,2,5,654,142,10,30,85,4,38,2,83,6,328,0,66,1478,3355,537,478,807,115,14,0.1600596125186289,0.14247391952309985,0.2405365126676602,0.0351713859910581,0.0524590163934426,DATASET_03_2014,West Bengal_Alipurduar_2014,1.0,535,0.035171385991058124,0.05245901639344262,0.014605067064083458,0.0005961251862891207,0.19493293591654248,0.0014903129657228018,395,0
West Bengal,Asansol-Durgapur PC,2014,52,165,13,58,0,134,5,12,10,642,290,185,101,153,10,2,28,160,1,496,0,212,1939,4738,743,599,959,254,195,0.1568172224567328,0.12642465175179401,0.202406078514141,0.0122414520894892,0.0282819755170958,DATASET_03_2014,West Bengal_Asansol-Durgapur PC_2014,1.0,715,0.012241452089489235,0.028281975517095822,0.010975094976783452,0.002532714225411566,0.1355002110595188,0.002110595187842972,439,0
West Bengal,Bankura,2014,75,106,6,79,1,71,5,32,11,241,44,162,48,74,22,100,18,121,0,316,0,201,1183,3049,534,495,333,122,184,0.1751393899639226,0.16234831092161364,0.10921613643817644,0.0259101344703181,0.0232863233847163,DATASET_03_2014,West Bengal_Bankura_2014,1.0,517,0.025910134470318136,0.0232863233847163,0.02459822892751722,0.010495244342407346,0.07904230895375533,0.0036077402427025255,374,0
West Bengal,Barrackpur PC,2014,86,199,16,77,0,354,3,13,0,1220,342,73,93,506,1,1877,21,201,2,1205,0,230,2086,8087,1506,949,1578,599,74,0.18622480524298257,0.11734883145789539,0.1951279831828861,0.0095214541857301,0.0437739582045257,DATASET_03_2014,West Bengal_Barrackpur PC_2014,1.0,1485,0.009521454185730185,0.04377395820452578,0.010634351428218128,0.0016075182391492519,0.15085940398169903,0.0,748,0
West Bengal,Bidhannagar PC,2014,18,12,2,24,0,102,1,8,7,568,175,63,87,228,2,222,6,97,9,364,0,52,879,3014,500,264,759,315,65,0.16589250165892502,0.08759124087591241,0.2518248175182482,0.0079628400796284,0.0338420703384207,DATASET_03_2014,West Bengal_Bidhannagar PC_2014,1.0,494,0.007962840079628402,0.0338420703384207,0.005972130059721301,0.0026542800265428003,0.18845388188453882,0.00232249502322495,167,0
West Bengal,Birbhum,2014,110,198,9,82,0,125,11,43,13,385,153,235,16,137,14,1329,8,99,0,412,0,267,433,3749,601,677,605,153,249,0.16030941584422512,0.18058148839690585,0.16137636703120833,0.0218724993331555,0.0333422245932248,DATASET_03_2014,West Bengal_Birbhum_2014,1.0,593,0.021872499333155507,0.03334222459322486,0.029341157642037877,0.011469725260069352,0.10269405174713257,0.0034675913576953854,578,0
West Bengal,Burdwan,2014,133,461,28,121,0,241,7,28,5,732,164,269,45,392,40,444,12,273,0,712,0,481,3018,7694,1118,1292,936,437,309,0.14530803223290875,0.16792305692747594,0.12165323628801664,0.0157265401611645,0.0313231089160384,DATASET_03_2014,West Bengal_Burdwan_2014,1.0,1106,0.015726540161164544,0.03132310891603847,0.017286197036651938,0.00363919937613725,0.09513906940473096,0.0006498570314530804,1019,0
West Bengal,Coochbehar,2014,80,134,10,141,0,416,0,8,6,387,160,59,16,110,57,1604,21,151,3,697,0,142,1466,5142,1013,940,561,126,116,0.1970050563982886,0.18280824581874758,0.10910151691948658,0.0274212368728121,0.0809023726176585,DATASET_03_2014,West Bengal_Coochbehar_2014,1.0,992,0.027421236872812137,0.0809023726176585,0.015558148580318941,0.0015558148580318942,0.07526254375729288,0.0011668611435239206,789,0
West Bengal,Dakshin Dinajpur,2014,44,158,5,64,0,206,1,4,2,200,53,10,4,51,8,790,13,51,5,356,0,130,396,2372,489,533,260,55,18,0.20615514333895446,0.22470489038785835,0.10961214165261383,0.026981450252951,0.0868465430016863,DATASET_03_2014,West Bengal_Dakshin Dinajpur_2014,1.0,476,0.026981450252951095,0.08684654300168634,0.01854974704890388,0.0016863406408094434,0.08431703204047218,0.0008431703204047217,482,0
West Bengal,Darjeeling,2014,29,39,7,60,0,65,0,9,3,368,90,7,75,47,17,804,0,95,3,216,0,100,624,2418,374,304,470,122,24,0.15467328370554176,0.12572373862696443,0.19437551695616212,0.0248138957816377,0.0268817204301075,DATASET_03_2014,West Bengal_Darjeeling_2014,1.0,374,0.02481389578163772,0.026881720430107527,0.011993382961124897,0.0037220843672456576,0.152191894127378,0.0012406947890818859,209,0
West Bengal,Hooghly,2014,125,38,20,110,0,355,4,20,12,1076,294,376,48,592,66,144,34,226,6,1345,0,366,3284,8858,1721,898,1406,640,442,0.1942876495822985,0.10137728606909009,0.1587265748475954,0.0124181530819598,0.0400767667645066,DATASET_03_2014,West Bengal_Hooghly_2014,1.0,1687,0.01241815308195981,0.04007676676450666,0.014111537593136148,0.002257846014901784,0.12147211560171596,0.0013547076089410702,672,0
West Bengal,Howrah G. R. P.,2014,82,246,8,77,0,181,2,9,22,284,82,127,82,143,26,1664,5,181,3,796,0,238,1373,5259,1062,786,399,225,153,0.20193953223046207,0.14945807187678267,0.07586993725042784,0.0146415668378018,0.034417189579768,DATASET_03_2014,West Bengal_Howrah G. R. P._2014,1.0,1057,0.014641566837801864,0.03441718957976802,0.015592317931165622,0.0017113519680547634,0.05400266210306142,0.004183304810800532,605,0
West Bengal,Howrah PC,2014,43,28,7,43,0,202,2,29,9,1126,218,32,121,375,15,659,4,318,26,557,0,105,2349,6273,948,672,1384,496,47,0.15112386417981827,0.10712577714012435,0.22062808863382752,0.0068547744300972,0.032201498485573,DATASET_03_2014,West Bengal_Howrah PC_2014,1.0,944,0.006854774430097242,0.03220149848557309,0.006854774430097242,0.004622987406344652,0.17949944205324406,0.0014347202295552368,354,0
West Bengal,Howrah Rural,2014,11,6,0,3,0,5,4,2,0,288,0,1,0,10,0,0,1,13,0,0,0,0,56,445,17,44,294,10,1,0.038202247191011236,0.09887640449438202,0.6606741573033708,0.0067415730337078,0.0112359550561797,DATASET_03_2014,West Bengal_Howrah Rural_2014,1.0,16,0.006741573033707865,0.011235955056179775,0.024719101123595506,0.0044943820224719105,0.647191011235955,0.0,31,1
West Bengal,Jalpaiguri,2014,57,60,15,129,0,218,0,9,6,764,199,11,26,30,5,84,16,199,1,518,0,193,1229,3832,863,687,978,56,16,0.22520876826722339,0.17927974947807934,0.25521920668058456,0.0336638830897703,0.0568893528183716,DATASET_03_2014,West Bengal_Jalpaiguri_2014,1.0,847,0.033663883089770356,0.05688935281837161,0.014874739039665972,0.002348643006263048,0.19937369519832984,0.0015657620041753654,488,0
West Bengal,Jhargram Police District,2014,28,11,1,29,0,25,1,4,9,113,16,26,10,15,4,78,3,70,1,96,0,45,216,803,199,169,143,25,30,0.24782067247820672,0.21046077210460773,0.1780821917808219,0.0361145703611457,0.0311332503113325,DATASET_03_2014,West Bengal_Jhargram Police District_2014,1.0,196,0.0361145703611457,0.031133250311332503,0.034869240348692404,0.0049813200498132005,0.14072229140722292,0.0112079701120797,99,0
West Bengal,Kharagpur G. R. P.,2014,7,0,0,0,0,3,0,2,0,155,1,2,1,3,0,2,0,6,0,0,0,3,23,213,6,18,158,4,2,0.028169014084507043,0.08450704225352113,0.7417840375586855,0.0,0.0140845070422535,DATASET_03_2014,West Bengal_Kharagpur G. R. P._2014,1.0,6,0.0,0.014084507042253521,0.03286384976525822,0.009389671361502348,0.7276995305164319,0.0,12,1
West Bengal,Kolkata,2014,83,102,27,154,0,423,4,33,66,4623,759,316,384,2027,0,1834,12,585,288,1156,3,470,10287,26668,2198,1411,5485,2411,316,0.0824208789560522,0.05290985450727464,0.20567721613919304,0.0057747112644367,0.0158617069146542,DATASET_03_2014,West Bengal_Kolkata_2014,1.0,2183,0.005774711264436778,0.01586170691465427,0.003112344382780861,0.0012374381280935954,0.17335383230838458,0.002474876256187191,826,0
West Bengal,Malda,2014,102,664,23,252,0,340,9,26,7,429,232,46,0,114,41,2625,31,331,29,796,0,245,1108,6432,1439,1747,703,114,87,0.22372512437810946,0.27161069651741293,0.10929726368159204,0.0391791044776119,0.0528606965174129,DATASET_03_2014,West Bengal_Malda_2014,1.0,1408,0.03917910447761194,0.05286069651741294,0.01585820895522388,0.00404228855721393,0.06669776119402986,0.0010883084577114428,1416,0
West Bengal,Murshidabad,2014,158,2249,22,474,0,596,2,19,3,947,338,84,92,182,31,7625,36,526,16,2448,0,387,1665,14762,3500,4046,1309,274,115,0.23709524454680939,0.27408210269611166,0.08867362146050671,0.0321094702614821,0.0403739330713995,DATASET_03_2014,West Bengal_Murshidabad_2014,1.0,3464,0.032109470261482184,0.04037393307139954,0.010703156753827395,0.0012870884703969651,0.06415119902452242,0.0002032244953258366,3520,0
West Bengal,Nadia,2014,166,654,18,204,0,463,13,41,1,1017,254,133,101,380,13,2210,50,192,8,1851,1,333,4061,11790,2306,1751,1326,481,146,0.19558948261238338,0.14851569126378286,0.11246819338422392,0.0173027989821882,0.0392705682782018,DATASET_03_2014,West Bengal_Nadia_2014,1.0,2255,0.017302798982188294,0.03927056827820186,0.014079728583545377,0.003477523324851569,0.08625954198473282,8.481764206955047e-05,1559,0
West Bengal,Paschim Medinipur,2014,104,264,11,91,0,208,3,47,6,745,288,243,67,111,14,177,21,558,34,872,0,343,1387,5791,1576,1286,1089,178,257,0.2721464341219133,0.22206872733552063,0.18805042307028147,0.0157140390260749,0.0359178034881713,DATASET_03_2014,West Bengal_Paschim Medinipur_2014,1.0,1555,0.015714039026074943,0.0359178034881713,0.01795890174408565,0.008116042134346399,0.1286479019167674,0.0010360904852357105,728,0
West Bengal,Purab Medinipur,2014,100,81,9,112,0,317,6,25,7,544,158,434,188,119,30,22,27,159,6,983,1,361,2647,6778,1288,809,740,307,464,0.19002655650634406,0.11935674240188847,0.10917674830333432,0.016524048391856,0.0467689583948067,DATASET_03_2014,West Bengal_Purab Medinipur_2014,1.0,1260,0.016524048391856005,0.04676895839480673,0.014753614635585718,0.0036884036588964294,0.08025966361758631,0.0010327530244910003,650,0
West Bengal,Purulia,2014,72,61,10,72,0,54,5,17,4,190,29,71,20,30,9,475,4,142,1,188,0,127,365,1800,407,433,245,50,80,0.22611111111111112,0.24055555555555555,0.1361111111111111,0.04,0.03,DATASET_03_2014,West Bengal_Purulia_2014,1.0,403,0.04,0.03,0.04,0.009444444444444445,0.10555555555555556,0.0022222222222222222,291,0
West Bengal,Sealdah G. R. P.,2014,23,11,0,7,0,20,0,0,0,346,2,5,2,10,0,117,1,46,4,1,0,0,30,655,59,107,348,12,5,0.0900763358778626,0.1633587786259542,0.5312977099236641,0.0106870229007633,0.0305343511450381,DATASET_03_2014,West Bengal_Sealdah G. R. P._2014,1.0,58,0.010687022900763359,0.030534351145038167,0.035114503816793895,0.0,0.5282442748091603,0.0,61,1
West Bengal,Siliguri G. R. P.,2014,8,2,0,1,0,4,1,1,0,148,0,0,0,0,0,0,0,9,0,0,0,0,45,220,10,26,150,0,0,0.045454545454545456,0.11818181818181818,0.6818181818181818,0.0045454545454545,0.0181818181818181,DATASET_03_2014,West Bengal_Siliguri G. R. P._2014,1.0,10,0.004545454545454545,0.01818181818181818,0.03636363636363636,0.004545454545454545,0.6727272727272727,0.0,17,1
West Bengal,Siliguri PC,2014,46,49,7,72,0,154,0,15,3,1125,450,6,77,289,4,529,2,165,17,503,0,113,1293,4623,759,508,1593,366,10,0.16417910447761194,0.1098853558295479,0.3445814406229721,0.0155743024010382,0.0333117023577763,DATASET_03_2014,West Bengal_Siliguri PC_2014,1.0,757,0.015574302401038288,0.033311702357776335,0.009950248756218905,0.003244646333549643,0.24334847501622323,0.0006489292667099286,343,0
West Bengal,Uttar Dinajpur,2014,90,346,10,187,0,350,9,63,4,721,204,29,43,161,47,5584,9,157,13,779,0,2,1741,8312,1145,1212,1001,204,76,0.13775264677574592,0.14581328200192492,0.12042829643888354,0.0224975938402309,0.0421077959576515,DATASET_03_2014,West Bengal_Uttar Dinajpur_2014,1.0,1136,0.022497593840230992,0.042107795957651586,0.01082771896053898,0.007579403272377286,0.08674205967276227,0.00048123195380173246,1055,0
A&N Islands,South Andaman,2014,5,10,2,19,0,14,0,2,53,35,3,10,4,66,3,40,3,27,4,10,0,18,91,556,63,79,93,70,13,0.11330935251798561,0.1420863309352518,0.1672661870503597,0.0341726618705036,0.0251798561151079,DATASET_03_2014,A&N Islands_South Andaman_2014,1.0,60,0.0341726618705036,0.025179856115107913,0.008992805755395683,0.0035971223021582736,0.06294964028776978,0.09532374100719425,52,0
A&N Islands,North & Middle Andaman,2014,2,1,2,11,0,8,0,0,8,10,1,0,1,5,1,18,0,14,1,4,0,4,38,159,30,38,19,6,1,0.18867924528301888,0.2389937106918239,0.11949685534591195,0.0691823899371069,0.050314465408805,DATASET_03_2014,A&N Islands_North & Middle Andaman_2014,1.0,30,0.06918238993710692,0.050314465408805034,0.012578616352201259,0.0,0.06289308176100629,0.050314465408805034,24,1
A&N Islands,Nicobar,2014,1,0,0,2,0,0,0,0,3,0,0,0,1,0,1,0,0,0,0,0,0,2,12,31,2,3,3,1,1,0.06451612903225806,0.0967741935483871,0.0967741935483871,0.064516129032258,0.0,DATASET_03_2014,A&N Islands_Nicobar_2014,1.0,2,0.06451612903225806,0.0,0.03225806451612903,0.0,0.0,0.0967741935483871,3,1
Chandigarh,Chandigarh,2014,24,33,6,59,0,187,6,65,134,1260,817,33,23,247,13,38,2,87,2,141,0,97,480,3221,291,467,2282,270,46,0.09034461347407638,0.14498602918348338,0.7084756286867433,0.0183172927662216,0.0580565041912449,DATASET_03_2014,Chandigarh_Chandigarh_2014,1.0,289,0.018317292766221672,0.05805650419124495,0.007451102142191866,0.020180068301769636,0.39118286246507294,0.04160198696057125,380,0
D&N Haveli,D&N Haveli,2014,4,1,2,5,0,14,0,2,15,38,13,6,1,22,5,26,0,2,1,6,0,65,30,277,14,30,68,23,11,0.05054151624548736,0.10830324909747292,0.24548736462093862,0.0180505415162454,0.0505415162454873,DATASET_03_2014,D&N Haveli_D&N Haveli_2014,1.0,14,0.018050541516245487,0.05054151624548736,0.01444043321299639,0.007220216606498195,0.1371841155234657,0.05415162454873646,28,1
Daman & Diu,Daman,2014,6,4,0,2,0,10,0,5,21,29,22,4,1,36,0,26,0,2,0,1,0,11,30,198,5,29,77,37,4,0.025252525252525252,0.14646464646464646,0.3888888888888889,0.0101010101010101,0.0505050505050505,DATASET_03_2014,Daman & Diu_Daman_2014,1.0,5,0.010101010101010102,0.050505050505050504,0.030303030303030304,0.025252525252525252,0.14646464646464646,0.10606060606060606,27,1
Daman & Diu,Diu,2014,1,2,0,0,0,0,0,0,0,2,2,0,0,2,0,4,0,1,0,0,0,6,7,35,1,4,4,2,0,0.02857142857142857,0.11428571428571428,0.11428571428571428,0.0,0.0,DATASET_03_2014,Daman & Diu_Diu_2014,1.0,1,0.0,0.0,0.02857142857142857,0.0,0.05714285714285714,0.0,3,1
Delhi UT,Central,2014,30,44,11,91,0,305,4,288,576,4124,1132,6,45,287,0,74,7,212,37,99,0,87,2120,8932,446,985,6124,332,6,0.04993282579489476,0.11027765338110165,0.6856247201074788,0.0101880877742946,0.0341468875951634,DATASET_03_2014,Delhi UT_Central_2014,1.0,439,0.01018808777429467,0.034146887595163454,0.0033587102552619795,0.032243618450515,0.46171070309001344,0.06448723690103,773,0
Delhi UT,Crime Branch,2014,0,3,0,1,0,1,0,0,0,0,0,0,0,35,0,0,0,1,0,0,0,0,4,52,2,6,0,35,0,0.038461538461538464,0.11538461538461539,0.0,0.0192307692307692,0.0192307692307692,DATASET_03_2014,Delhi UT_Crime Branch_2014,1.0,2,0.019230769230769232,0.019230769230769232,0.0,0.0,0.0,0.0,5,1
Delhi UT,East,2014,61,93,5,230,0,678,2,789,999,9437,3113,24,77,528,19,70,15,446,114,477,0,131,3370,18642,1282,2304,14340,605,43,0.06876944533848299,0.12359188928226585,0.7692307692307693,0.0123377320030039,0.0363694882523334,DATASET_03_2014,Delhi UT_East_2014,1.0,1267,0.01233773200300397,0.03636948825233344,0.0032721810964488787,0.04232378500160927,0.5062225083145585,0.05358867074348246,1858,0
Delhi UT,EOW,2014,0,0,0,0,0,0,0,0,0,0,0,0,1,45,0,0,0,2,0,0,0,0,4,85,2,2,0,46,0,0.023529411764705882,0.023529411764705882,0.0,0.0,0.0,DATASET_03_2014,Delhi UT_EOW_2014,1.0,2,0.0,0.0,0.0,0.0,0.0,0.0,0,1
Delhi UT,IGI Airport,2014,1,0,0,0,0,3,0,3,1,157,8,0,4,14,0,2,0,12,4,0,0,7,49,453,16,19,169,18,0,0.03532008830022075,0.04194260485651214,0.3730684326710817,0.0,0.0066225165562913,DATASET_03_2014,Delhi UT_IGI Airport_2014,1.0,16,0.0,0.006622516556291391,0.002207505518763797,0.006622516556291391,0.3465783664459161,0.002207505518763797,7,1
Delhi UT,Metro,2014,0,3,0,1,0,10,0,4,2,2198,26,1,10,17,1,4,0,28,3,0,0,2,26,2309,32,46,2230,27,2,0.013858813339107838,0.01992204417496752,0.9657860545690775,0.0004330879168471,0.0043308791684712,DATASET_03_2014,Delhi UT_Metro_2014,1.0,32,0.00043308791684711995,0.0043308791684712,0.0,0.0017323516673884798,0.9519272412299696,0.0008661758336942399,18,1
Delhi UT,New Delhi,2014,6,8,2,20,0,44,0,63,53,1252,163,22,20,109,8,7,2,56,18,15,0,59,106,2421,111,199,1531,129,30,0.04584882280049566,0.0821974390747625,0.6323833126807105,0.0082610491532424,0.0181743081371334,DATASET_03_2014,Delhi UT_New Delhi_2014,1.0,109,0.008261049153242462,0.018174308137133416,0.0024783147459727386,0.026022304832713755,0.5171416769929781,0.021891780256092525,143,0
Delhi UT,North,2014,31,28,8,60,0,279,9,353,653,4309,899,14,49,317,11,56,6,180,18,117,0,151,996,8201,381,948,6223,366,25,0.046457749054993294,0.11559565906596757,0.7588099012315571,0.0073161809535422,0.0340202414339714,DATASET_03_2014,Delhi UT_North_2014,1.0,375,0.007316180953542251,0.03402024143397147,0.0037800268259968297,0.043043531276673576,0.5254237288135594,0.07962443604438484,768,0
Delhi UT,North-East,2014,84,110,5,237,0,1047,14,1286,1049,8185,3679,25,53,353,19,135,27,492,50,349,0,120,2414,16904,1155,3275,14213,406,44,0.06832702318977757,0.1937411263606247,0.8408069096071935,0.0140203502129673,0.0619380028395646,DATASET_03_2014,Delhi UT_North-East_2014,1.0,1128,0.014020350212967344,0.0619380028395646,0.0049692380501656416,0.07607666824420256,0.4842049219119735,0.06205631803123521,2783,0
Delhi UT,North-West,2014,48,81,1,165,0,663,13,734,935,7341,1957,8,57,389,10,185,14,404,51,246,0,186,1075,13251,880,2109,10980,446,18,0.0664100822579428,0.15915779941136518,0.8286167081729681,0.0124518904233642,0.0500339597011546,DATASET_03_2014,Delhi UT_North-West_2014,1.0,866,0.012451890423364274,0.05003395970115463,0.003622368123160516,0.05539204588332956,0.5539959248358615,0.07056071239906422,1705,0
Delhi UT,Outer,2014,87,89,3,259,0,1198,11,1009,1842,10031,2656,13,97,431,31,149,22,428,146,521,0,353,2501,20320,1376,3084,15549,528,44,0.06771653543307087,0.1517716535433071,0.7652066929133858,0.0127460629921259,0.0589566929133858,DATASET_03_2014,Delhi UT_Outer_2014,1.0,1354,0.012746062992125985,0.05895669291338582,0.004281496062992126,0.04965551181102362,0.4936515748031496,0.09064960629921259,2656,0
Delhi UT,RAILWAY,2014,10,4,0,1,0,38,1,62,0,1455,13,3,5,6,0,12,0,19,1,0,0,2,198,1816,21,135,1531,11,3,0.011563876651982379,0.07433920704845814,0.8430616740088106,0.0005506607929515,0.0209251101321585,DATASET_03_2014,Delhi UT_RAILWAY_2014,1.0,21,0.0005506607929515419,0.02092511013215859,0.005506607929515419,0.034140969162995596,0.8012114537444934,0.0,116,1
Delhi UT,South,2014,40,58,5,280,0,627,2,496,1249,8670,2418,16,68,563,32,162,6,595,665,143,0,190,2217,17371,1689,2103,12835,631,48,0.09723101721259571,0.12106384203557653,0.7388751367221231,0.0161188187208566,0.0360946404927753,DATASET_03_2014,Delhi UT_South_2014,1.0,1683,0.0161188187208566,0.03609464049277532,0.0023026883886938,0.02855333601980312,0.49910770824938117,0.0719014449369639,1508,0
Delhi UT,South-East,2014,67,83,7,266,0,683,11,394,1065,7557,2477,20,76,430,20,215,24,469,123,312,0,210,1739,14914,1194,1980,11504,506,40,0.08005900496178088,0.13276116400697333,0.7713557730991015,0.0178355907201287,0.0457958964731125,DATASET_03_2014,Delhi UT_South-East_2014,1.0,1170,0.01783559072012874,0.04579589647311251,0.004492423226498592,0.026418130615529032,0.5067051092932815,0.07140941397344777,1511,0
Delhi UT,South-West,2014,66,88,5,234,0,719,10,403,913,4632,1492,5,42,519,21,129,17,494,68,318,0,215,1369,11320,1131,2019,7450,561,26,0.09991166077738516,0.17835689045936395,0.6581272084805654,0.0206713780918727,0.0635159010600706,DATASET_03_2014,Delhi UT_South-West_2014,1.0,1114,0.02067137809187279,0.06351590106007067,0.005830388692579506,0.03560070671378092,0.4091872791519435,0.08065371024734982,1525,0
Delhi UT,Spl Cell,2014,0,1,0,0,0,0,0,0,0,1,0,0,0,3,0,0,0,0,0,0,0,0,2,14,0,1,1,3,0,0.0,0.07142857142857142,0.07142857142857142,0.0,0.0,DATASET_03_2014,Delhi UT_Spl Cell_2014,1.0,0,0.0,0.0,0.0,0.0,0.07142857142857142,0.0,1,1
Delhi UT,SPUWAC,2014,0,0,0,0,0,0,0,0,0,0,0,0,1,0,0,0,0,0,0,160,0,0,0,161,160,0,0,1,0,0.9937888198757764,0.0,0.0,0.0,0.0,DATASET_03_2014,Delhi UT_SPUWAC_2014,1.0,160,0.0,0.0,0.0,0.0,0.0,0.0,0,1
Delhi UT,Vigilance,2014,0,0,0,0,0,0,0,0,0,0,0,0,0,0,0,0,0,0,0,0,0,0,0,0,0,0,0,0,0,,,,,,DATASET_03_2014,Delhi UT_Vigilance_2014,1.0,0,,,,,,,0,1
Delhi UT,West,2014,55,77,6,251,0,848,5,580,972,9404,3351,3,71,555,18,149,13,484,63,416,0,246,3206,18488,1227,2306,14312,626,21,0.06636737343141497,0.12472955430549545,0.7741237559498053,0.013576373864128,0.0458675897879705,DATASET_03_2014,Delhi UT_West_2014,1.0,1214,0.013576373864128083,0.04586758978797058,0.0029749026395499783,0.03137170056252704,0.5086542622241453,0.052574643011683256,1822,0
Lakshadweep,Lakshadweep,2014,0,0,0,1,0,0,0,0,10,15,0,9,2,0,5,2,0,1,2,0,0,0,30,81,4,2,25,2,14,0.04938271604938271,0.024691358024691357,0.30864197530864196,0.0123456790123456,0.0,DATASET_03_2014,Lakshadweep_Lakshadweep_2014,1.0,4,0.012345679012345678,0.0,0.0,0.0,0.18518518518518517,0.12345679012345678,1,1
Puducherry,Karaikal,2014,6,1,0,3,0,1,1,1,18,33,11,5,1,4,0,16,0,12,1,1,0,44,322,671,17,25,64,5,5,0.02533532041728763,0.037257824143070044,0.09538002980625931,0.0044709388971684,0.0014903129657228,DATASET_03_2014,Puducherry_Karaikal_2014,1.0,17,0.004470938897168405,0.0014903129657228018,0.00894187779433681,0.0014903129657228018,0.04918032786885246,0.026825633383010434,13,1
Puducherry,Puducherry,2014,19,14,3,7,1,12,2,5,43,391,274,34,6,55,1,194,1,20,7,3,0,165,1014,2913,38,82,715,61,35,0.013044970820460007,0.02814967387572949,0.24545142464812908,0.002403020940611,0.0041194644696189,DATASET_03_2014,Puducherry_Puducherry_2014,1.0,38,0.002403020940611054,0.004119464469618949,0.006522485410230003,0.0017164435290078957,0.13422588396841745,0.014761414349467903,62,0
