MURDER,ATTEMPT_MURDER,CULPABLE_HOMICIDE,RAPE,CUSTODIAL_RAPE,KIDNAPPING_ABDUCTION,DACOITY,ROBBERY,BURGLARY,THEFT,AUTO_THEFT,RIOTS,CRIMINAL_BREACH_TRUST,CHEATING,ARSON,DOWRY_DEATHS,ASSAULT_WOMEN,INSULT_WOMEN,CRUELTY_WOMEN,IMPORTATION_GIRLS,DEATH_BY_NEGLIGENCE,OTHER_IPC,TOTAL_IPC,WOMEN_CRIME_CORE_TOTAL,VIOLENT_CRIME,PROPERTY_CRIME,ECONOMIC_OFFENCES,PUBLIC_ORDER_CRIME,WOMEN_CRIME_SHARE,YEAR,NEXT_YEAR_WOMEN_CRIME_SHARE,TARGET_YEAR,STATE_UT,DISTRICT,REPORTING_UNIT_KEY,TEST_ROW_ID,PREDICTED_WOMEN_CRIME_SHARE,PREDICTED_WOMEN_CRIME_SHARE_CLIPPED,ABSOLUTE_ERROR,STATE_KEY,DISTRICT_KEY,GIS_EXACT_MATCH,GIS_MATCH_TYPE,GIS_MAPPED_STATE_KEY,GIS_MAPPED_DISTRICT_KEY,GIS_MAPPED,PREDICTED_RISK_BAND
96,72,13,61,0,65,2,14,274,377,86,58,93,254,30,12,197,138,464,0,376,1390,6381,872,520,753,347,88,0.1366556965992791,2013,0.1274022531477799,2014,Andhra Pradesh,ADILABAD,ANDHRA_PRADESH_TELANGANA_FAMILY||ADILABAD,2,0.1228549296254983,0.1228549296254983,0.0045473235222815,ANDHRA PRADESH TELANGANA,ADILABAD,True,EXACT,ANDHRA PRADESH TELANGANA,ADILABAD,True,HIGH
156,149,3,28,0,110,5,23,279,597,154,56,5,160,29,23,337,43,161,0,573,1634,6913,592,811,1058,165,85,0.0856357587154636,2013,0.0820200573065902,2014,Andhra Pradesh,ANANTAPUR,ANDHRA_PRADESH_TELANGANA_FAMILY||ANANTAPUR,5,0.073122767740182,0.073122767740182,0.0088972895664082,ANDHRA PRADESH TELANGANA,ANANTAPUR,True,EXACT,ANDHRA PRADESH TELANGANA,ANANTAPUR,True,MEDIUM
72,61,2,31,0,52,3,11,157,512,158,57,17,238,18,13,119,84,435,0,546,2239,5610,682,351,841,255,75,0.1215686274509803,2013,0.1034611090435429,2014,Andhra Pradesh,CHITTOOR,ANDHRA_PRADESH_TELANGANA_FAMILY||CHITTOOR,8,0.1090077120137722,0.1090077120137722,0.0055466029702293,ANDHRA PRADESH TELANGANA,CHITTOOR,True,EXACT,ANDHRA PRADESH TELANGANA,CHITTOOR,True,HIGH
93,107,7,19,0,84,2,9,220,702,255,156,81,317,34,9,318,163,207,0,464,1741,7048,716,639,1188,398,190,0.1015891032917139,2013,0.0623815267964845,2014,Andhra Pradesh,CUDDAPAH,ANDHRA_PRADESH_TELANGANA_FAMILY||CUDDAPAH,11,0.0935994449882871,0.0935994449882871,0.0312179181918025,ANDHRA PRADESH TELANGANA,CUDDAPAH,False,UNMATCHED,,,False,HIGH
162,123,16,138,0,192,15,89,1318,4779,1761,34,179,2111,40,43,350,338,1526,0,1104,3139,19992,2395,1085,7962,2290,74,0.119797919167667,2013,0.1120086997048314,2014,Andhra Pradesh,CYBERABAD,ANDHRA_PRADESH_TELANGANA_FAMILY||CYBERABAD,14,0.0948992982555709,0.0948992982555709,0.0171094014492604,ANDHRA PRADESH TELANGANA,CYBERABAD,False,UNMATCHED,,,False,HIGH
68,71,6,74,0,63,3,15,326,788,310,50,86,222,21,15,352,222,483,0,525,1082,6779,1146,652,1442,308,71,0.1690514825195456,2013,0.1490170380078637,2014,Andhra Pradesh,EAST GODAVARI,ANDHRA_PRADESH_TELANGANA_FAMILY||EAST GODAVARI,17,0.1360634660374786,0.1360634660374786,0.012953571970385,ANDHRA PRADESH TELANGANA,EAST GODAVARI,True,EXACT,ANDHRA PRADESH TELANGANA,EAST GODAVARI,True,HIGH
110,87,1,38,0,61,4,21,192,675,200,41,41,305,21,16,296,135,608,0,449,1569,7026,1093,618,1092,346,62,0.1555650441218332,2013,0.1610845295055821,2014,Andhra Pradesh,GUNTUR,ANDHRA_PRADESH_TELANGANA_FAMILY||GUNTUR,22,0.1231827897785551,0.1231827897785551,0.0379017397270269,ANDHRA PRADESH TELANGANA,GUNTUR,True,EXACT,ANDHRA PRADESH TELANGANA,GUNTUR,True,HIGH
44,51,3,28,0,46,2,26,190,991,408,11,15,372,14,7,124,93,326,0,226,1123,4878,578,324,1617,387,25,0.1184911849118491,2013,0.1740255260434632,2014,Andhra Pradesh,GUNTUR URBAN,ANDHRA_PRADESH_TELANGANA_FAMILY||GUNTUR URBAN,25,0.0853320029616584,0.0853320029616584,0.0886935230818047,ANDHRA PRADESH TELANGANA,GUNTUR URBAN,False,UNMATCHED,,,False,MEDIUM
120,145,5,101,0,131,6,47,658,4166,1353,118,75,2382,62,39,225,90,1480,0,527,2839,16355,1935,780,6230,2457,180,0.1183124426780801,2013,0.1012143611404435,2014,Andhra Pradesh,HYDERABAD CITY,ANDHRA_PRADESH_TELANGANA_FAMILY||HYDERABAD CITY,28,0.1085898680143999,0.1085898680143999,0.0073755068739564,ANDHRA PRADESH TELANGANA,HYDERABAD CITY,False,UNMATCHED,,,False,HIGH
101,89,10,57,0,118,3,20,349,771,242,96,120,706,45,39,354,276,670,0,535,1881,8836,1396,752,1385,826,141,0.1579900407424173,2013,0.1364314645065018,2014,Andhra Pradesh,KARIMNAGAR,ANDHRA_PRADESH_TELANGANA_FAMILY||KARIMNAGAR,31,0.1319698352194664,0.1319698352194664,0.0044616292870353,ANDHRA PRADESH TELANGANA,KARIMNAGAR,True,EXACT,ANDHRA PRADESH TELANGANA,KARIMNAGAR,True,HIGH
103,99,10,100,0,114,6,16,455,887,340,135,52,636,42,15,254,297,768,0,483,3864,10607,1434,702,1704,688,177,0.13519373998303,2013,0.1028851388132825,2014,Andhra Pradesh,KHAMMAM,ANDHRA_PRADESH_TELANGANA_FAMILY||KHAMMAM,34,0.123780024039094,0.123780024039094,0.0208948852258115,ANDHRA PRADESH TELANGANA,KHAMMAM,True,EXACT,ANDHRA PRADESH TELANGANA,KHAMMAM,True,HIGH
56,46,0,58,0,54,0,18,316,579,154,15,31,203,45,14,387,274,708,0,404,1059,6876,1441,619,1067,234,60,0.2095695171611402,2013,0.1818310257134784,2014,Andhra Pradesh,KRISHNA,ANDHRA_PRADESH_TELANGANA_FAMILY||KRISHNA,37,0.1281356746522151,0.1281356746522151,0.0536953510612633,ANDHRA PRADESH TELANGANA,KRISHNA,True,EXACT,ANDHRA PRADESH TELANGANA,KRISHNA,True,HIGH
127,175,0,26,0,72,12,27,252,565,21,128,16,506,35,11,374,199,203,0,478,1852,7595,813,813,877,522,163,0.1070441079657669,2013,0.1262205286973088,2014,Andhra Pradesh,KURNOOL,ANDHRA_PRADESH_TELANGANA_FAMILY||KURNOOL,40,0.090709584141267,0.090709584141267,0.0355109445560417,ANDHRA PRADESH TELANGANA,KURNOOL,True,EXACT,ANDHRA PRADESH TELANGANA,KURNOOL,True,HIGH
128,77,6,64,0,44,3,14,414,775,245,45,25,358,58,25,169,73,476,0,733,1591,7054,807,505,1451,383,103,0.1144031755032605,2013,0.1007069686913865,2014,Andhra Pradesh,MEDAK,ANDHRA_PRADESH_TELANGANA_FAMILY||MEDAK,45,0.0899533076840712,0.0899533076840712,0.0107536610073152,ANDHRA PRADESH TELANGANA,MEDAK,True,EXACT,ANDHRA PRADESH TELANGANA,MEDAK,True,HIGH
98,100,5,77,0,118,13,27,375,810,244,231,91,499,49,27,367,313,327,0,746,2701,10291,1111,805,1469,590,280,0.1079584102613934,2013,0.1115193429868165,2014,Andhra Pradesh,NALGONDA,ANDHRA_PRADESH_TELANGANA_FAMILY||NALGONDA,48,0.1044965746737689,0.1044965746737689,0.0070227683130475,ANDHRA PRADESH TELANGANA,NALGONDA,True,EXACT,ANDHRA PRADESH TELANGANA,NALGONDA,True,HIGH
99,110,2,26,0,95,4,41,364,1077,323,29,129,223,29,8,263,221,374,0,455,1239,7326,892,640,1809,352,58,0.1217581217581217,2013,0.1142507645259938,2014,Andhra Pradesh,NELLORE,ANDHRA_PRADESH_TELANGANA_FAMILY||NELLORE,51,0.0901323358872348,0.0901323358872348,0.024118428638759,ANDHRA PRADESH TELANGANA,NELLORE,False,UNMATCHED,,,False,HIGH
117,56,12,49,0,54,5,18,480,1035,338,84,41,373,60,17,142,295,732,0,572,1720,7662,1235,453,1876,414,144,0.1611850691725398,2013,0.1456117963986956,2014,Andhra Pradesh,NIZAMABAD,ANDHRA_PRADESH_TELANGANA_FAMILY||NIZAMABAD,54,0.1390369380326335,0.1390369380326335,0.006574858366062,ANDHRA PRADESH TELANGANA,NIZAMABAD,True,EXACT,ANDHRA PRADESH TELANGANA,NIZAMABAD,True,HIGH
77,101,6,39,0,65,7,30,238,694,233,93,81,294,27,8,298,26,484,0,492,1061,6399,855,623,1202,375,120,0.1336146272855133,2013,0.1057012721847023,2014,Andhra Pradesh,PRAKASHAM,ANDHRA_PRADESH_TELANGANA_FAMILY||PRAKASHAM,57,0.1201379462495439,0.1201379462495439,0.0144366740648416,ANDHRA PRADESH TELANGANA,PRAKASHAM,False,UNMATCHED,,,False,HIGH
14,15,2,14,0,15,1,18,160,314,132,12,22,48,11,2,67,68,209,0,136,365,2251,360,146,625,70,23,0.1599289204797867,2013,0.1547325102880658,2014,Andhra Pradesh,RAJAHMUNDRY,ANDHRA_PRADESH_TELANGANA_FAMILY||RAJAHMUNDRY,60,0.1249597673664213,0.1249597673664213,0.0297727429216444,ANDHRA PRADESH TELANGANA,RAJAHMUNDRY,False,UNMATCHED,,,False,HIGH
80,47,8,37,0,25,1,13,96,173,17,18,9,94,25,14,69,23,168,0,182,482,2191,311,280,300,103,43,0.1419443176631675,2013,0.1533131225638804,2014,Andhra Pradesh,RANGA REDDY,ANDHRA_PRADESH_TELANGANA_FAMILY||RANGA REDDY,63,0.1093572771844877,0.1093572771844877,0.0439558453793926,ANDHRA PRADESH TELANGANA,RANGA REDDY,True,EXACT,ANDHRA PRADESH TELANGANA,RANGA REDDY,True,HIGH
35,49,1,42,0,26,1,11,190,307,72,22,15,153,31,3,207,129,361,0,319,1814,4841,742,372,581,168,53,0.1532741169179921,2013,0.136661730484451,2014,Andhra Pradesh,SRIKAKULAM,ANDHRA_PRADESH_TELANGANA_FAMILY||SRIKAKULAM,68,0.103194489130624,0.103194489130624,0.0334672413538269,ANDHRA PRADESH TELANGANA,SRIKAKULAM,True,EXACT,ANDHRA PRADESH TELANGANA,SRIKAKULAM,True,HIGH
26,21,1,10,0,22,0,15,190,827,326,22,3,197,4,7,45,31,133,0,200,502,2821,226,140,1358,200,26,0.0801134349521446,2013,0.076417419884963,2014,Andhra Pradesh,TIRUPATHI URBAN,ANDHRA_PRADESH_TELANGANA_FAMILY||TIRUPATHI URBAN,71,0.0791609167201288,0.0791609167201288,0.0027434968351658,ANDHRA PRADESH TELANGANA,TIRUPATHI URBAN,False,UNMATCHED,,,False,MEDIUM
29,55,8,48,0,72,2,66,323,2173,783,6,124,459,24,12,249,456,1227,0,325,1359,8978,1992,529,3347,583,30,0.221875696146135,2013,0.1532503809040122,2014,Andhra Pradesh,VIJAYAWADA CITY,ANDHRA_PRADESH_TELANGANA_FAMILY||VIJAYAWADA CITY,74,0.1358646648150541,0.1358646648150541,0.017385716088958,ANDHRA PRADESH TELANGANA,VIJAYAWADA CITY,False,UNMATCHED,,,False,HIGH
46,41,1,32,0,30,1,5,132,329,31,46,6,113,27,8,139,79,210,0,302,548,3238,468,295,498,119,73,0.1445336627547869,2013,0.130118890356671,2014,Andhra Pradesh,VISAKHA RURAL,ANDHRA_PRADESH_TELANGANA_FAMILY||VISAKHA RURAL,79,0.1167513710976508,0.1167513710976508,0.0133675192590201,ANDHRA PRADESH TELANGANA,VISAKHA RURAL,False,UNMATCHED,,,False,HIGH
30,50,1,67,0,58,5,26,355,1203,332,9,64,336,21,8,149,100,548,0,379,2009,6775,872,386,1921,400,30,0.1287084870848708,2013,0.0940734989648033,2014,Andhra Pradesh,VISAKHAPATNAM,ANDHRA_PRADESH_TELANGANA_FAMILY||VISAKHAPATNAM,82,0.0761957985474184,0.0761957985474184,0.0178777004173848,ANDHRA PRADESH TELANGANA,VISAKHAPATNAM,False,UNMATCHED,,,False,MEDIUM
30,38,2,42,0,25,1,7,180,230,2,30,18,124,13,10,165,95,383,0,289,1624,4918,695,310,420,142,43,0.1413176087840585,2013,0.1869140235387991,2014,Andhra Pradesh,VIZIANAGARAM,ANDHRA_PRADESH_TELANGANA_FAMILY||VIZIANAGARAM,85,0.1164088650199504,0.1164088650199504,0.0705051585188487,ANDHRA PRADESH TELANGANA,VIZIANAGARAM,True,EXACT,ANDHRA PRADESH TELANGANA,VIZIANAGARAM,True,HIGH
52,54,4,52,0,63,1,17,256,327,17,140,3,237,0,20,206,10,129,0,290,1769,5421,417,449,618,240,140,0.0769230769230769,2013,0.1093714545041978,2014,Andhra Pradesh,WARANGAL,ANDHRA_PRADESH_TELANGANA_FAMILY||WARANGAL,88,0.0901492240480423,0.0901492240480423,0.0192222304561554,ANDHRA PRADESH TELANGANA,WARANGAL,True,EXACT,ANDHRA PRADESH TELANGANA,WARANGAL,True,HIGH
24,20,2,36,0,56,1,18,197,459,179,51,2,363,20,16,127,81,195,0,198,1131,4440,455,284,854,365,71,0.1024774774774774,2013,0.1073312236286919,2014,Andhra Pradesh,WARANGAL URBAN,ANDHRA_PRADESH_TELANGANA_FAMILY||WARANGAL URBAN,91,0.0909486550661868,0.0909486550661868,0.016382568562505,ANDHRA PRADESH TELANGANA,WARANGAL URBAN,False,UNMATCHED,,,False,HIGH
85,67,2,123,0,96,5,19,490,1090,311,20,57,446,40,16,342,245,855,0,575,1456,8498,1581,739,1915,503,60,0.1860437750058837,2013,0.1562865839381877,2014,Andhra Pradesh,WEST GODAVARI,ANDHRA_PRADESH_TELANGANA_FAMILY||WEST GODAVARI,94,0.1255455887559848,0.1255455887559848,0.0307409951822028,ANDHRA PRADESH TELANGANA,WEST GODAVARI,True,EXACT,ANDHRA PRADESH TELANGANA,WEST GODAVARI,True,HIGH
2,0,0,0,0,0,0,1,2,6,0,0,0,1,0,0,0,0,0,0,6,5,28,0,3,9,1,0,0.0,2013,0.0344827586206896,2014,Arunachal Pradesh,ANJAW,ARUNACHAL PRADESH||ANJAW,97,0.011592893146515,0.011592893146515,0.0228898654741745,ARUNACHAL PRADESH,ANJAW,False,UNMATCHED,,,False,LOW
4,2,0,5,0,11,3,9,15,32,3,4,3,5,1,0,2,0,1,0,4,64,189,8,36,62,8,5,0.0423280423280423,2013,0.0333333333333333,2014,Arunachal Pradesh,CHANGLANG,ARUNACHAL PRADESH||CHANGLANG,100,0.0425510551026933,0.0425510551026933,0.00921772176936,ARUNACHAL PRADESH,CHANGLANG,False,UNMATCHED,,,False,LOW
2,4,0,0,0,2,0,5,10,17,3,1,1,1,1,0,2,0,0,0,6,26,91,2,15,35,2,2,0.0219780219780219,2013,0.25,2014,Arunachal Pradesh,DIBANG VALLEY,ARUNACHAL PRADESH||DIBANG VALLEY,103,0.006427281569701,0.006427281569701,0.2435727184302989,ARUNACHAL PRADESH,DIBANG VALLEY,False,UNMATCHED,,,False,LOW
5,4,0,2,0,16,3,0,12,22,0,2,0,3,0,0,6,0,0,0,4,33,169,8,36,37,3,2,0.0473372781065088,2013,0.0472972972972973,2014,Arunachal Pradesh,KAMENG EAST,ARUNACHAL PRADESH||KAMENG EAST,108,0.0543820449042102,0.0543820449042102,0.0070847476069129,ARUNACHAL PRADESH,KAMENG EAST,False,UNMATCHED,,,False,MEDIUM
8,0,0,2,0,3,2,2,14,35,12,1,2,1,0,0,0,0,0,0,10,78,164,2,17,65,3,1,0.0121951219512195,2013,0.0785714285714285,2014,Arunachal Pradesh,KAMENG WEST,ARUNACHAL PRADESH||KAMENG WEST,111,0.0126970690567718,0.0126970690567718,0.0658743595146566,ARUNACHAL PRADESH,KAMENG WEST,False,UNMATCHED,,,False,LOW
12,4,0,10,0,29,3,9,18,57,14,7,1,2,2,0,10,0,2,0,18,85,330,22,77,101,3,9,0.0666666666666666,2013,0.075,2014,Arunachal Pradesh,LOHIT,ARUNACHAL PRADESH||LOHIT,114,0.0690196304609018,0.0690196304609018,0.0059803695390981,ARUNACHAL PRADESH,LOHIT,False,UNMATCHED,,,False,MEDIUM
2,1,0,1,0,3,0,0,6,11,0,0,0,1,0,0,2,0,0,0,2,26,78,3,9,17,1,0,0.0384615384615384,2013,0.0652173913043478,2014,Arunachal Pradesh,LONGDING,ARUNACHAL PRADESH||LONGDING,115,0.0418273914481319,0.0418273914481319,0.0233899998562158,ARUNACHAL PRADESH,LONGDING,False,UNMATCHED,,,False,LOW
6,0,0,10,0,6,1,7,17,61,11,2,0,5,0,0,6,0,1,0,14,47,217,17,36,97,5,2,0.0783410138248847,2013,0.1469387755102041,2014,Arunachal Pradesh,SIANG EAST,ARUNACHAL PRADESH||SIANG EAST,122,0.0795449219023554,0.0795449219023554,0.0673938536078486,ARUNACHAL PRADESH,SIANG EAST,False,UNMATCHED,,,False,MEDIUM
3,1,0,0,0,2,0,2,5,12,1,0,2,1,1,0,4,0,0,0,2,15,69,4,12,20,3,1,0.0579710144927536,2013,0.05,2014,Arunachal Pradesh,SIANG UPPER,ARUNACHAL PRADESH||SIANG UPPER,125,0.0360180972571286,0.0360180972571286,0.0139819027428713,ARUNACHAL PRADESH,SIANG UPPER,False,UNMATCHED,,,False,LOW
4,4,1,7,0,6,3,10,17,34,8,8,2,5,2,0,9,2,3,0,35,46,263,21,44,72,7,10,0.0798479087452471,2013,0.1124497991967871,2014,Arunachal Pradesh,SIANG WEST,ARUNACHAL PRADESH||SIANG WEST,128,0.083113588117955,0.083113588117955,0.0293362110788321,ARUNACHAL PRADESH,SIANG WEST,False,UNMATCHED,,,False,MEDIUM
4,1,0,5,0,0,1,3,8,18,3,2,0,4,1,0,3,0,0,0,0,32,109,8,17,33,4,3,0.073394495412844,2013,0.0625,2014,Arunachal Pradesh,SUBANSIRI LOWER,ARUNACHAL PRADESH||SUBANSIRI LOWER,131,0.0675797667978217,0.0675797667978217,0.0050797667978217,ARUNACHAL PRADESH,SUBANSIRI LOWER,False,UNMATCHED,,,False,MEDIUM
6,0,0,10,0,5,3,2,5,10,1,1,2,1,6,0,8,0,0,0,2,58,164,18,34,21,3,7,0.1097560975609756,2013,0.1025641025641025,2014,Arunachal Pradesh,SUBANSIRI UPPER,ARUNACHAL PRADESH||SUBANSIRI UPPER,134,0.0751688004526884,0.0751688004526884,0.027395302111414,ARUNACHAL PRADESH,SUBANSIRI UPPER,False,UNMATCHED,,,False,MEDIUM
0,0,0,2,0,1,0,0,3,11,0,0,0,1,0,0,6,0,1,0,7,8,47,9,9,14,1,0,0.1914893617021276,2013,0.025,2014,Arunachal Pradesh,TAWANG,ARUNACHAL PRADESH||TAWANG,137,0.147061213146779,0.147061213146779,0.122061213146779,ARUNACHAL PRADESH,TAWANG,False,UNMATCHED,,,False,HIGH
2,5,0,0,0,3,1,7,10,13,4,1,0,2,1,0,5,0,0,0,2,28,93,5,23,35,2,2,0.053763440860215,2013,0.0427350427350427,2014,Arunachal Pradesh,TIRAP,ARUNACHAL PRADESH||TIRAP,140,0.0395515322899642,0.0395515322899642,0.0031835104450784,ARUNACHAL PRADESH,TIRAP,False,UNMATCHED,,,False,LOW
46,18,0,148,0,349,20,31,335,433,111,236,168,230,19,18,341,0,1016,0,445,4580,8597,1523,953,930,398,255,0.1771548214493428,2013,0.20273851590106,2014,Assam,BARPETA,ASSAM||BARPETA,146,0.1574277085069384,0.1574277085069384,0.0453108073941215,ASSAM,BARPETA,True,EXACT,ASSAM,BARPETA,True,HIGH
20,2,0,68,0,120,7,8,63,127,65,22,15,39,8,9,4,0,100,0,82,769,1565,181,229,270,54,30,0.1156549520766773,2013,0.1235326998323085,2014,Assam,BONGAIGAON,ASSAM||BONGAIGAON,150,0.1104272207552996,0.1104272207552996,0.0131054790770088,ASSAM,BONGAIGAON,True,EXACT,ASSAM,BONGAIGAON,True,HIGH
59,3,0,79,0,227,12,17,206,821,336,226,54,97,52,12,25,0,537,0,94,2278,4880,653,422,1392,151,278,0.133811475409836,2013,0.1312056737588652,2014,Assam,CACHAR,ASSAM||CACHAR,153,0.1326454288917078,0.1326454288917078,0.0014397551328426,ASSAM,CACHAR,True,EXACT,ASSAM,CACHAR,True,HIGH
33,0,0,30,0,70,2,10,20,76,25,35,10,33,12,1,21,0,78,0,17,309,763,130,166,133,43,47,0.1703800786369593,2013,0.149478563151796,2014,Assam,CHIRANG,ASSAM||CHIRANG,156,0.1477932882820967,0.1477932882820967,0.0016852748696992,ASSAM,CHIRANG,True,EXACT,ASSAM,CHIRANG,True,HIGH
35,0,0,92,0,147,6,13,145,225,93,66,44,118,5,3,239,0,378,0,63,581,2459,712,532,482,162,71,0.2895485969906466,2013,0.2727505767751858,2014,Assam,DARRANG,ASSAM||DARRANG,161,0.2299122726136262,0.2299122726136262,0.0428383041615595,ASSAM,DARRANG,True,EXACT,ASSAM,DARRANG,True,HIGH
22,17,0,42,0,99,12,24,49,148,53,24,22,47,8,1,77,0,85,0,77,410,1397,205,293,286,69,32,0.1467430207587688,2013,0.197565543071161,2014,Assam,DHEMAJI,ASSAM||DHEMAJI,164,0.1264269877012098,0.1264269877012098,0.0711385553699511,ASSAM,DHEMAJI,True,EXACT,ASSAM,DHEMAJI,True,HIGH
62,48,4,190,0,443,43,30,269,407,112,698,183,303,90,9,452,11,1080,0,77,1387,6857,1742,1272,861,486,788,0.2540469593116523,2013,0.2211659443590102,2014,Assam,DHUBRI,ASSAM||DHUBRI,167,0.2198266580264858,0.2198266580264858,0.0013392863325243,ASSAM,DHUBRI,True,EXACT,ASSAM,DHUBRI,True,HIGH
80,7,7,65,0,149,11,34,123,662,165,16,110,41,20,0,151,0,239,0,79,873,3529,455,504,995,151,36,0.1289317086993482,2013,0.1383526383526383,2014,Assam,DIBRUGARH,ASSAM||DIBRUGARH,170,0.100772081817462,0.100772081817462,0.0375805565351763,ASSAM,DIBRUGARH,True,EXACT,ASSAM,DIBRUGARH,True,HIGH
70,67,2,73,0,136,18,23,185,249,87,112,0,79,145,7,89,0,326,0,106,498,2322,495,478,562,79,257,0.2131782945736434,2013,0.2302706824247045,2014,Assam,GOALPARA,ASSAM||GOALPARA,173,0.1756944739455777,0.1756944739455777,0.0545762084791268,ASSAM,GOALPARA,True,EXACT,ASSAM,GOALPARA,True,HIGH
63,42,0,85,0,226,8,51,98,285,117,25,28,50,16,3,76,0,284,0,230,717,2844,448,551,559,78,41,0.1575246132208157,2013,0.109481582537517,2014,Assam,GOLAGHAT,ASSAM||GOLAGHAT,176,0.1354426256726186,0.1354426256726186,0.0259610431351016,ASSAM,GOLAGHAT,True,EXACT,ASSAM,GOLAGHAT,True,HIGH
61,20,12,103,0,451,10,244,828,2295,1082,52,176,476,8,15,207,0,561,0,189,6088,12162,886,1108,4459,652,60,0.0728498602203585,2013,0.0605762933857236,2014,Assam,GUWAHATI CITY,ASSAM||GUWAHATI CITY,181,0.0694064713422919,0.0694064713422919,0.0088301779565683,ASSAM,GUWAHATI CITY,False,UNMATCHED,,,False,MEDIUM
14,0,0,60,0,90,1,8,45,150,36,112,16,52,16,2,7,0,169,0,33,621,1414,238,180,240,68,128,0.1683168316831683,2013,0.161340206185567,2014,Assam,HAILAKANDI,ASSAM||HAILAKANDI,184,0.1555607062438271,0.1555607062438271,0.0057794999417398,ASSAM,HAILAKANDI,True,EXACT,ASSAM,HAILAKANDI,True,HIGH
67,18,3,79,0,197,2,33,166,510,199,25,73,166,18,0,117,0,307,0,103,1046,3478,503,516,910,239,43,0.1446233467510063,2013,0.1607717041800643,2014,Assam,JORHAT,ASSAM||JORHAT,188,0.1217756706747807,0.1217756706747807,0.0389960335052835,ASSAM,JORHAT,True,EXACT,ASSAM,JORHAT,True,HIGH
41,17,2,66,0,172,3,24,206,463,163,97,77,62,3,3,86,0,305,0,146,1339,3310,460,411,859,139,100,0.1389728096676737,2013,0.2470377019748653,2014,Assam,KAMRUP,ASSAM||KAMRUP,191,0.1334892285084536,0.1334892285084536,0.1135484734664116,ASSAM,KAMRUP,True,EXACT,ASSAM,KAMRUP,True,HIGH
23,15,0,8,0,58,7,9,43,96,62,25,21,15,71,0,16,0,39,0,75,71,637,63,136,217,36,96,0.0989010989010989,2013,0.0947916666666666,2014,Assam,KARBI ANGLONG,ASSAM||KARBI ANGLONG,194,0.0758596195926288,0.0758596195926288,0.0189320470740377,ASSAM,KARBI ANGLONG,True,EXACT,ASSAM,KARBI ANGLONG,True,MEDIUM
39,11,0,44,0,115,12,10,132,183,19,67,22,46,23,9,9,0,266,0,28,1375,2411,328,240,356,68,90,0.1360431356283699,2013,0.1538733639900955,2014,Assam,KARIMGANJ,ASSAM||KARIMGANJ,197,0.1331010951737654,0.1331010951737654,0.02077226881633,ASSAM,KARIMGANJ,True,EXACT,ASSAM,KARIMGANJ,True,HIGH
49,18,1,32,0,103,5,7,53,291,157,86,25,39,112,5,32,0,134,2,50,293,1448,205,247,513,64,198,0.1415745856353591,2013,0.1176885130373502,2014,Assam,KOKRAJHAR,ASSAM||KOKRAJHAR,200,0.1168484029631728,0.1168484029631728,0.0008401100741773,ASSAM,KOKRAJHAR,True,EXACT,ASSAM,KOKRAJHAR,True,HIGH
44,13,0,59,0,134,1,6,103,166,61,25,21,42,7,3,55,0,300,0,45,1164,2281,417,312,337,63,32,0.1828145550197281,2013,0.1723537604456824,2014,Assam,LAKHIMPUR,ASSAM||LAKHIMPUR,203,0.1564093215379161,0.1564093215379161,0.0159444389077663,ASSAM,LAKHIMPUR,True,EXACT,ASSAM,LAKHIMPUR,True,HIGH
20,25,0,76,0,123,1,12,74,141,65,83,6,71,8,8,45,0,271,0,101,420,1879,400,302,293,77,91,0.2128791910590739,2013,0.2991787250684395,2014,Assam,MORIGAON,ASSAM||MORIGAON,206,0.1922836169933164,0.1922836169933164,0.106895108075123,ASSAM,MORIGAON,False,UNMATCHED,,,False,HIGH
96,87,6,190,0,442,34,160,407,566,225,257,137,165,56,23,103,3,1120,0,232,2366,7393,1439,1118,1392,302,313,0.1946435817665359,2013,0.2049053458745088,2014,Assam,NAGAON,ASSAM||NAGAON,209,0.1827156026331324,0.1827156026331324,0.0221897432413763,ASSAM,NAGAON,True,EXACT,ASSAM,NAGAON,True,HIGH
27,7,0,44,0,102,5,25,124,223,29,25,30,48,6,3,84,0,178,0,53,733,2050,309,294,406,78,31,0.1507317073170731,2013,0.0391140433553251,2014,Assam,NALBARI,ASSAM||NALBARI,212,0.1272933831218112,0.1272933831218112,0.0881793397664861,ASSAM,NALBARI,True,EXACT,ASSAM,NALBARI,True,HIGH
78,48,2,60,0,200,1,40,155,464,123,30,23,123,34,5,53,0,311,0,143,839,3373,429,482,783,146,64,0.127186480877557,2013,0.1265344664778092,2014,Assam,SIBSAGAR,ASSAM||SIBSAGAR,219,0.1068736608719704,0.1068736608719704,0.0196608056058387,ASSAM,SIBSAGAR,False,UNMATCHED,,,False,HIGH
94,30,0,99,0,251,11,23,186,544,175,47,84,87,23,15,34,0,300,0,425,1352,4159,448,542,939,171,70,0.1077182014907429,2013,0.1326164874551971,2014,Assam,SONITPUR,ASSAM||SONITPUR,222,0.1012559200616836,0.1012559200616836,0.0313605673935135,ASSAM,SONITPUR,True,EXACT,ASSAM,SONITPUR,True,HIGH
84,30,4,77,0,201,4,48,147,511,57,0,74,23,13,7,34,0,140,0,79,1518,3104,258,482,767,97,13,0.0831185567010309,2013,0.0903596252644303,2014,Assam,TINSUKIA,ASSAM||TINSUKIA,225,0.0002672005262327,0.0002672005262327,0.0900924247381975,ASSAM,TINSUKIA,True,EXACT,ASSAM,TINSUKIA,True,LOW
43,23,0,20,0,82,4,15,55,126,40,22,26,28,11,5,43,0,80,0,59,280,1113,148,230,240,54,33,0.132973944294699,2013,0.1094287680660702,2014,Assam,UDALGURI,ASSAM||UDALGURI,228,0.1145202903341002,0.1145202903341002,0.00509152226803,ASSAM,UDALGURI,True,EXACT,ASSAM,UDALGURI,True,HIGH
51,36,4,52,0,114,10,25,38,289,67,235,30,14,15,12,10,0,19,5,52,1695,2813,98,302,429,44,250,0.0348382509776039,2013,0.0151359671626475,2014,Bihar,ARARIA,BIHAR||ARARIA,231,0.0545674148175565,0.0545674148175565,0.039431447654909,BIHAR,ARARIA,True,EXACT,BIHAR,ARARIA,True,MEDIUM
17,0,0,6,0,34,0,6,27,77,15,51,0,30,0,15,3,0,30,0,0,537,909,54,66,125,30,51,0.0594059405940594,2013,0.0211907164480322,2014,Bihar,ARWAL,BIHAR||ARWAL,234,0.0814511649675979,0.0814511649675979,0.0602604485195657,BIHAR,ARWAL,True,EXACT,BIHAR,ARWAL,True,MEDIUM
101,281,0,19,0,59,26,35,95,365,68,334,27,125,22,28,37,0,141,0,0,749,3648,225,558,589,152,356,0.0616776315789473,2013,0.0581357583631049,2014,Bihar,AURANGABAD,BIHAR||AURANGABAD,237,0.0763731474067783,0.0763731474067783,0.0182373890436734,BIHAR,AURANGABAD,True,EXACT,BIHAR,AURANGABAD,True,MEDIUM
45,0,0,15,0,68,0,12,28,183,13,94,13,51,4,14,17,0,55,0,14,1426,2039,101,157,236,64,98,0.0495340853359489,2013,0.0618279569892473,2014,Bihar,BAGAHA,BIHAR||BAGAHA,240,0.0630566879762868,0.0630566879762868,0.0012287309870395,BIHAR,BAGAHA,False,UNMATCHED,,,False,MEDIUM
68,36,9,33,0,87,11,14,58,169,46,205,58,22,9,28,1,1,69,0,94,909,2065,132,259,298,80,214,0.0639225181598062,2013,0.0447105788423153,2014,Bihar,BANKA,BIHAR||BANKA,243,0.0960085952652478,0.0960085952652478,0.0512980164229325,BIHAR,BANKA,True,EXACT,BIHAR,BANKA,True,HIGH
107,219,2,24,0,175,20,56,104,589,198,482,21,141,6,28,55,0,93,0,0,2694,5319,200,658,967,162,488,0.0376010528294792,2013,0.0290608160123171,2014,Bihar,BEGUSARAI,BIHAR||BEGUSARAI,246,0.0594882377861638,0.0594882377861638,0.0304274217738467,BIHAR,BEGUSARAI,True,EXACT,BIHAR,BEGUSARAI,True,MEDIUM
76,193,9,39,0,173,6,22,138,624,198,549,47,174,28,26,0,0,148,0,66,2845,5274,213,518,988,221,577,0.040386803185438,2013,0.0377758913412563,2014,Bihar,BETTIAH,BIHAR||BETTIAH,249,0.0744248355696954,0.0744248355696954,0.0366489442284391,BIHAR,BETTIAH,False,UNMATCHED,,,False,MEDIUM
34,54,2,16,0,59,4,21,65,196,75,128,19,15,23,27,0,0,49,0,106,298,1860,92,190,361,34,151,0.0494623655913978,2013,0.0299955888839876,2014,Bihar,BHABHUA,BIHAR||BHABHUA,252,0.0845800237586702,0.0845800237586702,0.0545844348746826,BIHAR,BHABHUA,False,UNMATCHED,,,False,MEDIUM
103,65,19,51,0,147,9,31,134,456,199,277,42,69,4,19,40,0,115,0,124,1716,3590,225,465,829,111,281,0.0626740947075208,2013,0.0554272517321016,2014,Bihar,BHAGALPUR,BIHAR||BHAGALPUR,255,0.0892013298648295,0.0892013298648295,0.0337740781327279,BIHAR,BHAGALPUR,True,EXACT,BIHAR,BHAGALPUR,True,HIGH
95,160,7,23,0,124,8,33,148,423,105,126,52,205,25,38,3,0,137,0,133,621,4888,201,453,717,257,151,0.0411211129296235,2013,0.0389941690962099,2014,Bihar,BHOJPUR,BIHAR||BHOJPUR,258,0.075360124414624,0.075360124414624,0.0363659553184141,BIHAR,BHOJPUR,True,EXACT,BIHAR,BHOJPUR,True,MEDIUM
56,62,3,16,0,77,11,48,101,415,163,224,57,61,26,9,29,0,78,0,37,880,2833,132,302,738,118,250,0.0465937169078715,2013,0.0450669914738124,2014,Bihar,BUXAR,BIHAR||BUXAR,261,0.0662244392022886,0.0662244392022886,0.0211574477284762,BIHAR,BUXAR,True,EXACT,BIHAR,BUXAR,True,MEDIUM
77,119,5,38,0,227,14,36,103,506,159,565,76,150,55,33,4,1,343,0,167,2882,5674,419,520,818,226,620,0.0738456115615086,2013,0.0719076005961251,2014,Bihar,DARBHANGA,BIHAR||DARBHANGA,264,0.1030434021053439,0.1030434021053439,0.0311358015092188,BIHAR,DARBHANGA,True,EXACT,BIHAR,DARBHANGA,True,HIGH
208,49,6,45,0,208,39,73,212,1204,362,503,38,167,4,37,0,0,212,0,320,3610,7816,294,628,1890,205,507,0.0376151484135107,2013,0.0427267699115044,2014,Bihar,GAYA,BIHAR||GAYA,267,0.0841676430639084,0.0841676430639084,0.041440873152404,BIHAR,GAYA,True,EXACT,BIHAR,GAYA,True,MEDIUM
81,11,2,11,0,125,10,31,103,280,104,417,41,95,18,33,0,0,143,0,71,270,3811,187,271,528,136,435,0.0490684859616898,2013,0.0538798659448311,2014,Bihar,GOPALGANJ,BIHAR||GOPALGANJ,270,0.1110689662749295,0.1110689662749295,0.0571891003300984,BIHAR,GOPALGANJ,True,EXACT,BIHAR,GOPALGANJ,True,HIGH
54,183,2,24,0,62,15,19,50,96,18,211,17,36,14,19,2,0,104,0,193,327,1942,149,361,198,53,225,0.0767250257466529,2013,0.0594467333725721,2014,Bihar,JAMUI,BIHAR||JAMUI,275,0.1082753673757623,0.1082753673757623,0.0488286340031902,BIHAR,JAMUI,True,EXACT,BIHAR,JAMUI,True,HIGH
34,0,2,14,0,37,13,22,37,194,14,141,20,67,11,30,5,0,57,0,60,522,1976,106,127,280,87,152,0.0536437246963562,2013,0.0447154471544715,2014,Bihar,JEHANABAD,BIHAR||JEHANABAD,278,0.0861978468832462,0.0861978468832462,0.0414823997287747,BIHAR,JEHANABAD,True,EXACT,BIHAR,JEHANABAD,True,HIGH
61,59,0,86,0,164,15,21,39,397,198,208,21,92,1,21,1,0,99,0,114,861,3693,207,407,670,113,209,0.0560519902518277,2013,0.0404099560761347,2014,Bihar,KATIHAR,BIHAR||KATIHAR,281,0.102864542496343,0.102864542496343,0.0624545864202083,BIHAR,KATIHAR,True,EXACT,BIHAR,KATIHAR,True,HIGH
67,76,2,8,0,73,7,22,23,170,44,135,4,32,16,13,5,0,25,0,106,448,2483,51,260,266,36,151,0.0205396697543294,2013,0.0200849748937813,2014,Bihar,KHAGARIA,BIHAR||KHAGARIA,286,0.0523832576056493,0.0523832576056493,0.032298282711868,BIHAR,KHAGARIA,True,EXACT,BIHAR,KHAGARIA,True,MEDIUM
42,21,8,52,0,107,7,14,68,145,29,179,22,70,8,7,0,0,65,0,21,725,1828,124,251,263,92,187,0.0678336980306345,2013,0.0923309788092835,2014,Bihar,KISHANGANJ,BIHAR||KISHANGANJ,289,0.1041844683611772,0.1041844683611772,0.0118534895518937,BIHAR,KISHANGANJ,True,EXACT,BIHAR,KISHANGANJ,True,HIGH
45,90,3,9,0,40,3,19,24,125,35,156,7,41,7,11,0,0,70,0,46,333,1326,90,209,206,48,163,0.0678733031674208,2013,0.0642361111111111,2014,Bihar,LAKHISARAI,BIHAR||LAKHISARAI,292,0.0984389221370649,0.0984389221370649,0.0342028110259538,BIHAR,LAKHISARAI,True,EXACT,BIHAR,LAKHISARAI,True,HIGH
46,58,14,14,0,87,1,23,41,226,65,334,30,80,7,17,3,0,64,0,60,812,2745,98,246,356,110,341,0.0357012750455373,2013,0.0313272877164056,2014,Bihar,MADHEPURA,BIHAR||MADHEPURA,295,0.0755016335673859,0.0755016335673859,0.0441743458509803,BIHAR,MADHEPURA,True,EXACT,BIHAR,MADHEPURA,True,MEDIUM
80,0,0,37,0,158,15,28,90,388,78,265,25,50,5,28,1,0,210,0,150,1780,4662,276,319,599,75,270,0.0592020592020592,2013,0.0608253471543125,2014,Bihar,MADHUBANI,BIHAR||MADHUBANI,298,0.0972396277075462,0.0972396277075462,0.0364142805532337,BIHAR,MADHUBANI,True,EXACT,BIHAR,MADHUBANI,True,HIGH
164,719,11,25,0,260,44,44,235,549,152,918,106,175,26,65,5,14,196,0,66,3015,8255,305,1272,1024,281,944,0.03694730466384,2013,0.0388830347734457,2014,Bihar,MOTIHARI,BIHAR||MOTIHARI,301,0.060985002687447,0.060985002687447,0.0221019679140013,BIHAR,MOTIHARI,False,UNMATCHED,,,False,MEDIUM
60,30,2,7,0,75,3,26,55,336,95,129,68,12,0,13,5,0,66,0,59,935,2195,91,208,515,80,129,0.0414578587699316,2013,0.0404949381327334,2014,Bihar,MUNGER,BIHAR||MUNGER,304,0.0645068579427901,0.0645068579427901,0.0240119198100566,BIHAR,MUNGER,True,EXACT,BIHAR,MUNGER,True,MEDIUM
208,25,29,43,0,382,61,113,292,1876,859,539,54,106,12,48,5,27,81,2,128,2308,9021,206,866,3201,160,551,0.0228356058086686,2013,0.0535580923930438,2014,Bihar,MUZAFFARPUR,BIHAR||MUZAFFARPUR,307,0.0533076717206044,0.0533076717206044,0.0002504206724393,BIHAR,MUZAFFARPUR,True,EXACT,BIHAR,MUZAFFARPUR,True,MEDIUM
112,82,41,11,0,136,9,34,120,340,104,167,43,153,18,81,18,0,174,0,160,1147,5740,284,443,607,196,185,0.0494773519163763,2013,0.0528307378838597,2014,Bihar,NALANDA,BIHAR||NALANDA,312,0.0877470130529631,0.0877470130529631,0.0349162751691034,BIHAR,NALANDA,True,EXACT,BIHAR,NALANDA,True,HIGH
49,14,6,10,0,36,3,15,18,60,17,85,12,65,3,16,19,0,69,0,70,889,1564,114,152,113,77,88,0.0728900255754475,2013,0.0640877598152424,2014,Bihar,NAUGACHIA,BIHAR||NAUGACHIA,315,0.1003729285548702,0.1003729285548702,0.0362851687396278,BIHAR,NAUGACHIA,False,UNMATCHED,,,False,HIGH
97,37,2,20,0,75,18,26,47,203,62,333,32,112,8,23,3,0,122,0,156,963,2989,168,278,356,144,341,0.0562060889929742,2013,0.0384389671361502,2014,Bihar,NAWADAH,BIHAR||NAWADAH,318,0.0998366710545484,0.0998366710545484,0.0613977039183982,BIHAR,NAWADAH,False,UNMATCHED,,,False,HIGH
286,121,5,76,0,544,37,186,591,4314,1755,617,20,1004,5,96,17,2,459,0,497,7881,18302,650,1272,6883,1024,622,0.0355152442356026,2013,0.0385780650373661,2014,Bihar,PATNA,BIHAR||PATNA,321,0.0692212149773838,0.0692212149773838,0.0306431499400177,BIHAR,PATNA,True,EXACT,BIHAR,PATNA,True,MEDIUM
89,203,4,56,0,111,14,27,56,289,63,212,82,141,128,21,0,7,19,0,162,1458,3950,103,504,449,223,340,0.0260759493670886,2013,0.0414118469334265,2014,Bihar,PURNEA,BIHAR||PURNEA,326,0.0452118488847561,0.0452118488847561,0.0038000019513296,BIHAR,PURNEA,False,UNMATCHED,,,False,LOW
110,97,2,60,0,168,9,58,172,615,193,265,50,195,11,48,5,0,97,0,196,619,4769,210,509,1047,245,276,0.0440343887607464,2013,0.0350202039638252,2014,Bihar,ROHTAS,BIHAR||ROHTAS,329,0.0849016462102569,0.0849016462102569,0.0498814422464317,BIHAR,ROHTAS,True,EXACT,BIHAR,ROHTAS,True,MEDIUM
30,90,7,14,0,100,6,24,29,201,42,246,55,42,11,10,0,0,79,0,61,1470,2792,103,271,302,97,257,0.03689111747851,2013,0.0322985261837566,2014,Bihar,SAHARSA,BIHAR||SAHARSA,332,0.0691623504909217,0.0691623504909217,0.0368638243071651,BIHAR,SAHARSA,True,EXACT,BIHAR,SAHARSA,True,MEDIUM
83,115,17,35,0,152,10,51,73,431,128,397,30,36,23,32,8,0,116,0,169,3196,5802,191,471,693,66,420,0.0329196828679765,2013,0.0460805084745762,2014,Bihar,SAMASTIPUR,BIHAR||SAMASTIPUR,335,0.0682006106708728,0.0682006106708728,0.0221201021962966,BIHAR,SAMASTIPUR,True,EXACT,BIHAR,SAMASTIPUR,True,MEDIUM
123,262,5,16,0,199,16,45,142,650,205,363,61,116,32,69,0,0,116,0,145,1494,5492,201,666,1058,177,395,0.036598689002185,2013,0.0495882563551736,2014,Bihar,SARAN,BIHAR||SARAN,338,0.0695987448316175,0.0695987448316175,0.0200104884764439,BIHAR,SARAN,True,EXACT,BIHAR,SARAN,True,MEDIUM
17,90,0,10,0,40,6,4,31,87,27,87,44,24,0,8,0,0,47,0,29,401,1116,65,167,155,68,87,0.0582437275985663,2013,0.0762264150943396,2014,Bihar,SHEIKHPURA,BIHAR||SHEIKHPURA,341,0.0773103774925247,0.0773103774925247,0.0010839623981851,BIHAR,SHEIKHPURA,True,EXACT,BIHAR,SHEIKHPURA,True,MEDIUM
23,23,3,3,0,49,12,5,14,57,16,76,8,17,12,7,0,0,19,0,14,157,769,29,118,104,25,88,0.0377113133940182,2013,0.0565552699228791,2014,Bihar,SHEOHAR,BIHAR||SHEOHAR,344,0.0682685748535776,0.0682685748535776,0.0117133049306985,BIHAR,SHEOHAR,True,EXACT,BIHAR,SHEOHAR,True,MEDIUM
101,24,9,26,0,220,37,84,203,650,276,249,10,31,32,24,3,0,140,0,156,1174,5324,193,504,1250,41,281,0.0362509391435011,2013,0.0517146524848707,2014,Bihar,SITAMARHI,BIHAR||SITAMARHI,347,0.0752701580366037,0.0752701580366037,0.023555505551733,BIHAR,SITAMARHI,True,EXACT,BIHAR,SITAMARHI,True,MEDIUM
105,18,2,19,0,234,6,60,119,502,241,397,19,240,12,45,1,0,112,0,0,3499,5390,177,445,928,259,409,0.0328385899814471,2013,0.0275834499300419,2014,Bihar,SIWAN,BIHAR||SIWAN,350,0.0685889669679384,0.0685889669679384,0.0410055170378965,BIHAR,SIWAN,True,EXACT,BIHAR,SIWAN,True,MEDIUM
55,15,0,34,0,144,6,17,62,324,48,508,81,55,0,19,5,0,78,0,106,106,2930,136,276,457,136,508,0.0464163822525597,2013,0.0455452127659574,2014,Bihar,SUPAUL,BIHAR||SUPAUL,353,0.1036856037467417,0.1036856037467417,0.0581403909807843,BIHAR,SUPAUL,True,EXACT,BIHAR,SUPAUL,True,HIGH
127,136,9,24,0,200,29,57,192,937,491,496,237,148,19,61,7,0,213,0,124,2244,5578,305,589,1706,385,515,0.0546790964503406,2013,0.0367681868391983,2014,Bihar,VAISHALI,BIHAR||VAISHALI,356,0.0851931126142575,0.0851931126142575,0.0484249257750592,BIHAR,VAISHALI,True,EXACT,BIHAR,VAISHALI,True,MEDIUM
22,50,3,45,0,261,11,62,258,1519,874,54,25,284,8,1,143,26,92,0,6,1146,4077,307,597,2724,309,62,0.0753004660289428,2013,0.0903446134740763,2014,Chandigarh,CHANDIGARH,CHANDIGARH||CHANDIGARH,359,0.0652800210531852,0.0652800210531852,0.025064592420891,CHANDIGARH,CHANDIGARH,True,EXACT,CHANDIGARH,CHANDIGARH,True,MEDIUM
13,13,3,20,0,30,1,1,47,61,15,20,2,22,4,3,67,2,11,0,96,747,1215,103,148,125,24,24,0.0847736625514403,2013,0.0851926977687626,2014,Chhattisgarh,BALOD,CHHATTISGARH||BALOD,361,0.0816315077106553,0.0816315077106553,0.0035611900581073,CHHATTISGARH,BALOD,True,EXACT,CHHATTISGARH,BALOD,True,MEDIUM
40,11,0,84,0,17,3,10,27,40,8,20,2,11,4,8,50,2,31,1,93,585,1115,176,215,88,13,24,0.1578475336322869,2013,0.1635408852213053,2014,Chhattisgarh,BALRAMPUR,CHHATTISGARH||BALRAMPUR,365,0.1385293709967443,0.1385293709967443,0.0250115142245609,CHHATTISGARH,BALRAMPUR,True,EXACT,CHHATTISGARH,BALRAMPUR,True,HIGH
77,36,1,96,0,305,3,58,477,496,274,99,16,88,31,13,308,10,130,0,222,897,5147,557,884,1308,104,130,0.1082183796386244,2013,0.0817248459958932,2014,Chhattisgarh,BILASPUR,CHHATTISGARH||BILASPUR,369,0.1048706462227018,0.1048706462227018,0.0231458002268086,CHHATTISGARH,BILASPUR,True,EXACT,CHHATTISGARH,BILASPUR,True,HIGH
31,61,0,6,0,17,2,1,16,3,0,9,1,2,4,0,6,1,1,0,14,134,318,14,124,22,3,13,0.0440251572327044,2013,0.0291545189504373,2014,Chhattisgarh,BIZAPUR,CHHATTISGARH||BIZAPUR,372,0.0653539028053005,0.0653539028053005,0.0361993838548632,CHHATTISGARH,BIZAPUR,False,UNMATCHED,,,False,MEDIUM
30,13,0,9,0,6,1,1,19,16,3,3,0,2,12,0,9,0,1,0,32,191,370,19,69,40,2,15,0.0513513513513513,2013,0.0588235294117647,2014,Chhattisgarh,DANTEWARA,CHHATTISGARH||DANTEWARA,375,0.0285816458778229,0.0285816458778229,0.0302418835339417,CHHATTISGARH,DANTEWARA,False,UNMATCHED,,,False,LOW
16,14,0,30,0,33,0,5,116,85,45,16,0,13,2,0,59,1,14,0,101,629,1189,104,157,251,13,18,0.0874684608915054,2013,0.0792307692307692,2014,Chhattisgarh,DHAMTARI,CHHATTISGARH||DHAMTARI,378,0.0905474199420426,0.0905474199420426,0.0113166507112734,CHHATTISGARH,DHAMTARI,True,EXACT,CHHATTISGARH,DHAMTARI,True,HIGH
42,57,1,106,0,108,4,41,434,702,325,38,13,140,33,9,236,34,147,0,255,4341,6892,532,595,1506,153,71,0.0771909460243761,2013,0.0799760371424292,2014,Chhattisgarh,DURG,CHHATTISGARH||DURG,381,0.0530087570528239,0.0530087570528239,0.0269672800896052,CHHATTISGARH,DURG,True,EXACT,CHHATTISGARH,DURG,True,MEDIUM
9,17,0,32,0,26,2,3,39,46,17,14,0,31,3,0,24,8,12,0,62,512,866,76,113,107,31,17,0.0877598152424942,2013,0.0981012658227848,2014,Chhattisgarh,GARIYABAND,CHHATTISGARH||GARIYABAND,384,0.0860037645285858,0.0860037645285858,0.0120975012941989,CHHATTISGARH,GARIYABAND,True,EXACT,CHHATTISGARH,GARIYABAND,True,HIGH
36,18,0,53,0,51,1,10,69,77,53,15,7,16,7,2,30,1,16,0,108,504,1448,102,199,210,23,22,0.0704419889502762,2013,0.060126582278481,2014,Chhattisgarh,JAGDALPUR,CHHATTISGARH||JAGDALPUR,389,0.0806572559030713,0.0806572559030713,0.0205306736245903,CHHATTISGARH,JAGDALPUR,False,UNMATCHED,,,False,MEDIUM
44,27,3,56,0,200,3,15,195,266,122,132,5,36,22,11,161,11,138,0,181,713,3470,377,509,601,41,154,0.1086455331412103,2013,0.0946780358718024,2014,Chhattisgarh,JANJGIR,CHHATTISGARH||JANJGIR,392,0.1119136635854134,0.1119136635854134,0.017235627713611,CHHATTISGARH,JANJGIR,False,UNMATCHED,,,False,HIGH
60,9,1,88,0,68,1,9,57,81,19,11,5,21,8,3,52,3,25,0,119,577,1273,171,288,167,26,19,0.1343283582089552,2013,0.1183673469387755,2014,Chhattisgarh,JASHPUR,CHHATTISGARH||JASHPUR,395,0.1125492136578374,0.1125492136578374,0.005818133280938,CHHATTISGARH,JASHPUR,True,EXACT,CHHATTISGARH,JASHPUR,True,HIGH
21,8,1,30,0,33,0,4,65,66,24,10,2,18,3,3,72,3,11,0,66,376,1383,119,169,159,20,13,0.0860448300795372,2013,0.0921805467260012,2014,Chhattisgarh,KABIRDHAM,CHHATTISGARH||KABIRDHAM,398,0.0895770592070321,0.0895770592070321,0.002603487518969,CHHATTISGARH,KABIRDHAM,True,EXACT,CHHATTISGARH,KABIRDHAM,True,HIGH
39,38,2,51,0,48,1,2,38,38,15,15,0,17,11,2,27,2,29,0,85,669,1132,111,208,94,17,26,0.0980565371024735,2013,0.0869912210694333,2014,Chhattisgarh,KANKER,CHHATTISGARH||KANKER,401,0.0925109912548991,0.0925109912548991,0.0055197701854658,CHHATTISGARH,KANKER,True,EXACT,CHHATTISGARH,KANKER,True,HIGH
27,13,1,19,0,29,2,2,11,17,11,11,0,6,6,0,13,0,6,0,86,248,619,38,106,43,6,17,0.061389337641357,2013,0.0588235294117647,2014,Chhattisgarh,KONDAGAON,CHHATTISGARH||KONDAGAON,403,0.0796931914053986,0.0796931914053986,0.0208696619936339,CHHATTISGARH,KONDAGAON,True,EXACT,CHHATTISGARH,KONDAGAON,True,MEDIUM
48,10,1,57,0,78,0,10,119,195,89,32,1,38,10,4,71,9,66,0,126,689,2214,207,275,413,39,42,0.0934959349593495,2013,0.0824261275272161,2014,Chhattisgarh,KORBA,CHHATTISGARH||KORBA,406,0.0921445610937483,0.0921445610937483,0.0097184335665322,CHHATTISGARH,KORBA,True,EXACT,CHHATTISGARH,KORBA,True,HIGH
30,14,0,63,0,68,1,9,130,89,22,16,1,24,3,3,88,4,55,0,61,361,1641,213,273,251,25,19,0.129798903107861,2013,0.1136496777973052,2014,Chhattisgarh,KORIYA,CHHATTISGARH||KORIYA,409,0.1254078269111376,0.1254078269111376,0.0117581491138324,CHHATTISGARH,KORIYA,False,UNMATCHED,,,False,HIGH
19,13,1,49,0,116,1,12,163,196,71,33,5,36,11,8,104,11,48,0,150,1323,2396,220,315,443,41,44,0.0918196994991652,2013,0.0749291211016606,2014,Chhattisgarh,MAHASAMUND,CHHATTISGARH||MAHASAMUND,412,0.0771329278466852,0.0771329278466852,0.0022038067450246,CHHATTISGARH,MAHASAMUND,True,EXACT,CHHATTISGARH,MAHASAMUND,True,MEDIUM
6,27,0,10,0,5,1,3,14,7,1,0,0,3,1,0,3,0,2,0,9,51,189,15,55,26,3,1,0.0793650793650793,2013,0.063063063063063,2014,Chhattisgarh,NARAYANPUR,CHHATTISGARH||NARAYANPUR,416,0.0663977152619297,0.0663977152619297,0.0033346521988667,CHHATTISGARH,NARAYANPUR,True,EXACT,CHHATTISGARH,NARAYANPUR,True,MEDIUM
87,49,2,90,0,163,7,39,213,390,217,69,13,57,18,5,126,10,53,0,229,1026,3350,284,563,866,70,87,0.084776119402985,2013,0.1024723487312947,2014,Chhattisgarh,RAIGARH,CHHATTISGARH||RAIGARH,419,0.0890263135855364,0.0890263135855364,0.0134460351457582,CHHATTISGARH,RAIGARH,True,EXACT,CHHATTISGARH,RAIGARH,True,HIGH
67,82,3,139,0,428,4,54,588,1396,791,70,29,231,57,11,263,32,173,0,400,2542,8907,618,1040,2833,260,127,0.0693836308521387,2013,0.0563448109800144,2014,Chhattisgarh,RAIPUR,CHHATTISGARH||RAIPUR,422,0.0551839313271445,0.0551839313271445,0.0011608796528699,CHHATTISGARH,RAIPUR,True,EXACT,CHHATTISGARH,RAIPUR,True,MEDIUM
32,30,2,46,0,81,1,6,158,173,78,24,20,55,12,7,74,4,32,0,175,1868,2866,163,272,416,75,36,0.0568736915561758,2013,0.0605222734254992,2014,Chhattisgarh,RAJNANDGAON,CHHATTISGARH||RAJNANDGAON,425,0.0544822039171906,0.0544822039171906,0.0060400695083085,CHHATTISGARH,RAJNANDGAON,True,EXACT,CHHATTISGARH,RAJNANDGAON,True,MEDIUM
37,17,1,71,0,19,0,16,88,106,58,22,2,33,12,0,118,1,35,0,117,1000,1757,225,279,268,35,34,0.1280591918042117,2013,0.1073569482288828,2014,Chhattisgarh,SARGUJA,CHHATTISGARH||SARGUJA,428,0.108839212048801,0.108839212048801,0.0014822638199182,CHHATTISGARH,SARGUJA,False,UNMATCHED,,,False,HIGH
30,26,0,8,0,5,4,1,7,13,8,1,0,3,4,1,2,1,4,0,16,83,213,16,76,33,3,5,0.0751173708920187,2013,0.0541666666666666,2014,Chhattisgarh,SUKMA,CHHATTISGARH||SUKMA,430,0.047004765083132,0.047004765083132,0.0071619015835345,CHHATTISGARH,SUKMA,True,EXACT,CHHATTISGARH,SUKMA,True,LOW
37,11,0,59,0,56,3,11,71,97,24,24,1,27,15,3,84,3,67,0,114,420,1646,216,261,206,28,39,0.1312272174969623,2013,0.0958357102110667,2014,Chhattisgarh,SURAJPUR,CHHATTISGARH||SURAJPUR,433,0.1162591535198431,0.1162591535198431,0.0204234433087764,CHHATTISGARH,SURAJPUR,True,EXACT,CHHATTISGARH,SURAJPUR,True,HIGH
3,2,1,5,0,13,1,0,21,58,26,7,1,10,18,0,1,1,1,0,16,139,314,8,26,106,11,25,0.0254777070063694,2013,0.0505415162454873,2014,D&N Haveli,D&N HAVELI,D&N HAVELI||D&N HAVELI,435,0.0076065557918398,0.0076065557918398,0.0429349604536474,D N HAVELI,D N HAVELI,False,UNMATCHED,,,False,LOW
7,0,4,7,0,11,6,1,18,35,23,11,3,17,8,0,2,0,2,0,28,44,217,11,38,83,20,19,0.0506912442396313,2013,0.0252525252525252,2014,Daman & Diu,DAMAN,DAMAN & DIU||DAMAN,438,0.0597040294821,0.0597040294821,0.0344515042295748,DAMAN DIU,DAMAN,False,UNMATCHED,,,False,MEDIUM
2,1,0,1,0,2,0,0,1,3,2,0,0,2,0,0,0,0,0,0,7,8,29,1,6,6,2,0,0.0344827586206896,2013,0.0285714285714285,2014,Daman & Diu,DIU,DAMAN & DIU||DIU,441,0.0462245006682751,0.0462245006682751,0.0176530720968466,DAMAN DIU,DIU,False,UNMATCHED,,,False,LOW
20,35,5,71,0,220,1,55,121,1928,948,4,45,323,5,2,174,28,50,0,79,1274,4562,325,581,3053,368,9,0.0712406839105655,2013,0.0499328257948947,2014,Delhi UT,CENTRAL,DELHI UT||CENTRAL,446,0.0393432546692993,0.0393432546692993,0.0105895711255953,DELHI UT,CENTRAL,False,UNMATCHED,,,False,LOW
2,6,0,4,0,1,0,0,0,1,0,0,1,48,0,0,0,0,0,0,0,12,80,4,13,1,49,0,0.05,2013,0.0384615384615384,2014,Delhi UT,CRIME BRANCH,DELHI UT||CRIME BRANCH,449,0.0559769964772358,0.0559769964772358,0.0175154580156974,DELHI UT,CRIME BRANCH,False,UNMATCHED,,,False,MEDIUM
51,60,10,210,0,737,5,134,236,4252,2313,7,34,240,11,11,364,133,246,0,134,3332,10388,964,1571,6940,274,18,0.0927993839045051,2013,0.0687694453384829,2014,Delhi UT,EAST,DELHI UT||EAST,452,0.0504407644147677,0.0504407644147677,0.0183286809237151,DELHI UT,EAST,False,UNMATCHED,,,False,LOW
0,0,0,0,0,0,0,0,0,0,0,0,3,76,0,0,0,0,0,0,0,84,163,0,0,0,79,0,0.0,2013,0.0235294117647058,2014,Delhi UT,EOW,DELHI UT||EOW,455,0.0412331679722031,0.0412331679722031,0.0177037562074973,DELHI UT,EOW,False,UNMATCHED,,,False,LOW
0,0,0,0,0,1,0,2,0,79,11,0,5,12,0,0,9,5,0,0,5,228,351,14,12,92,17,0,0.0398860398860398,2013,0.0353200883002207,2014,Delhi UT,IGI AIRPORT,DELHI UT||IGI AIRPORT,460,0.040227976671362,0.040227976671362,0.0049078883711413,DELHI UT,IGI AIRPORT,False,UNMATCHED,,,False,LOW
7,6,2,19,0,74,0,14,19,473,127,19,18,71,1,1,66,25,17,0,55,512,1458,128,188,633,89,20,0.0877914951989026,2013,0.0458488228004956,2014,Delhi UT,NEW DELHI,DELHI UT||NEW DELHI,463,0.0772210288173924,0.0772210288173924,0.0313722060168968,DELHI UT,NEW DELHI,False,UNMATCHED,,,False,MEDIUM
29,25,2,53,0,266,2,87,165,1542,657,12,38,167,11,9,164,25,107,0,148,1135,4081,358,628,2453,205,23,0.0877235971575594,2013,0.0464577490549932,2014,Delhi UT,NORTH,DELHI UT||NORTH,466,0.0520127969570525,0.0520127969570525,0.0055550479020593,DELHI UT,NORTH,False,UNMATCHED,,,False,MEDIUM
69,87,9,183,0,923,5,223,143,3703,2094,12,20,200,13,27,333,30,438,0,119,2260,9041,1011,1832,6168,220,25,0.1118239132839287,2013,0.0683270231897775,2014,Delhi UT,NORTH-EAST,DELHI UT||NORTH EAST,469,0.0757257047578023,0.0757257047578023,0.0073986815680248,DELHI UT,NORTH EAST,False,UNMATCHED,,,False,MEDIUM
47,56,3,143,0,597,10,194,331,2548,1182,8,28,218,1,17,301,45,236,0,180,1428,6564,742,1351,4265,246,9,0.1130408287629494,2013,0.0664100822579428,2014,Delhi UT,NORTH-WEST,DELHI UT||NORTH WEST,472,0.0831513510248329,0.0831513510248329,0.0167412687668901,DELHI UT,NORTH WEST,False,UNMATCHED,,,False,MEDIUM
88,84,8,178,0,923,6,134,547,3383,1675,4,27,283,12,14,332,155,466,0,264,2464,9579,1145,1753,5745,310,16,0.1195323102620315,2013,0.0677165354330708,2014,Delhi UT,OUTER,DELHI UT||OUTER,475,0.0572593048008529,0.0572593048008529,0.0104572306322178,DELHI UT,OUTER,False,UNMATCHED,,,False,MEDIUM
23,35,8,163,0,539,0,68,429,3420,1590,4,62,360,10,10,539,140,117,0,160,2372,8593,969,1375,5507,422,14,0.1127662050506226,2013,0.0972310172125957,2014,Delhi UT,SOUTH,DELHI UT||SOUTH,478,0.0452925816547222,0.0452925816547222,0.0519384355578734,DELHI UT,SOUTH,False,UNMATCHED,,,False,LOW
60,68,7,230,0,719,2,132,240,3155,1865,10,40,292,11,16,386,95,220,0,195,2491,8608,947,1604,5394,332,21,0.1100139405204461,2013,0.0800590049617808,2014,Delhi UT,SOUTH-EAST,DELHI UT||SOUTH EAST,481,0.0685976910497048,0.0685976910497048,0.0114613139120759,DELHI UT,SOUTH EAST,False,UNMATCHED,,,False,MEDIUM
52,61,5,194,0,556,1,116,263,1077,623,9,28,295,7,14,419,128,403,0,204,2004,5963,1158,1404,2080,323,16,0.1941975515680027,2013,0.0999116607773851,2014,Delhi UT,SOUTH-WEST,DELHI UT||SOUTH WEST,484,0.1292684514803157,0.1292684514803157,0.0293567907029306,DELHI UT,SOUTH WEST,False,UNMATCHED,,,False,HIGH
55,54,6,184,0,711,1,64,337,3135,1807,20,34,287,15,22,400,94,529,0,234,2393,8813,1229,1475,5344,321,35,0.1394530806762736,2013,0.0663673734314149,2014,Delhi UT,WEST,DELHI UT||WEST,489,0.0936375265707754,0.0936375265707754,0.0272701531393605,DELHI UT,WEST,False,UNMATCHED,,,False,HIGH
27,31,1,48,0,50,6,17,219,699,219,72,61,103,23,0,103,36,17,0,114,721,2595,204,283,1160,164,95,0.0786127167630057,2013,0.0898395721925133,2014,Goa,NORTH GOA,GOA||NORTH GOA,492,0.0724065472629094,0.0724065472629094,0.0174330249296039,GOA,NORTH GOA,True,EXACT,GOA,NORTH GOA,True,MEDIUM
9,17,1,38,0,58,5,20,166,439,135,55,31,96,16,0,59,18,23,0,91,454,1717,138,207,765,127,71,0.0803727431566686,2013,0.0839251129761136,2014,Goa,SOUTH GOA,GOA||SOUTH GOA,495,0.0703588501178715,0.0703588501178715,0.013566262858242,GOA,SOUTH GOA,True,EXACT,GOA,SOUTH GOA,True,MEDIUM
38,51,2,17,0,67,19,35,94,219,84,70,38,23,8,0,33,0,167,0,327,2595,4050,217,262,451,61,78,0.0535802469135802,2013,0.0447726207219878,2014,Gujarat,AHMEDABAD RURAL,GUJARAT||AHMEDABAD RURAL,500,0.0756652106155486,0.0756652106155486,0.0308925898935608,GUJARAT,AHMEDABAD RURAL,False,UNMATCHED,,,False,MEDIUM
30,9,3,11,0,64,1,11,78,95,52,30,22,5,12,0,16,2,157,0,112,1305,2229,186,145,237,27,42,0.0834454912516823,2013,0.0924092409240924,2014,Gujarat,AMRELI,GUJARAT||AMRELI,505,0.0962894970784746,0.0962894970784746,0.0038802561543822,GUJARAT,AMRELI,True,EXACT,GUJARAT,AMRELI,True,HIGH
27,17,2,12,0,76,4,14,98,241,155,35,31,31,14,1,20,4,162,0,236,1530,2816,199,172,512,62,49,0.0706676136363636,2013,0.0453879941434846,2014,Gujarat,ANAND,GUJARAT||ANAND,508,0.0795716050117307,0.0795716050117307,0.0341836108682461,GUJARAT,ANAND,True,EXACT,GUJARAT,ANAND,True,MEDIUM
38,9,0,23,0,44,10,17,170,403,197,38,71,4,4,0,30,0,53,0,334,1245,2756,106,171,797,75,42,0.0384615384615384,2013,0.051660516605166,2014,Gujarat,BHARUCH,GUJARAT||BHARUCH,511,0.049082475952362,0.049082475952362,0.0025780406528039,GUJARAT,BHARUCH,True,EXACT,GUJARAT,BHARUCH,True,LOW
52,31,1,17,0,109,6,40,157,388,198,75,23,49,32,1,50,7,220,0,4,2590,4410,295,306,789,72,107,0.0668934240362811,2013,0.0688213987183059,2014,Gujarat,BHAVNAGAR,GUJARAT||BHAVNAGAR,514,0.0723877593151927,0.0723877593151927,0.0035663605968867,GUJARAT,BHAVNAGAR,True,EXACT,GUJARAT,BHAVNAGAR,True,MEDIUM
31,8,0,14,0,81,30,53,183,239,156,44,6,6,9,0,15,0,1,0,198,403,1544,30,232,661,12,53,0.0194300518134715,2013,0.0724749421742482,2014,Gujarat,DAHOD,GUJARAT||DAHOD,519,0.0365616402644322,0.0365616402644322,0.0359133019098159,GUJARAT,DAHOD,False,UNMATCHED,,,False,LOW
21,9,1,22,0,71,3,24,110,381,189,34,10,50,2,0,31,6,200,0,195,5574,6933,259,182,707,60,36,0.0373575652675609,2013,0.0259025634143068,2014,Gujarat,GANDHINAGAR,GUJARAT||GANDHINAGAR,522,0.0616438643677399,0.0616438643677399,0.0357413009534331,GUJARAT,GANDHINAGAR,True,EXACT,GUJARAT,GANDHINAGAR,True,MEDIUM
42,37,2,27,0,64,9,24,146,404,180,90,31,16,10,1,26,3,480,0,3,2045,4247,537,231,763,47,100,0.1264421944902284,2013,0.0778251599147121,2014,Gujarat,JAMNAGAR,GUJARAT||JAMNAGAR,527,0.1384252968424435,0.1384252968424435,0.0606001369277314,GUJARAT,JAMNAGAR,True,EXACT,GUJARAT,JAMNAGAR,True,HIGH
36,19,1,29,0,84,5,22,151,245,111,131,37,37,15,1,52,12,461,0,232,2074,4099,555,248,534,74,146,0.1353988777750671,2013,0.1441730076091309,2014,Gujarat,JUNAGADH,GUJARAT||JUNAGADH,530,0.1418564462742553,0.1418564462742553,0.0023165613348755,GUJARAT,JUNAGADH,True,EXACT,GUJARAT,JUNAGADH,True,HIGH
23,18,0,11,0,139,16,55,176,551,246,83,40,51,8,0,37,0,321,0,181,5375,7496,369,299,1044,91,91,0.0492262540021344,2013,0.0482769090633065,2014,Gujarat,MEHSANA,GUJARAT||MEHSANA,539,0.0680182540391187,0.0680182540391187,0.0197413449758122,GUJARAT,MEHSANA,False,UNMATCHED,,,False,MEDIUM
14,2,0,7,0,24,0,1,26,50,31,12,8,5,3,0,15,0,10,0,77,383,727,32,63,108,13,15,0.0440165061898211,2013,0.0662650602409638,2014,Gujarat,NARMADA,GUJARAT||NARMADA,542,0.0530363805322851,0.0530363805322851,0.0132286797086787,GUJARAT,NARMADA,True,EXACT,GUJARAT,NARMADA,True,MEDIUM
14,11,0,9,0,39,8,8,108,272,165,17,56,18,1,0,13,1,88,0,0,967,1737,111,102,561,74,18,0.0639032815198618,2013,0.0595375722543352,2014,Gujarat,NAVSARI,GUJARAT||NAVSARI,545,0.0722553180845595,0.0722553180845595,0.0127177458302243,GUJARAT,NAVSARI,True,EXACT,GUJARAT,NAVSARI,True,MEDIUM
59,15,2,16,0,96,18,8,132,257,171,48,18,26,23,0,46,0,217,0,316,1944,3563,279,260,586,44,71,0.0783047993264103,2013,0.0599848139711465,2014,Gujarat,PANCHMAHAL,GUJARAT||PANCHMAHAL,550,0.0903162545330233,0.0903162545330233,0.0303314405618768,GUJARAT,PANCHMAHAL,False,UNMATCHED,,,False,HIGH
14,9,0,19,0,74,17,33,92,283,133,63,27,24,11,0,47,1,174,0,133,2306,3677,241,213,558,51,74,0.0655425618710905,2013,0.1015588096362777,2014,Gujarat,PATAN,GUJARAT||PATAN,553,0.0745389862193464,0.0745389862193464,0.0270198234169312,GUJARAT,PATAN,True,EXACT,GUJARAT,PATAN,True,MEDIUM
12,6,0,6,0,16,1,5,24,65,26,21,12,10,5,0,6,0,79,0,41,441,838,91,52,121,22,26,0.1085918854415274,2013,0.1325301204819277,2014,Gujarat,PORBANDAR,GUJARAT||PORBANDAR,556,0.1166583449672005,0.1166583449672005,0.0158717755147271,GUJARAT,PORBANDAR,True,EXACT,GUJARAT,PORBANDAR,True,HIGH
43,9,3,30,0,83,6,31,163,388,224,76,87,6,10,1,41,2,404,0,359,2595,4683,478,246,812,93,86,0.1020713218022635,2013,0.1044621238325838,2014,Gujarat,RAJKOT RURAL,GUJARAT||RAJKOT RURAL,561,0.1133092582048449,0.1133092582048449,0.0088471343722611,GUJARAT,RAJKOT RURAL,False,UNMATCHED,,,False,HIGH
46,8,3,19,0,36,16,23,142,449,215,33,20,40,3,1,15,0,114,0,368,1754,3242,149,166,845,60,36,0.0459592843923504,2013,0.0380577427821522,2014,Gujarat,SURAT RURAL,GUJARAT||SURAT RURAL,566,0.0684546999248583,0.0684546999248583,0.0303969571427061,GUJARAT,SURAT RURAL,False,UNMATCHED,,,False,MEDIUM
32,30,2,18,0,71,9,18,122,303,124,76,36,11,7,0,51,7,133,0,224,1286,2822,209,231,576,47,83,0.0740609496810772,2013,0.0593699515347334,2014,Gujarat,SURENDRANAGAR,GUJARAT||SURENDRANAGAR,569,0.0829539723846382,0.0829539723846382,0.0235840208499047,GUJARAT,SURENDRANAGAR,True,EXACT,GUJARAT,SURENDRANAGAR,True,MEDIUM
17,2,2,8,0,17,1,2,34,88,37,7,12,14,5,0,13,0,12,0,129,406,822,33,62,162,26,12,0.0401459854014598,2013,0.1348884381338742,2014,Gujarat,TAPI,GUJARAT||TAPI,572,0.0398094249775995,0.0398094249775995,0.0950790131562746,GUJARAT,TAPI,True,EXACT,GUJARAT,TAPI,True,LOW
70,13,1,25,0,72,17,17,88,305,217,58,24,26,9,0,29,0,110,0,433,1909,3439,164,244,644,50,67,0.0476882814771736,2013,0.0404005524861878,2014,Gujarat,VADODARA RURAL,GUJARAT||VADODARA RURAL,577,0.0725781417006403,0.0725781417006403,0.0321775892144525,GUJARAT,VADODARA RURAL,False,UNMATCHED,,,False,MEDIUM
24,10,0,19,0,73,6,33,224,450,252,36,77,24,3,0,33,0,28,0,294,1170,2713,80,198,965,101,39,0.0294876520457058,2013,0.0442708333333333,2014,Gujarat,VALSAD,GUJARAT||VALSAD,580,0.0378858760233258,0.0378858760233258,0.0063849573100074,GUJARAT,VALSAD,True,EXACT,GUJARAT,VALSAD,True,LOW
11,2,0,0,0,7,1,7,7,264,30,2,0,6,0,0,2,0,5,0,0,37,381,7,30,309,6,2,0.0183727034120734,2013,0.0176211453744493,2014,Gujarat,W.RLY AHMEDABAD,GUJARAT||WRLY AHMEDABAD,583,0.0285537124221251,0.0285537124221251,0.0109325670476758,GUJARAT,W RLY AHMEDABAD,False,UNMATCHED,,,False,LOW
5,1,1,1,0,2,1,7,4,414,15,3,2,2,0,0,6,0,0,0,2,47,522,7,24,441,4,3,0.0134099616858237,2013,0.0045662100456621,2014,Gujarat,W.RLY VADODARA,GUJARAT||WRLY VADODARA,586,0.031470839238908,0.031470839238908,0.0269046291932459,GUJARAT,W RLY VADODARA,False,UNMATCHED,,,False,LOW
62,49,0,52,0,169,6,36,411,741,483,174,15,167,24,20,97,36,144,0,183,1233,3877,349,471,1677,182,198,0.0900180551973175,2013,0.0597306689834926,2014,Haryana,BHIWANI,HARYANA||BHIWANI,591,0.089265752303939,0.089265752303939,0.0295350833204464,HARYANA,BHIWANI,True,EXACT,HARYANA,BHIWANI,True,HIGH
60,59,3,65,0,155,6,34,392,1763,1495,183,170,53,4,22,90,56,255,0,221,1529,5264,488,472,3690,223,187,0.0927051671732522,2013,0.0888333333333333,2014,Haryana,FARIDABAD,HARYANA||FARIDABAD,594,0.0986707852453265,0.0986707852453265,0.0098374519119932,HARYANA,FARIDABAD,True,EXACT,HARYANA,FARIDABAD,True,HIGH
25,20,2,30,0,47,6,9,176,258,169,21,6,83,4,2,46,25,193,0,97,788,1974,296,185,618,89,25,0.1499493414387031,2013,0.1011929247223364,2014,Haryana,FATEHABAD,HARYANA||FATEHABAD,597,0.1355515496831942,0.1355515496831942,0.0343586249608578,HARYANA,FATEHABAD,True,EXACT,HARYANA,FATEHABAD,True,HIGH
87,72,5,82,0,263,31,137,667,4330,3323,159,98,257,10,18,97,42,290,0,445,2495,9729,529,774,8488,355,169,0.0543735224586288,2013,0.050768961901433,2014,Haryana,GURGAON,HARYANA||GURGAON,602,0.067990915549325,0.067990915549325,0.017221953647892,HARYANA,GURGAON,False,UNMATCHED,,,False,MEDIUM
55,62,2,61,0,114,8,63,468,1182,782,107,22,178,25,17,118,31,319,0,208,2164,5432,546,483,2503,200,132,0.1005154639175257,2013,0.086305278174037,2014,Haryana,HISSAR,HARYANA||HISSAR,605,0.093334251859227,0.093334251859227,0.00702897368519,HARYANA,HISSAR,False,UNMATCHED,,,False,HIGH
43,36,5,17,0,50,2,28,162,452,254,29,13,65,6,22,44,16,109,0,225,591,2028,208,225,898,78,35,0.1025641025641025,2013,0.1238095238095238,2014,Haryana,JHAJJAR,HARYANA||JHAJJAR,608,0.0957047730413565,0.0957047730413565,0.0281047507681673,HARYANA,JHAJJAR,True,EXACT,HARYANA,JHAJJAR,True,HIGH
58,30,11,38,0,100,2,33,308,726,490,167,54,35,12,9,69,34,121,0,169,769,2923,271,341,1559,89,179,0.0927129661306876,2013,0.0767634854771784,2014,Haryana,JIND,HARYANA||JIND,611,0.0997258542901293,0.0997258542901293,0.0229623688129509,HARYANA,JIND,True,EXACT,HARYANA,JIND,True,HIGH
31,14,1,26,0,106,6,16,181,325,236,0,46,21,2,4,39,11,146,0,133,527,1805,226,239,764,67,2,0.1252077562326869,2013,0.1129032258064516,2014,Haryana,KAITHAL,HARYANA||KAITHAL,614,0.074331154653892,0.074331154653892,0.0385720711525595,HARYANA,KAITHAL,True,EXACT,HARYANA,KAITHAL,True,MEDIUM
56,33,3,72,0,362,6,54,459,975,681,37,7,224,15,12,181,21,213,0,254,1099,4302,499,767,2175,231,52,0.1159925615992561,2013,0.1082283172720533,2014,Haryana,KARNAL,HARYANA||KARNAL,617,0.0941473544761721,0.0941473544761721,0.0140809627958811,HARYANA,KARNAL,True,EXACT,HARYANA,KARNAL,True,HIGH
20,23,1,25,0,56,0,25,288,641,467,0,14,104,5,8,70,26,137,0,195,867,2635,266,220,1421,118,5,0.1009487666034155,2013,0.080201472297559,2014,Haryana,KURUKSHETRA,HARYANA||KURUKSHETRA,620,0.0309518355470375,0.0309518355470375,0.0492496367505214,HARYANA,KURUKSHETRA,True,EXACT,HARYANA,KURUKSHETRA,True,LOW
32,58,2,68,0,44,10,18,59,536,392,171,13,97,5,10,46,7,198,0,154,812,2427,329,278,1015,110,176,0.1355583024309847,2013,0.1172328086164043,2014,Haryana,MEWAT,HARYANA||MEWAT,625,0.1396334568842634,0.1396334568842634,0.0224006482678591,HARYANA,MEWAT,False,UNMATCHED,,,False,HIGH
40,54,5,51,0,66,4,28,128,695,503,165,36,28,1,12,77,23,192,0,184,806,2747,355,325,1358,64,166,0.1292318893338187,2013,0.1090237141977209,2014,Haryana,PALWAL,HARYANA||PALWAL,628,0.1307823659265794,0.1307823659265794,0.0217586517288585,HARYANA,PALWAL,True,EXACT,HARYANA,PALWAL,True,HIGH
12,2,1,15,0,163,7,21,212,464,328,13,13,136,2,4,41,9,80,0,90,457,1790,149,262,1032,149,15,0.0832402234636871,2013,0.0922208281053952,2014,Haryana,PANCHKULA,HARYANA||PANCHKULA,631,0.0678064098081507,0.0678064098081507,0.0244144182972444,HARYANA,PANCHKULA,True,EXACT,HARYANA,PANCHKULA,True,MEDIUM
59,25,3,52,0,144,9,31,232,890,738,32,9,119,7,14,60,19,118,0,266,1064,3299,263,383,1900,128,39,0.0797211276144286,2013,0.0872367855608079,2014,Haryana,PANIPAT,HARYANA||PANIPAT,634,0.0802309656429913,0.0802309656429913,0.0070058199178165,HARYANA,PANIPAT,True,EXACT,HARYANA,PANIPAT,True,MEDIUM
35,37,0,43,0,67,15,52,226,727,542,58,46,25,12,13,62,52,117,0,204,795,2703,287,311,1562,71,70,0.1061783203847576,2013,0.0924128011506652,2014,Haryana,REWARI,HARYANA||REWARI,637,0.0945155744500227,0.0945155744500227,0.0021027732993575,HARYANA,REWARI,True,EXACT,HARYANA,REWARI,True,HIGH
63,47,3,51,0,80,2,39,325,830,649,90,16,67,7,17,55,39,127,0,213,875,3103,289,340,1845,83,97,0.0931356751530776,2013,0.0916230366492146,2014,Haryana,ROHTAK,HARYANA||ROHTAK,640,0.0980780071925921,0.0980780071925921,0.0064549705433775,HARYANA,ROHTAK,True,EXACT,HARYANA,ROHTAK,True,HIGH
34,28,2,64,0,140,1,15,228,524,342,46,14,35,9,5,58,13,187,2,119,1061,2825,329,342,1110,49,55,0.1164601769911504,2013,0.0907524411257897,2014,Haryana,SIRSA,HARYANA||SIRSA,643,0.1015225223893396,0.1015225223893396,0.0107700812635499,HARYANA,SIRSA,True,EXACT,HARYANA,SIRSA,True,HIGH
81,61,1,50,0,69,5,49,327,754,516,3,16,96,17,27,71,48,167,0,358,1177,3570,363,387,1651,112,20,0.1016806722689075,2013,0.0811876594757596,2014,Haryana,SONIPAT,HARYANA||SONIPAT,646,0.0450708742065317,0.0450708742065317,0.0361167852692278,HARYANA,SONIPAT,True,EXACT,HARYANA,SONIPAT,True,LOW
31,37,0,38,0,273,6,11,203,399,337,0,5,89,2,11,60,18,171,0,148,895,2541,298,456,956,94,2,0.1172766627312081,2013,0.0905288317896623,2014,Haryana,YAMUNANAGAR,HARYANA||YAMUNANAGAR,649,0.0593278278787197,0.0593278278787197,0.0312010039109425,HARYANA,YAMUNANAGAR,True,EXACT,HARYANA,YAMUNANAGAR,True,MEDIUM
4,12,0,13,0,51,1,0,69,49,14,29,13,32,10,0,32,23,32,0,27,674,1131,100,113,133,45,39,0.0884173297966401,2013,0.0945147679324894,2014,Himachal Pradesh,BILASPUR,HIMACHAL PRADESH||BILASPUR,654,0.0785834991245424,0.0785834991245424,0.0159312688079469,HIMACHAL PRADESH,BILASPUR,True,EXACT,HIMACHAL PRADESH,BILASPUR,True,MEDIUM
5,3,0,19,0,14,0,0,66,46,12,38,7,14,6,0,31,1,7,0,44,333,694,58,72,124,21,44,0.0835734870317002,2013,0.0788436268068331,2014,Himachal Pradesh,CHAMBA,HIMACHAL PRADESH||CHAMBA,657,0.0874124763001107,0.0874124763001107,0.0085688494932776,HIMACHAL PRADESH,CHAMBA,True,EXACT,HIMACHAL PRADESH,CHAMBA,True,HIGH
6,2,0,12,0,16,0,0,66,45,23,16,8,41,3,0,31,20,23,0,41,379,873,86,67,134,49,19,0.0985108820160366,2013,0.101775147928994,2014,Himachal Pradesh,HAMIRPUR,HIMACHAL PRADESH||HAMIRPUR,664,0.0979331839156729,0.0979331839156729,0.003841964013321,HIMACHAL PRADESH,HAMIRPUR,True,EXACT,HIMACHAL PRADESH,HAMIRPUR,True,HIGH
28,15,1,33,0,61,0,6,139,112,37,73,14,72,21,0,100,31,53,0,8,1964,2884,217,244,294,86,94,0.0752427184466019,2013,0.0678280207561156,2014,Himachal Pradesh,KANGRA,HIMACHAL PRADESH||KANGRA,667,0.0787205938525674,0.0787205938525674,0.0108925730964518,HIMACHAL PRADESH,KANGRA,True,EXACT,HIMACHAL PRADESH,KANGRA,True,MEDIUM
0,0,0,6,0,4,0,1,26,11,2,9,4,0,0,0,8,0,4,0,18,74,173,18,19,40,4,9,0.1040462427745664,2013,0.0900473933649289,2014,Himachal Pradesh,KINNAUR,HIMACHAL PRADESH||KINNAUR,670,0.1046196141228124,0.1046196141228124,0.0145722207578835,HIMACHAL PRADESH,KINNAUR,True,EXACT,HIMACHAL PRADESH,KINNAUR,True,HIGH
7,7,0,29,0,29,4,0,73,51,16,32,6,43,38,0,44,2,30,0,55,512,1009,105,120,144,49,70,0.1040634291377601,2013,0.0787746170678337,2014,Himachal Pradesh,KULLU,HIMACHAL PRADESH||KULLU,673,0.0841774912024904,0.0841774912024904,0.0054028741346567,HIMACHAL PRADESH,KULLU,True,EXACT,HIMACHAL PRADESH,KULLU,True,MEDIUM
9,6,0,31,0,48,2,0,119,89,13,51,6,57,20,0,73,14,34,0,58,1107,1831,152,169,223,63,71,0.083014746040415,2013,0.1098504383702939,2014,Himachal Pradesh,MANDI,HIMACHAL PRADESH||MANDI,678,0.0750505450877072,0.0750505450877072,0.0347998932825866,HIMACHAL PRADESH,MANDI,True,EXACT,HIMACHAL PRADESH,MANDI,True,MEDIUM
11,13,2,32,0,49,2,1,161,157,48,93,30,41,28,0,63,11,29,0,111,769,1652,135,173,369,71,121,0.0817191283292978,2013,0.0715380684721512,2014,Himachal Pradesh,SHIMLA,HIMACHAL PRADESH||SHIMLA,681,0.0785419789227235,0.0785419789227235,0.0070039104505723,HIMACHAL PRADESH,SHIMLA,True,EXACT,HIMACHAL PRADESH,SHIMLA,True,MEDIUM
7,2,0,25,0,17,1,1,34,58,29,40,6,38,3,0,40,4,23,0,62,410,814,92,93,123,44,43,0.113022113022113,2013,0.1146788990825688,2014,Himachal Pradesh,SIRMAUR,HIMACHAL PRADESH||SIRMAUR,684,0.1071459819099247,0.1071459819099247,0.007532917172644,HIMACHAL PRADESH,SIRMAUR,True,EXACT,HIMACHAL PRADESH,SIRMAUR,True,HIGH
5,0,1,17,0,16,1,3,97,79,38,26,12,29,3,0,19,1,16,0,52,270,885,53,62,218,41,29,0.0598870056497175,2013,0.0623020063357972,2014,Himachal Pradesh,SOLAN,HIMACHAL PRADESH||SOLAN,687,0.0759721439928513,0.0759721439928513,0.0136701376570541,HIMACHAL PRADESH,SOLAN,True,EXACT,HIMACHAL PRADESH,SOLAN,True,MEDIUM
11,6,0,25,0,23,1,2,52,71,25,49,8,86,5,0,34,2,57,0,52,526,1076,118,102,151,94,54,0.1096654275092936,2013,0.1089566020313942,2014,Himachal Pradesh,UNA,HIMACHAL PRADESH||UNA,690,0.1097195340450782,0.1097195340450782,0.000762932013684,HIMACHAL PRADESH,UNA,True,EXACT,HIMACHAL PRADESH,UNA,True,HIGH
8,14,0,19,0,93,2,4,88,71,15,162,4,26,16,0,129,26,4,0,29,726,1426,178,269,180,30,178,0.1248246844319775,2013,0.115531752104055,2014,Jammu & Kashmir,ANANTNAG,JAMMU & KASHMIR||ANANTNAG,693,0.1185796410263877,0.1185796410263877,0.0030478889223327,JAMMU KASHMIR,ANANTNAG,True,EXACT,JAMMU KASHMIR,ANANTNAG,True,HIGH
4,8,0,5,0,14,0,3,18,12,1,23,1,8,1,0,18,4,1,0,21,190,332,28,52,34,9,24,0.0843373493975903,2013,0.0668380462724935,2014,Jammu & Kashmir,AWANTIPORA,JAMMU & KASHMIR||AWANTIPORA,696,0.0953009213889346,0.0953009213889346,0.0284628751164411,JAMMU KASHMIR,AWANTIPORA,False,UNMATCHED,,,False,HIGH
4,8,3,8,0,51,0,0,30,33,1,109,7,13,4,0,47,9,5,0,0,321,653,69,121,64,20,113,0.1056661562021439,2013,0.1067961165048543,2014,Jammu & Kashmir,BANDIPORA,JAMMU & KASHMIR||BANDIPORA,699,0.1025582707791785,0.1025582707791785,0.0042378457256757,JAMMU KASHMIR,BANDIPORA,True,EXACT,JAMMU KASHMIR,BANDIPORA,True,HIGH
8,17,0,19,0,95,0,12,75,97,20,219,7,23,15,0,135,18,13,0,0,696,1457,185,286,204,30,234,0.1269732326698696,2013,0.1099099099099099,2014,Jammu & Kashmir,BARAMULLA,JAMMU & KASHMIR||BARAMULLA,702,0.1135827473088271,0.1135827473088271,0.0036728373989172,JAMMU KASHMIR,BARAMULLA,True,EXACT,JAMMU KASHMIR,BARAMULLA,True,HIGH
4,31,4,11,0,63,0,2,85,110,13,198,5,18,20,0,26,13,2,0,19,606,1218,52,141,210,23,218,0.0426929392446633,2013,0.0467836257309941,2014,Jammu & Kashmir,BUDGAM,JAMMU & KASHMIR||BUDGAM,705,0.0525679952919604,0.0525679952919604,0.0057843695609663,JAMMU KASHMIR,BUDGAM,True,EXACT,JAMMU KASHMIR,BUDGAM,True,MEDIUM
0,0,0,0,0,0,0,0,0,0,0,0,0,18,0,0,0,0,0,0,0,1,19,0,0,0,18,0,0.0,2013,0.0,2014,Jammu & Kashmir,CRIME JAMMU,JAMMU & KASHMIR||CRIME JAMMU,708,0.0456780677555117,0.0456780677555117,0.0456780677555117,JAMMU KASHMIR,CRIME JAMMU,False,UNMATCHED,,,False,LOW
0,0,0,0,0,0,0,0,0,0,0,0,3,27,0,0,0,0,0,0,0,0,30,0,0,0,30,0,0.0,2013,0.0232558139534883,2014,Jammu & Kashmir,CRIME SRINAGAR,JAMMU & KASHMIR||CRIME SRINAGAR,711,0.0564375567395403,0.0564375567395403,0.033181742786052,JAMMU KASHMIR,CRIME SRINAGAR,False,UNMATCHED,,,False,MEDIUM
4,20,0,29,0,37,0,1,46,49,1,25,7,19,9,0,41,9,41,0,2,524,874,120,132,97,26,34,0.137299771167048,2013,0.1574212893553223,2014,Jammu & Kashmir,DODA,JAMMU & KASHMIR||DODA,714,0.1061217346363123,0.1061217346363123,0.0512995547190099,JAMMU KASHMIR,DODA,True,EXACT,JAMMU KASHMIR,DODA,True,HIGH
1,12,0,5,0,29,1,1,35,42,4,94,4,11,3,0,64,4,5,0,14,226,553,78,113,83,15,97,0.1410488245931284,2013,0.120507399577167,2014,Jammu & Kashmir,GANDERBAL,JAMMU & KASHMIR||GANDERBAL,717,0.1174629144206862,0.1174629144206862,0.0030444851564807,JAMMU KASHMIR,GANDERBAL,True,EXACT,JAMMU KASHMIR,GANDERBAL,True,HIGH
2,12,0,10,0,30,0,0,14,55,0,45,2,7,2,0,77,5,5,0,2,241,513,97,131,69,9,47,0.189083820662768,2013,0.1512455516014235,2014,Jammu & Kashmir,HANDWARA,JAMMU & KASHMIR||HANDWARA,720,0.1426799217737924,0.1426799217737924,0.008565629827631,JAMMU KASHMIR,HANDWARA,False,UNMATCHED,,,False,HIGH
11,91,2,50,0,96,0,2,312,398,219,89,42,130,26,5,72,53,92,0,111,2947,4547,272,324,931,172,115,0.0598196613151528,2013,0.0858895705521472,2014,Jammu & Kashmir,JAMMU,JAMMU & KASHMIR||JAMMU,723,0.0505340290984663,0.0505340290984663,0.0353555414536808,JAMMU KASHMIR,JAMMU,True,EXACT,JAMMU KASHMIR,JAMMU,True,LOW
1,0,1,0,0,1,0,0,4,4,0,14,1,1,0,0,1,0,0,0,12,68,108,1,4,8,2,14,0.0092592592592592,2013,0.019047619047619,2014,Jammu & Kashmir,KARGIL,JAMMU & KASHMIR||KARGIL,726,0.0346291458435972,0.0346291458435972,0.0155815267959782,JAMMU KASHMIR,KARGIL,False,UNMATCHED,,,False,LOW
6,13,0,20,0,27,0,0,67,73,29,19,7,19,5,0,37,15,21,0,2,836,1178,93,103,169,26,24,0.0789473684210526,2013,0.0760279286268425,2014,Jammu & Kashmir,KATHUA,JAMMU & KASHMIR||KATHUA,729,0.0696094943585963,0.0696094943585963,0.0064184342682461,JAMMU KASHMIR,KATHUA,True,EXACT,JAMMU KASHMIR,KATHUA,True,MEDIUM
5,13,0,12,0,15,1,2,14,10,0,2,0,1,7,0,14,5,19,0,0,271,391,50,62,27,1,9,0.1278772378516624,2013,0.0979381443298969,2014,Jammu & Kashmir,KISHTWAR,JAMMU & KASHMIR||KISHTWAR,732,0.0868834767999844,0.0868834767999844,0.0110546675299124,JAMMU KASHMIR,KISHTWAR,True,EXACT,JAMMU KASHMIR,KISHTWAR,True,HIGH
3,48,1,13,0,61,0,18,31,47,7,102,5,11,9,0,136,18,0,0,26,336,941,167,280,103,16,111,0.1774707757704569,2013,0.2231308411214953,2014,Jammu & Kashmir,KULGAM,JAMMU & KASHMIR||KULGAM,735,0.1556654638990282,0.1556654638990282,0.067465377222467,JAMMU KASHMIR,KULGAM,True,EXACT,JAMMU KASHMIR,KULGAM,True,HIGH
5,25,0,19,0,54,0,2,29,76,1,144,5,17,11,0,47,14,10,0,11,315,790,90,152,108,22,155,0.1139240506329113,2013,0.1253521126760563,2014,Jammu & Kashmir,KUPWARA,JAMMU & KASHMIR||KUPWARA,738,0.1011863650338769,0.1011863650338769,0.0241657476421794,JAMMU KASHMIR,KUPWARA,True,EXACT,JAMMU KASHMIR,KUPWARA,True,HIGH
0,1,0,2,0,0,0,0,9,8,0,0,2,1,0,0,2,1,0,0,0,130,156,5,5,17,3,0,0.032051282051282,2013,0.0542168674698795,2014,Jammu & Kashmir,LEH,JAMMU & KASHMIR||LEH,741,0.0403261281222826,0.0403261281222826,0.0138907393475968,JAMMU KASHMIR,LEH,False,UNMATCHED,,,False,LOW
7,18,5,20,0,27,0,1,32,22,2,62,2,18,16,0,45,4,14,0,0,446,806,83,123,57,20,78,0.1029776674937965,2013,0.1045130641330166,2014,Jammu & Kashmir,POONCH,JAMMU & KASHMIR||POONCH,744,0.1044614588730057,0.1044614588730057,5.160526001087018e-05,JAMMU KASHMIR,POONCH,True,EXACT,JAMMU KASHMIR,POONCH,True,HIGH
8,8,0,10,0,28,0,4,11,20,1,79,8,7,8,0,19,9,3,0,8,133,429,41,77,36,15,87,0.0955710955710955,2013,0.096045197740113,2014,Jammu & Kashmir,PULWAMA,JAMMU & KASHMIR||PULWAMA,747,0.1052721609883222,0.1052721609883222,0.0092269632482092,JAMMU KASHMIR,PULWAMA,True,EXACT,JAMMU KASHMIR,PULWAMA,True,HIGH
1,1,0,0,0,0,0,0,0,2,0,0,0,0,1,0,1,0,0,0,0,14,20,1,3,2,0,1,0.05,2013,0.1875,2014,Jammu & Kashmir,RAILWAYS JAMMU,JAMMU & KASHMIR||RAILWAYS JAMMU,750,0.0236664679376106,0.0236664679376106,0.1638335320623893,JAMMU KASHMIR,RAILWAYS JAMMU,False,UNMATCHED,,,False,LOW
0,0,0,0,0,0,0,0,0,2,2,10,0,0,0,0,0,2,0,0,0,5,19,2,0,4,0,10,0.1052631578947368,2013,0.1538461538461538,2014,Jammu & Kashmir,RAILWAYS KASHMIR,JAMMU & KASHMIR||RAILWAYS KASHMIR,753,0.1547903226878746,0.1547903226878746,0.0009441688417208,JAMMU KASHMIR,RAILWAYS KASHMIR,False,UNMATCHED,,,False,HIGH
0,0,0,0,0,0,0,0,0,0,0,0,0,0,0,0,0,0,0,0,0,1,1,0,0,0,0,0,0.0,2013,0.1666666666666666,2014,Jammu & Kashmir,RAILWAYS KATRA,JAMMU & KASHMIR||RAILWAYS KATRA,755,0.0225942835763264,0.0225942835763264,0.1440723830903401,JAMMU KASHMIR,RAILWAYS KATRA,False,UNMATCHED,,,False,LOW
11,30,3,30,0,59,0,2,55,61,17,36,6,53,15,1,46,16,57,0,36,1274,1814,150,181,135,59,51,0.0826901874310915,2013,0.1096516276413478,2014,Jammu & Kashmir,RAJOURI,JAMMU & KASHMIR||RAJOURI,758,0.0764707958264254,0.0764707958264254,0.0331808318149223,JAMMU KASHMIR,RAJOURI,True,EXACT,JAMMU KASHMIR,RAJOURI,True,MEDIUM
6,15,0,13,0,21,0,0,20,34,11,3,4,7,4,0,21,6,9,0,7,557,737,49,76,65,11,7,0.0664857530529172,2013,0.0875370919881305,2014,Jammu & Kashmir,RAMBAN,JAMMU & KASHMIR||RAMBAN,761,0.042897680703392,0.042897680703392,0.0446394112847384,JAMMU KASHMIR,RAMBAN,True,EXACT,JAMMU KASHMIR,RAMBAN,True,LOW
5,9,3,13,0,19,0,0,24,27,4,24,5,7,3,0,5,8,14,0,0,528,704,40,54,55,12,27,0.0568181818181818,2013,0.0703851261620186,2014,Jammu & Kashmir,REASI,JAMMU & KASHMIR||REASI,764,0.070288248599249,0.070288248599249,9.687756276950676e-05,JAMMU KASHMIR,REASI,True,EXACT,JAMMU KASHMIR,REASI,True,MEDIUM
5,23,1,5,0,8,0,0,29,28,12,41,0,16,8,1,23,7,12,0,0,565,777,48,65,69,16,49,0.0617760617760617,2013,0.0382848392036753,2014,Jammu & Kashmir,SAMBA,JAMMU & KASHMIR||SAMBA,767,0.0642963419713866,0.0642963419713866,0.0260115027677113,JAMMU KASHMIR,SAMBA,True,EXACT,JAMMU KASHMIR,SAMBA,True,MEDIUM
6,17,0,5,0,17,0,3,13,81,2,46,2,7,6,0,27,4,2,0,7,142,387,38,75,99,9,52,0.0981912144702842,2013,0.0658682634730539,2014,Jammu & Kashmir,SHOPIAN,JAMMU & KASHMIR||SHOPIAN,770,0.0865255994491762,0.0865255994491762,0.0206573359761223,JAMMU KASHMIR,SHOPIAN,True,EXACT,JAMMU KASHMIR,SHOPIAN,True,HIGH
13,24,1,15,0,34,0,0,71,113,3,43,4,12,5,0,63,3,5,0,0,170,578,86,150,187,16,48,0.1487889273356401,2013,0.1545741324921135,2014,Jammu & Kashmir,SOPORE,JAMMU & KASHMIR||SOPORE,773,0.1248896613684651,0.1248896613684651,0.0296844711236483,JAMMU KASHMIR,SOPORE,False,UNMATCHED,,,False,HIGH
16,38,4,22,0,90,2,30,232,333,206,115,19,97,25,0,266,90,72,0,59,1264,2792,450,468,803,116,140,0.1611747851002865,2013,0.1330438215554678,2014,Jammu & Kashmir,SRINAGAR,JAMMU & KASHMIR||SRINAGAR,776,0.1281012353981852,0.1281012353981852,0.0049425861572826,JAMMU KASHMIR,SRINAGAR,True,EXACT,JAMMU KASHMIR,SRINAGAR,True,HIGH
6,14,0,23,0,14,0,0,43,54,12,10,3,16,2,0,27,11,22,0,4,888,1140,83,84,109,19,12,0.0728070175438596,2013,0.0726015557476231,2014,Jammu & Kashmir,UDHAMPUR,JAMMU & KASHMIR||UDHAMPUR,779,0.0658620821924189,0.0658620821924189,0.0067394735552041,JAMMU KASHMIR,UDHAMPUR,True,EXACT,JAMMU KASHMIR,UDHAMPUR,True,MEDIUM
47,7,0,58,0,78,13,28,159,736,219,139,199,145,0,15,8,0,243,0,0,1759,3634,324,239,1155,344,139,0.089157952669235,2013,0.0852146263910969,2014,Jharkhand,BOKARO,JHARKHAND||BOKARO,782,0.108859636673438,0.108859636673438,0.0236450102823411,JHARKHAND,BOKARO,True,EXACT,JHARKHAND,BOKARO,True,HIGH
121,53,5,77,0,27,5,18,7,186,37,22,11,53,4,0,36,0,55,0,92,164,1061,168,342,253,64,26,0.1583411875589067,2013,0.1016771488469601,2014,Jharkhand,CHAIBASA,JHARKHAND||CHAIBASA,785,0.1549031433192682,0.1549031433192682,0.0532259944723081,JHARKHAND,CHAIBASA,False,UNMATCHED,,,False,HIGH
42,1,1,25,0,29,11,14,30,114,32,53,9,26,6,10,16,0,19,0,95,536,1062,70,139,201,35,59,0.0659133709981167,2013,0.10202492211838,2014,Jharkhand,CHATRA,JHARKHAND||CHATRA,788,0.0798009683271574,0.0798009683271574,0.0222239537912225,JHARKHAND,CHATRA,True,EXACT,JHARKHAND,CHATRA,True,MEDIUM
55,45,0,61,0,67,13,16,102,306,109,257,111,138,5,24,65,0,252,0,85,370,2394,402,322,546,249,262,0.1679197994987468,2013,0.0921739130434782,2014,Jharkhand,DEOGHAR,JHARKHAND||DEOGHAR,791,0.1691004557946571,0.1691004557946571,0.0769265427511789,JHARKHAND,DEOGHAR,True,EXACT,JHARKHAND,DEOGHAR,True,HIGH
68,27,23,65,0,157,35,63,194,947,405,254,109,201,7,37,6,0,89,0,3,2245,4768,197,444,1644,310,261,0.0413171140939597,2013,0.0476770135930208,2014,Jharkhand,DHANBAD,JHARKHAND||DHANBAD,794,0.0731447465018548,0.0731447465018548,0.025467732908834,JHARKHAND,DHANBAD,True,EXACT,JHARKHAND,DHANBAD,True,MEDIUM
79,43,4,41,0,38,8,14,60,226,60,107,12,49,23,10,15,0,73,0,112,605,1817,139,242,368,61,130,0.0764997248211337,2013,0.0741206030150753,2014,Jharkhand,DUMKA,JHARKHAND||DUMKA,799,0.0919927288870299,0.0919927288870299,0.0178721258719546,JHARKHAND,DUMKA,True,EXACT,JHARKHAND,DUMKA,True,HIGH
33,37,8,53,0,31,5,41,42,40,38,164,52,126,60,30,33,0,125,0,58,1028,2688,241,241,166,178,224,0.0896577380952381,2013,0.0538342370255615,2014,Jharkhand,GARHWA,JHARKHAND||GARHWA,802,0.1252398163338612,0.1252398163338612,0.0714055793082997,JHARKHAND,GARHWA,True,EXACT,JHARKHAND,GARHWA,True,HIGH
53,104,0,53,0,84,21,30,86,336,86,326,14,276,5,44,24,0,323,0,122,1965,4378,444,369,559,290,331,0.1014161717679305,2013,0.0896591234603265,2014,Jharkhand,GIRIDIH,JHARKHAND||GIRIDIH,805,0.1220301716197,0.1220301716197,0.0323710481593735,JHARKHAND,GIRIDIH,True,EXACT,JHARKHAND,GIRIDIH,True,HIGH
65,0,0,44,0,58,2,12,31,144,46,38,15,13,4,8,0,0,0,0,0,1366,1800,52,181,235,28,42,0.0288888888888888,2013,0.0549707602339181,2014,Jharkhand,GODDA,JHARKHAND||GODDA,808,0.0624784574321723,0.0624784574321723,0.0075076971982542,JHARKHAND,GODDA,True,EXACT,JHARKHAND,GODDA,True,MEDIUM
183,27,8,59,0,39,1,23,14,86,26,16,3,14,13,1,15,0,17,0,89,123,929,92,355,150,17,29,0.0990312163616792,2013,0.0891666666666666,2014,Jharkhand,GUMLA,JHARKHAND||GUMLA,811,0.1050304660345504,0.1050304660345504,0.0158637993678838,JHARKHAND,GUMLA,True,EXACT,JHARKHAND,GUMLA,True,HIGH
77,28,7,63,0,72,19,26,75,336,134,172,16,94,5,28,35,0,50,0,176,1255,2719,176,327,590,110,177,0.0647296800294225,2013,0.0533070088845014,2014,Jharkhand,HAZARIBAGH,JHARKHAND||HAZARIBAGH,814,0.0909216007760649,0.0909216007760649,0.0376145918915635,JHARKHAND,HAZARIBAGH,True,EXACT,JHARKHAND,HAZARIBAGH,True,HIGH
103,30,8,85,0,86,11,53,153,922,370,108,150,507,4,15,86,5,186,0,8,1278,4727,377,462,1509,657,112,0.0797546012269938,2013,0.0569636135508155,2014,Jharkhand,JAMSHEDPUR,JHARKHAND||JAMSHEDPUR,817,0.0954606714997099,0.0954606714997099,0.0384970579488944,JHARKHAND,JAMSHEDPUR,False,UNMATCHED,,,False,HIGH
20,11,2,32,0,24,2,10,11,110,36,86,15,124,3,8,9,1,150,0,11,598,1255,200,110,169,139,89,0.1593625498007968,2013,0.1337209302325581,2014,Jharkhand,JAMTARA,JHARKHAND||JAMTARA,822,0.1660021868427976,0.1660021868427976,0.0322812566102395,JHARKHAND,JAMTARA,True,EXACT,JHARKHAND,JAMTARA,True,HIGH
90,12,2,9,0,16,0,13,5,34,14,38,1,12,2,0,8,1,8,0,43,53,382,26,150,66,13,40,0.0680628272251308,2013,0.0548926014319809,2014,Jharkhand,KHUNTI,JHARKHAND||KHUNTI,825,0.0916927778565239,0.0916927778565239,0.036800176424543,JHARKHAND,KHUNTI,True,EXACT,JHARKHAND,KHUNTI,True,HIGH
25,59,5,23,0,32,3,7,23,130,38,125,23,151,0,6,17,0,48,0,81,715,1736,94,171,201,174,125,0.054147465437788,2013,0.0520833333333333,2014,Jharkhand,KODERMA,JHARKHAND||KODERMA,828,0.0807621127435369,0.0807621127435369,0.0286787794102036,JHARKHAND,KODERMA,True,EXACT,JHARKHAND,KODERMA,True,MEDIUM
49,21,3,27,0,25,8,8,7,106,12,41,20,10,4,5,19,0,16,0,54,230,698,67,160,141,30,45,0.0959885386819484,2013,0.0582072176949941,2014,Jharkhand,LATEHAR,JHARKHAND||LATEHAR,831,0.103242693762249,0.103242693762249,0.0450354760672549,JHARKHAND,LATEHAR,True,EXACT,JHARKHAND,LATEHAR,True,HIGH
30,0,2,34,0,29,3,6,10,61,26,11,2,36,0,3,2,0,35,0,42,277,584,74,106,106,38,11,0.1267123287671233,2013,0.1380597014925373,2014,Jharkhand,LOHARDAGGA,JHARKHAND||LOHARDAGGA,834,0.1333456400353385,0.1333456400353385,0.0047140614571987,JHARKHAND,LOHARDAGGA,False,UNMATCHED,,,False,HIGH
32,12,2,48,0,34,3,11,11,107,26,114,9,62,3,2,10,0,147,0,56,366,1139,207,152,158,71,117,0.1817383669885864,2013,0.1895113230035756,2014,Jharkhand,PAKUR,JHARKHAND||PAKUR,837,0.1871649575542393,0.1871649575542393,0.0023463654493362,JHARKHAND,PAKUR,True,EXACT,JHARKHAND,PAKUR,True,HIGH
88,64,0,31,0,53,18,44,84,230,67,142,14,107,4,22,18,0,31,0,88,679,2228,102,316,443,121,146,0.0457809694793536,2013,0.0469483568075117,2014,Jharkhand,PALAMU,JHARKHAND||PALAMU,840,0.0706722753709472,0.0706722753709472,0.0237239185634355,JHARKHAND,PALAMU,True,EXACT,JHARKHAND,PALAMU,True,MEDIUM
25,45,4,36,0,40,8,15,21,217,67,47,36,96,0,14,18,9,25,0,113,187,1213,102,191,328,132,47,0.0840890354492992,2013,0.0772849462365591,2014,Jharkhand,RAMGARH,JHARKHAND||RAMGARH,843,0.1020148909127074,0.1020148909127074,0.0247299446761483,JHARKHAND,RAMGARH,True,EXACT,JHARKHAND,RAMGARH,True,HIGH
137,75,15,70,0,68,20,55,119,703,201,105,21,126,19,13,23,2,47,2,245,640,2860,157,463,1098,147,124,0.0548951048951048,2013,0.0568042501021659,2014,Jharkhand,RANCHI,JHARKHAND||RANCHI,846,0.0676636905627547,0.0676636905627547,0.0108594404605888,JHARKHAND,RANCHI,True,EXACT,JHARKHAND,RANCHI,True,MEDIUM
53,17,2,145,0,120,0,6,36,113,38,70,29,115,7,5,13,0,104,0,51,445,1938,267,356,193,144,77,0.1377708978328173,2013,0.1222076215505913,2014,Jharkhand,SAHEBGANJ,JHARKHAND||SAHEBGANJ,849,0.1467816989224617,0.1467816989224617,0.0245740773718704,JHARKHAND,SAHEBGANJ,True,EXACT,JHARKHAND,SAHEBGANJ,True,HIGH
65,30,3,33,0,33,8,19,40,183,58,23,1,71,2,6,24,0,28,0,113,288,1057,91,215,308,72,25,0.086092715231788,2013,0.0830324909747292,2014,Jharkhand,SARAIKELA,JHARKHAND||SARAIKELA,852,0.093987693230561,0.093987693230561,0.0109552022558317,JHARKHAND,SARAIKELA,False,UNMATCHED,,,False,HIGH
73,26,2,29,0,23,6,22,13,57,12,6,10,19,5,0,9,0,13,0,51,100,513,51,190,110,29,11,0.0994152046783625,2013,0.1021377672209026,2014,Jharkhand,SIMDEGA,JHARKHAND||SIMDEGA,855,0.0947048980149121,0.0947048980149121,0.0074328692059904,JHARKHAND,SIMDEGA,True,EXACT,JHARKHAND,SIMDEGA,True,HIGH
52,33,1,30,0,18,9,22,147,197,113,292,4,84,7,3,86,2,46,0,0,1071,2340,167,251,488,88,299,0.0713675213675213,2013,0.0825903331769122,2014,Karnataka,BAGALKOT,KARNATAKA||BAGALKOT,858,0.0906911436929307,0.0906911436929307,0.0081008105160185,KARNATAKA,BAGALKOT,False,UNMATCHED,,,False,HIGH
40,47,7,18,0,34,3,30,107,171,75,207,4,53,15,7,82,9,112,0,13,2058,3963,228,261,386,57,222,0.0575321725965177,2013,0.055850450034618,2014,Karnataka,BIDAR,KARNATAKA||BIDAR,869,0.0798377310769511,0.0798377310769511,0.0239872810423331,KARNATAKA,BIDAR,True,EXACT,KARNATAKA,BIDAR,True,MEDIUM
27,63,4,16,0,17,5,11,54,137,58,141,3,41,3,4,95,0,25,0,0,705,1866,140,238,265,44,144,0.07502679528403,2013,0.0771624144368388,2014,Karnataka,CHAMARAJNAGAR,KARNATAKA||CHAMARAJNAGAR,876,0.0890406145526456,0.0890406145526456,0.0118782001158068,KARNATAKA,CHAMARAJNAGAR,False,UNMATCHED,,,False,HIGH
31,42,1,31,0,28,4,25,130,213,98,193,7,62,17,7,178,0,64,0,4,2150,3970,280,340,470,69,210,0.070528967254408,2013,0.0914343129866867,2014,Karnataka,CHITRADURGA,KARNATAKA||CHITRADURGA,881,0.0809896336253233,0.0809896336253233,0.0104446793613633,KARNATAKA,CHITRADURGA,True,EXACT,KARNATAKA,CHITRADURGA,True,MEDIUM
33,23,2,33,0,31,7,58,180,397,199,352,30,93,3,14,167,5,127,0,12,1626,3843,346,354,841,123,355,0.0900338277387457,2013,0.0960110041265474,2014,Karnataka,DAVANAGERE,KARNATAKA||DAVANAGERE,886,0.0973918783572445,0.0973918783572445,0.0013808742306971,KARNATAKA,DAVANAGERE,False,UNMATCHED,,,False,HIGH
24,25,0,18,0,13,1,12,39,75,39,104,2,27,5,1,40,0,36,0,140,400,1092,95,133,166,29,109,0.0869963369963369,2013,0.0631199278629395,2014,Karnataka,GADAG,KARNATAKA||GADAG,893,0.1016212135542617,0.1016212135542617,0.0385012856913222,KARNATAKA,GADAG,True,EXACT,KARNATAKA,GADAG,True,HIGH
57,92,4,61,0,57,3,52,224,415,227,170,12,114,19,12,182,0,157,0,0,2524,5433,412,508,921,126,189,0.0758328731824038,2013,0.0825935932072558,2014,Karnataka,HASSAN,KARNATAKA||HASSAN,898,0.0872902959714154,0.0872902959714154,0.0046967027641596,KARNATAKA,HASSAN,True,EXACT,KARNATAKA,HASSAN,True,HIGH
16,31,0,18,0,14,5,20,76,145,81,254,12,49,0,1,80,0,55,0,239,890,2157,154,184,327,61,254,0.0713954566527584,2013,0.0867787369377555,2014,Karnataka,HAVERI,KARNATAKA||HAVERI,901,0.0914907618989973,0.0914907618989973,0.0047120249612418,KARNATAKA,HAVERI,True,EXACT,KARNATAKA,HAVERI,True,HIGH
12,31,0,23,0,12,3,15,67,62,30,50,0,29,0,6,13,0,15,0,0,333,822,57,109,177,29,50,0.0693430656934306,2013,0.0733590733590733,2014,Karnataka,K.G.F.,KARNATAKA||KGF,904,0.088480335858067,0.088480335858067,0.0151212624989937,KARNATAKA,K G F,False,UNMATCHED,,,False,HIGH
30,33,1,26,0,23,3,17,107,128,25,48,3,54,2,2,40,2,41,0,3,682,1707,111,173,280,57,50,0.0650263620386643,2013,0.0718201754385964,2014,Karnataka,KODAGU,KARNATAKA||KODAGU,907,0.0792960058131073,0.0792960058131073,0.0074758303745109,KARNATAKA,KODAGU,True,EXACT,KARNATAKA,KODAGU,True,MEDIUM
45,43,0,20,0,10,5,50,99,187,71,251,2,75,8,3,25,0,25,0,14,1086,2275,73,198,412,77,259,0.032087912087912,2013,0.0585009140767824,2014,Karnataka,KOLAR,KARNATAKA||KOLAR,910,0.0534087392991808,0.0534087392991808,0.0050921747776015,KARNATAKA,KOLAR,True,EXACT,KARNATAKA,KOLAR,True,MEDIUM
22,14,0,22,0,14,3,7,49,84,53,138,3,54,0,0,39,0,59,0,0,1018,1732,120,121,196,57,138,0.069284064665127,2013,0.061603823685608,2014,Karnataka,KOPPAL,KARNATAKA||KOPPAL,913,0.098080992041561,0.098080992041561,0.036477168355953,KARNATAKA,KOPPAL,True,EXACT,KARNATAKA,KOPPAL,True,HIGH
50,76,3,31,0,74,9,67,221,559,213,305,12,120,25,19,221,4,160,0,0,2409,5544,435,531,1069,132,330,0.0784632034632034,2013,0.0963081861958266,2014,Karnataka,MANDYA,KARNATAKA||MANDYA,916,0.083842623399734,0.083842623399734,0.0124655627960925,KARNATAKA,MANDYA,True,EXACT,KARNATAKA,MANDYA,True,MEDIUM
47,46,0,43,0,24,8,13,67,156,78,294,8,108,4,3,156,0,162,0,8,1274,3062,364,337,322,116,298,0.1188765512736773,2013,0.1265984654731458,2014,Karnataka,RAICHUR,KARNATAKA||RAICHUR,925,0.1281451776176909,0.1281451776176909,0.0015467121445451,KARNATAKA,RAICHUR,True,EXACT,KARNATAKA,RAICHUR,True,HIGH
51,71,1,21,0,43,19,92,273,507,271,250,10,68,53,11,141,0,57,0,0,2064,4363,230,439,1162,78,303,0.0527160210864084,2013,0.060484819957637,2014,Karnataka,RAMANAGAR,KARNATAKA||RAMANAGAR,930,0.0604564835253016,0.0604564835253016,2.833643233535882e-05,KARNATAKA,RAMANAGAR,False,UNMATCHED,,,False,MEDIUM
44,65,2,43,0,67,10,66,191,340,147,330,14,217,15,5,267,4,300,0,8,2580,5943,619,564,754,231,345,0.1041561500925458,2013,0.1166639086546417,2014,Karnataka,SHIMOGA,KARNATAKA||SHIMOGA,933,0.11077313680631,0.11077313680631,0.0058907718483316,KARNATAKA,SHIMOGA,False,UNMATCHED,,,False,HIGH
20,26,0,22,0,23,7,41,110,120,45,128,6,146,7,2,67,0,78,0,5,1524,2667,169,206,323,152,135,0.0633670791151106,2013,0.0801282051282051,2014,Karnataka,UDUPI,KARNATAKA||UDUPI,938,0.0813665479969374,0.0813665479969374,0.0012383428687323,KARNATAKA,UDUPI,True,EXACT,KARNATAKA,UDUPI,True,MEDIUM
33,31,1,16,0,29,1,8,46,54,29,204,0,30,2,3,123,0,61,0,131,158,1489,203,242,138,30,206,0.1363331094694425,2013,0.15975935828877,2014,Karnataka,YADGIRI,KARNATAKA||YADGIRI,943,0.1565908862317344,0.1565908862317344,0.0031684720570355,KARNATAKA,YADGIRI,False,UNMATCHED,,,False,HIGH
19,34,3,45,0,14,3,39,162,197,68,483,19,274,25,1,293,26,327,0,5,6812,10198,692,450,469,293,508,0.067856442439694,2013,0.0522976524970542,2014,Kerala,ALAPUZHA,KERALA||ALAPUZHA,946,0.0785618711338445,0.0785618711338445,0.0262642186367902,KERALA,ALAPUZHA,False,UNMATCHED,,,False,MEDIUM
7,22,2,40,0,10,5,39,88,307,103,333,35,524,5,0,169,23,130,0,2,11274,13499,362,294,542,559,338,0.0268168012445366,2013,0.0237593632958801,2014,Kerala,ERNAKULAM COMMR.,KERALA||ERNAKULAM COMMR,949,0.0402738538214053,0.0402738538214053,0.0165144905255252,KERALA,ERNAKULAM COMMR,False,UNMATCHED,,,False,LOW
23,38,9,67,0,14,7,65,188,279,90,543,20,283,7,2,238,41,177,0,4,11275,14462,525,461,629,303,550,0.0363020329138431,2013,0.0248204111964329,2014,Kerala,ERNAKULAM RURAL,KERALA||ERNAKULAM RURAL,952,0.0588260744512199,0.0588260744512199,0.034005663254787,KERALA,ERNAKULAM RURAL,False,UNMATCHED,,,False,MEDIUM
21,39,2,67,0,4,5,17,155,152,21,286,21,173,6,0,218,12,146,0,0,2483,5101,443,373,350,194,292,0.0868457165261713,2013,0.0818768996960486,2014,Kerala,IDUKKI,KERALA||IDUKKI,955,0.0898513477851581,0.0898513477851581,0.0079744480891095,KERALA,IDUKKI,True,EXACT,KERALA,IDUKKI,True,HIGH
19,34,4,60,0,22,5,62,205,149,47,763,16,211,101,0,191,11,341,0,2,3420,6899,603,397,468,227,864,0.0874039715900855,2013,0.0926146515783204,2014,Kerala,KANNUR,KERALA||KANNUR,958,0.1078272104301605,0.1078272104301605,0.0152125588518401,KERALA,KANNUR,True,EXACT,KERALA,KANNUR,True,HIGH
18,17,3,81,0,21,3,30,135,170,116,513,11,127,40,2,163,8,232,0,1,2963,5401,486,336,454,138,553,0.0899833364191816,2013,0.0789473684210526,2014,Kerala,KASARGOD,KERALA||KASARGOD,961,0.1049949147616062,0.1049949147616062,0.0260475463405536,KERALA,KASARGOD,False,UNMATCHED,,,False,HIGH
16,36,8,64,0,18,3,66,117,150,55,311,12,158,18,1,198,17,304,0,204,5071,7790,584,409,391,170,329,0.0749679075738125,2013,0.0724715482070002,2014,Kerala,KOLLAM COMMR.,KERALA||KOLLAM COMMR,964,0.0909236013859329,0.0909236013859329,0.0184520531789327,KERALA,KOLLAM COMMR,False,UNMATCHED,,,False,HIGH
19,46,8,92,0,12,2,14,176,186,40,515,7,188,13,2,273,14,254,0,3,4171,7257,635,466,418,195,528,0.0875017224748518,2013,0.0766118836915297,2014,Kerala,KOLLAM RURAL,KERALA||KOLLAM RURAL,967,0.0941945118140894,0.0941945118140894,0.0175826281225597,KERALA,KOLLAM RURAL,False,UNMATCHED,,,False,HIGH
25,33,6,47,0,12,0,35,172,249,67,486,34,237,9,0,251,30,216,0,4,8556,12314,544,409,523,271,495,0.0441773591034594,2013,0.0270133378355563,2014,Kerala,KOTTAYAM,KERALA||KOTTAYAM,970,0.0626605936853097,0.0626605936853097,0.0356472558497534,KERALA,KOTTAYAM,True,EXACT,KERALA,KOTTAYAM,True,MEDIUM
13,14,1,30,0,11,4,43,108,194,107,336,17,150,14,0,110,44,136,0,1,2136,3966,320,226,456,167,350,0.080685829551185,2013,0.0720257234726688,2014,Kerala,KOZHIKODE COMMR.,KERALA||KOZHIKODE COMMR,973,0.0900850879550334,0.0900850879550334,0.0180593644823646,KERALA,KOZHIKODE COMMR,False,UNMATCHED,,,False,HIGH
8,27,2,64,0,19,0,22,137,165,84,896,8,169,62,0,208,15,292,0,2,3086,6132,579,350,408,177,958,0.0944227005870841,2013,0.1094416620293081,2014,Kerala,KOZHIKODE RURAL,KERALA||KOZHIKODE RURAL,976,0.1019954554054665,0.1019954554054665,0.0074462066238416,KERALA,KOZHIKODE RURAL,False,UNMATCHED,,,False,HIGH
25,36,6,99,0,11,3,33,286,267,101,947,16,478,28,0,272,20,651,0,5,13651,17840,1042,485,690,494,975,0.0584080717488789,2013,0.0581491942183086,2014,Kerala,MALAPPURAM,KERALA||MALAPPURAM,979,0.0843001338964428,0.0843001338964428,0.0261509396781342,KERALA,MALAPPURAM,True,EXACT,KERALA,MALAPPURAM,True,MEDIUM
25,33,13,93,0,18,2,43,159,203,57,756,50,281,27,0,161,19,402,0,2,8246,11848,675,388,464,331,783,0.0569716407832545,2013,0.05,2014,Kerala,PALAKKAD,KERALA||PALAKKAD,982,0.0877368547025143,0.0877368547025143,0.0377368547025143,KERALA,PALAKKAD,True,EXACT,KERALA,PALAKKAD,True,HIGH
25,32,2,45,0,4,0,37,162,161,22,423,8,230,20,1,187,1,113,0,0,3300,6002,347,332,382,238,443,0.0578140619793402,2013,0.0412516113910699,2014,Kerala,PATHANAMTHITTA,KERALA||PATHANAMTHITTA,985,0.0711756335410187,0.0711756335410187,0.0299240221499488,KERALA,PATHANAMTHITTA,True,EXACT,KERALA,PATHANAMTHITTA,True,MEDIUM
2,2,0,0,0,1,0,3,2,229,0,4,0,3,0,0,33,12,0,0,0,38,368,45,41,234,3,4,0.1222826086956521,2013,0.1653543307086614,2014,Kerala,RAILWAYS,KERALA||RAILWAYS,988,0.1113328387314227,0.1113328387314227,0.0540214919772386,KERALA,RAILWAYS,False,UNMATCHED,,,False,HIGH
19,8,6,29,0,2,2,21,75,157,27,384,14,353,8,1,85,17,125,0,4,4862,6485,257,172,282,367,392,0.0396299151888974,2013,0.043982895540623,2014,Kerala,THRISSUR COMMR.,KERALA||THRISSUR COMMR,991,0.0593929289978036,0.0593929289978036,0.0154100334571806,KERALA,THRISSUR COMMR,False,UNMATCHED,,,False,MEDIUM
13,29,9,64,0,13,5,39,121,179,36,512,8,349,36,3,258,27,387,0,1,14390,17207,739,430,380,357,548,0.0429476375893531,2013,0.0439429338370532,2014,Kerala,THRISSUR RURAL,KERALA||THRISSUR RURAL,994,0.0619203729645023,0.0619203729645023,0.0179774391274491,KERALA,THRISSUR RURAL,False,UNMATCHED,,,False,MEDIUM
12,19,7,54,0,7,3,73,106,274,83,565,27,246,6,1,299,33,154,0,3,7204,10171,541,474,539,273,571,0.0531904434175597,2013,0.0368682021753039,2014,Kerala,TRIVANDRUM COMMR.,KERALA||TRIVANDRUM COMMR,997,0.0601103254394119,0.0601103254394119,0.023242123264108,KERALA,TRIVANDRUM COMMR,False,UNMATCHED,,,False,MEDIUM
44,90,8,130,0,32,14,87,282,346,105,748,11,293,37,6,641,27,349,0,3,5267,10326,1153,1046,834,304,785,0.1116598876622119,2013,0.0929807052561543,2014,Kerala,TRIVANDRUM RURAL,KERALA||TRIVANDRUM RURAL,1000,0.1101091895583026,0.1101091895583026,0.0171284843021483,KERALA,TRIVANDRUM RURAL,False,UNMATCHED,,,False,HIGH
19,14,5,50,0,7,1,16,93,65,21,238,5,114,17,1,114,7,84,0,3,1423,3068,256,226,196,119,255,0.0834419817470664,2013,0.0977372721558768,2014,Kerala,WAYANADU,KERALA||WAYANADU,1003,0.1015213610180383,0.1015213610180383,0.0037840888621615,KERALA,WAYANADU,False,UNMATCHED,,,False,HIGH
0,0,0,2,0,0,0,0,2,8,0,2,0,1,1,0,1,0,0,0,0,18,40,3,3,10,1,3,0.075,2013,0.0493827160493827,2014,Lakshadweep,LAKSHADWEEP,LAKSHADWEEP||LAKSHADWEEP,1006,0.0712356668310236,0.0712356668310236,0.0218529507816409,LAKSHADWEEP,LAKSHADWEEP,False,UNMATCHED,,,False,MEDIUM
19,17,0,24,0,18,1,7,33,76,46,17,2,14,12,1,41,1,30,0,63,552,1209,97,127,163,16,29,0.0802315963606286,2013,0.0835351089588377,2014,Madhya Pradesh,AGAR,MADHYA PRADESH||AGAR,1007,0.074960830545814,0.074960830545814,0.0085742784130236,MADHYA PRADESH,AGAR,False,UNMATCHED,,,False,MEDIUM
48,31,1,29,0,18,3,8,31,67,41,16,1,4,8,0,14,0,19,0,70,575,1175,62,152,150,5,24,0.0527659574468085,2013,0.0361757105943152,2014,Madhya Pradesh,ALIRAJPUR,MADHYA PRADESH||ALIRAJPUR,1010,0.0655478411913337,0.0655478411913337,0.0293721305970185,MADHYA PRADESH,ALIRAJPUR,True,EXACT,MADHYA PRADESH,ALIRAJPUR,True,MEDIUM
27,22,2,84,0,34,4,21,158,129,56,10,11,13,7,9,115,13,85,0,68,920,1860,306,309,368,24,17,0.164516129032258,2013,0.1170292573143285,2014,Madhya Pradesh,ANUPPUR,MADHYA PRADESH||ANUPPUR,1013,0.1249453426116191,0.1249453426116191,0.0079160852972906,MADHYA PRADESH,ANUPPUR,True,EXACT,MADHYA PRADESH,ANUPPUR,True,HIGH
26,26,0,64,0,28,2,22,75,91,40,17,4,4,6,8,141,6,40,0,73,1053,2534,259,309,230,8,23,0.1022099447513812,2013,0.1016042780748663,2014,Madhya Pradesh,ASHOK NAGAR,MADHYA PRADESH||ASHOK NAGAR,1016,0.0930973734225746,0.0930973734225746,0.0085069046522916,MADHYA PRADESH,ASHOK NAGAR,False,UNMATCHED,,,False,HIGH
50,12,7,99,0,5,2,10,94,100,38,51,15,33,7,6,140,10,92,0,123,1775,2871,347,325,244,48,58,0.1208638105189829,2013,0.1228970630168235,2014,Madhya Pradesh,BALAGHAT,MADHYA PRADESH||BALAGHAT,1019,0.1087080547399439,0.1087080547399439,0.0141890082768795,MADHYA PRADESH,BALAGHAT,True,EXACT,MADHYA PRADESH,BALAGHAT,True,HIGH
32,21,1,51,0,43,1,13,86,170,87,20,0,9,3,7,76,9,17,0,153,1483,2260,160,238,357,9,23,0.0707964601769911,2013,0.064403220161008,2014,Madhya Pradesh,BARWANI,MADHYA PRADESH||BARWANI,1022,0.073879618001422,0.073879618001422,0.009476397840414,MADHYA PRADESH,BARWANI,True,EXACT,MADHYA PRADESH,BARWANI,True,MEDIUM
62,34,3,119,0,83,0,20,129,198,63,9,0,19,3,7,222,18,92,0,160,1954,3363,458,543,410,19,12,0.1361879274457329,2013,0.1459982409850483,2014,Madhya Pradesh,BETUL,MADHYA PRADESH||BETUL,1025,0.1091081592130451,0.1091081592130451,0.0368900817720031,MADHYA PRADESH,BETUL,True,EXACT,MADHYA PRADESH,BETUL,True,HIGH
61,100,3,57,0,55,6,73,156,337,210,64,11,44,9,28,117,0,53,0,204,1491,4333,255,472,782,55,73,0.0588506808216016,2013,0.0689938398357289,2014,Madhya Pradesh,BHIND,MADHYA PRADESH||BHIND,1028,0.0745497298087032,0.0745497298087032,0.0055558899729743,MADHYA PRADESH,BHIND,True,EXACT,MADHYA PRADESH,BHIND,True,MEDIUM
55,115,0,173,0,107,0,209,908,2452,1586,78,22,172,18,18,357,52,344,0,285,8514,13927,944,1016,5155,194,96,0.0677820061750556,2013,0.0591524791847893,2014,Madhya Pradesh,BHOPAL,MADHYA PRADESH||BHOPAL,1031,0.0485517567574633,0.0485517567574633,0.0106007224273259,MADHYA PRADESH,BHOPAL,True,EXACT,MADHYA PRADESH,BHOPAL,True,LOW
15,7,0,34,0,22,1,7,47,106,42,10,3,8,1,5,92,9,42,0,57,697,1636,182,178,203,11,11,0.1112469437652811,2013,0.0990806945863125,2014,Madhya Pradesh,BURHANPUR,MADHYA PRADESH||BURHANPUR,1036,0.0961971145439493,0.0961971145439493,0.0028835800423631,MADHYA PRADESH,BURHANPUR,True,EXACT,MADHYA PRADESH,BURHANPUR,True,HIGH
46,52,4,77,0,38,2,37,268,224,200,31,5,28,11,24,220,0,81,0,176,2898,4527,402,476,731,33,42,0.0888005301524188,2013,0.0909701994174322,2014,Madhya Pradesh,CHHATARPUR,MADHYA PRADESH||CHHATARPUR,1039,0.0872301670021131,0.0872301670021131,0.003740032415319,MADHYA PRADESH,CHHATARPUR,True,EXACT,MADHYA PRADESH,CHHATARPUR,True,HIGH
78,34,3,151,0,192,1,17,187,211,100,44,9,26,32,9,194,39,145,0,229,1337,5142,538,670,516,35,76,0.1046285492026448,2013,0.1099365750528541,2014,Madhya Pradesh,CHHINDWARA,MADHYA PRADESH||CHHINDWARA,1042,0.0985958927504755,0.0985958927504755,0.0113406823023785,MADHYA PRADESH,CHHINDWARA,True,EXACT,MADHYA PRADESH,CHHINDWARA,True,HIGH
39,33,0,50,0,21,0,15,97,104,46,10,0,11,5,25,147,0,59,0,109,889,2630,281,305,262,11,15,0.1068441064638783,2013,0.1043671354552183,2014,Madhya Pradesh,DAMOH,MADHYA PRADESH||DAMOH,1045,0.0950223667789502,0.0950223667789502,0.009344768676268,MADHYA PRADESH,DAMOH,True,EXACT,MADHYA PRADESH,DAMOH,True,HIGH
38,54,1,81,0,19,1,14,148,437,160,32,20,22,16,8,124,14,101,0,236,3239,4980,328,332,760,42,48,0.065863453815261,2013,0.0671963371936439,2014,Madhya Pradesh,DEWAS,MADHYA PRADESH||DEWAS,1050,0.0494567068852249,0.0494567068852249,0.0177396303084189,MADHYA PRADESH,DEWAS,True,EXACT,MADHYA PRADESH,DEWAS,True,LOW
56,40,0,108,0,175,7,33,200,602,332,61,20,37,16,48,211,18,115,0,334,3680,6164,500,630,1174,57,77,0.081116158338741,2013,0.0665864420377055,2014,Madhya Pradesh,DHAR,MADHYA PRADESH||DHAR,1053,0.071747937126078,0.071747937126078,0.0051614950883725,MADHYA PRADESH,DHAR,True,EXACT,MADHYA PRADESH,DHAR,True,MEDIUM
22,6,16,76,0,20,0,1,50,63,15,9,2,14,4,6,120,8,47,0,57,1386,1990,257,261,129,16,13,0.129145728643216,2013,0.0981563230329784,2014,Madhya Pradesh,DINDORI,MADHYA PRADESH||DINDORI,1056,0.1027251414144261,0.1027251414144261,0.0045688183814477,MADHYA PRADESH,DINDORI,True,EXACT,MADHYA PRADESH,DINDORI,True,HIGH
39,38,1,105,0,26,5,35,156,323,170,34,5,19,10,5,157,18,36,0,162,1992,3788,321,406,689,24,44,0.084741288278775,2013,0.0887860762282441,2014,Madhya Pradesh,GUNA,MADHYA PRADESH||GUNA,1059,0.076535181009534,0.076535181009534,0.01225089521871,MADHYA PRADESH,GUNA,True,EXACT,MADHYA PRADESH,GUNA,True,MEDIUM
93,151,17,158,0,67,8,145,852,1641,1231,102,39,122,25,43,369,47,446,0,256,5356,10693,1063,1008,3877,161,127,0.0994108295146357,2013,0.0787158512116067,2014,Madhya Pradesh,GWALIOR,MADHYA PRADESH||GWALIOR,1062,0.0860101509448811,0.0860101509448811,0.0072942997332744,MADHYA PRADESH,GWALIOR,True,EXACT,MADHYA PRADESH,GWALIOR,True,HIGH
14,9,2,33,0,9,0,9,35,77,47,13,1,3,5,3,48,3,16,0,41,689,1100,103,124,168,4,18,0.0936363636363636,2013,0.0813492063492063,2014,Madhya Pradesh,HARDA,MADHYA PRADESH||HARDA,1065,0.0839264915513184,0.0839264915513184,0.0025772852021121,MADHYA PRADESH,HARDA,True,EXACT,MADHYA PRADESH,HARDA,True,MEDIUM
40,45,0,79,0,106,2,24,178,268,142,18,8,17,15,10,152,17,84,0,169,2071,3630,342,448,614,25,33,0.0942148760330578,2013,0.0870636550308008,2014,Madhya Pradesh,HOSHANGABAD,MADHYA PRADESH||HOSHANGABAD,1068,0.0699479128342035,0.0699479128342035,0.0171157421965972,MADHYA PRADESH,HOSHANGABAD,False,UNMATCHED,,,False,MEDIUM
106,215,10,190,0,398,4,224,1455,5906,4315,84,25,143,53,31,369,69,350,0,544,10669,22249,1009,1516,11904,168,137,0.045350352824846,2013,0.0415555185061687,2014,Madhya Pradesh,INDORE,MADHYA PRADESH||INDORE,1071,0.0342743720151419,0.0342743720151419,0.0072811464910267,MADHYA PRADESH,INDORE,True,EXACT,MADHYA PRADESH,INDORE,True,LOW
76,125,5,145,0,174,3,117,509,927,551,57,21,163,27,37,303,67,218,0,301,4034,10790,770,948,2107,184,84,0.0713623725671918,2013,0.0743149094287041,2014,Madhya Pradesh,JABALPUR,MADHYA PRADESH||JABALPUR,1076,0.0647694401048768,0.0647694401048768,0.0095454693238272,MADHYA PRADESH,JABALPUR,True,EXACT,MADHYA PRADESH,JABALPUR,True,MEDIUM
20,7,1,49,0,96,3,23,76,158,85,29,3,8,12,0,60,0,10,0,90,1786,2498,119,259,345,11,41,0.0476381104883907,2013,0.0575250836120401,2014,Madhya Pradesh,JHABUA,MADHYA PRADESH||JHABUA,1081,0.0568128830832621,0.0568128830832621,0.0007122005287779,MADHYA PRADESH,JHABUA,True,EXACT,MADHYA PRADESH,JHABUA,True,MEDIUM
46,26,7,65,0,72,1,12,155,171,98,19,2,25,5,13,206,8,60,0,145,1589,3803,352,435,437,27,24,0.0925585064422824,2013,0.0975476839237057,2014,Madhya Pradesh,KATNI,MADHYA PRADESH||KATNI,1084,0.0917155187222051,0.0917155187222051,0.0058321652015005,MADHYA PRADESH,KATNI,True,EXACT,MADHYA PRADESH,KATNI,True,HIGH
34,40,0,97,0,105,1,15,214,258,87,38,8,26,5,6,179,13,46,1,129,2047,3336,342,471,575,34,43,0.1025179856115107,2013,0.1196709050112191,2014,Madhya Pradesh,KHANDWA,MADHYA PRADESH||KHANDWA,1087,0.0860652496941598,0.0860652496941598,0.0336056553170592,MADHYA PRADESH,KHANDWA,False,UNMATCHED,,,False,HIGH
28,16,2,88,0,14,0,2,63,53,28,4,1,13,2,2,104,11,46,0,91,1116,1906,251,254,146,14,6,0.1316894018887723,2013,0.1108108108108108,2014,Madhya Pradesh,MANDLA,MADHYA PRADESH||MANDLA,1092,0.1080767734696281,0.1080767734696281,0.0027340373411826,MADHYA PRADESH,MANDLA,True,EXACT,MADHYA PRADESH,MANDLA,True,HIGH
27,52,0,74,0,31,2,7,116,319,144,13,18,46,16,4,143,17,145,1,122,2434,3772,384,336,588,64,29,0.1018027571580063,2013,0.0835579514824797,2014,Madhya Pradesh,MANDSAUR,MADHYA PRADESH||MANDSAUR,1095,0.0589535816591764,0.0589535816591764,0.0246043698233032,MADHYA PRADESH,MANDSAUR,True,EXACT,MADHYA PRADESH,MANDSAUR,True,MEDIUM
55,128,5,60,0,48,7,52,169,519,290,99,2,44,6,40,116,5,151,0,181,1979,5588,372,471,1037,46,105,0.066571224051539,2013,0.0672947510094212,2014,Madhya Pradesh,MORENA,MADHYA PRADESH||MORENA,1098,0.0801776433677987,0.0801776433677987,0.0128828923583775,MADHYA PRADESH,MORENA,True,EXACT,MADHYA PRADESH,MORENA,True,MEDIUM
30,40,1,101,0,69,1,11,184,191,83,18,6,23,13,16,189,12,115,0,148,981,3649,433,442,470,29,31,0.1186626473006303,2013,0.117818374371194,2014,Madhya Pradesh,NARSINGHPUR,MADHYA PRADESH||NARSINGHPUR,1101,0.0972551349609902,0.0972551349609902,0.0205632394102037,MADHYA PRADESH,NARSINGHPUR,True,EXACT,MADHYA PRADESH,NARSINGHPUR,True,HIGH
8,11,0,49,0,48,0,27,107,213,104,35,37,22,1,0,84,10,62,3,97,1287,2525,208,227,451,59,36,0.0823762376237623,2013,0.0612860013395847,2014,Madhya Pradesh,NEEMUCH,MADHYA PRADESH||NEEMUCH,1104,0.0698890349906677,0.0698890349906677,0.008603033651083,MADHYA PRADESH,NEEMUCH,True,EXACT,MADHYA PRADESH,NEEMUCH,True,MEDIUM
20,23,3,45,0,14,0,5,71,48,21,0,0,8,7,14,85,2,29,0,84,1172,1828,175,195,145,8,7,0.0957330415754923,2013,0.0838584585555017,2014,Madhya Pradesh,PANNA,MADHYA PRADESH||PANNA,1107,0.0345062331684518,0.0345062331684518,0.0493522253870498,MADHYA PRADESH,PANNA,True,EXACT,MADHYA PRADESH,PANNA,True,LOW
50,57,0,115,0,36,1,7,104,230,111,26,5,13,6,9,204,33,94,0,219,1595,4656,455,470,453,18,32,0.0977233676975945,2013,0.0912759415833973,2014,Madhya Pradesh,RAISEN,MADHYA PRADESH||RAISEN,1110,0.0880046153606188,0.0880046153606188,0.0032713262227784,MADHYA PRADESH,RAISEN,True,EXACT,MADHYA PRADESH,RAISEN,True,HIGH
32,29,0,120,0,82,3,21,167,305,168,47,12,13,48,8,203,10,83,0,131,2873,4433,424,490,664,25,95,0.0956462891946763,2013,0.0859106529209622,2014,Madhya Pradesh,RAJGARH,MADHYA PRADESH||RAJGARH,1113,0.0694857527675638,0.0694857527675638,0.0164249001533983,MADHYA PRADESH,RAJGARH,True,EXACT,MADHYA PRADESH,RAJGARH,True,MEDIUM
39,51,1,88,0,61,0,41,136,288,119,20,12,38,14,10,89,5,77,2,168,1317,3497,271,370,584,50,34,0.0774949957106091,2013,0.0802631578947368,2014,Madhya Pradesh,RATLAM,MADHYA PRADESH||RATLAM,1116,0.0607177055604368,0.0607177055604368,0.0195454523342999,MADHYA PRADESH,RATLAM,True,EXACT,MADHYA PRADESH,RATLAM,True,MEDIUM
49,52,0,113,0,32,4,64,616,483,280,42,12,44,28,47,178,3,127,0,258,2948,5741,468,492,1447,56,70,0.0815188991464901,2013,0.060796645702306,2014,Madhya Pradesh,REWA,MADHYA PRADESH||REWA,1119,0.0670524464706134,0.0670524464706134,0.0062558007683074,MADHYA PRADESH,REWA,True,EXACT,MADHYA PRADESH,REWA,True,MEDIUM
58,68,2,135,0,55,0,47,313,434,205,119,14,48,26,36,422,40,130,0,266,3547,8016,763,787,999,62,145,0.0951846307385229,2013,0.0978629137346885,2014,Madhya Pradesh,SAGAR,MADHYA PRADESH||SAGAR,1122,0.0851359732872099,0.0851359732872099,0.0127269404474786,MADHYA PRADESH,SAGAR,True,EXACT,MADHYA PRADESH,SAGAR,True,MEDIUM
69,52,2,124,0,41,4,50,393,497,293,50,19,67,19,35,204,11,135,0,302,3362,6232,509,546,1237,86,69,0.0816752246469833,2013,0.0810452314630587,2014,Madhya Pradesh,SATNA,MADHYA PRADESH||SATNA,1125,0.0735196241731317,0.0735196241731317,0.0075256072899269,MADHYA PRADESH,SATNA,True,EXACT,MADHYA PRADESH,SATNA,True,MEDIUM
29,19,1,75,0,47,1,12,88,98,33,13,3,17,4,15,130,8,24,0,152,1674,2632,252,314,232,20,17,0.0957446808510638,2013,0.0800803673938002,2014,Madhya Pradesh,SEONI,MADHYA PRADESH||SEONI,1128,0.0871367751777059,0.0871367751777059,0.0070564077839057,MADHYA PRADESH,SEONI,True,EXACT,MADHYA PRADESH,SEONI,True,HIGH
42,34,0,115,0,130,2,20,294,225,51,21,8,23,13,9,216,9,193,0,107,2336,4344,542,559,592,31,34,0.1247697974217311,2013,0.1429389312977099,2014,Madhya Pradesh,SHAHDOL,MADHYA PRADESH||SHAHDOL,1131,0.0986506645834397,0.0986506645834397,0.0442882667142701,MADHYA PRADESH,SHAHDOL,True,EXACT,MADHYA PRADESH,SHAHDOL,True,HIGH
14,38,0,44,0,20,0,15,125,306,135,39,12,6,17,2,113,7,37,0,86,436,2523,203,244,581,18,56,0.0804597701149425,2013,0.0916355887053809,2014,Madhya Pradesh,SHAJAPUR,MADHYA PRADESH||SHAJAPUR,1134,0.0696406048447373,0.0696406048447373,0.0219949838606435,MADHYA PRADESH,SHAJAPUR,True,EXACT,MADHYA PRADESH,SHAJAPUR,True,MEDIUM
18,9,0,32,0,7,1,9,44,76,51,36,5,17,0,5,45,3,39,0,45,166,1409,124,121,181,22,36,0.0880056777856636,2013,0.0798479087452471,2014,Madhya Pradesh,SHEOPUR,MADHYA PRADESH||SHEOPUR,1137,0.1109116295857093,0.1109116295857093,0.0310637208404622,MADHYA PRADESH,SHEOPUR,True,EXACT,MADHYA PRADESH,SHEOPUR,True,HIGH
63,44,1,106,0,32,4,50,140,251,121,50,14,28,31,14,211,13,78,0,173,2613,4772,422,511,566,42,81,0.0884325230511316,2013,0.0849897189856065,2014,Madhya Pradesh,SHIVPURI,MADHYA PRADESH||SHIVPURI,1140,0.0754649946511578,0.0754649946511578,0.0095247243344486,MADHYA PRADESH,SHIVPURI,True,EXACT,MADHYA PRADESH,SHIVPURI,True,MEDIUM
21,24,3,46,0,76,0,11,156,97,21,6,6,14,8,17,116,4,70,0,98,1589,2653,253,297,285,20,14,0.0953637391632114,2013,0.0629194630872483,2014,Madhya Pradesh,SIDHI,MADHYA PRADESH||SIDHI,1143,0.0708333527671827,0.0708333527671827,0.0079138896799344,MADHYA PRADESH,SIDHI,True,EXACT,MADHYA PRADESH,SIDHI,True,MEDIUM
36,22,0,38,0,86,0,17,131,209,74,39,5,22,2,18,111,2,74,0,145,1711,2954,243,310,431,27,41,0.0822613405551794,2013,0.0919677515676321,2014,Madhya Pradesh,SINGRAULI,MADHYA PRADESH||SINGRAULI,1148,0.0815098912932172,0.0815098912932172,0.0104578602744148,MADHYA PRADESH,SINGRAULI,True,EXACT,MADHYA PRADESH,SINGRAULI,True,MEDIUM
25,19,1,67,0,36,0,21,115,89,47,30,0,18,13,14,140,5,40,0,128,1780,3196,266,309,272,18,43,0.0832290362953692,2013,0.0832851359167148,2014,Madhya Pradesh,TIKAMGARH,MADHYA PRADESH||TIKAMGARH,1151,0.0834272902468258,0.0834272902468258,0.000142154330111,MADHYA PRADESH,TIKAMGARH,True,EXACT,MADHYA PRADESH,TIKAMGARH,True,MEDIUM
66,120,1,113,0,41,2,67,363,952,522,62,17,62,21,13,232,37,207,0,223,3897,7970,602,642,1906,79,83,0.0755332496863237,2013,0.0801881632206542,2014,Madhya Pradesh,UJJAIN,MADHYA PRADESH||UJJAIN,1154,0.0620072739634041,0.0620072739634041,0.01818088925725,MADHYA PRADESH,UJJAIN,True,EXACT,MADHYA PRADESH,UJJAIN,True,MEDIUM
44,50,4,125,0,127,1,17,271,370,155,49,10,13,20,20,240,11,123,0,155,2332,4687,519,608,814,23,69,0.1107318113932152,2013,0.109169578964886,2014,Madhya Pradesh,VIDISHA,MADHYA PRADESH||VIDISHA,1159,0.0926524485323641,0.0926524485323641,0.0165171304325218,MADHYA PRADESH,VIDISHA,True,EXACT,MADHYA PRADESH,VIDISHA,True,HIGH
112,71,6,105,0,81,44,351,552,1603,555,584,52,251,52,10,243,34,397,0,733,1879,7934,789,1013,3105,303,636,0.0994454247542223,2013,0.0944372574385511,2014,Maharashtra,AHMEDNAGAR,MAHARASHTRA||AHMEDNAGAR,1162,0.1009111946725214,0.1009111946725214,0.0064739372339703,MAHARASHTRA,AHMEDNAGAR,True,EXACT,MAHARASHTRA,AHMEDNAGAR,True,HIGH
35,47,2,46,0,31,17,79,198,731,156,152,10,116,31,4,200,35,121,0,118,1059,3979,406,457,1181,126,183,0.1020356873586328,2013,0.0974509361606135,2014,Maharashtra,AKOLA,MAHARASHTRA||AKOLA,1165,0.0882733895327179,0.0882733895327179,0.0091775466278955,MAHARASHTRA,AKOLA,True,EXACT,MAHARASHTRA,AKOLA,True,HIGH
19,41,2,26,0,27,5,72,205,651,159,101,27,65,10,2,96,27,38,0,65,901,2776,189,288,1092,92,111,0.0680835734870317,2013,0.0838825644098262,2014,Maharashtra,AMRAVATI COMMR.,MAHARASHTRA||AMRAVATI COMMR,1168,0.0612632617204427,0.0612632617204427,0.0226193026893834,MAHARASHTRA,AMRAVATI COMMR,False,UNMATCHED,,,False,MEDIUM
55,60,4,78,0,53,5,48,222,985,105,96,17,62,68,1,317,35,175,0,238,1473,5440,606,620,1365,79,164,0.1113970588235294,2013,0.1088082901554404,2014,Maharashtra,AMRAVATI RURAL,MAHARASHTRA||AMRAVATI RURAL,1171,0.0848668976336328,0.0848668976336328,0.0239413925218075,MAHARASHTRA,AMRAVATI RURAL,False,UNMATCHED,,,False,MEDIUM
32,50,0,22,0,49,21,166,295,1184,619,181,19,238,29,5,173,38,151,0,157,716,4033,389,513,2285,257,210,0.0964542524175551,2013,0.0881559842356357,2014,Maharashtra,AURANGABAD COMMR.,MAHARASHTRA||AURANGABAD COMMR,1174,0.0834154932396786,0.0834154932396786,0.004740490995957,MAHARASHTRA,AURANGABAD COMMR,False,UNMATCHED,,,False,MEDIUM
45,65,4,36,0,23,24,50,170,848,147,343,6,89,22,14,167,31,273,0,271,1294,4565,521,414,1239,95,365,0.1141292442497261,2013,0.1029029974038234,2014,Maharashtra,AURANGABAD RURAL,MAHARASHTRA||AURANGABAD RURAL,1177,0.1076248064184299,0.1076248064184299,0.0047218090146065,MAHARASHTRA,AURANGABAD RURAL,False,UNMATCHED,,,False,HIGH
79,83,11,92,0,71,19,105,343,618,219,397,92,198,49,5,230,12,382,0,293,761,4713,721,690,1304,290,446,0.1529811160619563,2013,0.1363075657894736,2014,Maharashtra,BEED,MAHARASHTRA||BEED,1180,0.1491339905320374,0.1491339905320374,0.0128264247425638,MAHARASHTRA,BEED,True,EXACT,MAHARASHTRA,BEED,True,HIGH
28,12,0,40,0,20,4,27,132,533,66,54,16,51,23,0,74,41,52,0,178,666,2257,207,205,762,67,77,0.0917146654851572,2013,0.0788816774837743,2014,Maharashtra,BHANDARA,MAHARASHTRA||BHANDARA,1183,0.0759560196180346,0.0759560196180346,0.0029256578657396,MAHARASHTRA,BHANDARA,True,EXACT,MAHARASHTRA,BHANDARA,True,MEDIUM
54,43,3,56,0,21,8,41,182,533,125,228,16,99,47,20,185,66,140,0,248,956,4024,467,411,889,115,275,0.1160536779324055,2013,0.1167752077251291,2014,Maharashtra,BULDHANA,MAHARASHTRA||BULDHANA,1186,0.1049884810712897,0.1049884810712897,0.0117867266538393,MAHARASHTRA,BULDHANA,True,EXACT,MAHARASHTRA,BULDHANA,True,HIGH
37,25,4,88,0,38,5,53,284,800,209,116,41,71,32,8,179,123,180,0,273,1453,4476,578,429,1351,112,148,0.1291331546023235,2013,0.1251970276964647,2014,Maharashtra,CHANDRAPUR,MAHARASHTRA||CHANDRAPUR,1189,0.106276978149532,0.106276978149532,0.0189200495469326,MAHARASHTRA,CHANDRAPUR,True,EXACT,MAHARASHTRA,CHANDRAPUR,True,HIGH
47,52,1,40,0,27,42,89,184,353,119,213,56,87,7,6,58,9,228,0,324,1010,3136,341,356,787,143,220,0.1087372448979591,2013,0.1263307310149042,2014,Maharashtra,DHULE,MAHARASHTRA||DHULE,1192,0.1137835161199889,0.1137835161199889,0.0125472148949152,MAHARASHTRA,DHULE,True,EXACT,MAHARASHTRA,DHULE,True,HIGH
42,61,1,33,0,6,3,6,97,131,36,16,9,18,22,0,53,6,14,0,101,227,1033,106,205,273,27,38,0.1026137463697967,2013,0.0822857142857142,2014,Maharashtra,GADCHIROLI,MAHARASHTRA||GADCHIROLI,1195,0.0728205635803307,0.0728205635803307,0.0094651507053834,MAHARASHTRA,GADCHIROLI,True,EXACT,MAHARASHTRA,GADCHIROLI,True,MEDIUM
31,10,4,52,0,24,5,9,174,246,52,28,4,58,15,1,94,10,55,0,137,575,1887,212,229,486,62,43,0.1123476417594064,2013,0.1230936819172113,2014,Maharashtra,GONDIA,MAHARASHTRA||GONDIA,1198,0.0953022113832859,0.0953022113832859,0.0277914705339253,MAHARASHTRA,GONDIA,True,EXACT,MAHARASHTRA,GONDIA,True,HIGH
27,22,1,15,0,15,1,8,56,122,27,87,10,66,9,4,55,2,86,0,101,397,1400,162,144,214,76,96,0.1157142857142857,2013,0.1084611016467916,2014,Maharashtra,HINGOLI,MAHARASHTRA||HINGOLI,1201,0.1147415578674768,0.1147415578674768,0.0062804562206852,MAHARASHTRA,HINGOLI,True,EXACT,MAHARASHTRA,HINGOLI,True,HIGH
73,90,5,58,0,59,35,114,368,976,269,315,110,219,35,2,238,42,425,0,401,1323,5548,765,672,1762,329,350,0.13788752703677,2013,0.1258612769866789,2014,Maharashtra,JALGAON,MAHARASHTRA||JALGAON,1204,0.1266376219617784,0.1266376219617784,0.0007763449750995,MAHARASHTRA,JALGAON,True,EXACT,MAHARASHTRA,JALGAON,True,HIGH
57,92,4,35,0,31,19,61,225,492,155,215,16,105,29,50,132,6,351,0,172,539,3173,574,431,952,121,244,0.1809013551843681,2013,0.1565836298932384,2014,Maharashtra,JALNA,MAHARASHTRA||JALNA,1207,0.1613297327623557,0.1613297327623557,0.0047461028691173,MAHARASHTRA,JALNA,True,EXACT,MAHARASHTRA,JALNA,True,HIGH
68,57,0,84,0,53,20,163,403,886,379,348,64,292,22,14,117,37,204,0,367,1075,4800,456,562,1851,356,370,0.095,2013,0.0859975718332658,2014,Maharashtra,KOLHAPUR,MAHARASHTRA||KOLHAPUR,1210,0.0964899590117498,0.0964899590117498,0.010492387178484,MAHARASHTRA,KOLHAPUR,True,EXACT,MAHARASHTRA,KOLHAPUR,True,HIGH
67,45,7,37,0,38,24,50,264,427,163,254,12,102,37,4,116,3,297,0,259,828,3443,457,384,928,114,291,0.1327330816148707,2013,0.1375921375921376,2014,Maharashtra,LATUR,MAHARASHTRA||LATUR,1213,0.1362936886749695,0.1362936886749695,0.001298448917168,MAHARASHTRA,LATUR,True,EXACT,MAHARASHTRA,LATUR,True,HIGH
170,190,8,391,0,381,41,2757,2936,10561,3789,385,697,2134,47,21,1163,444,602,0,586,7337,34840,2621,5101,20084,2831,432,0.0752296211251435,2013,0.0788137063006367,2014,Maharashtra,MUMBAI COMMR.,MAHARASHTRA||MUMBAI COMMR,1216,0.0579599680658533,0.0579599680658533,0.0208537382347833,MAHARASHTRA,MUMBAI COMMR,False,UNMATCHED,,,False,MEDIUM
103,85,7,91,0,118,15,492,1159,2764,1430,207,69,268,26,4,209,52,218,0,321,2182,9426,574,1120,5860,337,233,0.0608953957139826,2013,0.0638092479969109,2014,Maharashtra,NAGPUR COMMR.,MAHARASHTRA||NAGPUR COMMR,1221,0.0612621209204833,0.0612621209204833,0.0025471270764275,MAHARASHTRA,NAGPUR COMMR,False,UNMATCHED,,,False,MEDIUM
50,32,6,75,0,32,7,43,227,951,165,78,41,57,20,4,149,28,82,0,375,1364,4242,338,394,1393,98,98,0.0796793965110796,2013,0.0801928133216476,2014,Maharashtra,NAGPUR RURAL,MAHARASHTRA||NAGPUR RURAL,1226,0.0708820550610924,0.0708820550610924,0.0093107582605551,MAHARASHTRA,NAGPUR RURAL,False,UNMATCHED,,,False,MEDIUM
60,71,10,64,0,61,20,61,431,538,201,293,27,232,46,30,135,6,341,0,229,1433,5058,576,482,1251,259,339,0.1138790035587188,2013,0.082391304347826,2014,Maharashtra,NANDED,MAHARASHTRA||NANDED,1229,0.1197157963027011,0.1197157963027011,0.0373244919548751,MAHARASHTRA,NANDED,True,EXACT,MAHARASHTRA,NANDED,True,HIGH
26,15,0,23,0,20,17,10,85,181,53,100,17,45,3,1,44,13,75,0,126,516,1558,156,155,346,62,103,0.1001283697047496,2013,0.08,2014,Maharashtra,NANDURBAR,MAHARASHTRA||NANDURBAR,1232,0.1056085503685595,0.1056085503685595,0.0256085503685595,MAHARASHTRA,NANDURBAR,True,EXACT,MAHARASHTRA,NANDURBAR,True,HIGH
35,20,2,20,0,31,13,145,279,905,489,93,32,154,7,7,96,9,181,0,127,1954,4401,313,362,1831,186,100,0.0711201999545557,2013,0.0865310327066701,2014,Maharashtra,NASIK COMMR.,MAHARASHTRA||NASIK COMMR,1235,0.0671723199569258,0.0671723199569258,0.0193587127497442,MAHARASHTRA,NASIK COMMR,False,UNMATCHED,,,False,MEDIUM
82,59,2,85,0,49,47,120,314,908,347,452,33,236,30,9,224,21,405,0,750,1839,6477,744,668,1736,269,482,0.1148679944418712,2013,0.1048009367681498,2014,Maharashtra,NASIK RURAL,MAHARASHTRA||NASIK RURAL,1238,0.1155228969770207,0.1155228969770207,0.0107219602088709,MAHARASHTRA,NASIK RURAL,False,UNMATCHED,,,False,HIGH
48,31,4,69,0,84,15,350,662,1352,685,83,75,406,7,8,138,55,139,0,320,1085,5390,409,739,3064,481,90,0.0758812615955473,2013,0.0731831272234457,2014,Maharashtra,NAVI MUMBAI,MAHARASHTRA||NAVI MUMBAI,1241,0.0701788526046571,0.0701788526046571,0.0030042746187885,MAHARASHTRA,NAVI MUMBAI,False,UNMATCHED,,,False,MEDIUM
37,47,7,48,0,37,18,30,179,380,83,206,15,128,23,4,127,12,166,0,270,609,2864,357,351,690,143,229,0.1246508379888268,2013,0.1047787610619469,2014,Maharashtra,OSMANABAD,MAHARASHTRA||OSMANABAD,1244,0.1224974764815856,0.1224974764815856,0.0177187154196386,MAHARASHTRA,OSMANABAD,True,EXACT,MAHARASHTRA,OSMANABAD,True,HIGH
48,88,5,40,0,66,35,68,338,519,161,198,15,157,36,4,132,6,271,0,132,479,3573,453,482,1121,172,234,0.126784214945424,2013,0.1209095951192457,2014,Maharashtra,PARBHANI,MAHARASHTRA||PARBHANI,1247,0.1278986575148353,0.1278986575148353,0.0069890623955896,MAHARASHTRA,PARBHANI,True,EXACT,MAHARASHTRA,PARBHANI,True,HIGH
129,137,10,171,0,177,20,866,1195,4091,2400,496,67,943,34,9,304,128,344,0,533,2421,13159,956,1814,8572,1010,530,0.0726498974086176,2013,0.0796239977882222,2014,Maharashtra,PUNE COMMR.,MAHARASHTRA||PUNE COMMR,1250,0.0758748510143705,0.0758748510143705,0.0037491467738516,MAHARASHTRA,PUNE COMMR,False,UNMATCHED,,,False,MEDIUM
132,108,13,150,0,100,42,279,887,2241,1072,578,83,328,45,6,277,72,224,0,965,1742,9208,729,1101,4521,411,623,0.0791702867072111,2013,0.0757693052061157,2014,Maharashtra,PUNE RURAL,MAHARASHTRA||PUNE RURAL,1255,0.0901082347248818,0.0901082347248818,0.0143389295187661,MAHARASHTRA,PUNE RURAL,False,UNMATCHED,,,False,HIGH
39,24,1,42,0,17,12,65,181,484,103,181,17,141,9,4,92,45,80,0,266,574,2595,263,292,845,158,190,0.1013487475915221,2013,0.0834294502114571,2014,Maharashtra,RAIGAD,MAHARASHTRA||RAIGAD,1258,0.0991124430351619,0.0991124430351619,0.0156829928237048,MAHARASHTRA,RAIGAD,True,EXACT,MAHARASHTRA,RAIGAD,True,HIGH
18,12,2,27,0,15,8,38,157,245,47,85,30,86,6,0,82,26,39,0,157,371,1568,174,202,495,116,91,0.110969387755102,2013,0.0822704081632653,2014,Maharashtra,RATNAGIRI,MAHARASHTRA||RATNAGIRI,1261,0.1044216465683847,0.1044216465683847,0.0221512384051194,MAHARASHTRA,RATNAGIRI,True,EXACT,MAHARASHTRA,RATNAGIRI,True,HIGH
59,42,5,77,0,45,3,45,257,545,189,233,15,186,21,8,141,15,141,0,349,687,3353,382,417,1039,201,254,0.113927825827617,2013,0.0661380777412492,2014,Maharashtra,SANGLI,MAHARASHTRA||SANGLI,1264,0.1148665017344414,0.1148665017344414,0.0487284239931922,MAHARASHTRA,SANGLI,True,EXACT,MAHARASHTRA,SANGLI,True,HIGH
62,72,7,88,0,59,53,275,608,1458,425,417,53,214,22,4,297,45,201,0,410,1162,6086,635,913,2819,267,439,0.1043378245152809,2013,0.0894094358297591,2014,Maharashtra,SATARA,MAHARASHTRA||SATARA,1267,0.0997382860237097,0.0997382860237097,0.0103288501939506,MAHARASHTRA,SATARA,True,EXACT,MAHARASHTRA,SATARA,True,HIGH
12,6,1,11,0,7,3,14,90,117,15,49,16,45,12,0,50,12,12,0,93,181,841,85,104,239,61,61,0.1010701545778834,2013,0.082382762991128,2014,Maharashtra,SINDHUDURG,MAHARASHTRA||SINDHUDURG,1270,0.093495059758341,0.093495059758341,0.011112296767213,MAHARASHTRA,SINDHUDURG,True,EXACT,MAHARASHTRA,SINDHUDURG,True,HIGH
18,30,0,37,0,39,31,139,249,539,295,136,13,147,3,1,53,23,63,0,86,362,2166,177,347,1253,160,139,0.0817174515235457,2013,0.0699908508691674,2014,Maharashtra,SOLAPUR COMMR.,MAHARASHTRA||SOLAPUR COMMR,1273,0.0841135428988069,0.0841135428988069,0.0141226920296395,MAHARASHTRA,SOLAPUR COMMR,False,UNMATCHED,,,False,MEDIUM
74,45,12,82,0,39,21,85,340,1290,283,397,29,130,34,1,149,28,109,0,496,958,5057,369,507,2019,159,431,0.072968162942456,2013,0.0755412991178829,2014,Maharashtra,SOLAPUR RURAL,MAHARASHTRA||SOLAPUR RURAL,1276,0.0856946123857882,0.0856946123857882,0.0101533132679053,MAHARASHTRA,SOLAPUR RURAL,False,UNMATCHED,,,False,HIGH
96,107,6,182,0,302,32,1071,1595,2856,1484,376,148,1043,53,14,467,119,423,0,336,1784,12631,1205,2263,7038,1191,429,0.0954002058427677,2013,0.0915551523399108,2014,Maharashtra,THANE COMMR.,MAHARASHTRA||THANE COMMR,1279,0.0884374506721614,0.0884374506721614,0.0031177016677493,MAHARASHTRA,THANE COMMR,False,UNMATCHED,,,False,HIGH
133,83,10,133,0,82,45,444,864,1514,667,359,50,558,13,8,246,100,217,0,676,1008,7477,704,1176,3534,608,372,0.0941554099237662,2013,0.1057401812688821,2014,Maharashtra,THANE RURAL,MAHARASHTRA||THANE RURAL,1282,0.1024426556358848,0.1024426556358848,0.0032975256329972,MAHARASHTRA,THANE RURAL,False,UNMATCHED,,,False,HIGH
45,49,7,73,0,51,4,71,305,736,103,77,16,67,66,1,227,35,116,0,161,1203,3959,452,527,1219,83,143,0.1141702450113665,2013,0.0979115812313534,2014,Maharashtra,WARDHA,MAHARASHTRA||WARDHA,1285,0.0845153439536632,0.0845153439536632,0.0133962372776901,MAHARASHTRA,WARDHA,True,EXACT,MAHARASHTRA,WARDHA,True,MEDIUM
27,43,2,26,0,24,2,31,136,343,91,141,4,77,24,10,153,22,142,0,125,757,2513,353,308,603,81,165,0.1404695582968563,2013,0.1318340442031795,2014,Maharashtra,WASHIM,MAHARASHTRA||WASHIM,1288,0.1173801178265863,0.1173801178265863,0.0144539263765932,MAHARASHTRA,WASHIM,True,EXACT,MAHARASHTRA,WASHIM,True,HIGH
85,91,16,104,0,124,19,149,494,1472,239,246,46,168,71,12,388,750,381,0,243,5849,12567,1635,976,2373,214,317,0.1301026497970876,2013,0.1397849462365591,2014,Maharashtra,YAVATMAL,MAHARASHTRA||YAVATMAL,1291,0.1143198451606311,0.1143198451606311,0.025465101075928,MAHARASHTRA,YAVATMAL,True,EXACT,MAHARASHTRA,YAVATMAL,True,HIGH
6,14,0,7,0,7,0,0,12,45,27,6,2,5,1,0,3,0,1,0,0,104,234,11,37,84,7,7,0.047008547008547,2013,0.0586319218241042,2014,Manipur,BISHNUPUR,MANIPUR||BISHNUPUR,1294,0.0496527201170751,0.0496527201170751,0.008979201707029,MANIPUR,BISHNUPUR,True,EXACT,MANIPUR,BISHNUPUR,True,LOW
10,4,0,1,0,3,0,0,3,4,0,0,0,0,2,0,0,0,0,0,1,16,53,1,18,7,0,2,0.0188679245283018,2013,0.0142857142857142,2014,Manipur,CHANDEL,MANIPUR||CHANDEL,1297,-0.0117415197515937,0.0,0.0142857142857142,MANIPUR,CHANDEL,True,EXACT,MANIPUR,CHANDEL,True,LOW
8,8,0,0,0,5,0,0,8,20,12,2,0,6,3,0,2,0,0,0,0,16,106,2,23,40,6,5,0.0188679245283018,2013,0.0615384615384615,2014,Manipur,CHURACHANDPUR,MANIPUR||CHURACHANDPUR,1300,0.0050872079721899,0.0050872079721899,0.0564512535662715,MANIPUR,CHURACHANDPUR,True,EXACT,MANIPUR,CHURACHANDPUR,True,LOW
8,39,1,12,0,48,0,0,11,184,154,23,7,22,10,0,9,0,8,0,0,124,577,29,117,349,29,33,0.0502599653379549,2013,0.055813953488372,2014,Manipur,IMPHAL EAST,MANIPUR||IMPHAL EAST,1304,0.0534002183086188,0.0534002183086188,0.0024137351797531,MANIPUR,IMPHAL EAST,True,EXACT,MANIPUR,IMPHAL EAST,True,MEDIUM
28,64,1,26,0,55,0,3,20,493,444,15,17,45,5,0,34,0,9,0,1,412,1366,69,211,960,62,20,0.0505124450951683,2013,0.055045871559633,2014,Manipur,IMPHAL WEST,MANIPUR||IMPHAL WEST,1307,0.0594575769340737,0.0594575769340737,0.0044117053744407,MANIPUR,IMPHAL WEST,True,EXACT,MANIPUR,IMPHAL WEST,True,MEDIUM
11,7,1,0,0,12,0,0,2,18,4,1,1,7,3,0,0,0,1,0,0,43,123,1,31,24,8,4,0.008130081300813,2013,0.024793388429752,2014,Manipur,SENAPATI,MANIPUR||SENAPATI,1310,-0.0288905369561389,0.0,0.024793388429752,MANIPUR,SENAPATI,True,EXACT,MANIPUR,SENAPATI,True,LOW
3,12,0,0,0,6,0,0,1,7,1,2,1,2,3,0,1,0,0,0,0,24,90,1,22,9,3,5,0.0111111111111111,2013,0.0,2014,Manipur,TAMENGLONG,MANIPUR||TAMENGLONG,1313,-0.0176690930223115,0.0,0.0,MANIPUR,TAMENGLONG,True,EXACT,MANIPUR,TAMENGLONG,True,LOW
15,41,1,24,0,41,0,0,25,72,40,13,14,36,7,0,9,0,9,0,0,169,524,42,131,137,50,20,0.0801526717557251,2013,0.0911458333333333,2014,Manipur,THOUBAL,MANIPUR||THOUBAL,1316,0.0709110197899336,0.0709110197899336,0.0202348135433996,MANIPUR,THOUBAL,True,EXACT,MANIPUR,THOUBAL,True,MEDIUM
4,22,0,2,0,4,0,0,3,11,5,5,28,4,4,0,1,0,1,0,0,15,105,4,33,19,32,9,0.0380952380952381,2013,0.0172413793103448,2014,Manipur,UKHRUL,MANIPUR||UKHRUL,1319,0.0205363204464192,0.0205363204464192,0.0032949411360744,MANIPUR,UKHRUL,True,EXACT,MANIPUR,UKHRUL,True,LOW
13,16,6,5,0,7,3,10,5,32,8,0,1,6,0,0,6,0,0,0,0,74,188,11,66,58,7,0,0.0585106382978723,2013,0.0440251572327044,2014,Meghalaya,GARO HILLS EAST,MEGHALAYA||GARO HILLS EAST,1322,0.055333930444904,0.055333930444904,0.0113087732121996,MEGHALAYA,GARO HILLS EAST,False,UNMATCHED,,,False,MEDIUM
3,9,0,1,0,18,6,4,3,17,5,1,8,1,5,0,0,0,1,0,6,25,115,2,41,35,9,6,0.017391304347826,2013,0.0727272727272727,2014,Meghalaya,GARO HILLS NORTH,MEGHALAYA||GARO HILLS NORTH,1323,-0.0219997631803023,0.0,0.0727272727272727,MEGHALAYA,GARO HILLS NORTH,False,UNMATCHED,,,False,LOW
18,20,0,7,0,10,8,0,5,19,10,0,3,0,0,0,2,0,1,0,6,43,152,10,65,42,3,0,0.0657894736842105,2013,0.0538922155688622,2014,Meghalaya,GARO HILLS SOUTH,MEGHALAYA||GARO HILLS SOUTH,1326,0.062651342357485,0.062651342357485,0.0087591267886228,MEGHALAYA,GARO HILLS SOUTH,False,UNMATCHED,,,False,MEDIUM
15,9,4,15,0,18,3,6,27,97,42,9,8,19,6,0,16,0,6,0,16,92,400,37,86,175,27,15,0.0925,2013,0.0733082706766917,2014,Meghalaya,GARO HILLS WEST,MEGHALAYA||GARO HILLS WEST,1329,0.0836733275331995,0.0836733275331995,0.0103650568565078,MEGHALAYA,GARO HILLS WEST,False,UNMATCHED,,,False,MEDIUM
23,8,0,14,0,20,2,5,5,58,8,0,14,8,7,0,3,0,0,0,24,67,292,17,75,78,22,7,0.0582191780821917,2013,0.0640569395017793,2014,Meghalaya,JAINTIA HILLS EAST,MEGHALAYA||JAINTIA HILLS EAST,1331,0.012030072822293,0.012030072822293,0.0520268666794862,MEGHALAYA,JAINTIA HILLS EAST,False,UNMATCHED,,,False,LOW
20,0,2,24,0,2,4,7,19,42,2,0,2,11,15,0,10,0,2,0,10,83,293,36,69,74,13,15,0.1228668941979522,2013,0.0650684931506849,2014,Meghalaya,JAINTIA HILLS WEST,MEGHALAYA||JAINTIA HILLS WEST,1332,0.0373780227876083,0.0373780227876083,0.0276904703630765,MEGHALAYA,JAINTIA HILLS WEST,False,UNMATCHED,,,False,LOW
26,23,2,55,0,40,4,29,83,217,26,0,53,69,72,2,32,0,11,0,33,258,1127,100,211,359,122,72,0.0887311446317657,2013,0.0904295403165034,2014,Meghalaya,KHASI HILLS EAST,MEGHALAYA||KHASI HILLS EAST,1335,-0.0299359765080764,0.0,0.0904295403165034,MEGHALAYA,KHASI HILLS EAST,False,UNMATCHED,,,False,LOW
12,7,0,12,0,6,8,2,10,30,1,2,1,1,1,0,14,0,0,0,0,64,177,26,61,51,2,3,0.1468926553672316,2013,0.084870848708487,2014,Meghalaya,KHASI HILLS WEST,MEGHALAYA||KHASI HILLS WEST,1338,0.1210237852997353,0.1210237852997353,0.0361529365912483,MEGHALAYA,KHASI HILLS WEST,False,UNMATCHED,,,False,HIGH
19,14,1,29,0,13,2,2,20,84,18,0,3,4,21,0,8,0,0,0,28,74,341,37,88,126,7,21,0.1085043988269794,2013,0.1083333333333333,2014,Meghalaya,RI-BHOI,MEGHALAYA||RI BHOI,1341,0.0260211958776552,0.0260211958776552,0.082312137455678,MEGHALAYA,RI BHOI,True,EXACT,MEGHALAYA,RI BHOI,True,LOW
9,8,0,37,0,2,0,1,195,326,44,0,9,45,24,0,37,0,5,0,17,105,844,79,94,566,54,24,0.0936018957345971,2013,0.0963172804532577,2014,Mizoram,AIZAWL,MIZORAM||AIZAWL,1344,-0.0086504977547703,0.0,0.0963172804532577,MIZORAM,AIZAWL,True,EXACT,MIZORAM,AIZAWL,True,LOW
0,5,1,12,0,1,0,0,39,88,1,1,0,4,0,0,5,0,0,0,0,26,189,17,24,128,4,1,0.0899470899470899,2013,0.2142857142857142,2014,Mizoram,CHAMPHAI,MIZORAM||CHAMPHAI,1347,0.0769036165458858,0.0769036165458858,0.1373820977398283,MIZORAM,CHAMPHAI,True,EXACT,MIZORAM,CHAMPHAI,True,MEDIUM
6,2,0,9,0,1,3,0,44,61,13,0,5,0,2,0,7,0,0,0,0,26,176,16,28,121,5,2,0.0909090909090909,2013,0.0798479087452471,2014,Mizoram,KOLASIB,MIZORAM||KOLASIB,1350,0.0531045676970636,0.0531045676970636,0.0267433410481834,MIZORAM,KOLASIB,True,EXACT,MIZORAM,KOLASIB,True,MEDIUM
1,1,0,3,0,0,0,1,18,23,0,0,2,2,0,0,6,0,0,0,4,20,90,9,12,42,4,0,0.1,2013,0.1428571428571428,2014,Mizoram,LAWNGTLAI,MIZORAM||LAWNGTLAI,1353,0.0835480443582328,0.0835480443582328,0.0593090984989099,MIZORAM,LAWNGTLAI,True,EXACT,MIZORAM,LAWNGTLAI,True,MEDIUM
6,2,0,15,0,0,0,0,29,53,2,0,1,4,0,0,13,0,0,0,9,17,154,28,36,84,5,0,0.1818181818181818,2013,0.1542857142857142,2014,Mizoram,LUNGLEI,MIZORAM||LUNGLEI,1356,0.1429450589814693,0.1429450589814693,0.0113406553042448,MIZORAM,LUNGLEI,True,EXACT,MIZORAM,LUNGLEI,True,HIGH
3,0,1,5,0,3,1,1,16,24,0,0,0,0,1,0,5,0,0,0,4,16,88,10,19,42,0,1,0.1136363636363636,2013,0.1551724137931034,2014,Mizoram,MAMIT,MIZORAM||MAMIT,1359,0.0861515007157593,0.0861515007157593,0.069020913077344,MIZORAM,MAMIT,True,EXACT,MIZORAM,MAMIT,True,HIGH
0,1,0,4,0,0,0,0,17,29,0,0,0,0,0,0,1,0,0,0,3,4,67,5,6,46,0,0,0.0746268656716417,2013,0.0821917808219178,2014,Mizoram,SAIHA,MIZORAM||SAIHA,1362,0.0822721217527744,0.0822721217527744,8.034093085662608e-05,MIZORAM,SAIHA,True,EXACT,MIZORAM,SAIHA,True,MEDIUM
2,0,0,4,0,0,0,0,16,39,3,0,0,0,0,0,7,0,0,0,0,16,88,11,13,58,0,0,0.125,2013,0.1530612244897959,2014,Mizoram,SERCHHIP,MIZORAM||SERCHHIP,1365,0.1024002119474489,0.1024002119474489,0.0506610125423469,MIZORAM,SERCHHIP,True,EXACT,MIZORAM,SERCHHIP,True,HIGH
37,22,1,14,0,22,3,29,13,242,190,1,8,39,8,1,18,1,4,0,14,85,572,38,146,477,47,9,0.0664335664335664,2013,0.05078125,2014,Nagaland,DIMAPUR,NAGALAND||DIMAPUR,1368,0.0329072494546325,0.0329072494546325,0.0178740005453674,NAGALAND,DIMAPUR,True,EXACT,NAGALAND,DIMAPUR,True,LOW
2,8,0,2,0,2,0,0,0,4,0,4,0,1,0,0,0,0,0,0,0,17,42,2,14,4,1,4,0.0476190476190476,2013,0.0769230769230769,2014,Nagaland,KIPHIRE,NAGALAND||KIPHIRE,1371,0.0428271676051055,0.0428271676051055,0.0340959093179713,NAGALAND,KIPHIRE,True,EXACT,NAGALAND,KIPHIRE,True,LOW
11,3,13,5,0,7,0,11,5,48,18,0,1,8,0,0,0,0,0,0,0,45,162,5,50,82,9,0,0.0308641975308641,2013,0.0452261306532663,2014,Nagaland,KOHIMA,NAGALAND||KOHIMA,1374,0.0333917480684762,0.0333917480684762,0.01183438258479,NAGALAND,KOHIMA,True,EXACT,NAGALAND,KOHIMA,True,LOW
0,2,0,0,0,0,0,0,1,3,1,0,0,1,0,0,0,0,0,0,0,5,14,0,2,5,1,0,0.0,2013,0.0666666666666666,2014,Nagaland,LONGLENG,NAGALAND||LONGLENG,1377,0.0081929073056856,0.0081929073056856,0.0584737593609809,NAGALAND,LONGLENG,True,EXACT,NAGALAND,LONGLENG,True,LOW
5,4,1,3,0,6,0,4,4,18,4,4,0,4,1,0,0,0,0,0,2,24,88,3,23,30,4,5,0.034090909090909,2013,0.044776119402985,2014,Nagaland,MOKOKCHUNG,NAGALAND||MOKOKCHUNG,1380,0.0404530967838938,0.0404530967838938,0.0043230226190911,NAGALAND,MOKOKCHUNG,True,EXACT,NAGALAND,MOKOKCHUNG,True,LOW
8,1,0,1,0,2,0,1,0,12,2,1,2,1,0,0,0,0,0,0,5,12,50,1,13,15,3,1,0.02,2013,0.0256410256410256,2014,Nagaland,MON,NAGALAND||MON,1383,0.025169929193902,0.025169929193902,0.0004710964471235,NAGALAND,MON,True,EXACT,NAGALAND,MON,True,LOW
0,2,0,1,0,0,0,0,3,5,0,0,0,1,0,0,0,0,0,0,0,3,15,1,3,8,1,0,0.0666666666666666,2013,0.0526315789473684,2014,Nagaland,PEREN,NAGALAND||PEREN,1386,0.0619356436887927,0.0619356436887927,0.0093040647414243,NAGALAND,PEREN,True,EXACT,NAGALAND,PEREN,True,MEDIUM
7,4,3,4,0,0,0,2,3,16,2,0,0,1,0,0,0,0,0,0,0,29,82,4,20,23,1,0,0.048780487804878,2013,0.0533333333333333,2014,Nagaland,PHEK,NAGALAND||PHEK,1389,0.0443180785712031,0.0443180785712031,0.0090152547621301,NAGALAND,PHEK,True,EXACT,NAGALAND,PHEK,True,LOW
1,3,0,1,0,0,0,0,0,13,0,1,0,0,0,0,0,0,0,0,5,27,56,1,5,13,0,1,0.0178571428571428,2013,0.0208333333333333,2014,Nagaland,TUENSANG,NAGALAND||TUENSANG,1392,0.0224409402295238,0.0224409402295238,0.0016076068961905,NAGALAND,TUENSANG,True,EXACT,NAGALAND,TUENSANG,True,LOW
2,9,0,0,0,1,0,0,2,28,7,0,0,4,0,0,0,0,0,0,0,29,87,0,12,37,4,0,0.0,2013,0.0,2014,Nagaland,WOKHA,NAGALAND||WOKHA,1395,-0.0251400633308434,0.0,0.0,NAGALAND,WOKHA,True,EXACT,NAGALAND,WOKHA,True,LOW
5,5,0,0,0,0,0,2,5,17,7,0,0,1,0,0,0,0,0,0,0,10,48,0,12,31,1,0,0.0,2013,0.0375,2014,Nagaland,ZUNHEBOTO,NAGALAND||ZUNHEBOTO,1398,-0.0156068257925083,0.0,0.0375,NAGALAND,ZUNHEBOTO,True,EXACT,NAGALAND,ZUNHEBOTO,True,LOW
58,134,0,64,0,127,29,81,183,716,169,155,18,52,23,0,288,7,68,0,160,1634,3842,427,781,1178,70,178,0.1111400312337324,2013,0.0786440677966101,2014,Odisha,ANGUL,ODISHA||ANGUL,1401,0.0968447102228908,0.0968447102228908,0.0182006424262807,ODISHA,ANGUL,False,UNMATCHED,,,False,HIGH
56,101,1,94,0,176,16,80,271,400,125,53,16,169,17,49,251,30,396,0,5,438,4067,820,775,892,185,70,0.2016228178018195,2013,0.2518002322880371,2014,Odisha,BALASORE,ODISHA||BALASORE,1404,0.1686420088315559,0.1686420088315559,0.0831582234564812,ODISHA,BALASORE,False,UNMATCHED,,,False,HIGH
33,82,0,49,0,45,8,47,80,143,38,103,0,43,10,4,149,14,79,0,87,510,1587,295,413,316,43,113,0.1858853182104599,2013,0.1463951568519537,2014,Odisha,BARAGARH,ODISHA||BARAGARH,1407,0.1566456941378093,0.1566456941378093,0.0102505372858556,ODISHA,BARAGARH,False,UNMATCHED,,,False,HIGH
21,105,1,33,0,71,9,74,115,267,156,44,53,66,4,1,183,27,71,0,83,460,1985,315,497,621,119,48,0.1586901763224181,2013,0.1954359274429491,2014,Odisha,BERHAMPUR,ODISHA||BERHAMPUR,1410,0.1306592697946216,0.1306592697946216,0.0647766576483274,ODISHA,BERHAMPUR,False,UNMATCHED,,,False,HIGH
33,66,0,69,0,111,11,24,94,142,45,16,15,75,23,12,136,19,202,0,67,1551,2708,438,450,316,90,39,0.1617429837518463,2013,0.1560384752404702,2014,Odisha,BHADRAK,ODISHA||BHADRAK,1413,0.1112408985822115,0.1112408985822115,0.0447975766582586,ODISHA,BHADRAK,True,EXACT,ODISHA,BHADRAK,True,HIGH
37,55,0,44,0,50,27,45,121,185,63,85,6,66,14,11,101,8,42,0,104,1002,2008,206,359,441,72,99,0.1025896414342629,2013,0.1441782261454392,2014,Odisha,BOLANGIR,ODISHA||BOLANGIR,1416,0.0955082999913032,0.0955082999913032,0.0486699261541359,ODISHA,BOLANGIR,False,UNMATCHED,,,False,HIGH
19,20,0,49,0,39,4,10,22,37,15,24,11,17,4,1,107,8,31,0,34,52,706,196,248,88,28,28,0.2776203966005666,2013,0.186241610738255,2014,Odisha,BOUDH,ODISHA||BOUDH,1419,0.2341569290330285,0.2341569290330285,0.0479153182947735,ODISHA,BOUDH,True,EXACT,ODISHA,BOUDH,True,HIGH
51,7,0,44,0,61,20,54,117,221,77,41,2,54,11,29,12,1,28,0,133,806,2407,114,249,489,56,52,0.0473618612380556,2013,0.0582112567463377,2014,Odisha,CUTTACK,ODISHA||CUTTACK,1422,0.0652122898421241,0.0652122898421241,0.0070010330957864,ODISHA,CUTTACK,True,EXACT,ODISHA,CUTTACK,True,MEDIUM
49,74,0,51,0,119,11,88,340,1582,857,78,3,256,14,18,92,26,58,0,166,1640,5497,245,484,2878,259,92,0.0445697653265417,2013,0.0489229645856151,2014,Odisha,DCP BBSR,ODISHA||DCP BBSR,1425,0.0453980625450414,0.0453980625450414,0.0035249020405736,ODISHA,DCP BBSR,False,UNMATCHED,,,False,LOW
34,12,13,30,0,84,9,55,167,796,388,24,9,125,5,2,27,6,183,0,310,1046,2954,248,264,1415,134,29,0.0839539607312119,2013,0.1126712328767123,2014,Odisha,DCP CTC,ODISHA||DCP CTC,1428,0.0870303128149758,0.0870303128149758,0.0256409200617364,ODISHA,DCP CTC,False,UNMATCHED,,,False,HIGH
14,21,0,19,0,10,2,8,17,44,5,7,3,7,2,1,40,1,18,0,32,55,478,79,114,76,10,9,0.1652719665271966,2013,0.1143174250832408,2014,Odisha,DEOGARH,ODISHA||DEOGARH,1431,0.1415663686990471,0.1415663686990471,0.0272489436158063,ODISHA,DEOGARH,True,EXACT,ODISHA,DEOGARH,True,HIGH
54,141,0,37,0,56,15,68,87,205,59,110,9,45,29,17,376,44,54,0,117,618,2131,528,747,434,54,139,0.2477709995307367,2013,0.2575,2014,Odisha,DHENKANAL,ODISHA||DHENKANAL,1434,0.1872172484399443,0.1872172484399443,0.0702827515600556,ODISHA,DHENKANAL,True,EXACT,ODISHA,DHENKANAL,True,HIGH
7,25,0,19,0,8,1,3,18,26,10,40,4,32,2,4,80,6,10,0,42,31,424,119,143,58,36,42,0.2806603773584906,2013,0.258695652173913,2014,Odisha,GAJAPATI,ODISHA||GAJAPATI,1437,0.2301120108583789,0.2301120108583789,0.028583641315534,ODISHA,GAJAPATI,True,EXACT,ODISHA,GAJAPATI,True,HIGH
86,243,0,80,0,65,42,69,109,193,68,108,47,73,34,20,407,39,40,0,48,280,2326,586,992,481,120,142,0.2519346517626827,2013,0.2468992248062015,2014,Odisha,GANJAM,ODISHA||GANJAM,1440,0.2023931008169854,0.2023931008169854,0.044506123989216,ODISHA,GANJAM,True,EXACT,ODISHA,GANJAM,True,HIGH
53,38,0,40,0,81,14,115,133,412,100,87,10,61,24,30,177,7,113,0,239,477,2324,367,518,774,71,111,0.1579173838209983,2013,0.1680170575692963,2014,Odisha,JAGATSINGHPUR,ODISHA||JAGATSINGHPUR,1443,0.1298674378201114,0.1298674378201114,0.0381496197491848,ODISHA,JAGATSINGHPUR,False,UNMATCHED,,,False,HIGH
49,32,0,76,0,108,11,56,131,438,150,66,11,77,17,35,171,20,169,0,429,133,3008,471,503,786,88,83,0.1565824468085106,2013,0.1348456206679269,2014,Odisha,JAJPUR,ODISHA||JAJPUR,1446,0.1468313236417573,0.1468313236417573,0.0119857029738304,ODISHA,JAJPUR,False,UNMATCHED,,,False,HIGH
22,3,0,21,0,25,9,37,82,189,44,36,19,26,9,6,88,5,54,0,102,174,1214,174,205,361,45,45,0.14332784184514,2013,0.1495457721872816,2014,Odisha,JHARSUGUDA,ODISHA||JHARSUGUDA,1449,0.1216474370431528,0.1216474370431528,0.0278983351441287,ODISHA,JHARSUGUDA,True,EXACT,ODISHA,JHARSUGUDA,True,HIGH
42,50,0,55,0,58,5,32,57,105,18,80,23,55,15,9,157,21,116,0,80,324,1735,358,399,217,78,95,0.2063400576368876,2013,0.2290338401177047,2014,Odisha,KALAHANDI,ODISHA||KALAHANDI,1452,0.1748336854731691,0.1748336854731691,0.0542001546445355,ODISHA,KALAHANDI,True,EXACT,ODISHA,KALAHANDI,True,HIGH
24,11,0,43,0,53,5,15,43,68,21,10,10,55,3,4,101,6,37,0,1,79,909,191,252,152,65,13,0.2101210121012101,2013,0.2047750229568411,2014,Odisha,KANDHAMAL,ODISHA||KANDHAMAL,1455,0.1777646809814983,0.1777646809814983,0.0270103419753427,ODISHA,KANDHAMAL,True,EXACT,ODISHA,KANDHAMAL,True,HIGH
46,97,0,53,0,109,7,49,124,159,66,43,3,54,18,0,26,4,41,0,0,170,2282,124,387,405,57,61,0.0543382997370727,2013,0.2094474153297682,2014,Odisha,KENDRAPARA,ODISHA||KENDRAPARA,1458,0.0784758942240786,0.0784758942240786,0.1309715211056895,ODISHA,KENDRAPARA,True,EXACT,ODISHA,KENDRAPARA,True,MEDIUM
92,102,18,115,0,88,16,48,117,278,105,75,43,42,17,29,244,20,194,0,241,156,2579,602,723,564,85,92,0.2334238076773943,2013,0.1890315052508751,2014,Odisha,KEONJHAR,ODISHA||KEONJHAR,1461,0.2044625009176586,0.2044625009176586,0.0154309956667835,ODISHA,KEONJHAR,False,UNMATCHED,,,False,HIGH
43,72,0,33,0,76,20,70,98,198,63,66,9,57,13,17,105,8,127,0,250,719,1982,290,419,449,66,79,0.1463168516649848,2013,0.0969009166302924,2014,Odisha,KHURDA,ODISHA||KHURDA,1464,0.1257637157483289,0.1257637157483289,0.0288627991180364,ODISHA,KHURDA,False,UNMATCHED,,,False,HIGH
52,44,0,77,0,58,20,43,97,120,35,71,6,51,12,5,112,8,63,0,101,515,1456,265,406,315,57,83,0.1820054945054945,2013,0.2218128224023581,2014,Odisha,KORAPUT,ODISHA||KORAPUT,1467,0.1590047597891997,0.1590047597891997,0.0628080626131584,ODISHA,KORAPUT,True,EXACT,ODISHA,KORAPUT,True,HIGH
91,84,0,142,0,126,4,40,138,272,79,26,12,80,15,19,343,13,102,0,181,671,2958,619,830,533,92,41,0.209263015551048,2013,0.2814178302900107,2014,Odisha,MAYURBHANJ,ODISHA||MAYURBHANJ,1472,0.1583009488309217,0.1583009488309217,0.123116881459089,ODISHA,MAYURBHANJ,True,EXACT,ODISHA,MAYURBHANJ,True,HIGH
36,142,2,30,0,55,19,58,59,141,62,48,4,45,10,13,13,2,23,0,72,264,1520,81,355,339,49,58,0.0532894736842105,2013,0.0618695359784801,2014,Odisha,NAYAGARH,ODISHA||NAYAGARH,1475,0.068293987521814,0.068293987521814,0.0064244515433339,ODISHA,NAYAGARH,True,EXACT,ODISHA,NAYAGARH,True,MEDIUM
17,46,0,24,0,49,11,22,41,85,30,25,5,40,7,7,120,14,23,0,43,443,1080,188,289,189,45,32,0.174074074074074,2013,0.2229787234042553,2014,Odisha,NUAPADA,ODISHA||NUAPADA,1480,0.1370364990640682,0.1370364990640682,0.085942224340187,ODISHA,NUAPADA,True,EXACT,ODISHA,NUAPADA,True,HIGH
64,65,0,58,0,93,10,113,189,449,180,139,5,105,13,24,56,5,181,0,187,1799,3753,324,459,941,110,152,0.0863309352517985,2013,0.1005327773917072,2014,Odisha,PURI,ODISHA||PURI,1483,0.0904010369593508,0.0904010369593508,0.0101317404323563,ODISHA,PURI,True,EXACT,ODISHA,PURI,True,HIGH
27,48,1,78,0,92,8,20,72,84,18,30,12,34,9,3,136,10,48,0,61,345,1163,275,410,202,46,39,0.236457437661221,2013,0.2393661384487072,2014,Odisha,RAYAGADA,ODISHA||RAYAGADA,1486,0.1876530441370876,0.1876530441370876,0.0517130943116195,ODISHA,RAYAGADA,True,EXACT,ODISHA,RAYAGADA,True,HIGH
62,18,0,71,0,61,24,67,184,515,161,31,7,66,5,5,134,17,32,0,151,715,2410,259,437,951,73,36,0.1074688796680498,2013,0.150187265917603,2014,Odisha,ROURKELA,ODISHA||ROURKELA,1489,0.0943257534400119,0.0943257534400119,0.055861512477591,ODISHA,ROURKELA,False,UNMATCHED,,,False,HIGH
48,95,0,81,0,56,19,114,247,513,181,70,15,68,17,9,63,7,37,0,179,1342,3038,197,476,1074,83,87,0.064845292955892,2013,0.0743143615452668,2014,Odisha,SAMBALPUR,ODISHA||SAMBALPUR,1492,0.0594138027390813,0.0594138027390813,0.0149005588061854,ODISHA,SAMBALPUR,True,EXACT,ODISHA,SAMBALPUR,True,MEDIUM
13,18,0,17,0,13,4,9,45,84,18,15,0,34,0,1,67,1,44,0,46,227,650,130,141,160,34,15,0.2,2013,0.1339779005524861,2014,Odisha,SONEPUR,ODISHA||SONEPUR,1495,0.1604666365702287,0.1604666365702287,0.0264887360177426,ODISHA,SONEPUR,True,EXACT,ODISHA,SONEPUR,True,HIGH
59,55,1,53,0,44,7,21,71,199,42,38,6,37,9,8,88,3,25,0,207,185,1576,177,328,340,43,47,0.1123096446700507,2013,0.1450151057401812,2014,Odisha,SUNDARGARH,ODISHA||SUNDARGARH,1502,0.1123343094598767,0.1123343094598767,0.0326807962803044,ODISHA,SUNDARGARH,True,EXACT,ODISHA,SUNDARGARH,True,HIGH
6,3,0,6,0,3,0,3,18,56,26,10,0,8,3,1,1,1,1,0,32,329,643,10,22,103,8,13,0.015552099533437,2013,0.0253353204172876,2014,Puducherry,KARAIKAL,PUDUCHERRY||KARAIKAL,1505,0.033876826474662,0.033876826474662,0.0085415060573744,PUDUCHERRY,KARAIKAL,True,EXACT,PUDUCHERRY,KARAIKAL,True,LOW
25,8,2,11,0,38,1,7,53,538,360,75,14,67,13,0,11,7,7,0,206,1464,3113,36,103,959,81,88,0.0115644073241246,2013,0.01304497082046,2014,Puducherry,PUDUCHERRY,PUDUCHERRY||PUDUCHERRY,1508,0.033436656658887,0.033436656658887,0.020391685838427,PUDUCHERRY,PUDUCHERRY,False,UNMATCHED,,,False,LOW
44,55,4,34,0,67,1,9,96,222,35,0,14,142,5,3,60,1,50,0,167,300,1491,148,274,363,156,5,0.0992622401073105,2013,0.1203438395415472,2014,Punjab,AMRITSAR RURAL,PUNJAB||AMRITSAR RURAL,1510,0.0378030344993562,0.0378030344993562,0.0825408050421909,PUNJAB,AMRITSAR RURAL,False,UNMATCHED,,,False,LOW
14,22,2,17,0,44,0,2,60,128,64,0,8,26,4,2,11,0,17,0,81,263,771,47,112,254,34,4,0.0609597924773022,2013,0.0948166877370417,2014,Punjab,BARNALA,PUNJAB||BARNALA,1513,0.0138125565500446,0.0138125565500446,0.081004131186997,PUNJAB,BARNALA,True,EXACT,PUNJAB,BARNALA,True,LOW
25,23,4,31,0,31,1,9,52,70,36,0,7,63,1,1,26,0,35,0,57,229,826,93,150,168,70,1,0.1125907990314769,2013,0.122543352601156,2014,Punjab,BATALA,PUNJAB||BATALA,1516,0.0880549231894407,0.0880549231894407,0.0344884294117152,PUNJAB,BATALA,False,UNMATCHED,,,False,HIGH
18,55,4,29,0,62,2,6,102,259,99,0,17,255,3,4,53,4,101,0,78,436,1652,191,229,468,272,3,0.1156174334140435,2013,0.1171171171171171,2014,Punjab,CP AMRITSAR,PUNJAB||CP AMRITSAR,1521,0.0555315571362571,0.0555315571362571,0.0615855599808599,PUNJAB,CP AMRITSAR,False,UNMATCHED,,,False,MEDIUM
23,33,4,41,0,67,0,11,179,388,163,0,6,232,2,11,78,14,162,0,64,447,1894,306,257,741,238,2,0.1615628299894403,2013,0.1163366336633663,2014,Punjab,CP JALANDHAR,PUNJAB||CP JALANDHAR,1524,0.093964267676357,0.093964267676357,0.0223723659870092,PUNJAB,CP JALANDHAR,False,UNMATCHED,,,False,HIGH
71,72,6,109,0,145,3,10,198,495,243,0,46,305,2,13,81,21,140,0,247,1025,3194,364,497,949,351,2,0.1139636819035691,2013,0.1102650874224478,2014,Punjab,CP LUDHIANA,PUNJAB||CP LUDHIANA,1527,0.0633639926764944,0.0633639926764944,0.0469010947459534,PUNJAB,CP LUDHIANA,False,UNMATCHED,,,False,MEDIUM
15,26,3,20,0,21,0,1,50,72,24,0,7,46,2,3,29,0,21,0,3,291,724,73,115,147,53,2,0.1008287292817679,2013,0.0846953937592867,2014,Punjab,FARIDKOT,PUNJAB||FARIDKOT,1530,0.0557778669032005,0.0557778669032005,0.0289175268560861,PUNJAB,FARIDKOT,True,EXACT,PUNJAB,FARIDKOT,True,MEDIUM
12,11,5,17,0,22,0,2,51,68,36,0,3,127,0,1,13,0,47,0,110,183,811,78,82,157,130,0,0.096177558569667,2013,0.0869565217391304,2014,Punjab,FATEHGARH SAHIB,PUNJAB||FATEHGARH SAHIB,1533,0.0982975135788508,0.0982975135788508,0.0113409918397204,PUNJAB,FATEHGARH SAHIB,True,EXACT,PUNJAB,FATEHGARH SAHIB,True,HIGH
20,23,2,34,0,32,0,3,67,109,44,0,5,65,0,4,14,4,33,0,40,239,863,89,128,223,70,0,0.1031286210892236,2013,0.1516533637400228,2014,Punjab,FAZILKA,PUNJAB||FAZILKA,1536,0.0906803960191113,0.0906803960191113,0.0609729677209114,PUNJAB,FAZILKA,True,EXACT,PUNJAB,FAZILKA,True,HIGH
9,24,4,23,0,42,0,3,42,110,27,0,8,56,1,3,41,1,44,0,98,252,884,112,146,182,64,1,0.1266968325791855,2013,0.1434058898847631,2014,Punjab,GURDASPUR,PUNJAB||GURDASPUR,1543,0.0805542537171974,0.0805542537171974,0.0628516361675656,PUNJAB,GURDASPUR,True,EXACT,PUNJAB,GURDASPUR,True,MEDIUM
52,36,6,36,0,39,0,25,141,171,38,0,7,149,7,5,54,0,154,0,217,355,1667,249,248,375,156,7,0.149370125974805,2013,0.1136224801466096,2014,Punjab,HOSHIARPUR,PUNJAB||HOSHIARPUR,1546,0.0777124321159321,0.0777124321159321,0.0359100480306774,PUNJAB,HOSHIARPUR,True,EXACT,PUNJAB,HOSHIARPUR,True,MEDIUM
39,54,4,39,0,26,4,8,137,182,51,0,2,231,2,5,51,5,71,0,149,364,1579,171,225,382,233,2,0.1082963901203293,2013,0.0883882149046793,2014,Punjab,JALANDHAR RURAL,PUNJAB||JALANDHAR RURAL,1548,0.0641187784514742,0.0641187784514742,0.024269436453205,PUNJAB,JALANDHAR RURAL,False,UNMATCHED,,,False,MEDIUM
31,24,1,30,0,42,2,6,97,159,35,0,7,172,2,7,40,0,62,0,93,305,1267,139,176,299,179,2,0.1097079715864246,2013,0.1122171945701357,2014,Punjab,KAPURTHALA,PUNJAB||KAPURTHALA,1551,0.0668643962817314,0.0668643962817314,0.0453527982884042,PUNJAB,KAPURTHALA,True,EXACT,PUNJAB,KAPURTHALA,True,MEDIUM
22,25,5,16,0,31,0,4,81,189,54,0,8,57,0,2,29,6,24,0,124,243,971,77,132,328,65,0,0.0792996910401647,2013,0.0865724381625441,2014,Punjab,KHANNA,PUNJAB||KHANNA,1554,0.0655972238297566,0.0655972238297566,0.0209752143327874,PUNJAB,KHANNA,False,UNMATCHED,,,False,MEDIUM
19,16,1,17,0,49,1,2,72,103,30,0,8,79,1,2,18,1,20,0,67,291,864,58,123,208,87,1,0.0671296296296296,2013,0.0638297872340425,2014,Punjab,LUDHIANA RURAL,PUNJAB||LUDHIANA RURAL,1556,0.0416751387941063,0.0416751387941063,0.0221546484399361,PUNJAB,LUDHIANA RURAL,False,UNMATCHED,,,False,LOW
15,20,5,18,0,13,0,0,57,57,26,0,7,43,1,1,16,2,23,0,64,210,640,60,87,140,50,1,0.09375,2013,0.1134930643127364,2014,Punjab,MANSA,PUNJAB||MANSA,1559,0.0679090336225145,0.0679090336225145,0.0455840306902218,PUNJAB,MANSA,True,EXACT,PUNJAB,MANSA,True,MEDIUM
28,41,1,29,0,41,1,4,86,134,47,0,14,116,4,5,22,0,24,0,78,283,1044,80,167,272,130,4,0.0766283524904214,2013,0.0827645051194539,2014,Punjab,MOGA,PUNJAB||MOGA,1562,0.027866109003783,0.027866109003783,0.0548983961156708,PUNJAB,MOGA,True,EXACT,PUNJAB,MOGA,True,LOW
16,27,3,18,0,55,0,2,71,99,28,0,10,70,0,3,20,1,39,0,62,197,804,81,141,200,80,0,0.1007462686567164,2013,0.1037131882202304,2014,Punjab,MUKTSAR,PUNJAB||MUKTSAR,1565,0.0850301836727511,0.0850301836727511,0.0186830045474792,PUNJAB,MUKTSAR,False,UNMATCHED,,,False,MEDIUM
7,5,3,11,0,20,0,1,26,28,14,0,4,69,1,0,10,0,32,0,68,131,437,53,57,69,73,1,0.1212814645308924,2013,0.1821305841924398,2014,Punjab,PATHANKOT,PUNJAB||PATHANKOT,1568,0.0975702499537776,0.0975702499537776,0.0845603342386621,PUNJAB,PATHANKOT,True,EXACT,PUNJAB,PATHANKOT,True,HIGH
40,59,8,56,0,70,0,1,202,350,153,0,12,328,5,11,84,2,159,0,326,908,2869,312,318,706,340,5,0.1087486929243638,2013,0.1023792357606344,2014,Punjab,PATIALA,PUNJAB||PATIALA,1571,0.043713557061993,0.043713557061993,0.0586656786986413,PUNJAB,PATIALA,True,EXACT,PUNJAB,PATIALA,True,LOW
13,19,1,30,0,60,0,3,73,123,56,0,2,59,4,4,29,0,27,0,132,316,1016,90,155,255,61,4,0.0885826771653543,2013,0.1016042780748663,2014,Punjab,ROPAR,PUNJAB||ROPAR,1574,0.0350788731549884,0.0350788731549884,0.0665254049198778,PUNJAB,ROPAR,False,UNMATCHED,,,False,LOW
24,62,8,56,0,60,1,2,120,191,85,0,14,148,4,11,48,2,63,0,157,891,2078,180,261,399,162,4,0.0866217516843118,2013,0.1049095607235142,2014,Punjab,SANGRUR,PUNJAB||SANGRUR,1577,0.0314447414879042,0.0314447414879042,0.0734648192356099,PUNJAB,SANGRUR,True,EXACT,PUNJAB,SANGRUR,True,LOW
11,17,3,21,0,13,0,10,75,86,21,0,11,77,0,1,13,1,31,0,87,103,671,67,88,192,88,0,0.0998509687034277,2013,0.1153262518968133,2014,Punjab,SBS NAGAR,PUNJAB||SBS NAGAR,1582,0.0937927396429516,0.0937927396429516,0.0215335122538616,PUNJAB,SBS NAGAR,False,UNMATCHED,,,False,HIGH
36,44,2,34,0,34,1,3,79,101,23,0,6,127,0,7,43,0,34,0,111,248,1076,118,197,207,133,0,0.1096654275092936,2013,0.1144321093082835,2014,Punjab,TARN TARAN,PUNJAB||TARN TARAN,1585,0.0952474752015974,0.0952474752015974,0.019184634106686,PUNJAB,TARN TARAN,True,EXACT,PUNJAB,TARN TARAN,True,HIGH
49,50,9,100,0,207,4,22,287,955,561,6,28,1402,10,16,166,1,863,0,527,3615,8636,1146,607,1829,1430,16,0.1327003242241778,2013,0.1266717407850386,2014,Rajasthan,AJMER,RAJASTHAN||AJMER,1588,0.0993468825488024,0.0993468825488024,0.0273248582362361,RAJASTHAN,AJMER,True,EXACT,RAJASTHAN,AJMER,True,HIGH
115,85,6,316,0,363,4,66,314,3964,2893,6,30,1349,21,42,288,0,707,0,558,3377,14677,1353,1243,7241,1379,27,0.0921850514410301,2013,0.1026526447967352,2014,Rajasthan,ALWAR,RAJASTHAN||ALWAR,1591,0.059782611954384,0.059782611954384,0.0428700328423511,RAJASTHAN,ALWAR,True,EXACT,RAJASTHAN,ALWAR,True,MEDIUM
36,11,0,117,0,110,2,18,73,120,67,39,7,152,13,13,108,0,205,0,178,876,2784,443,402,280,159,52,0.1591235632183908,2013,0.1624238078164216,2014,Rajasthan,BANSWARA,RAJASTHAN||BANSWARA,1594,0.1450529987073723,0.1450529987073723,0.0173708091090492,RAJASTHAN,BANSWARA,True,EXACT,RAJASTHAN,BANSWARA,True,HIGH
24,55,2,66,0,102,0,4,44,308,153,1,18,246,11,1,208,0,289,0,121,1505,3333,564,461,509,264,12,0.1692169216921692,2013,0.1386489479512735,2014,Rajasthan,BARAN,RAJASTHAN||BARAN,1597,0.0842679729406385,0.0842679729406385,0.0543809750106349,RAJASTHAN,BARAN,True,EXACT,RAJASTHAN,BARAN,True,MEDIUM
31,27,1,55,0,27,1,11,150,389,224,0,7,350,26,21,190,0,274,0,217,1808,3996,540,343,775,357,26,0.1351351351351351,2013,0.1506381039197812,2014,Rajasthan,BARMER,RAJASTHAN||BARMER,1600,0.0183482900723548,0.0183482900723548,0.1322898138474263,RAJASTHAN,BARMER,True,EXACT,RAJASTHAN,BARMER,True,LOW
94,86,2,164,0,293,2,37,91,2068,1365,1,8,822,24,34,156,0,574,0,249,5430,10203,928,834,3563,830,25,0.0909536410859551,2013,0.0983286091291174,2014,Rajasthan,BHARATPUR,RAJASTHAN||BHARATPUR,1603,0.0214277830671123,0.0214277830671123,0.076900826062005,RAJASTHAN,BHARATPUR,True,EXACT,RAJASTHAN,BHARATPUR,True,LOW
30,40,5,101,0,128,1,34,197,689,377,8,4,626,5,8,135,0,652,0,331,2447,5489,896,474,1298,630,13,0.1632355620331572,2013,0.1631986944104447,2014,Rajasthan,BHILWARA,RAJASTHAN||BHILWARA,1606,0.1308182009696012,0.1308182009696012,0.0323804934408434,RAJASTHAN,BHILWARA,True,EXACT,RAJASTHAN,BHILWARA,True,HIGH
49,61,7,100,0,81,2,9,140,346,148,0,7,740,16,18,63,0,516,0,275,2282,4978,697,372,645,747,16,0.1400160707111289,2013,0.1402315750781106,2014,Rajasthan,BIKANER,RAJASTHAN||BIKANER,1609,0.0531778881114932,0.0531778881114932,0.0870536869666173,RAJASTHAN,BIKANER,True,EXACT,RAJASTHAN,BIKANER,True,MEDIUM
24,22,2,63,0,104,1,6,63,201,98,4,15,315,5,2,117,0,326,0,155,1221,3292,508,339,369,330,9,0.1543134872417983,2013,0.1538059115877583,2014,Rajasthan,BUNDI,RAJASTHAN||BUNDI,1612,0.1187640801815932,0.1187640801815932,0.035041831406165,RAJASTHAN,BUNDI,True,EXACT,RAJASTHAN,BUNDI,True,HIGH
45,46,0,93,0,165,0,17,156,440,237,26,23,411,12,4,142,0,782,1,227,1573,4980,1022,508,850,434,38,0.2052208835341365,2013,0.164489420423183,2014,Rajasthan,CHITTORGARH,RAJASTHAN||CHITTORGARH,1615,0.1668411948411348,0.1668411948411348,0.0023517744179517,RAJASTHAN,CHITTORGARH,True,EXACT,RAJASTHAN,CHITTORGARH,True,HIGH
31,42,4,73,0,88,0,4,120,233,86,0,5,557,17,10,15,0,420,0,192,1487,3725,518,257,443,562,17,0.1390604026845637,2013,0.1398492331687028,2014,Rajasthan,CHURU,RAJASTHAN||CHURU,1618,0.0572183249608444,0.0572183249608444,0.0826309082078583,RAJASTHAN,CHURU,True,EXACT,RAJASTHAN,CHURU,True,MEDIUM
44,25,1,41,0,128,0,11,47,1160,778,68,9,487,7,11,163,0,221,0,231,2982,5673,436,413,1996,496,75,0.0768552793936189,2013,0.0762893982808022,2014,Rajasthan,DAUSA,RAJASTHAN||DAUSA,1621,0.0849664557039362,0.0849664557039362,0.008677057423134,RAJASTHAN,DAUSA,True,EXACT,RAJASTHAN,DAUSA,True,MEDIUM
40,52,1,56,0,91,2,10,50,420,204,0,5,189,11,40,28,0,196,0,114,1360,3889,320,280,686,194,11,0.0822833633324762,2013,0.0889647326507394,2014,Rajasthan,DHOLPUR,RAJASTHAN||DHOLPUR,1624,0.0209454461280829,0.0209454461280829,0.0680192865226564,RAJASTHAN,DHOLPUR,True,EXACT,RAJASTHAN,DHOLPUR,True,LOW
32,9,1,86,0,109,0,9,50,95,48,12,32,63,11,6,99,0,175,0,141,1309,2380,366,345,202,95,23,0.153781512605042,2013,0.1732636295743091,2014,Rajasthan,DUNGARPUR,RAJASTHAN||DUNGARPUR,1627,0.1213148896198903,0.1213148896198903,0.0519487399544187,RAJASTHAN,DUNGARPUR,True,EXACT,RAJASTHAN,DUNGARPUR,True,HIGH
38,65,1,151,0,156,0,3,187,330,172,0,15,1043,3,20,127,3,957,0,206,2334,6347,1258,541,692,1058,3,0.1982038758468567,2013,0.183143310723048,2014,Rajasthan,GANGANAGAR,RAJASTHAN||GANGANAGAR,1630,0.1228487326387666,0.1228487326387666,0.0602945780842813,RAJASTHAN,GANGANAGAR,True,EXACT,RAJASTHAN,GANGANAGAR,True,HIGH
4,2,0,1,0,9,5,4,1,670,30,3,3,4,0,1,10,1,0,0,3,141,864,13,35,710,7,3,0.0150462962962962,2013,0.0083777608530083,2014,Rajasthan,G.R.P.AJMER,RAJASTHAN||GRPAJMER,1633,0.0366973684561189,0.0366973684561189,0.0283196076031106,RAJASTHAN,G R P AJMER,False,UNMATCHED,,,False,LOW
3,1,0,0,0,1,0,1,0,111,14,0,0,0,0,0,3,0,0,0,2,32,155,3,9,126,0,0,0.0193548387096774,2013,0.0404040404040404,2014,Rajasthan,G.R.P.JODHPUR,RAJASTHAN||GRPJODHPUR,1636,0.0336132033957825,0.0336132033957825,0.0067908370082578,RAJASTHAN,G R P JODHPUR,False,UNMATCHED,,,False,LOW
52,64,1,105,0,104,0,6,112,265,134,0,5,746,6,15,121,1,599,0,188,2020,4825,841,453,517,751,6,0.174300518134715,2013,0.1730730930093607,2014,Rajasthan,HANUMANGARH,RAJASTHAN||HANUMANGARH,1639,0.09309830496006,0.09309830496006,0.0799747880493007,RAJASTHAN,HANUMANGARH,True,EXACT,RAJASTHAN,HANUMANGARH,True,HIGH
36,33,6,49,0,125,3,116,461,3156,2689,65,15,849,16,5,107,0,267,0,209,2269,7878,428,475,6425,864,81,0.0543285097740543,2013,0.0638200707843361,2014,Rajasthan,JAIPUR EAST,RAJASTHAN||JAIPUR EAST,1642,0.0632843717316491,0.0632843717316491,0.0005356990526869,RAJASTHAN,JAIPUR EAST,False,UNMATCHED,,,False,MEDIUM
19,19,2,37,0,121,3,72,130,907,660,14,27,805,1,4,68,0,300,0,72,1109,4005,409,341,1772,832,15,0.1021223470661673,2013,0.1012135922330097,2014,Rajasthan,JAIPUR NORTH,RAJASTHAN||JAIPUR NORTH,1645,0.1015502588291299,0.1015502588291299,0.0003366665961202,RAJASTHAN,JAIPUR NORTH,False,UNMATCHED,,,False,HIGH
54,33,1,68,0,125,8,24,181,702,279,24,15,804,24,8,120,0,269,0,409,2984,6198,465,433,1194,819,48,0.0750242013552758,2013,0.0803018867924528,2014,Rajasthan,JAIPUR RURAL,RAJASTHAN||JAIPUR RURAL,1648,0.0626694464863832,0.0626694464863832,0.0176324403060695,RAJASTHAN,JAIPUR RURAL,False,UNMATCHED,,,False,MEDIUM
21,21,0,42,0,95,1,98,261,1687,1378,19,89,886,7,7,39,0,214,0,178,1675,5452,302,317,3425,975,26,0.0553925165077036,2013,0.0623215185620695,2014,Rajasthan,JAIPUR SOUTH,RAJASTHAN||JAIPUR SOUTH,1651,0.0542198961590842,0.0542198961590842,0.0081016224029852,RAJASTHAN,JAIPUR SOUTH,False,UNMATCHED,,,False,MEDIUM
29,21,2,64,0,181,2,97,386,1412,1091,3,166,1360,7,5,69,0,329,0,272,1947,6653,467,465,2988,1526,10,0.0701938974898542,2013,0.0772312793589389,2014,Rajasthan,JAIPUR WEST,RAJASTHAN||JAIPUR WEST,1654,0.0434161766661007,0.0434161766661007,0.0338151026928381,RAJASTHAN,JAIPUR WEST,False,UNMATCHED,,,False,LOW
8,1,0,17,0,19,0,7,40,108,33,4,0,202,6,4,88,0,37,0,83,531,1434,146,140,188,202,10,0.101813110181311,2013,0.1062246278755074,2014,Rajasthan,JAISALMER,RAJASTHAN||JAISALMER,1657,0.0627127961786671,0.0627127961786671,0.0435118316968403,RAJASTHAN,JAISALMER,True,EXACT,RAJASTHAN,JAISALMER,True,MEDIUM
33,21,0,44,0,50,1,12,99,218,103,10,3,252,10,12,72,0,180,0,135,1434,2593,308,233,433,255,20,0.1187813343617431,2013,0.1141029956243689,2014,Rajasthan,JALORE,RAJASTHAN||JALORE,1660,0.0920070590452952,0.0920070590452952,0.0220959365790736,RAJASTHAN,JALORE,True,EXACT,RAJASTHAN,JALORE,True,HIGH
54,60,4,117,0,141,1,25,94,400,231,42,3,205,28,5,307,5,478,0,109,1296,4133,912,709,751,208,70,0.2206629566900556,2013,0.2081011573081868,2014,Rajasthan,JHALAWAR,RAJASTHAN||JHALAWAR,1663,0.1718153045914847,0.1718153045914847,0.036285852716702,RAJASTHAN,JHALAWAR,True,EXACT,RAJASTHAN,JHALAWAR,True,HIGH
59,37,4,72,0,81,0,11,124,382,159,9,3,717,10,12,40,0,405,0,275,1918,4752,529,304,676,720,19,0.1113215488215488,2013,0.0956983134356642,2014,Rajasthan,JHUNJHUNU,RAJASTHAN||JHUNJHUNU,1666,0.0996059148524979,0.0996059148524979,0.0039076014168337,RAJASTHAN,JHUNJHUNU,True,EXACT,RAJASTHAN,JHUNJHUNU,True,HIGH
20,55,1,20,0,65,0,20,106,523,324,0,2,510,10,1,51,0,205,0,125,608,2818,277,232,973,512,10,0.0982966643009226,2013,0.1168699186991869,2014,Rajasthan,JODHPUR EAST,RAJASTHAN||JODHPUR EAST,1668,0.0283423449327686,0.0283423449327686,0.0885275737664182,RAJASTHAN,JODHPUR EAST,False,UNMATCHED,,,False,LOW
31,41,1,50,0,59,2,11,127,287,62,1,2,233,15,11,88,0,166,0,233,918,2932,315,283,489,235,16,0.1074351978171896,2013,0.1388785740809506,2014,Rajasthan,JODHPUR RURAL,RAJASTHAN||JODHPUR RURAL,1671,0.0384467498340599,0.0384467498340599,0.1004318242468906,RAJASTHAN,JODHPUR RURAL,False,UNMATCHED,,,False,LOW
25,55,2,50,0,65,2,69,198,704,488,0,10,348,17,6,90,0,168,0,132,683,2989,314,358,1461,358,17,0.1050518568082971,2013,0.0999695214873514,2014,Rajasthan,JODHPUR WEST,RAJASTHAN||JODHPUR WEST,1673,0.0134606642952606,0.0134606642952606,0.0865088571920908,RAJASTHAN,JODHPUR WEST,False,UNMATCHED,,,False,LOW
34,32,1,48,0,119,2,15,32,846,551,1,2,237,13,13,79,0,179,0,103,2876,4636,319,330,1446,239,14,0.0688093183779119,2013,0.0826105810928014,2014,Rajasthan,KARAULI,RAJASTHAN||KARAULI,1676,0.0178408205873823,0.0178408205873823,0.064769760505419,RAJASTHAN,KARAULI,True,EXACT,RAJASTHAN,KARAULI,True,LOW
19,75,1,86,0,204,1,19,112,840,612,0,9,905,4,6,101,5,512,0,105,1774,4872,710,506,1584,914,4,0.1457307060755336,2013,0.141577743902439,2014,Rajasthan,KOTA CITY,RAJASTHAN||KOTA CITY,1679,0.0726243882471651,0.0726243882471651,0.0689533556552738,RAJASTHAN,KOTA CITY,False,UNMATCHED,,,False,MEDIUM
20,48,0,45,0,70,2,9,61,169,84,4,12,217,6,0,166,0,247,0,108,1060,2408,458,360,325,229,10,0.1901993355481727,2013,0.2029722330856472,2014,Rajasthan,KOTA RURAL,RAJASTHAN||KOTA RURAL,1682,0.1310118463017049,0.1310118463017049,0.0719603867839422,RAJASTHAN,KOTA RURAL,False,UNMATCHED,,,False,HIGH
57,57,0,97,0,116,0,6,199,427,189,0,10,576,7,20,110,0,500,0,311,2602,5186,727,443,821,586,7,0.1401851137678365,2013,0.1253700156712519,2014,Rajasthan,NAGAUR,RAJASTHAN||NAGAUR,1685,0.0602270440535279,0.0602270440535279,0.0651429716177239,RAJASTHAN,NAGAUR,True,EXACT,RAJASTHAN,NAGAUR,True,MEDIUM
47,64,0,92,0,140,0,38,236,410,200,0,9,586,8,16,222,0,512,0,295,3260,6152,842,603,884,595,8,0.1368660598179454,2013,0.1545582927977404,2014,Rajasthan,PALI,RAJASTHAN||PALI,1688,0.0503938788694371,0.0503938788694371,0.1041644139283032,RAJASTHAN,PALI,True,EXACT,RAJASTHAN,PALI,True,LOW
15,16,0,40,0,75,1,25,76,183,95,25,8,309,10,9,72,1,271,0,203,697,2571,393,244,380,317,35,0.1528588098016336,2013,0.1523297491039426,2014,Rajasthan,RAJSAMAND,RAJASTHAN||RAJSAMAND,1693,0.1340064892676282,0.1340064892676282,0.0183232598363143,RAJASTHAN,RAJSAMAND,True,EXACT,RAJASTHAN,RAJSAMAND,True,HIGH
32,29,2,39,0,89,0,9,43,640,454,0,3,309,9,5,60,0,206,0,90,2511,4077,310,260,1146,312,9,0.0760363012018641,2013,0.1099240265906932,2014,Rajasthan,SAWAI MADHOPUR,RAJASTHAN||SAWAI MADHOPUR,1696,0.0155905440173158,0.0155905440173158,0.0943334825733773,RAJASTHAN,SAWAI MADHOPUR,True,EXACT,RAJASTHAN,SAWAI MADHOPUR,True,LOW
68,41,3,73,0,186,3,12,250,779,330,15,9,1157,33,13,50,0,397,0,370,3293,6941,533,436,1374,1166,48,0.0767900878835902,2013,0.0797826708607377,2014,Rajasthan,SIKAR,RAJASTHAN||SIKAR,1699,0.0574534753943909,0.0574534753943909,0.0223291954663467,RAJASTHAN,SIKAR,True,EXACT,RAJASTHAN,SIKAR,True,MEDIUM
37,27,2,47,0,63,0,6,65,119,57,4,12,230,6,8,109,0,213,0,165,649,2148,377,291,247,242,10,0.175512104283054,2013,0.175064047822374,2014,Rajasthan,SIROHI,RAJASTHAN||SIROHI,1702,0.1319570096000377,0.1319570096000377,0.0431070382223362,RAJASTHAN,SIROHI,True,EXACT,RAJASTHAN,SIROHI,True,HIGH
15,17,0,33,0,81,0,2,106,285,134,35,6,361,6,5,75,8,352,0,178,1253,4022,473,223,527,367,41,0.1176031824962705,2013,0.1082993780827793,2014,Rajasthan,TONK,RAJASTHAN||TONK,1705,0.1120954163262142,0.1120954163262142,0.0037960382434349,RAJASTHAN,TONK,True,EXACT,RAJASTHAN,TONK,True,HIGH
72,87,11,167,0,298,3,83,267,843,444,66,12,1031,25,10,336,0,598,0,428,2489,8212,1111,1057,1640,1043,91,0.1352898197759376,2013,0.1461289014997973,2014,Rajasthan,UDAIPUR,RAJASTHAN||UDAIPUR,1708,0.123736948404806,0.123736948404806,0.0223919530949912,RAJASTHAN,UDAIPUR,True,EXACT,RAJASTHAN,UDAIPUR,True,HIGH
9,5,0,22,0,9,0,5,53,80,9,4,6,23,4,0,16,0,3,0,24,132,440,41,66,147,29,8,0.0931818181818181,2013,0.0594227504244482,2014,Sikkim,EAST,SIKKIM||EAST,1711,0.073102281853808,0.073102281853808,0.0136795314293598,SIKKIM,EAST,False,UNMATCHED,,,False,MEDIUM
0,0,0,1,0,0,0,0,2,5,2,1,0,0,0,0,0,0,0,0,9,10,35,1,1,9,0,1,0.0285714285714285,2013,0.0769230769230769,2014,Sikkim,NORTH,SIKKIM||NORTH,1714,0.0634550350056188,0.0634550350056188,0.013468041917458,SIKKIM,NORTH,False,UNMATCHED,,,False,MEDIUM
4,6,0,15,0,5,0,1,20,32,4,17,0,2,9,0,8,0,1,0,12,69,248,24,39,57,2,26,0.0967741935483871,2013,0.1068965517241379,2014,Sikkim,SOUTH,SIKKIM||SOUTH,1717,0.09222651761541,0.09222651761541,0.0146700341087278,SIKKIM,SOUTH,False,UNMATCHED,,,False,HIGH
2,1,0,5,0,2,0,0,10,5,2,10,0,0,6,0,5,0,1,0,11,46,128,11,15,17,0,16,0.0859375,2013,0.1496062992125984,2014,Sikkim,WEST,SIKKIM||WEST,1720,0.0963112245081931,0.0963112245081931,0.0532950747044052,SIKKIM,WEST,False,UNMATCHED,,,False,HIGH
18,41,1,10,0,19,2,15,42,97,28,42,0,7,4,3,23,0,8,0,144,1218,1991,44,129,184,7,46,0.0220994475138121,2013,0.0235294117647058,2014,Tamil Nadu,ARIYALUR,TAMIL NADU||ARIYALUR,1723,0.0387190133266501,0.0387190133266501,0.0151896015619443,TAMIL NADU,ARIYALUR,True,EXACT,TAMIL NADU,ARIYALUR,True,LOW
201,202,1,83,0,60,5,81,467,1664,292,97,13,492,22,12,55,155,221,0,1240,11315,17747,526,688,2509,505,119,0.0296388121936101,2013,0.0351699187474052,2014,Tamil Nadu,CHENNAI,TAMIL NADU||CHENNAI,1726,0.0342055801656557,0.0342055801656557,0.0009643385817494,TAMIL NADU,CHENNAI,True,EXACT,TAMIL NADU,CHENNAI,True,LOW
58,117,1,36,0,60,2,42,149,513,202,209,1,55,29,6,8,0,66,0,476,5898,8758,116,324,908,56,238,0.0132450331125827,2013,0.0064604956576996,2014,Tamil Nadu,CUDDALORE,TAMIL NADU||CUDDALORE,1735,0.0364087552355714,0.0364087552355714,0.0299482595778718,TAMIL NADU,CUDDALORE,True,EXACT,TAMIL NADU,CUDDALORE,True,LOW
44,82,10,23,0,157,0,35,124,231,116,102,5,83,33,2,48,1,65,0,338,1719,4416,139,399,506,88,135,0.0314764492753623,2013,0.0163068442811208,2014,Tamil Nadu,DHARMAPURI,TAMIL NADU||DHARMAPURI,1738,0.0485818270820972,0.0485818270820972,0.0322749828009764,TAMIL NADU,DHARMAPURI,True,EXACT,TAMIL NADU,DHARMAPURI,True,LOW
64,89,0,13,0,95,2,43,105,198,75,74,24,164,4,1,46,0,95,0,567,3712,5845,155,352,423,188,78,0.0265183917878528,2013,0.02672,2014,Tamil Nadu,DINDIGUL,TAMIL NADU||DINDIGUL,1741,0.0479461475399192,0.0479461475399192,0.0212261475399192,TAMIL NADU,DINDIGUL,True,EXACT,TAMIL NADU,DINDIGUL,True,LOW
52,29,1,14,0,32,2,56,146,267,123,20,8,107,12,0,25,0,21,0,511,2651,4342,60,211,594,115,32,0.0138185168125287,2013,0.0102974828375286,2014,Tamil Nadu,ERODE,TAMIL NADU||ERODE,1744,0.0156149215813543,0.0156149215813543,0.0053174387438257,TAMIL NADU,ERODE,True,EXACT,TAMIL NADU,ERODE,True,LOW
77,103,0,24,0,9,4,28,230,603,207,162,4,75,19,3,15,0,18,0,845,5178,7977,60,260,1072,79,181,0.0075216246709289,2013,0.005702950657079,2014,Tamil Nadu,KANCHIPURAM,TAMIL NADU||KANCHIPURAM,1747,0.0129842126163894,0.0129842126163894,0.0072812619593104,TAMIL NADU,KANCHIPURAM,True,EXACT,TAMIL NADU,KANCHIPURAM,True,LOW
40,115,3,12,0,35,0,106,159,249,74,0,0,157,27,1,5,0,118,0,290,2308,4203,136,316,588,157,27,0.0323578396383535,2013,0.0168275179411036,2014,Tamil Nadu,KANYAKUMARI,TAMIL NADU||KANYAKUMARI,1750,-0.0508523884733718,0.0,0.0168275179411036,TAMIL NADU,KANYAKUMARI,False,UNMATCHED,,,False,LOW
21,16,0,7,0,17,1,21,43,126,49,19,2,19,3,0,9,1,11,0,314,1240,2013,28,92,240,21,22,0.0139095876800794,2013,0.0138331102186523,2014,Tamil Nadu,KARUR,TAMIL NADU||KARUR,1753,0.0244695955487317,0.0244695955487317,0.0106364853300794,TAMIL NADU,KARUR,True,EXACT,TAMIL NADU,KARUR,True,LOW
66,61,0,8,0,70,2,56,125,190,74,169,0,65,19,12,48,2,47,0,449,2981,5101,117,311,447,65,188,0.0229366790825328,2013,0.0158979391560353,2014,Tamil Nadu,KRISHNAGIRI,TAMIL NADU||KRISHNAGIRI,1756,0.0426365109714284,0.0426365109714284,0.0267385718153931,TAMIL NADU,KRISHNAGIRI,True,EXACT,TAMIL NADU,KRISHNAGIRI,True,LOW
51,70,0,9,0,24,2,31,79,270,75,26,0,8,12,3,30,23,9,0,231,2523,3919,74,217,457,8,38,0.0188823679510079,2013,0.0182398540811673,2014,Tamil Nadu,NAGAPATTINAM,TAMIL NADU||NAGAPATTINAM,1763,0.0165626120815802,0.0165626120815802,0.001677241999587,TAMIL NADU,NAGAPATTINAM,True,EXACT,TAMIL NADU,NAGAPATTINAM,True,LOW
42,37,0,23,0,44,1,50,107,156,55,59,5,68,8,0,57,11,15,0,438,2503,4113,106,254,369,73,67,0.0257719426209579,2013,0.0154883837122158,2014,Tamil Nadu,NAMAKKAL,TAMIL NADU||NAMAKKAL,1766,0.0441382459755688,0.0441382459755688,0.028649862263353,TAMIL NADU,NAMAKKAL,True,EXACT,TAMIL NADU,NAMAKKAL,True,LOW
11,13,0,15,0,10,1,6,53,45,10,16,11,8,4,0,18,1,1,0,46,739,1203,35,74,115,19,20,0.0290939318370739,2013,0.0200166805671392,2014,Tamil Nadu,NILGIRIS,TAMIL NADU||NILGIRIS,1769,0.0472222406434867,0.0472222406434867,0.0272055600763475,TAMIL NADU,NILGIRIS,False,UNMATCHED,,,False,LOW
14,12,0,8,0,4,0,11,40,72,27,25,0,19,1,0,13,1,5,0,147,779,1300,27,62,150,19,26,0.0207692307692307,2013,0.0265536723163841,2014,Tamil Nadu,PERAMBALUR,TAMIL NADU||PERAMBALUR,1772,0.0377890124027915,0.0377890124027915,0.0112353400864074,TAMIL NADU,PERAMBALUR,True,EXACT,TAMIL NADU,PERAMBALUR,True,LOW
43,38,0,10,0,54,4,20,44,110,36,53,36,44,20,3,29,0,39,0,324,2233,3379,81,198,214,80,73,0.0239715892275821,2013,0.0209677419354838,2014,Tamil Nadu,PUDUKOTTAI,TAMIL NADU||PUDUKOTTAI,1775,0.0359677074118012,0.0359677074118012,0.0149999654763174,TAMIL NADU,PUDUKOTTAI,False,UNMATCHED,,,False,LOW
50,91,0,9,0,25,1,66,115,127,25,72,15,63,19,2,24,2,20,0,264,2162,3583,57,266,334,78,91,0.015908456600614,2013,0.0123068866195339,2014,Tamil Nadu,RAMNATHAPURAM,TAMIL NADU||RAMNATHAPURAM,1778,0.021154231717462,0.021154231717462,0.0088473450979281,TAMIL NADU,RAMNATHAPURAM,False,UNMATCHED,,,False,LOW
47,96,4,16,0,34,4,86,126,220,55,55,2,72,10,4,35,0,87,0,255,2239,3742,142,322,491,74,65,0.0379476215927311,2013,0.0219368646334938,2014,Tamil Nadu,SIVAGANGAI,TAMIL NADU||SIVAGANGAI,1785,0.04928798208949,0.04928798208949,0.0273511174559962,TAMIL NADU,SIVAGANGAI,False,UNMATCHED,,,False,LOW
58,122,0,31,0,61,0,145,165,423,215,147,3,88,35,0,68,4,46,0,457,3820,6510,149,485,948,91,182,0.0228878648233486,2013,0.0162248995983935,2014,Tamil Nadu,THANJAVUR,TAMIL NADU||THANJAVUR,1788,0.0308609927182261,0.0308609927182261,0.0146360931198326,TAMIL NADU,THANJAVUR,True,EXACT,TAMIL NADU,THANJAVUR,True,LOW
39,78,0,25,0,38,1,38,110,253,60,61,0,133,16,5,41,0,62,0,223,2531,4311,133,260,462,133,77,0.0308513106007886,2013,0.0223978919631093,2014,Tamil Nadu,THENI,TAMIL NADU||THENI,1791,0.0385216177932379,0.0385216177932379,0.0161237258301286,TAMIL NADU,THENI,True,EXACT,TAMIL NADU,THENI,True,LOW
31,38,1,21,0,23,3,18,151,228,71,172,1,98,12,9,11,0,19,0,325,2449,4003,60,146,471,99,184,0.0149887584311766,2013,0.0076789695318305,2014,Tamil Nadu,THIRUVALLUR,TAMIL NADU||THIRUVALLUR,1798,0.0412416740193195,0.0412416740193195,0.033562704487489,TAMIL NADU,THIRUVALLUR,True,EXACT,TAMIL NADU,THIRUVALLUR,True,LOW
46,50,1,50,0,56,2,15,121,250,66,81,10,71,22,2,31,2,34,0,445,2707,4614,119,251,454,81,103,0.0257910706545296,2013,0.0160961233280435,2014,Tamil Nadu,THIRUVANNAMALAI,TAMIL NADU||THIRUVANNAMALAI,1801,0.0423056234375793,0.0423056234375793,0.0262095001095358,TAMIL NADU,THIRUVANNAMALAI,False,UNMATCHED,,,False,LOW
34,66,0,15,0,23,2,34,90,190,39,19,0,12,23,1,5,0,15,0,184,2818,3963,36,179,355,12,42,0.0090840272520817,2013,0.0032170254887404,2014,Tamil Nadu,THIRUVARUR,TAMIL NADU||THIRUVARUR,1804,-0.0031652666642953,0.0,0.0032170254887404,TAMIL NADU,THIRUVARUR,True,EXACT,TAMIL NADU,THIRUVARUR,True,LOW
85,194,1,52,0,30,5,82,214,284,92,0,16,144,34,2,35,1,64,0,369,3260,5519,154,484,677,160,34,0.0279036057256749,2013,0.0248877245508982,2014,Tamil Nadu,THOOTHUGUDI,TAMIL NADU||THOOTHUGUDI,1807,-0.0671930907444517,0.0,0.0248877245508982,TAMIL NADU,THOOTHUGUDI,False,UNMATCHED,,,False,LOW
75,43,0,20,0,53,2,144,243,462,188,61,10,109,11,8,40,7,91,0,692,3240,5895,166,377,1039,119,72,0.0281594571670907,2013,0.0140775500123487,2014,Tamil Nadu,TIRUPPUR,TAMIL NADU||TIRUPPUR,1810,0.0340905452397082,0.0340905452397082,0.0200129952273595,TAMIL NADU,TIRUPPUR,True,EXACT,TAMIL NADU,TIRUPPUR,True,LOW
66,91,3,51,0,97,1,36,297,663,311,70,0,126,8,8,33,57,40,0,720,6485,9802,189,378,1308,126,78,0.0192817792287288,2013,0.0161075104841784,2014,Tamil Nadu,VELLORE,TAMIL NADU||VELLORE,1819,0.0363595827274652,0.0363595827274652,0.0202520722432868,TAMIL NADU,VELLORE,True,EXACT,TAMIL NADU,VELLORE,True,LOW
71,140,2,67,0,166,2,29,194,481,283,284,3,105,46,4,127,0,80,0,801,5110,8801,278,604,989,108,330,0.0315873196227701,2013,0.03131805454734,2014,Tamil Nadu,VILLUPURAM,TAMIL NADU||VILLUPURAM,1822,0.0548727354230551,0.0548727354230551,0.0235546808757151,TAMIL NADU,VILLUPURAM,True,EXACT,TAMIL NADU,VILLUPURAM,True,MEDIUM
51,68,0,33,0,31,2,43,138,244,58,62,4,149,13,3,16,0,48,0,295,2659,4336,100,244,485,153,75,0.0230627306273062,2013,0.0163360560093348,2014,Tamil Nadu,VIRUDHUNAGAR,TAMIL NADU||VIRUDHUNAGAR,1825,0.0368635549452933,0.0368635549452933,0.0205274989359585,TAMIL NADU,VIRUDHUNAGAR,True,EXACT,TAMIL NADU,VIRUDHUNAGAR,True,LOW
18,3,1,17,0,14,1,3,19,29,7,7,9,19,5,1,38,0,51,0,0,80,394,107,95,59,28,12,0.2715736040609137,2013,0.3443526170798898,2014,Tripura,DHALAI,TRIPURA||DHALAI,1828,0.2098311613329941,0.2098311613329941,0.1345214557468956,TRIPURA,DHALAI,True,EXACT,TRIPURA,DHALAI,True,HIGH
22,7,0,31,0,30,1,7,35,95,41,18,2,20,17,6,45,2,164,0,0,246,1049,248,143,179,22,35,0.2364156339370829,2013,0.2751515151515151,2014,Tripura,GOMATI,TRIPURA||GOMATI,1830,0.1864250400900589,0.1864250400900589,0.0887264750614562,TRIPURA,GOMATI,True,EXACT,TRIPURA,GOMATI,True,HIGH
12,10,0,20,0,11,1,10,23,42,9,7,9,31,2,4,51,0,113,0,0,122,592,188,115,85,40,9,0.3175675675675675,2013,0.2980392156862745,2014,Tripura,NORTH,TRIPURA||NORTH,1836,0.2441355990767222,0.2441355990767222,0.0539036166095522,TRIPURA,NORTH,False,UNMATCHED,,,False,HIGH
13,4,0,27,0,19,2,6,44,78,0,27,3,16,9,1,73,0,118,0,0,240,943,219,144,130,19,36,0.232237539766702,2013,0.2510344827586206,2014,Tripura,SIPAHIJALA,TRIPURA||SIPAHIJALA,1838,0.1866639371686973,0.1866639371686973,0.0643705455899232,TRIPURA,SIPAHIJALA,False,UNMATCHED,,,False,HIGH
21,17,0,32,0,15,0,4,20,38,0,19,9,19,5,5,38,0,93,0,0,199,725,168,127,62,28,24,0.2317241379310345,2013,0.243362831858407,2014,Tripura,SOUTH,TRIPURA||SOUTH,1841,0.1907203099324534,0.1907203099324534,0.0526425219259535,TRIPURA,SOUTH,False,UNMATCHED,,,False,HIGH
9,7,0,37,0,18,1,2,9,37,8,2,4,19,7,5,18,1,51,0,0,76,433,112,92,57,23,9,0.2586605080831409,2013,0.2643391521197007,2014,Tripura,UNAKOTI,TRIPURA||UNAKOTI,1843,0.1772780214646816,0.1772780214646816,0.087061130655019,TRIPURA,UNAKOTI,True,EXACT,TRIPURA,UNAKOTI,True,HIGH
35,11,0,46,0,34,2,7,52,175,59,32,11,70,30,3,101,3,195,0,9,499,1635,348,236,295,81,62,0.2128440366972477,2013,0.263030303030303,2014,Tripura,WEST,TRIPURA||WEST,1846,0.1606498309758863,0.1606498309758863,0.1023804720544166,TRIPURA,WEST,False,UNMATCHED,,,False,HIGH
133,200,29,78,0,424,11,204,342,3015,2365,435,176,427,5,98,239,0,399,0,442,2326,9298,814,1318,5937,603,440,0.0875457087545708,2013,0.0876234503046858,2014,Uttar Pradesh,AGRA,UTTAR PRADESH||AGRA,1849,0.106993332934097,0.106993332934097,0.0193698826294112,UTTAR PRADESH,AGRA,True,EXACT,UTTAR PRADESH,AGRA,True,HIGH
185,261,22,99,0,399,22,195,315,1969,1372,386,140,483,9,73,300,0,455,0,361,2173,8129,927,1483,3873,623,395,0.1140361668101857,2013,0.1072443989537131,2014,Uttar Pradesh,ALIGARH,UTTAR PRADESH||ALIGARH,1852,0.1249355414059552,0.1249355414059552,0.017691142452242,UTTAR PRADESH,ALIGARH,True,EXACT,UTTAR PRADESH,ALIGARH,True,HIGH
123,95,44,102,0,306,5,58,356,1625,1121,117,117,446,5,66,215,0,322,0,449,3483,8357,705,948,3165,563,122,0.0843604164173746,2013,0.0837622363507922,2014,Uttar Pradesh,ALLAHABAD,UTTAR PRADESH||ALLAHABAD,1855,0.0967898644625309,0.0967898644625309,0.0130276281117387,UTTAR PRADESH,ALLAHABAD,False,UNMATCHED,,,False,HIGH
32,27,7,15,0,60,1,10,23,90,34,39,22,49,0,17,16,0,4,0,79,732,1339,52,168,158,71,39,0.0388349514563106,2013,0.0665154950869236,2014,Uttar Pradesh,AMBEDKAR NAGAR,UTTAR PRADESH||AMBEDKAR NAGAR,1858,0.0645351773703539,0.0645351773703539,0.0019803177165696,UTTAR PRADESH,AMBEDKAR NAGAR,True,EXACT,UTTAR PRADESH,AMBEDKAR NAGAR,True,MEDIUM
31,61,12,38,0,116,5,35,61,142,65,50,19,27,14,16,83,0,35,0,137,572,1666,172,381,308,46,64,0.1032412965186074,2013,0.109724047306176,2014,Uttar Pradesh,AMETHI,UTTAR PRADESH||AMETHI,1859,0.1020332595815121,0.1020332595815121,0.0076907877246639,UTTAR PRADESH,AMETHI,True,EXACT,UTTAR PRADESH,AMETHI,True,HIGH
65,80,9,23,0,113,3,38,55,279,112,34,35,117,0,16,57,0,171,0,190,995,2401,267,388,487,152,34,0.1112036651395252,2013,0.1284501061571125,2014,Uttar Pradesh,AMROHA,UTTAR PRADESH||AMROHA,1860,0.1147301572808829,0.1147301572808829,0.0137199488762295,UTTAR PRADESH,AMROHA,True,EXACT,UTTAR PRADESH,AMROHA,True,HIGH
27,28,14,16,0,78,3,12,25,180,110,12,23,38,0,28,38,0,68,0,162,515,1316,150,216,330,61,12,0.1139817629179331,2013,0.1559530463946338,2014,Uttar Pradesh,AURAIYA,UTTAR PRADESH||AURAIYA,1863,0.1140376164450971,0.1140376164450971,0.0419154299495366,UTTAR PRADESH,AURAIYA,True,EXACT,UTTAR PRADESH,AURAIYA,True,HIGH
68,90,23,39,0,154,3,60,86,272,143,190,52,154,1,36,20,0,155,0,240,643,2621,250,457,564,206,191,0.0953834414345669,2013,0.1166261714682402,2014,Uttar Pradesh,AZAMGARH,UTTAR PRADESH||AZAMGARH,1866,0.1221334617268341,0.1221334617268341,0.0055072902585939,UTTAR PRADESH,AZAMGARH,True,EXACT,UTTAR PRADESH,AZAMGARH,True,HIGH
112,143,24,54,0,139,2,53,50,245,118,5,28,98,0,58,102,0,58,0,170,866,2607,272,629,468,126,5,0.1043344840813195,2013,0.1154504967454607,2014,Uttar Pradesh,BADAUN,UTTAR PRADESH||BADAUN,1869,0.1043755603074048,0.1043755603074048,0.0110749364380559,UTTAR PRADESH,BADAUN,False,UNMATCHED,,,False,HIGH
79,112,11,25,0,98,3,83,53,296,148,51,34,85,0,12,56,0,106,0,84,554,1831,199,467,583,119,51,0.1086837793555434,2013,0.1274403470715835,2014,Uttar Pradesh,BAGHPAT,UTTAR PRADESH||BAGHPAT,1872,0.114017800682143,0.114017800682143,0.0134225463894404,UTTAR PRADESH,BAGHPAT,True,EXACT,UTTAR PRADESH,BAGHPAT,True,HIGH
47,55,24,35,0,151,1,18,61,271,112,68,41,196,5,42,44,0,1,0,154,995,2389,122,375,463,237,73,0.0510673922143156,2013,0.0729212983548243,2014,Uttar Pradesh,BAHRAICH,UTTAR PRADESH||BAHRAICH,1875,0.0769645804333138,0.0769645804333138,0.0040432820784895,UTTAR PRADESH,BAHRAICH,True,EXACT,UTTAR PRADESH,BAHRAICH,True,MEDIUM
35,38,13,18,0,143,1,14,109,263,152,104,22,84,1,24,107,0,4,0,140,490,1790,153,369,539,106,105,0.0854748603351955,2013,0.1272401433691756,2014,Uttar Pradesh,BALLIA,UTTAR PRADESH||BALLIA,1878,0.1023623655573986,0.1023623655573986,0.0248777778117769,UTTAR PRADESH,BALLIA,True,EXACT,UTTAR PRADESH,BALLIA,True,HIGH
21,23,7,23,0,71,0,6,37,48,11,18,14,52,0,7,24,0,8,0,27,203,649,62,175,102,66,18,0.0955315870570107,2013,0.1129326047358834,2014,Uttar Pradesh,BALRAMPUR,UTTAR PRADESH||BALRAMPUR,1881,0.102390442476606,0.102390442476606,0.0105421622592773,UTTAR PRADESH,BALRAMPUR,True,EXACT,UTTAR PRADESH,BALRAMPUR,True,HIGH
45,47,17,47,0,145,0,23,84,249,108,75,36,82,7,32,151,0,129,0,123,724,2055,359,475,464,118,82,0.1746958637469586,2013,0.2007186858316221,2014,Uttar Pradesh,BANDA,UTTAR PRADESH||BANDA,1884,0.1523521527858606,0.1523521527858606,0.0483665330457614,UTTAR PRADESH,BANDA,True,EXACT,UTTAR PRADESH,BANDA,True,HIGH
57,50,20,39,0,81,1,17,57,158,81,3,79,191,14,26,39,0,98,0,263,1164,2677,202,304,314,270,17,0.0754576017930519,2013,0.0594900849858356,2014,Uttar Pradesh,BARABANKI,UTTAR PRADESH||BARABANKI,1887,0.0442765159722371,0.0442765159722371,0.0152135690135984,UTTAR PRADESH,BARABANKI,True,EXACT,UTTAR PRADESH,BARABANKI,True,LOW
114,162,34,84,0,329,3,80,141,773,417,163,128,442,1,58,198,0,257,0,348,3313,6860,597,1004,1414,570,164,0.0870262390670554,2013,0.0821065412050387,2014,Uttar Pradesh,BAREILLY,UTTAR PRADESH||BAREILLY,1890,0.1016867031512605,0.1016867031512605,0.0195801619462217,UTTAR PRADESH,BAREILLY,True,EXACT,UTTAR PRADESH,BAREILLY,True,HIGH
27,11,4,24,0,82,2,16,36,134,64,26,27,41,0,11,53,0,44,0,98,329,1162,132,219,252,68,26,0.1135972461273666,2013,0.1289893617021276,2014,Uttar Pradesh,BASTI,UTTAR PRADESH||BASTI,1893,0.11589280189842,0.11589280189842,0.0130965598037076,UTTAR PRADESH,BASTI,True,EXACT,UTTAR PRADESH,BASTI,True,HIGH
83,74,24,71,0,168,5,56,86,405,149,73,66,253,0,31,178,1,6,0,239,1804,3639,287,659,701,319,73,0.0788678208298983,2013,0.0808633093525179,2014,Uttar Pradesh,BIJNOR,UTTAR PRADESH||BIJNOR,1897,0.0981756895902579,0.0981756895902579,0.01731238023774,UTTAR PRADESH,BIJNOR,True,EXACT,UTTAR PRADESH,BIJNOR,True,HIGH
185,199,19,97,0,335,12,117,109,828,476,138,71,222,4,52,197,2,162,0,333,1615,4712,510,1161,1542,293,142,0.1082342954159592,2013,0.0789528795811518,2014,Uttar Pradesh,BULANDSHAHAR,UTTAR PRADESH||BULANDSHAHAR,1900,0.1151226774314098,0.1151226774314098,0.036169797850258,UTTAR PRADESH,BULANDSHAHAR,False,UNMATCHED,,,False,HIGH
31,26,8,20,0,53,1,14,31,102,45,31,34,71,5,16,68,1,0,0,97,306,1083,105,221,193,105,36,0.0969529085872576,2013,0.1837481698389458,2014,Uttar Pradesh,CHANDOLI,UTTAR PRADESH||CHANDOLI,1903,0.1102170524543681,0.1102170524543681,0.0735311173845776,UTTAR PRADESH,CHANDOLI,False,UNMATCHED,,,False,HIGH
50,25,23,44,0,180,2,29,100,214,117,85,23,101,5,37,87,0,27,0,147,484,1882,195,440,462,124,90,0.1036131774707757,2013,0.0851063829787234,2014,Uttar Pradesh,DEORIA,UTTAR PRADESH||DEORIA,1909,0.1144894762361248,0.1144894762361248,0.0293830932574014,UTTAR PRADESH,DEORIA,True,EXACT,UTTAR PRADESH,DEORIA,True,HIGH
59,128,23,34,0,120,3,44,47,345,185,104,40,83,9,32,122,1,99,0,199,735,2506,288,533,624,123,113,0.1149241819632881,2013,0.119295724038807,2014,Uttar Pradesh,ETAH,UTTAR PRADESH||ETAH,1912,0.1162674840726312,0.1162674840726312,0.0030282399661757,UTTAR PRADESH,ETAH,True,EXACT,UTTAR PRADESH,ETAH,True,HIGH
62,69,12,23,0,88,2,39,55,345,273,10,42,96,6,30,30,0,62,0,198,916,2242,145,325,714,138,16,0.0646743978590544,2013,0.0900404263138552,2014,Uttar Pradesh,ETAWAH,UTTAR PRADESH||ETAWAH,1915,0.0634044915441209,0.0634044915441209,0.0266359347697342,UTTAR PRADESH,ETAWAH,True,EXACT,UTTAR PRADESH,ETAWAH,True,MEDIUM
37,32,13,35,0,138,1,28,83,264,132,40,53,105,0,11,79,1,7,0,189,839,2150,133,363,508,158,40,0.061860465116279,2013,0.0614179719703215,2014,Uttar Pradesh,FAIZABAD,UTTAR PRADESH||FAIZABAD,1918,0.0776941681850986,0.0776941681850986,0.0162761962147771,UTTAR PRADESH,FAIZABAD,False,UNMATCHED,,,False,MEDIUM
56,66,19,25,0,105,1,13,59,239,163,25,23,49,0,34,30,0,38,0,125,719,1754,127,315,475,72,25,0.0724059293044469,2013,0.100883310088331,2014,Uttar Pradesh,FATEHGARH,UTTAR PRADESH||FATEHGARH,1921,0.0854207487920974,0.0854207487920974,0.0154625612962335,UTTAR PRADESH,FATEHGARH,False,UNMATCHED,,,False,HIGH
61,38,31,42,0,123,3,13,49,154,81,45,39,103,5,39,87,0,80,0,268,778,2234,248,398,300,142,50,0.1110116383169203,2013,0.1152794060179757,2014,Uttar Pradesh,FATEHPUR,UTTAR PRADESH||FATEHPUR,1924,0.1174134160124198,0.1174134160124198,0.0021340099944441,UTTAR PRADESH,FATEHPUR,True,EXACT,UTTAR PRADESH,FATEHPUR,True,HIGH
106,143,12,39,0,233,7,90,88,699,475,176,98,207,1,66,112,0,165,0,283,1185,4026,382,742,1359,305,177,0.094883258817685,2013,0.0930838465182378,2014,Uttar Pradesh,FIROZABAD,UTTAR PRADESH||FIROZABAD,1927,0.1115277751221215,0.1115277751221215,0.0184439286038837,UTTAR PRADESH,FIROZABAD,True,EXACT,UTTAR PRADESH,FIROZABAD,True,HIGH
96,107,17,39,0,204,5,205,228,3313,2211,199,108,264,0,31,136,6,164,0,354,2704,8199,376,809,5962,372,199,0.0458592511281863,2013,0.053397488557681,2014,Uttar Pradesh,GAUTAMBUDH NAGAR,UTTAR PRADESH||GAUTAMBUDH NAGAR,1930,0.0645854371808896,0.0645854371808896,0.0111879486232086,UTTAR PRADESH,GAUTAMBUDH NAGAR,False,UNMATCHED,,,False,MEDIUM
137,119,46,84,0,346,11,122,222,3073,2326,73,102,386,0,44,233,0,491,0,384,3163,9150,852,1098,5754,488,73,0.0931147540983606,2013,0.1008128469468675,2014,Uttar Pradesh,GHAZIABAD,UTTAR PRADESH||GHAZIABAD,1933,0.1083435604739493,0.1083435604739493,0.0075307135270818,UTTAR PRADESH,GHAZIABAD,True,EXACT,UTTAR PRADESH,GHAZIABAD,True,HIGH
50,58,17,22,0,108,6,31,52,180,98,76,21,88,16,27,59,1,76,0,119,389,1626,185,351,367,109,92,0.1137761377613776,2013,0.0982005141388174,2014,Uttar Pradesh,GHAZIPUR,UTTAR PRADESH||GHAZIPUR,1936,0.1167623092497807,0.1167623092497807,0.0185617951109633,UTTAR PRADESH,GHAZIPUR,True,EXACT,UTTAR PRADESH,GHAZIPUR,True,HIGH
27,33,22,24,0,166,2,27,85,207,91,59,56,210,0,32,62,0,4,0,120,920,2342,122,363,412,266,59,0.0520922288642186,2013,0.06580900544285,2014,Uttar Pradesh,GONDA,UTTAR PRADESH||GONDA,1939,0.0747753377640181,0.0747753377640181,0.0089663323211681,UTTAR PRADESH,GONDA,True,EXACT,UTTAR PRADESH,GONDA,True,MEDIUM
124,122,35,87,0,337,14,77,194,908,637,184,95,331,2,39,111,0,95,0,297,985,4444,332,907,1830,426,186,0.0747074707470747,2013,0.1113070310778047,2014,Uttar Pradesh,GORAKHPUR,UTTAR PRADESH||GORAKHPUR,1942,0.0992306619994509,0.0992306619994509,0.0120763690783537,UTTAR PRADESH,GORAKHPUR,True,EXACT,UTTAR PRADESH,GORAKHPUR,True,HIGH
33,35,13,50,0,80,3,21,31,84,27,54,20,33,2,15,117,5,0,0,75,315,1040,187,352,166,53,56,0.1798076923076923,2013,0.1987767584097859,2014,Uttar Pradesh,HAMIRPUR,UTTAR PRADESH||HAMIRPUR,1947,0.17596067834196,0.17596067834196,0.0228160800678258,UTTAR PRADESH,HAMIRPUR,True,EXACT,UTTAR PRADESH,HAMIRPUR,True,HIGH
53,81,11,35,0,100,2,41,15,417,256,45,24,111,2,21,75,0,52,0,158,570,1839,183,398,731,135,47,0.099510603588907,2013,0.1053775122216186,2014,Uttar Pradesh,HAPUR,UTTAR PRADESH||HAPUR,1948,0.1097387370228177,0.1097387370228177,0.0043612248011991,UTTAR PRADESH,HAPUR,True,EXACT,UTTAR PRADESH,HAPUR,True,HIGH
65,50,33,28,0,145,1,18,61,249,118,32,34,68,3,24,131,0,122,0,309,1272,2890,305,471,447,102,35,0.1055363321799307,2013,0.1046628648104662,2014,Uttar Pradesh,HARDOI,UTTAR PRADESH||HARDOI,1951,0.1048758267670295,0.1048758267670295,0.0002129619565633,UTTAR PRADESH,HARDOI,True,EXACT,UTTAR PRADESH,HARDOI,True,HIGH
61,65,13,37,0,104,5,41,39,405,233,74,38,84,6,21,73,0,76,0,159,661,2094,207,399,723,122,80,0.0988538681948424,2013,0.1355263157894737,2014,Uttar Pradesh,HATHRAS,UTTAR PRADESH||HATHRAS,1954,0.1077551536754783,0.1077551536754783,0.0277711621139953,UTTAR PRADESH,HATHRAS,True,EXACT,UTTAR PRADESH,HATHRAS,True,HIGH
31,19,8,7,0,63,0,13,32,127,75,8,23,50,1,22,52,0,33,0,125,221,978,114,193,247,73,9,0.1165644171779141,2013,0.1483644859813084,2014,Uttar Pradesh,JALAUN,UTTAR PRADESH||JALAUN,1957,0.1090386443160171,0.1090386443160171,0.0393258416652912,UTTAR PRADESH,JALAUN,True,EXACT,UTTAR PRADESH,JALAUN,True,HIGH
50,52,21,53,0,132,1,51,90,285,154,77,24,95,1,60,75,0,77,0,201,591,2218,265,435,581,119,78,0.1194770063119927,2013,0.0884353741496598,2014,Uttar Pradesh,JAUNPUR,UTTAR PRADESH||JAUNPUR,1960,0.1277114442208586,0.1277114442208586,0.0392760700711988,UTTAR PRADESH,JAUNPUR,True,EXACT,UTTAR PRADESH,JAUNPUR,True,HIGH
49,35,20,40,0,85,3,22,64,290,200,79,20,79,7,24,72,1,65,0,200,565,1923,202,326,579,99,86,0.1050442017680707,2013,0.1335012594458438,2014,Uttar Pradesh,JHANSI,UTTAR PRADESH||JHANSI,1963,0.1138501883161795,0.1138501883161795,0.0196510711296642,UTTAR PRADESH,JHANSI,True,EXACT,UTTAR PRADESH,JHANSI,True,HIGH
33,27,15,16,0,86,0,6,32,147,67,15,16,46,6,26,40,0,59,0,160,777,1508,141,223,252,62,21,0.0935013262599469,2013,0.1141226818830242,2014,Uttar Pradesh,KANNAUJ,UTTAR PRADESH||KANNAUJ,1967,0.0849359921422008,0.0849359921422008,0.0291866897408233,UTTAR PRADESH,KANNAUJ,True,EXACT,UTTAR PRADESH,KANNAUJ,True,MEDIUM
49,20,10,29,0,78,1,13,19,107,55,34,38,64,0,32,45,0,67,0,264,908,2031,173,245,195,102,34,0.0851797144263909,2013,0.1392704879204168,2014,Uttar Pradesh,KANPUR DEHAT,UTTAR PRADESH||KANPUR DEHAT,1968,0.1057182546244932,0.1057182546244932,0.0335522332959235,UTTAR PRADESH,KANPUR DEHAT,True,EXACT,UTTAR PRADESH,KANPUR DEHAT,True,HIGH
121,97,22,41,0,261,0,72,171,1195,922,102,155,393,7,56,110,0,239,0,498,3278,7060,446,724,2360,548,109,0.0631728045325779,2013,0.1165374377965513,2014,Uttar Pradesh,KANPUR NAGAR,UTTAR PRADESH||KANPUR NAGAR,1971,0.0788837488683229,0.0788837488683229,0.0376536889282283,UTTAR PRADESH,KANPUR NAGAR,True,EXACT,UTTAR PRADESH,KANPUR NAGAR,True,MEDIUM
47,52,14,17,0,101,0,8,46,163,91,45,22,49,7,24,43,0,27,0,91,405,1339,111,282,308,71,52,0.0828976848394324,2013,0.1030844155844155,2014,Uttar Pradesh,KASGANJ,UTTAR PRADESH||KASGANJ,1973,0.0883031608437876,0.0883031608437876,0.0147812547406278,UTTAR PRADESH,KASGANJ,True,EXACT,UTTAR PRADESH,KASGANJ,True,HIGH
29,22,18,27,0,69,0,12,59,92,36,20,25,68,1,22,108,0,67,0,117,750,1600,224,285,199,93,21,0.14,2013,0.1269922879177377,2014,Uttar Pradesh,KAUSHAMBI,UTTAR PRADESH||KAUSHAMBI,1976,0.1281190870751716,0.1281190870751716,0.0011267991574339,UTTAR PRADESH,KAUSHAMBI,True,EXACT,UTTAR PRADESH,KAUSHAMBI,True,HIGH
88,139,27,49,0,204,2,31,67,564,292,63,39,121,0,57,85,0,152,0,282,1149,3587,343,625,956,160,63,0.0956230833565653,2013,0.0987012987012987,2014,Uttar Pradesh,KHIRI,UTTAR PRADESH||KHIRI,1979,0.1081385512644474,0.1081385512644474,0.0094372525631487,UTTAR PRADESH,KHIRI,False,UNMATCHED,,,False,HIGH
50,24,27,33,0,145,1,17,48,168,108,154,33,101,13,29,66,0,48,0,180,536,1988,176,363,342,134,167,0.0885311871227364,2013,0.0887877063175868,2014,Uttar Pradesh,KUSHI NAGAR,UTTAR PRADESH||KUSHI NAGAR,1982,0.1080094568997738,0.1080094568997738,0.019221750582187,UTTAR PRADESH,KUSHI NAGAR,True,EXACT,UTTAR PRADESH,KUSHI NAGAR,True,HIGH
18,9,14,10,0,30,1,10,17,51,21,17,14,24,4,11,50,0,18,0,61,245,696,89,142,100,38,21,0.1278735632183908,2013,0.0977130977130977,2014,Uttar Pradesh,LALITPUR,UTTAR PRADESH||LALITPUR,1985,0.1179079516586598,0.1179079516586598,0.0201948539455621,UTTAR PRADESH,LALITPUR,True,EXACT,UTTAR PRADESH,LALITPUR,True,HIGH
133,116,22,76,0,381,11,69,553,2613,1705,165,538,1077,4,60,360,1,920,0,488,5948,13583,1417,1168,4951,1615,169,0.1043215784436427,2013,0.1055801946117693,2014,Uttar Pradesh,LUCKNOW,UTTAR PRADESH||LUCKNOW,1988,0.1101634643602993,0.1101634643602993,0.00458326974853,UTTAR PRADESH,LUCKNOW,True,EXACT,UTTAR PRADESH,LUCKNOW,True,HIGH
32,17,13,28,0,117,2,12,25,99,43,48,34,76,7,23,40,0,58,0,95,476,1369,149,261,181,110,55,0.1088385682980277,2013,0.1333907056798623,2014,Uttar Pradesh,MAHARAJGANJ,UTTAR PRADESH||MAHARAJGANJ,1991,0.1131304494272329,0.1131304494272329,0.0202602562526293,UTTAR PRADESH,MAHARAJGANJ,True,EXACT,UTTAR PRADESH,MAHARAJGANJ,True,HIGH
29,18,11,30,0,49,3,8,44,81,37,24,12,31,2,16,61,0,26,0,67,325,838,133,209,173,43,26,0.1587112171837708,2013,0.1486486486486486,2014,Uttar Pradesh,MAHOBA,UTTAR PRADESH||MAHOBA,1994,0.1444126580378879,0.1444126580378879,0.0042359906107606,UTTAR PRADESH,MAHOBA,True,EXACT,UTTAR PRADESH,MAHOBA,True,HIGH
71,82,15,20,0,165,3,33,108,404,310,93,37,84,10,38,92,0,94,0,231,648,2432,244,481,858,121,103,0.100328947368421,2013,0.082219522073714,2014,Uttar Pradesh,MAINPURI,UTTAR PRADESH||MAINPURI,1997,0.1062984159472308,0.1062984159472308,0.0240788938735168,UTTAR PRADESH,MAINPURI,True,EXACT,UTTAR PRADESH,MAINPURI,True,HIGH
108,123,22,59,0,174,6,70,127,1028,745,160,57,236,6,32,99,0,196,0,414,1225,4386,386,661,1976,293,166,0.0880072959416324,2013,0.1050428960033479,2014,Uttar Pradesh,MATHURA,UTTAR PRADESH||MATHURA,2000,0.1065645260266892,0.1065645260266892,0.0015216300233412,UTTAR PRADESH,MATHURA,True,EXACT,UTTAR PRADESH,MATHURA,True,HIGH
27,41,14,26,0,102,0,18,72,243,152,94,26,107,3,11,53,1,94,0,112,191,1495,185,281,485,133,97,0.1237458193979933,2013,0.1178861788617886,2014,Uttar Pradesh,MAU,UTTAR PRADESH||MAU,2003,0.131594348415996,0.131594348415996,0.0137081695542074,UTTAR PRADESH,MAU,True,EXACT,UTTAR PRADESH,MAU,True,HIGH
238,264,18,109,0,357,14,328,283,2740,1938,273,80,392,9,42,277,0,209,0,318,2376,8360,637,1605,5303,472,282,0.0761961722488038,2013,0.1070187630298818,2014,Uttar Pradesh,MEERUT,UTTAR PRADESH||MEERUT,2006,0.0928503046214659,0.0928503046214659,0.0141684584084158,UTTAR PRADESH,MEERUT,True,EXACT,UTTAR PRADESH,MEERUT,True,HIGH
23,2,9,5,0,9,0,4,18,42,18,0,32,82,0,19,5,0,30,0,80,341,786,59,57,82,114,0,0.0750636132315521,2013,0.1064102564102564,2014,Uttar Pradesh,MIRZAPUR,UTTAR PRADESH||MIRZAPUR,2009,0.0821516130709285,0.0821516130709285,0.0242586433393278,UTTAR PRADESH,MIRZAPUR,True,EXACT,UTTAR PRADESH,MIRZAPUR,True,MEDIUM
89,78,9,69,0,187,14,52,100,715,411,68,43,230,0,27,156,1,299,0,192,1364,3747,552,654,1292,273,68,0.1473178542834267,2013,0.1783407848981619,2014,Uttar Pradesh,MORADABAD,UTTAR PRADESH||MORADABAD,2012,0.1433235455518386,0.1433235455518386,0.0350172393463232,UTTAR PRADESH,MORADABAD,True,EXACT,UTTAR PRADESH,MORADABAD,True,HIGH
188,163,13,49,0,270,317,134,60,706,404,194,74,205,11,25,125,0,270,0,205,1298,4496,469,1259,1621,279,205,0.104314946619217,2013,0.0936234817813765,2014,Uttar Pradesh,MUZAFFARNAGAR,UTTAR PRADESH||MUZAFFARNAGAR,2015,0.1215262604865061,0.1215262604865061,0.0279027787051296,UTTAR PRADESH,MUZAFFARNAGAR,True,EXACT,UTTAR PRADESH,MUZAFFARNAGAR,True,HIGH
39,22,7,30,0,97,0,12,24,117,69,7,42,147,0,35,67,0,125,0,120,1731,2798,257,274,222,189,7,0.0918513223731236,2013,0.130315500685871,2014,Uttar Pradesh,PILIBHIT,UTTAR PRADESH||PILIBHIT,2019,0.0983434715109312,0.0983434715109312,0.0319720291749397,UTTAR PRADESH,PILIBHIT,True,EXACT,UTTAR PRADESH,PILIBHIT,True,HIGH
63,116,27,66,0,184,4,68,116,332,189,250,47,156,22,30,151,0,39,0,156,1167,3311,286,679,709,203,272,0.0863787375415282,2013,0.1061046511627906,2014,Uttar Pradesh,PRATAPGARH,UTTAR PRADESH||PRATAPGARH,2023,0.1021685521048085,0.1021685521048085,0.003936099057982,UTTAR PRADESH,PRATAPGARH,True,EXACT,UTTAR PRADESH,PRATAPGARH,True,HIGH
58,47,13,43,0,106,1,19,72,195,91,57,41,78,2,23,66,0,72,0,191,849,2085,204,353,378,119,59,0.097841726618705,2013,0.0886507549926936,2014,Uttar Pradesh,RAIBAREILLY,UTTAR PRADESH||RAIBAREILLY,2026,0.1060437685682644,0.1060437685682644,0.0173930135755708,UTTAR PRADESH,RAIBAREILLY,False,UNMATCHED,,,False,HIGH
50,73,11,26,0,100,4,29,42,312,132,42,31,123,0,19,46,0,119,0,123,815,1970,210,339,519,154,42,0.1065989847715736,2013,0.1164102564102564,2014,Uttar Pradesh,RAMPUR,UTTAR PRADESH||RAMPUR,2030,0.1112650394579561,0.1112650394579561,0.0051452169523002,UTTAR PRADESH,RAMPUR,True,EXACT,UTTAR PRADESH,RAMPUR,True,HIGH
95,91,13,34,0,153,9,114,77,557,296,105,43,291,0,34,90,0,198,0,160,1362,3541,356,599,1053,334,105,0.1005365715899463,2013,0.1104206500956023,2014,Uttar Pradesh,SAHARANPUR,UTTAR PRADESH||SAHARANPUR,2033,0.1137271042361278,0.1137271042361278,0.0033064541405255,UTTAR PRADESH,SAHARANPUR,True,EXACT,UTTAR PRADESH,SAHARANPUR,True,HIGH
78,75,16,42,0,131,6,56,65,316,155,68,40,102,0,30,94,0,88,0,84,927,2284,254,498,598,142,68,0.1112084063047285,2013,0.1207474844274077,2014,Uttar Pradesh,SAMBHAL,UTTAR PRADESH||SAMBHAL,2034,0.1175122824041368,0.1175122824041368,0.0032352020232708,UTTAR PRADESH,SAMBHAL,True,EXACT,UTTAR PRADESH,SAMBHAL,True,HIGH
26,12,3,23,0,64,0,16,12,42,25,36,19,42,2,5,17,0,8,0,56,227,744,53,161,95,61,38,0.0712365591397849,2013,0.0811554332874828,2014,Uttar Pradesh,SANT KABIRNAGAR,UTTAR PRADESH||SANT KABIRNAGAR,2037,0.0954650421261591,0.0954650421261591,0.0143096088386763,UTTAR PRADESH,SANT KABIRNAGAR,False,UNMATCHED,,,False,HIGH
89,96,20,36,0,136,2,24,47,230,98,24,55,140,5,43,104,0,142,0,228,1260,2903,325,507,401,195,29,0.1119531519118153,2013,0.1458467482292337,2014,Uttar Pradesh,SHAHJAHANPUR,UTTAR PRADESH||SHAHJAHANPUR,2040,0.1072544954357697,0.1072544954357697,0.038592252793464,UTTAR PRADESH,SHAHJAHANPUR,True,EXACT,UTTAR PRADESH,SHAHJAHANPUR,True,HIGH
63,75,8,34,0,91,7,43,23,266,172,108,14,47,0,11,66,0,52,0,53,441,1410,163,387,511,61,108,0.1156028368794326,2013,0.1164874551971326,2014,Uttar Pradesh,SHAMLI,UTTAR PRADESH||SHAMLI,2041,0.1285118051587959,0.1285118051587959,0.0120243499616632,UTTAR PRADESH,SHAMLI,True,EXACT,UTTAR PRADESH,SHAMLI,True,HIGH
21,17,6,21,0,55,2,8,41,52,12,18,17,68,1,18,53,0,0,0,60,214,835,92,183,115,85,19,0.1101796407185628,2013,0.0561797752808988,2014,Uttar Pradesh,SHRAWASTI,UTTAR PRADESH||SHRAWASTI,2044,0.1251530600260453,0.1251530600260453,0.0689732847451465,UTTAR PRADESH,SHRAWASTI,False,UNMATCHED,,,False,HIGH
19,4,3,17,0,60,5,9,27,87,54,24,9,26,0,8,26,0,33,0,54,342,758,84,143,182,35,24,0.1108179419525065,2013,0.1461836998706339,2014,Uttar Pradesh,SIDHARTHNAGAR,UTTAR PRADESH||SIDHARTHNAGAR,2047,0.1135167368256249,0.1135167368256249,0.0326669630450089,UTTAR PRADESH,SIDHARTHNAGAR,False,UNMATCHED,,,False,HIGH
82,55,18,95,0,267,3,44,131,375,155,50,46,110,19,63,211,0,130,0,228,1863,3934,499,775,708,156,69,0.126842907981698,2013,0.1180219219984705,2014,Uttar Pradesh,SITAPUR,UTTAR PRADESH||SITAPUR,2050,0.1119726662499347,0.1119726662499347,0.0060492557485357,UTTAR PRADESH,SITAPUR,True,EXACT,UTTAR PRADESH,SITAPUR,True,HIGH
29,10,14,32,0,20,0,1,33,82,36,1,22,25,0,13,22,0,12,0,138,208,779,79,128,152,47,1,0.1014120667522464,2013,0.0916334661354581,2014,Uttar Pradesh,SONBHADRA,UTTAR PRADESH||SONBHADRA,2053,0.0983883618376937,0.0983883618376937,0.0067548957022356,UTTAR PRADESH,SONBHADRA,True,EXACT,UTTAR PRADESH,SONBHADRA,True,HIGH
12,16,9,10,0,18,0,7,23,67,32,4,13,30,0,13,15,0,19,0,57,123,512,57,87,129,43,4,0.111328125,2013,0.1655052264808362,2014,Uttar Pradesh,ST.RAVIDASNAGAR,UTTAR PRADESH||STRAVIDASNAGAR,2056,0.1076646161041468,0.1076646161041468,0.0578406103766894,UTTAR PRADESH,ST RAVIDASNAGAR,False,UNMATCHED,,,False,HIGH
39,66,11,29,0,115,7,34,100,294,144,84,31,81,3,15,87,0,111,0,160,779,2284,242,388,579,112,87,0.105954465849387,2013,0.0834365964477488,2014,Uttar Pradesh,SULTANPUR,UTTAR PRADESH||SULTANPUR,2059,0.110397508906965,0.110397508906965,0.0269609124592162,UTTAR PRADESH,SULTANPUR,True,EXACT,UTTAR PRADESH,SULTANPUR,True,HIGH
90,46,14,41,0,189,2,36,68,271,110,31,65,100,1,44,119,0,190,0,293,1197,2825,394,537,487,165,32,0.1394690265486725,2013,0.1614310645724258,2014,Uttar Pradesh,UNNAO,UTTAR PRADESH||UNNAO,2062,0.1318177573732641,0.1318177573732641,0.0296133071991616,UTTAR PRADESH,UNNAO,True,EXACT,UTTAR PRADESH,UNNAO,True,HIGH
59,66,16,57,0,228,4,85,179,930,601,109,228,536,1,36,207,3,347,0,208,1542,5077,650,722,1799,764,110,0.1280283632066181,2013,0.1392307692307692,2014,Uttar Pradesh,VARANASI,UTTAR PRADESH||VARANASI,2065,0.1256981947308106,0.1256981947308106,0.0135325744999585,UTTAR PRADESH,VARANASI,True,EXACT,UTTAR PRADESH,VARANASI,True,HIGH
1,3,0,8,0,32,0,1,9,15,2,2,3,9,0,2,7,3,9,0,7,53,172,29,52,27,12,2,0.1686046511627907,2013,0.1223021582733813,2014,Uttarakhand,ALMORA,UTTARAKHAND||ALMORA,2068,0.1284946525280135,0.1284946525280135,0.0061924942546322,UTTARAKHAND,ALMORA,True,EXACT,UTTARAKHAND,ALMORA,True,HIGH
1,0,2,2,0,16,0,1,12,6,0,1,0,4,2,1,3,1,2,0,5,15,84,9,25,19,4,3,0.1071428571428571,2013,0.1168831168831168,2014,Uttarakhand,BAGESHWAR,UTTARAKHAND||BAGESHWAR,2071,0.084924738703515,0.084924738703515,0.0319583781796017,UTTARAKHAND,BAGESHWAR,True,EXACT,UTTARAKHAND,BAGESHWAR,True,MEDIUM
4,2,2,8,0,35,0,2,6,6,0,3,2,3,0,0,7,0,2,0,3,21,119,17,60,14,5,3,0.1428571428571428,2013,0.1349206349206349,2014,Uttarakhand,CHAMOLI,UTTARAKHAND||CHAMOLI,2074,0.1317830674634466,0.1317830674634466,0.0031375674571883,UTTARAKHAND,CHAMOLI,True,EXACT,UTTARAKHAND,CHAMOLI,True,HIGH
5,1,1,0,0,15,0,1,5,3,1,7,0,1,1,1,5,0,1,0,11,6,97,7,28,10,1,8,0.0721649484536082,2013,0.2083333333333333,2014,Uttarakhand,CHAMPAWAT,UTTARAKHAND||CHAMPAWAT,2077,0.0967860829607134,0.0967860829607134,0.1115472503726198,UTTARAKHAND,CHAMPAWAT,True,EXACT,UTTARAKHAND,CHAMPAWAT,True,HIGH
35,29,12,41,0,279,4,27,59,394,190,89,44,224,6,9,62,27,159,0,133,583,2279,298,489,674,268,95,0.1307591048705572,2013,0.13544536271809,2014,Uttarakhand,DEHRADUN,UTTARAKHAND||DEHRADUN,2080,0.1226607555059915,0.1226607555059915,0.0127846072120984,UTTARAKHAND,DEHRADUN,True,EXACT,UTTARAKHAND,DEHRADUN,True,HIGH
39,62,12,75,0,312,3,52,49,534,210,89,50,127,7,5,76,17,101,0,117,541,2796,274,631,848,177,96,0.0979971387696709,2013,0.0686626746506986,2014,Uttarakhand,HARIDWAR,UTTARAKHAND||HARIDWAR,2083,0.1014945123993642,0.1014945123993642,0.0328318377486656,UTTARAKHAND,HARIDWAR,True,EXACT,UTTARAKHAND,HARIDWAR,True,HIGH
17,9,1,20,0,117,1,10,0,132,60,34,7,37,0,5,33,11,31,0,80,208,842,100,208,203,44,34,0.1187648456057007,2013,0.1004566210045662,2014,Uttarakhand,NAINITAL,UTTARAKHAND||NAINITAL,2086,0.13056781659826,0.13056781659826,0.0301111955936937,UTTARAKHAND,NAINITAL,True,EXACT,UTTARAKHAND,NAINITAL,True,HIGH
6,6,2,3,0,43,0,4,15,49,15,19,7,15,0,2,11,7,6,0,7,56,307,29,75,83,22,19,0.0944625407166123,2013,0.1330935251798561,2014,Uttarakhand,PAURI GARHWAL,UTTARAKHAND||PAURI GARHWAL,2089,0.0924409994561032,0.0924409994561032,0.0406525257237528,UTTARAKHAND,PAURI GARHWAL,True,EXACT,UTTARAKHAND,PAURI GARHWAL,True,HIGH
2,2,0,7,0,28,0,1,8,9,1,4,0,5,0,2,4,2,5,0,7,8,117,20,44,19,5,4,0.1709401709401709,2013,0.2307692307692307,2014,Uttarakhand,PITHORAGARH,UTTARAKHAND||PITHORAGARH,2092,0.1549082349783803,0.1549082349783803,0.0758609957908503,UTTARAKHAND,PITHORAGARH,True,EXACT,UTTARAKHAND,PITHORAGARH,True,HIGH
6,2,1,5,0,19,0,0,14,6,0,3,3,5,1,4,1,3,3,0,4,18,101,16,34,20,8,4,0.1584158415841584,2013,0.1649484536082474,2014,Uttarakhand,RUDRA PRAYAG,UTTARAKHAND||RUDRA PRAYAG,2095,0.1476063924818278,0.1476063924818278,0.0173420611264195,UTTARAKHAND,RUDRA PRAYAG,True,EXACT,UTTARAKHAND,RUDRA PRAYAG,True,HIGH
5,3,1,5,0,23,0,0,2,10,3,3,3,3,0,0,2,0,0,0,0,53,114,7,39,15,6,3,0.0614035087719298,2013,0.1147540983606557,2014,Uttarakhand,TEHRI GARHWAL,UTTARAKHAND||TEHRI GARHWAL,2098,0.0610197040867974,0.0610197040867974,0.0537343942738582,UTTARAKHAND,TEHRI GARHWAL,True,EXACT,UTTARAKHAND,TEHRI GARHWAL,True,MEDIUM
72,60,7,48,0,94,9,39,62,428,267,77,29,109,0,12,82,0,116,0,195,763,2426,258,411,805,138,77,0.1063478977741137,2013,0.0881826320501342,2014,Uttarakhand,UDHAMSINGH NAGAR,UTTARAKHAND||UDHAMSINGH NAGAR,2101,0.1196714315480507,0.1196714315480507,0.0314887994979165,UTTARAKHAND,UDHAMSINGH NAGAR,False,UNMATCHED,,,False,HIGH
4,2,1,6,0,19,0,0,7,4,0,3,2,6,0,0,2,1,0,0,0,32,92,9,34,11,8,3,0.0978260869565217,2013,0.2717391304347826,2014,Uttarakhand,UTTARKASHI,UTTARAKHAND||UTTARKASHI,2104,0.1012321996168681,0.1012321996168681,0.1705069308179144,UTTARAKHAND,UTTARKASHI,False,UNMATCHED,,,False,HIGH
57,57,7,24,0,44,11,21,9,172,30,229,23,80,11,19,76,0,278,0,157,1032,2494,397,297,243,103,240,0.1591820368885324,2013,0.1751393899639226,2014,West Bengal,BANKURA,WEST BENGAL||BANKURA,2113,0.1659204391250968,0.1659204391250968,0.0092189508388257,WEST BENGAL,BANKURA,True,EXACT,WEST BENGAL,BANKURA,True,HIGH
95,59,34,41,0,58,7,14,15,298,111,232,19,85,13,12,99,0,245,0,185,684,2882,397,407,445,104,245,0.1377515614156835,2013,0.1603094158442251,2014,West Bengal,BIRBHUM,WEST BENGAL||BIRBHUM,2117,0.1556690877729794,0.1556690877729794,0.0046403280712457,WEST BENGAL,BIRBHUM,True,EXACT,WEST BENGAL,BIRBHUM,True,HIGH
129,247,18,41,0,122,12,29,3,650,156,277,40,163,36,25,123,0,378,0,795,1244,4973,567,721,850,203,313,0.1140156846973657,2013,0.1453080322329087,2014,West Bengal,BURDWAN,WEST BENGAL||BURDWAN,2121,0.1395923847000959,0.1395923847000959,0.0057156475328127,WEST BENGAL,BURDWAN,False,UNMATCHED,,,False,HIGH
54,119,8,110,0,165,7,9,9,339,142,74,10,92,78,15,240,1,631,0,142,2129,4437,997,712,506,102,152,0.2247013748027946,2013,0.1970050563982886,2014,West Bengal,COOCHBEHAR,WEST BENGAL||COOCHBEHAR,2124,0.1825197902751953,0.1825197902751953,0.0144852661230932,WEST BENGAL,COOCHBEHAR,True,EXACT,WEST BENGAL,COOCHBEHAR,True,HIGH
41,153,5,35,0,116,1,6,0,240,47,9,19,293,17,32,69,0,345,0,148,921,2606,481,426,294,312,26,0.1845740598618572,2013,0.2061551433389544,2014,West Bengal,DAKSHIN DINAJPUR,WEST BENGAL||DAKSHIN DINAJPUR,2127,0.1480758605884646,0.1480758605884646,0.0580792827504897,WEST BENGAL,DAKSHIN DINAJPUR,False,UNMATCHED,,,False,HIGH
30,33,7,30,0,44,1,8,3,339,45,30,33,18,17,0,54,2,158,0,105,329,1943,244,207,396,51,47,0.1255790015440041,2013,0.1546732837055417,2014,West Bengal,DARJEELING,WEST BENGAL||DARJEELING,2130,0.1278672936056624,0.1278672936056624,0.0268059900998793,WEST BENGAL,DARJEELING,True,EXACT,WEST BENGAL,DARJEELING,True,HIGH
126,24,18,54,0,183,7,17,9,996,213,398,58,190,39,19,143,11,922,0,5,3451,6931,1149,572,1242,248,437,0.1657769441639013,2013,0.1942876495822985,2014,West Bengal,HOOGHLY,WEST BENGAL||HOOGHLY,2133,0.1748446035316975,0.1748446035316975,0.0194430460506009,WEST BENGAL,HOOGHLY,True,EXACT,WEST BENGAL,HOOGHLY,True,HIGH
106,188,18,121,0,287,3,35,16,1251,249,27,47,106,11,12,305,2,779,0,220,3466,7161,1219,1063,1554,153,38,0.170227621840525,2013,0.2252087682672233,2014,West Bengal,JALPAIGURI,WEST BENGAL||JALPAIGURI,2142,0.1466463711936627,0.1466463711936627,0.0785623970735605,WEST BENGAL,JALPAIGURI,True,EXACT,WEST BENGAL,JALPAIGURI,True,HIGH
77,115,37,75,0,210,4,42,82,4910,680,362,337,2052,0,15,707,412,1005,9,449,11865,26319,2223,1267,5718,2389,362,0.0844636954291576,2013,0.0824208789560522,2014,West Bengal,KOLKATA,WEST BENGAL||KOLKATA,2148,0.0840933516714785,0.0840933516714785,0.0016724727154263,WEST BENGAL,KOLKATA,True,EXACT,WEST BENGAL,KOLKATA,True,MEDIUM
113,392,25,140,0,197,10,17,13,456,214,64,0,147,11,14,177,0,597,0,0,2623,5280,928,1071,710,147,75,0.1757575757575757,2013,0.2237251243781094,2014,West Bengal,MALDA,WEST BENGAL||MALDA,2151,0.167088451549384,0.167088451549384,0.0566366728287253,WEST BENGAL,MALDA,False,UNMATCHED,,,False,HIGH
168,622,34,215,0,396,6,22,6,933,287,309,66,114,54,35,407,7,1939,0,389,2647,12310,2603,1870,1254,180,363,0.2114541023558082,2013,0.2370952445468093,2014,West Bengal,MURSHIDABAD,WEST BENGAL||MURSHIDABAD,2154,0.2081365658684022,0.2081365658684022,0.028958678678407,WEST BENGAL,MURSHIDABAD,True,EXACT,WEST BENGAL,MURSHIDABAD,True,HIGH
146,568,23,87,0,389,15,35,13,1288,228,172,82,383,13,69,213,13,1666,0,298,3303,12135,2048,1476,1579,465,185,0.1687680263700041,2013,0.1955894826123833,2014,West Bengal,NADIA,WEST BENGAL||NADIA,2157,0.1707114805268845,0.1707114805268845,0.0248780020854987,WEST BENGAL,NADIA,True,EXACT,WEST BENGAL,NADIA,True,HIGH
72,10,6,54,0,54,5,22,2,226,48,94,31,33,4,8,78,0,158,0,124,216,1613,298,301,303,64,98,0.184748915065096,2013,0.2261111111111111,2014,West Bengal,PURULIA,WEST BENGAL||PURULIA,2164,0.1932114905855557,0.1932114905855557,0.0328996205255553,WEST BENGAL,PURULIA,True,EXACT,WEST BENGAL,PURULIA,True,HIGH
92,184,10,71,0,261,18,41,2,536,130,108,30,72,51,5,234,3,793,0,10,2455,6998,1106,911,727,102,159,0.1580451557587882,2013,0.1377526467757459,2014,West Bengal,UTTAR DINAJPUR,WEST BENGAL||UTTAR DINAJPUR,2172,0.162473490705979,0.162473490705979,0.0247208439302331,WEST BENGAL,UTTAR DINAJPUR,False,UNMATCHED,,,False,HIGH
